rider_id,rider_name
10683,Erica Frost
44743,Ryan Wilson
75839,Tammy Mcclure
22189,Marcus Weeks
61104,Christopher Booth
84988,Michael Ruiz
82933,Karen Irwin
60182,Yolanda Warren
15826,Patrick Baker
63503,Jerry Herrera
19386,Edward White
54319,Christopher Leach
83961,Christopher Hodge
21112,Jason Thomas
44486,Alice Ponce
76028,Emily Carlson
87010,Bridget Haley
83565,Mathew Martinez
66686,Grace Lee
55284,Jeffery Higgins
15886,Peter Alvarez
24412,Alexis Rivas
83992,Amy Sanchez
70919,Kevin Ashley
39415,Anna Ware
28056,Jessica Ponce
95567,Blake Ruiz
32772,Daniel Parks
51388,Sarah West
62314,James Williams
90316,John Malone
84181,Nicole Villarreal
34924,Kyle Guerrero
58221,Cassandra Parks
51381,Donna Lynn MD
55741,Justin Wong
91019,Traci Gilmore
26965,Brooke Foster
45430,Anna Figueroa
97272,Tiffany Williams
41807,Mary Frank
25966,Catherine Snyder
14258,Dr. Sherri Hale MD
16923,Mark Williams
35605,Eddie Arnold
44092,Amber Robinson
42868,Philip Bell
26799,Jamie Robles
96979,Colleen Patterson
85111,Tyler Morrow
56210,Nicole Cole
25230,Roy Willis
28130,James Wilson Jr.
30875,Bonnie Miller
72908,Douglas Braun
90163,Mr. Gregory Lara
34041,Tyrone Davis
14443,Joseph Rogers
19480,Carolyn Kramer
64012,Sara Harper
71483,Christopher Gross
14170,Kathy Cunningham
98129,Brandon Barry
42805,Shannon Kennedy
51725,Christopher Malone
54837,Leslie Roth
53424,Rebekah Whitaker
14806,Warren Huffman
47611,Andrew Robinson
26662,Alison Paul
59605,Kimberly Gray
96623,Edward Jones
56128,Andrea Le
30848,Traci Ortega
59452,Mark Moss
16042,Amanda Arroyo
80602,Anthony Hicks
76864,Joann Sweeney
81929,David Campos
69323,Hannah Johnson
89297,Cynthia Rose
24182,Dustin Rios
24394,Elizabeth Faulkner
66540,Mr. Jose Henry MD
23883,Emily Campbell
27941,Zachary Espinoza
32360,Judith Smith
66681,Robert Mason
74048,Stephen Torres
66271,Daniel Adams
18720,Maria Goodwin
84225,Jason Nichols
49550,Tammy Fox
82682,Philip Freeman
17914,Sheila Leach
72953,Wendy Webster
94765,David Cooke
61277,Peter Garcia
82877,Edward Garcia
75129,Charles Hudson
25391,Jeremy Sullivan
39285,Angela Butler
46106,Deborah Blake
67588,Norma Jones
76405,Dana Martinez
82320,Diana Cain
96029,Jennifer Lozano
17042,Kendra Miller
76221,Sandy Rivera
91293,Melvin Brown
61126,Brian Foster
66746,Taylor Hodge
85112,Dr. Robert Stafford DDS
96058,Dylan Small
41340,Brittany Villegas
33793,Mr. David Olson
70470,Stacy Taylor
26950,Eileen Nichols
38493,Dr. Christine Bernard
85193,Glenn West
87930,Adam Brooks
70914,Denise Kirby
45233,Ronnie Johnson
41039,Colleen Hernandez
14348,Jeff Robles
13926,Cathy Williams
33943,Elizabeth Edwards MD
87241,David Fox
79546,Gail Brown
11400,Jaime Barton
92660,Brent Grant
27086,Carl Wagner
16255,Erin Bean
47156,Linda King
51915,Marcia Gonzalez
35449,Nancy Becker
42765,Michael Shaw
82663,Mrs. Pamela Brown DDS
70722,Robert Graham
44588,Sarah Olson
34290,Kelly Mack
63896,Destiny Reyes
41699,Steven Cervantes
27763,Tina Barnes
72923,Jasmine Nelson
67622,Christina Mclean
99958,Carol Wilkinson
14347,Kristen Harper
35607,Sherri Wallace
39257,Nicole Dodson
93263,Andrea Hawkins
31654,Angela Harrington
92524,Andrea Lopez
32903,Albert Wagner
20847,Phillip Flores
98503,Adam Roman
57245,Eddie Lewis
10591,Beth Hoffman
34422,Juan Wilson
73215,Caleb Elliott
65315,Melissa Lewis
95874,Sarah Howell
57048,Steven Bishop
49547,Steven Page
77812,Joseph Vega
37220,Daniel Sims
71417,Kevin Oliver
49844,Andrew Gay
93996,Ann Pearson
57238,Kevin Williamson
10100,Paula Chapman
18567,Rachel Chan
84373,Patricia Osborne
75427,Isaiah Krueger
13382,Anna Haynes
70855,Jay Lamb
32344,Scott Kelly
70872,Rickey Moore
65495,Connor Ellis
63968,Joseph Bush
89447,Robert Sanders
61175,James Schultz
82828,Sara Arellano
39142,Tracy Blankenship
27429,Chelsea Elliott
28481,Shannon Irwin
63973,Jason Lynch
30250,Keith Barry
36590,Chelsea Garcia
74641,Brian Lopez
37974,Brad Stewart
92303,Jeffrey Villarreal
58906,Caitlin Orozco
40446,Philip Garcia
12585,Kelly Fisher
92622,Raymond Wise
12096,Pamela Fields
43086,Michele Shepard
50980,Peggy Morgan
79640,Jamie Richardson MD
60612,Stephanie Branch
37122,Nancy Stone
61063,Mr. Ricky Stanley
13126,Renee Alexander
38968,Kevin Snyder
53525,Nicholas Costa
49680,Michael Smith
42606,Stephanie Chavez
98767,Donna Foley
33428,Jose Anderson
48116,Craig Bullock
11270,Victoria Hull
43049,Brooke Porter
37392,Wendy Browning
88080,Courtney Davis
97132,Dean Sherman
11829,Larry Lozano
91874,Chad Bell
46507,Clinton Mclean
16276,Daniel Bright
62116,Ebony Robinson
32000,Dustin Harmon
50531,Penny Ross
90773,Catherine Vega
26284,Jose Robles
70268,Sergio Kerr
12919,Christopher Robertson
21196,John Harrington
60722,Pamela Robbins
36872,Renee Hanson
40538,Jordan Davis
81292,Theresa Gonzales
16707,John Miles
98796,Robert Spencer
88132,Frederick Vargas
29959,Grant Garcia
61980,Jacob Torres
28958,Benjamin Nicholson
78918,Brian Oconnor
79300,Kerry Harper
53207,Kelly Melton
25150,Jordan Ortega
13424,Jennifer Horn
60250,Amy Dudley
24271,Timothy Ritter
86531,Scott Price
23582,Joshua Randolph
88868,Michael Vance
54067,James Farmer
75733,Randy Schneider
78224,Edward Ramos
17098,Carla Hutchinson
32513,Robert Garcia
19062,Hannah Edwards
76045,Wesley Hernandez
87761,Ralph Burns
66249,Dennis Hill
93808,Glenn Velasquez
41346,Amanda Wong
75381,Lisa Sloan
47439,Kelly Ramirez
15010,Tonya Leonard
10984,Timothy Perry
43563,Whitney Anderson
76383,Maria Bryant
97637,Robert Parrish
29377,Wendy George
17627,Antonio Brown
47225,Veronica Smith
47339,Tonya Barnes
22591,Elizabeth Hahn
36808,Scott White
19629,Derek Cox
67745,Thomas Mills
29538,Sandra Todd
72785,Steven Shaw
35482,Dr. John Ramirez
96361,Amy Clay
11095,Benjamin Cantu
54482,Michael Jimenez
44574,Jane Reynolds
57911,Austin Bell
60828,Kimberly Spencer
83935,Shawn Morris
85093,Martin Shepherd
72496,William Hall
15501,James Oliver
39660,Lisa Booth
53885,Barry Cole
55217,Nancy Ochoa
20255,Charles Armstrong
66333,Selena Mathews
34821,Ashley Pope
72509,Tara Montgomery
99988,Edward Payne
61754,Pam Boyd
91297,Dalton Goodwin
31551,Christopher Burnett
24015,Allen Cantrell
95401,Dr. Jennifer Smith
93397,Joel Hall
98205,Gordon Villarreal
12497,Kayla Mitchell
72652,Scott Adams
15850,Angela Vincent
77323,Brandy Foster
60964,Nicholas Robinson
94866,Todd Freeman
69668,Michael Combs
91824,Jordan Dillon
32755,Deborah Ware
17313,Cynthia Roberson
86524,Eric Hernandez
38965,Amber Barker
29199,Patrick Ortiz
57384,Karen Murphy
97205,Rebecca Moss
56222,Thomas Walker
10976,Theresa Mcdowell
27133,Richard Lang
79091,Kerry Roberts
66732,Cody Rowe
31183,William Richmond
29399,Samantha Torres
21818,Kent Sexton
51228,Anne Alexander
78564,Carrie Burke
80775,Sheri Jackson
93168,Gabriel Scott
86935,Jeremy Torres
68066,Daniel Vega
98074,Jeffrey Wilkins
25369,Corey Cole
26698,Shawn Fox
64148,Nicole Arnold
56547,Mary Walker
41635,Raymond Ramos
75115,Paul Ramirez
39316,Ryan Villarreal
42367,Lori Young
55250,Brian Castillo
64685,Cody Bailey
46438,Debbie Duke
67200,Ryan Rice
28293,Teresa Barnes
22288,Jose Fields
79999,Jacob Ford
82310,Tracey Obrien
42509,Scott Sanchez
21454,Ronald Snyder
55855,Andrew Pratt
29654,David Arroyo
71674,Tony Thompson
35829,Patricia Rush
70641,Pamela Vasquez
64738,Laurie Savage
18981,Daniel Contreras
21259,John Chavez
46321,Timothy Nichols
51772,Katherine Fisher
40380,Kimberly Hughes
45348,Peter Newman
34549,Terri Clark
43172,Roger Anderson
18144,Michael Hess
29228,Alexandra Myers PhD
77872,Sarah Wang
50614,Kathryn Burton
24013,Cheryl York
75625,Cameron Black
96982,Jacob Adams
39996,Heidi Carroll
40137,Yolanda Jensen
85345,Meagan Jackson
40080,Samuel Griffin
62746,Derrick Calderon
85253,Gabriella Figueroa
89096,Julia Robinson MD
38266,Michael Short
42688,Amy Mendoza
54122,Shane Diaz
10715,Kristine Evans
25163,Juan Evans
28825,Jacqueline Jones
48036,James Ortiz
61973,Andrew Dean
58805,Taylor Brown
34444,George Jones
65303,Pamela Ramirez
33780,Patricia Gonzalez
26033,Michael Mcclain
87488,Jennifer Lin
29285,Daniel Medina
95512,Jacqueline Mack
34758,Destiny Young
39610,Martin Sanford
98585,Joshua Bean
49600,Matthew Floyd
52582,Eric Martinez
74908,John Wang
92005,Tonya Jordan
19934,Karen Hernandez
57647,Jacob Robertson
19132,Ann Smith
27420,April Day
93320,Adam Green
46248,Michelle Andrews
63972,Derek Carlson
70355,Lindsay Murphy
65310,Krista Kelley
76260,Denise Barajas
42955,Sean Williams
98297,Karina Martinez
73348,Mark Todd
63982,Angela Shelton
45540,Bryan Castro
62852,Chris Cruz
29323,Jonathon Leonard
76674,Zachary Sanders
17211,Julie Michael
67547,James Jordan
99560,Nicole Palmer
57003,Suzanne Brown
42148,Donna Jackson
34936,Rebecca Davis
93768,Patricia Donovan
70726,Rhonda Gonzalez
76141,Cody Wright
25424,Angela Whitehead
26749,Seth Bowen
93148,Hannah Sanchez
43666,Elizabeth Lara
38858,Troy Barnett
53731,John Russell
37640,Crystal Arnold
31764,Kyle Blake MD
57937,Briana Hudson
26473,Ian Hubbard
60140,Mary Gardner
66209,Danielle Nichols
77976,Amanda Ruiz
23461,Brittany Hill
15563,April Baker
21403,Clayton Grimes
92212,Scott Harrison
36065,Christine Raymond
58374,Darryl Hanson
86897,Madeline Robbins
96185,Patricia Hernandez
15429,Steven Dixon
68793,Veronica Wilson
19282,Donna Fields
65351,Craig Mcdaniel
87357,Lisa Malone
61767,Lisa Duran
18342,Timothy Jones
24653,Brendan Torres
74652,Gordon Reynolds
15434,Carl White
76519,Mark Montgomery
77355,Jackie Jones
92896,Alicia Moyer
16460,Derrick Hernandez
23916,Bradley Davies
94491,Sheena Moore
19378,Jordan Holmes
78975,Christopher Velez
37140,Kristi Harrington
66385,Juan Combs
26213,Jeremy Bennett
48252,Sarah Pittman
66689,Jermaine Allen
38328,Joseph Kent
55909,Megan Hayes
73823,Robert Adams
14953,Kevin Simmons DDS
80130,Brian Morgan
18840,Cody Paul
80482,Crystal Johnson
84787,Benjamin Turner
76523,Jill Chase
94110,Katie Patel
47391,Kathy Brown
93705,Steven Whitney
19719,Linda Murray
16149,Ashley Yu
65968,Stephen Banks
55279,David Schneider
11901,Stephanie Contreras
28787,Leah Cook
94905,Natasha Ross
80691,Isaiah Singleton
35121,Bill Cruz
16017,Mr. Timothy Chavez DDS
22202,Nathan Frank
85465,Edward Bauer
76616,Colleen Brown
12021,Zachary Ruiz
66326,Kathryn Scott
21379,Morgan Hunt
10770,Mr. Mark Caldwell
97706,Peter Simmons
19933,Christopher Delacruz
38981,Victoria Phelps
22381,Michael Harmon
17359,Cassandra Mccoy
66097,Rebecca Hartman
33830,Caleb Suarez
56134,Robert Zhang
55072,Nicole Cox
86861,Angela Salas
98700,Norma Zimmerman
20988,David Snyder
44364,Sara Reyes
84283,Victoria Buckley
87692,Eric Foley
21763,Kevin Morris
47122,Nancy Hicks
92754,Casey Hoover
52607,Christopher Burke
84594,Richard Morgan
92823,Todd Thompson
37033,Lisa Lindsey
59294,Amber Trujillo
99806,Ronald James
95310,Angel Owens
70039,Edwin Miller
74457,Cathy Conway
12759,Glenn Harris
70693,Monica Griffith
87617,Isaac Gomez
83355,Jacob Joseph
38309,Kathryn White
85449,Douglas Rodriguez
45921,Peter Rosales
32896,Casey Mitchell
18649,Kevin Fletcher
73506,Kevin Horn
68620,Natasha Johnson
83067,James Finley
97232,Michelle Hamilton
99365,Ronald Romero
89504,Jacob Fleming
49970,Raven Chavez
77144,Sarah Lewis
46662,Kyle Wang
60248,Justin Richards
59778,Tabitha Olsen
42077,Alan Mckinney
63869,Mrs. Holly Barnett
39863,Benjamin Gonzales
39399,Eric Fuentes
95331,Dustin Baker
77680,Maria Snow
10899,Latasha Burnett
76233,Bradley Clark
53890,Pamela Ayala
95975,Keith Beck
49999,Robert Stewart
54577,Pamela Barrett
62592,Brooke Orozco
46184,Dominique Wright
86778,Stephanie Dennis
16594,Michelle Dudley
56982,Brandy Snyder
16377,Albert Park
73138,Scott Guerra
27176,Walter Newman
36651,Dr. Lisa Krause
66900,Zachary Patton
60074,Cheryl Mayer
11481,Mrs. Chelsea Green
66139,Samantha Maldonado
50273,Jason Byrd
18933,Stacey Sanchez
93953,Sydney Perez
67718,Marie Vega
15768,Stacy Wilson
35199,Russell Barnes
81978,Allen Oneill
84776,Eric Nicholson
10605,Mary Taylor
61265,Joseph Whitehead
78112,Megan Henderson
15740,Priscilla Arnold
64662,Diamond Perez
59429,Gerald Parsons
28441,Gregory Morales
78707,Clifford Cox
15306,John Ramos
91674,Christopher Barr
16536,Jordan Harris
88672,Patrick Atkins
58438,Julie Crosby
41812,Victoria Smith
38709,Kyle Price
80721,Heather Payne
72938,Brendan Hall
62717,Pedro Williams
30946,Deanna Avila
32591,Jeffrey Butler
94714,Amy Hill
42408,Adam Good
19395,Amanda Williamson
25013,George Garcia
16988,Rodney Davis
61164,Ariel Green
69154,Eric Horne
65394,Sara Sanchez
34879,Krystal Dean
27480,Bradley Mason
22220,David Edwards
21810,Nicholas Cannon
72386,Kimberly Cherry
43934,Timothy Dickson
47077,Sara Schultz
34268,Billy Lewis
48301,Bailey Liu
50852,Frank Christian
15848,Stacey Reese
51304,Samantha Sullivan
12541,Donna Bullock
97720,Pam Mitchell
69266,Samantha Lyons
43916,Deborah Tucker
56315,Lisa Olson
51616,Joshua Alexander
80248,George Reeves
90215,Randall Ward
27159,Thomas Aguirre
25880,James Johnston
42270,Adam Simmons
48975,Regina Moore
20199,Katelyn Dougherty
55557,Madeline Wright
69003,Kenneth Hayes
49946,Shane Oneal
18798,Jasmine Martinez
38279,Richard Johns
70716,Jody Blake
51964,Russell Lopez
77148,Tracie Harris
53322,Calvin Smith
69531,Steve Willis
36196,Samantha James
79847,Ruben Matthews
96385,Michael Benson
68315,Tony Black
74804,Belinda Butler
28672,Tammy Soto
36134,Jonathan Cooper
77904,Mr. Douglas Wright
94012,Phillip Oconnor
34137,Veronica Choi
22901,Lisa Chandler
83647,Cory Allison
10283,Mr. Joseph Duncan MD
24208,Ana Kelly
52994,Daniel Thompson
70999,Christian Ray
56291,Russell Allen
51631,Amanda Barrett
94054,Kelsey Fry
77018,Darlene Palmer
32710,Benjamin Fletcher
49309,Alan Fox
42781,Jeremy Padilla
16243,Mrs. Megan Brennan MD
59907,Diane Schneider
18360,Jessica Shaw
25706,John Huff
80360,James Norton
59391,Tina Nash
45055,Daniel Esparza
25068,Kathleen Stewart
98398,Jennifer Lynch
23877,Jasmine Brown DDS
26826,Kathy Escobar
51684,Andrew Gregory
27291,Tyler Alexander
36993,James Boyle
68487,Amy Williams
34650,Joseph Adkins
12470,Johnny Mann
75605,Veronica Butler
25170,Alexander Donovan
96760,Katherine Mccall
49182,Mark Franco
55025,Mr. Andrew Howard
67475,Jennifer Taylor PhD
22389,Tricia Carlson
99515,Justin Singh
93048,Mrs. Christy Scott
76133,Amy Scott
48329,Leslie Gallagher
18863,Erin Oliver
63882,Rodney Rowland
96939,Andrew Jones
48873,Jimmy Ferguson
30099,Louis Hernandez
95257,Shawn Garrett
12899,Vickie Bentley
61460,Ana Ray
41696,Sarah Henson
28847,Elijah Dennis
97394,Jennifer Vargas
54492,Renee Martinez
45516,Ronald Orozco
48272,Sara Bridges
86318,Jerry Joyce
23586,Curtis Graham
21222,Jimmy Calderon
66225,James Morton
36287,Yvonne Moore
57919,Jay Mendez
88267,Luke Johnson
67515,Marc Smith
39601,Kevin Jackson
29785,Grace Hardin
66907,Thomas Cross
94336,Debra Jones
90765,Timothy Rivera
76257,Robert Elliott
20520,Steven Spears
42432,Allen Gray
35654,Kimberly Dominguez
86693,Melinda Strickland
21741,Diana Wright
18604,Peter Gonzales
13687,Miss Kristen Morales
43794,Vincent Cooper
29219,Jenna Cooper
81331,Michael Hoffman
43357,Connor Nelson
20769,Jeremy Edwards
29552,Gabriel Lopez
61186,Sarah Lewis MD
64337,Michele Hickman
87796,Pamela Pugh
64302,Tracey Martinez
15077,Matthew Ross
27160,Alicia Baker
34723,Zachary Flynn
26019,Thomas Gomez
51006,Joseph Thornton
68611,Michael Griffin
91152,Charles Walters
27885,Katherine Esparza
68962,Jonathan Farley
77200,Lawrence White
16596,Beth Mcdaniel
22232,Tiffany Moore
53963,Tracy Joseph
28406,Joshua Jackson
83937,Eric Cooper
99211,Tricia Smith
56104,Melissa Roberts
19379,Ashlee Gonzalez
34414,Shane Marks
13053,Dorothy Nichols
55530,Brenda Garza
31238,Charles Salinas
29338,Bradley Sanchez
74009,Dennis Brown
18455,David Bullock
52088,Kimberly Walter
95211,Michael Rich
67750,Carol Schneider
35805,Noah Brown
56295,Anna Graves
61263,Charles Knox
66109,Emma Lane
96053,Audrey Smith
80391,Brandon Phillips
31144,Dillon Brown
57077,Tracy Ray
40037,Deborah Briggs
31249,Cheryl Bennett
83239,Shaun Blanchard
41076,Samantha Henderson
80210,Joshua Bryant
62984,Cody Haynes
47098,Brandi Alvarado
61293,Lori Anderson
78444,Mary Castillo
70230,Gina Robinson
16332,Maria Griffin
56764,James Hopkins
75501,James Nelson
30495,Mark Bush
60550,Emily Jimenez
34939,David Fitzgerald
68087,Tyler Martin
32701,Nancy Perez
94153,Jeremy Smith
76005,Donald Stuart
81035,Elizabeth Myers
67181,Nicole Barker
70191,Tyler Francis
39206,Nancy Knox
33056,Kelsey Stephens
53129,Wanda Hernandez
14323,Nathan Lang
76524,Victoria Allen
60583,Jon Collins
89754,Corey Mayo
22302,Wendy Hall
88426,Keith Greene
55107,Eric Gardner
83019,Scott Wheeler
29604,Tanya Davila
69799,Marilyn Walker
96547,Jennifer Blackburn
13440,Darlene Allison
81268,Jennifer Mathis
94324,Shari Gray
51659,Mr. Justin Taylor DDS
15152,William Macdonald
39345,Mercedes Mitchell
19501,Tyler White
92600,Laurie Welch
36284,Kaitlin Hamilton
31206,Lawrence Garcia
46668,Marissa Anderson
57870,Laurie Sullivan
47132,Rebecca Sanders
57099,Michelle Daniel
93707,Traci Carpenter
75416,Tristan Kelly
59869,Christopher Wilson
13857,Brian Baird
99982,Janice Brooks
44955,Keith Gutierrez
62904,Brett Ryan
87967,Jordan Adams
85997,Danielle Henderson
10780,Rebecca Frazier
39563,Miss Tamara Wagner DDS
26273,Katherine Patterson
27013,Adam Barker
15664,Donald Mejia
33618,Rachel Nichols
26181,Crystal Neal
46080,Julia Newman
86854,Dylan Vincent
94350,Katrina Anderson
65729,Valerie Adams
54102,Taylor Oconnor
19821,Willie Cox
60625,Travis Perry
26944,Brett Davis
74933,Maria Reilly
12695,Colleen Berger
72855,Jasmine Garner
17910,Kelly Taylor
86387,Stacey Hall
24803,Shannon Brown
82996,Claudia Nelson
86487,Karen Schwartz
22408,Joy Fitzgerald
70130,Joseph Cabrera
44229,Christopher Wang
39460,Margaret Bradford
39796,Anthony Stevenson
92814,George Allen
51966,James Middleton
80814,Christina Dunn
76053,Jared Miller
16825,Caitlin Chen
50822,Joshua Robertson
80835,Teresa Mendoza
30131,Joshua Mathis
84367,Courtney Mcdaniel
76265,Monique Saunders
35008,Mackenzie Swanson DDS
98707,James Kramer
30321,Belinda Diaz
12810,Chase Smith
45705,Stacey Singh
46964,Antonio Anderson
49231,Mr. Christopher Diaz
27505,Alexis Manning
23135,Jesse Patel
90569,Sue Kirby
69222,Chad Newman
39838,Laura Rogers
29800,Marcus Day
65132,Robert Kennedy
24691,Zoe Freeman
19806,Shannon Wright
41588,Logan Herrera
17522,Travis Meyer
71869,Hannah Robinson
60214,Michael Rowe
50238,Latasha Estrada
23597,David Parker
80086,Philip Wheeler
51478,Sheila Hayden
62576,Michael Atkins
15934,Miranda Porter
75745,Judy Smith
90315,Jodi Foster
42943,Mark Gomez
82790,Logan Lopez
80392,Scott Peck
95449,Mason Johnson
18408,Joshua Butler
62062,Timothy Huynh
56486,Holly Gardner
59755,Patrick Taylor
56508,Dawn Cuevas
54263,Jason Perry
24022,Susan Anderson
66749,Vicki Santos
20663,Jamie Esparza
21662,Steven Whitehead
90752,Mrs. Alexis Rose
78548,Tyler Maxwell
69970,Donald Estes
75720,Danielle Owen
35177,Molly Silva
27693,Jose Boyd
86494,Larry Erickson
27396,John Bentley
74243,Wendy Rodriguez
36430,Amanda George
10006,Danielle Davis
14045,Jennifer Mcdonald
77159,Stephanie Marsh
90370,Luke Drake
18254,Edwin Nelson
67784,Patrick Murray
27751,Kevin White
10586,Dr. Brittney Chambers
90166,Steve Martin
73146,Tina Goodwin
84983,Ricky Burton
94407,Debra Copeland
53401,Mr. Carlos Gutierrez
58887,Jason Bowman
76272,Margaret Martin
25218,David Myers
20651,Jeffrey Mason
54259,Erin Brown
26697,Jessica Douglas
69717,Julie Reeves
69129,Diana Smith
76968,Natalie Ramirez
88246,Cynthia Sullivan
72116,Jimmy Griffin
90481,Cathy Johnson
26721,Anthony Hines
79877,Krystal Hernandez
66968,Bryce Ruiz
79835,Joseph Kelly
98968,Ms. Chelsea Patrick
11216,Karen Coffey
54870,Norma Daugherty
29814,Rebecca Wells
97593,Gerald Smith
84463,Sarah Weber
54285,Tristan Potter
20523,Toni Mcclure
40307,James Hampton
14668,Kim Taylor
38199,Tyler Velazquez
97610,Kevin Brooks
92127,Kathleen Fitzpatrick
37046,Adrian Mills
47002,Ian Sanders
73690,Tyler Sutton
60341,Christopher Anderson
99483,Danielle Mills
26809,Carlos Schroeder
25806,Linda Johnson
39832,Kelsey Johnson
15029,David Blanchard
15064,Hannah Hayes
31241,Charles Porter
59382,Daniel Pena
43762,Dr. Cameron Smith
79575,Peter Jenkins
48687,Anne Barker
68133,Sarah Walker
73340,Dustin Gray
61777,Ricky Lester
68380,William Wilkins
93532,Lisa Cooper
73511,Mr. David Robinson
82738,Kevin Cain
89821,Matthew Garner
16041,Jason Gray
43353,Adam Love
64757,Brian Shaffer
10421,Scott Holland
52273,Ryan Young
93233,Andrew Peterson
72482,Keith Nelson
30226,Richard Peters
23939,Brian Soto
50227,Charles Wallace
32905,Jacqueline Taylor
76713,Christina Washington
85466,Mark Chapman
44434,Sally Jacobs
16957,Dale Stone
73425,Michele Carlson
18706,William Elliott
46097,Jose Jenkins
80997,Noah Brooks
80133,Brian Byrd
71856,Shelly Deleon
71539,William Gonzalez MD
35993,Kristen Davila
64126,Jessica Proctor
64324,Mary Nichols
98491,Karen Davis
61166,Jesse Lambert
23906,Paige Harrison
49443,Scott Rowland
37491,Julia King
89213,Natalie Parrish
72787,Kimberly Bailey
39535,Joseph Bradley
68162,Mrs. Kaitlyn Davis
48450,Ricky Lam
28677,Christine Reilly
85200,Mario Meza
53161,Amanda Huang
51205,Jesse Mckenzie
51774,Lisa Flynn
62266,Angelica Harmon
79794,Rachel Lee
71905,Lindsay Guerrero
96527,Amanda Bryant
19362,Stephen Lane
24255,Leslie Dunn
37138,Alyssa Paul
61345,Ana Caldwell
21775,Wesley Wright
33795,Kelly Hahn
86071,Ethan Golden
16950,Tami Joseph
36937,Emily Stevenson
78152,Caroline Jackson
69868,Daryl King
69925,Kimberly Schmidt MD
21826,Sharon Reid
63721,Christina Baxter
80359,Carolyn Macias
40161,Adam Kramer
26366,Bryan Riddle
22767,Jonathon Cervantes
72846,Aaron Young
82451,Christian Martinez
39259,Michael Acosta
22496,Aaron Bishop
91876,Charlotte Bennett
42804,Jim Yang
57708,Cindy Dillon
19349,Kim Rowe
83454,Audrey Key
73899,Ann Adams
74135,Alan Sanchez
33699,Robert Bishop
94879,Sarah Harmon
35996,Vincent Hughes
18698,Brandon Case
36190,Scott Wiley
55885,Matthew Rush
10972,Taylor Watson
89214,Victoria Newman
88457,Joel Yates
28715,Robert Mcdaniel
42006,Theresa Castaneda
65572,Kathy Wright
27830,Cheryl Shelton DDS
93452,Joyce George
42107,Todd Christian
62105,Randy Vega
74030,Thomas Barajas
77369,Omar Sherman
90332,Chelsea Horne
99402,Sarah Wilkinson
32133,Bruce Ruiz
12407,Eric Lane
13305,Jason Hall
41653,Lisa Bender
80698,Carolyn Hodges
72691,Kenneth Moore
34449,Mark Murphy
88469,Timothy Thomas
44124,Kaitlyn Rojas
28637,Donald Mitchell
87725,Michael Cortez
27506,George Hayes
56116,Tina Hall
98437,Michelle Bell
66710,Christopher Evans
27893,Robin Stewart
89761,Brianna Ross
43761,Melissa Hubbard
42822,Darrell Mcmahon
90626,Alejandro Duran
33113,April Rojas
86089,Julie Wilkerson
93676,Evelyn Rodriguez
48927,Rebecca Brown
81064,Shawn Rojas
87178,Cole Romero
70086,Jill Calderon
59715,Eric Richards Jr.
57614,Blake Klein
94314,Janice Rogers
39593,Michelle Douglas
46888,Brandy Hodges
96107,Julia Williams
20568,Mrs. Robin Miller
13019,Susan Allison
88165,Erika Sloan
12944,Joseph Dougherty
56527,James Foster
98459,Frank Fischer
63143,Monica Owens
35117,Jacqueline Rodriguez
69917,Donna Carey
11153,Brian Fleming
87317,Bryce Hall
52706,Sarah Lee
93092,Ryan Fernandez
73468,Krystal Mccoy
68643,Cynthia Knight
30116,Samantha Pierce
17719,Dr. Scott Richardson
46035,Bryan Thompson
96424,Heather Arnold
39554,Amanda Todd
11222,Lauren Rodriguez
14640,Lauren Richards
14914,Casey Gilbert
59753,Crystal Moss
89815,Allen Mcconnell
37737,Michelle Torres
47748,Jeffrey West
21086,Amber George
28195,Rodney Sanchez
57890,Lisa Peterson
72391,Sara Thomas
15687,Rodney Smith
19964,Sherry Gonzalez
91920,Christopher Hines
56246,John Gross
63796,Jorge Gomez
48673,Susan Cook
56023,Alexandra Owens
15361,Charles Lambert
44949,Tanya Randall DDS
87051,Shirley Watson
89626,Joshua Newman
86505,Rebecca Turner MD
80727,Timothy Shea
35484,Janice Alvarez
77458,Kelly Daugherty
44754,Holly Blair
95962,Jason Carrillo
38217,Amanda Leblanc
66091,Shannon Simpson
10500,Nancy Lopez
89849,Sandra Bauer
52782,Kelly Vazquez
55306,Sandy Harrell
27611,Nicholas Bonilla
12055,Dale Bowman
77691,Caitlyn Matthews
56824,Tristan Russell
20069,Keith Blake
75297,Colin Fernandez
91527,Kevin Zhang
71405,Stephanie Franco
53824,Debra Bennett
63633,Samuel Alvarado
71622,Lisa Lucero
83012,Robert Gross
78505,John Hill
89026,Jeffrey Martin
67037,Luis Schroeder
31494,Christine Watson
15723,Timothy Bass
74738,Rachel Gross
46357,George Jackson
80667,Christopher Barnett
27657,Philip Boyer
85973,Alex Decker
79246,Brandy Mcdonald
45708,James Conrad
75956,Donna Thomas
45847,Clifford Perez
90036,Ronald Webb
71559,Justin Durham
63991,Gabriel Simmons
72893,Melissa Martinez
61486,Douglas Bell
11418,Andrew Tanner
89267,Bryan Nelson
77577,Chad Reid
89119,Stacey Dennis
72749,Morgan Adams
29952,Chad Lee
43139,Jon Roberts
50345,Anthony Ayala
64527,David Neal
61675,Mitchell Robinson
98274,Susan Mason
15650,James Buckley
57715,Christine Clark
75170,Terri Dunn
88404,Julie Boyd
45969,James Duran
35202,Warren Wong
90985,Shane Rivers
56352,Robert Underwood
14307,Angela Price
94881,Richard Morales
69343,Kevin Mitchell
99435,Kathy Flores
94555,Ethan Townsend
77879,Parker Lawson
83720,James Dalton
68353,Bethany Martinez
58069,Amber Berry
91065,Christopher Davenport
32382,Michael Rivera
91135,Christopher Welch
55110,Paul Graham
21004,Tina Benjamin
80512,Carlos Mccann
65221,Emily Lewis
79574,Veronica Williams
99607,Meredith Jackson DDS
29268,Katherine Miller
56689,Charles Paul
94331,Brandy Martinez
52275,Teresa Howard
31232,Scott Villa
90894,Jose Ramos
54502,Nathan Carey
19746,Christian Harper
75961,Joseph Russell
39070,Andrew Curtis
17097,Vanessa Miller
40408,Robert Sullivan
17498,Elizabeth Wright
83069,Janet Bauer
96582,Keith Anderson
15867,Charles Allen
94643,Marcus Blackwell
22140,Susan Brown
68452,Maria White
15338,James Williamson
86143,Nichole Rogers
28281,Sydney Jones
47588,Veronica Oliver
27098,Michael Wall
78408,Brianna Schneider
48699,Gabriela Griffin
23553,Stephanie Gomez
27586,Brenda Oliver
65236,Danny Kane
92011,Kayla Perez
15769,Theodore Rice
56585,Kenneth Jimenez
72063,Mary Arias
30363,John Hess
81780,Brad Benson
85047,Emily Briggs
49920,Jessica Patterson
94160,Craig Scott
84597,Jodi Barnes
37342,Samuel Pope
87085,Jose Stewart
43742,Joshua Ward
81907,Veronica Lopez
38714,Travis Williams
78094,Jessica Wright
20701,Cesar Petty
76856,Brandi Davis
68923,Gina Perry
99124,Michael Lloyd
33634,Jaime Lopez
67600,Ms. Sarah Stein
11240,Thomas Rivera
61721,Paul Malone
13322,Tabitha Kennedy
80288,Wayne Butler
65615,Jordan Spencer
65706,Dakota Fernandez
74835,Jasmine Mcclure
99617,David Sosa
20578,Eric Fuller
96243,Gregory Sanchez
93179,Joseph Rivera
12413,Jennifer Hines
24769,Eric Ball
12905,Patricia Stevenson
20688,Sabrina Hernandez
12554,Rachel Austin
50211,Philip Smith
78938,Steven Gonzales
30666,Kimberly Campos
48424,Richard Humphrey
98955,Rebecca Gallagher
44296,Brandon Fox
43618,Andrew Mathis
74095,Jennifer Dudley
23632,Tina Woods
56272,Sherry Wolf
14674,Mr. Keith Gonzalez
47177,Roberto Church
95215,Steven Jackson
30910,Taylor Frost
52339,Tammy Evans DVM
21690,Bryan Lynch
76951,Joshua Nelson
61421,Paula Willis
17270,Brian Riggs
29191,Michael Hunt
40369,William Padilla
46376,Kenneth Gardner
66985,John Day
39914,Javier Harrell
61965,Jose Nichols
20194,Joshua Watson
33254,Kristen Kelly
99256,Kathryn Goodman
64863,Lisa Madden
61271,Katherine Bennett
73038,Sean Moore
64237,Marie Mcknight
70490,Amanda Parks
97508,Albert Neal
22897,Mary Morton
65892,Katherine Potts
40513,Cheyenne Pacheco
43706,Courtney Moore
90656,Shannon Schultz
19876,Ashley Nelson
48508,Michael Huff
98703,Jennifer Olson
42907,Dr. Rachel Fields
33799,Joshua Norris
82597,Joshua Weaver
73122,Alexis Butler
92346,Erin Myers
62054,Elizabeth Gibson
93138,Gregory Hayes
38886,Marie Bray
69780,Lucas Wheeler
42732,Justin Anderson
19644,Kelsey Jimenez
77253,Timothy Myers
44967,Katherine Wright
95094,Curtis Moore
11428,Edgar Patton
76847,Brittany Stevens
49044,Joshua Koch
83105,David Santana
53749,Jim Cochran
13106,Shannon Johnson
99957,Jessica Richard
45682,Taylor Hernandez
92673,Tyler Nelson
41063,Regina Love
26867,Stephen Cooper
83348,Robert Ortiz
59539,Jeffrey Chavez
84272,Renee Allen
12965,Joseph Harrington
78282,Thomas Gonzales
63828,Tanya Phillips
96146,Sheena Johnson
69002,Tyrone Parker
63613,Lisa Kemp
26804,Yolanda Moore
71331,Gregory Thomas
32258,Wesley Phillips
38766,Victor Pace
96850,Alec Ramsey DVM
60971,Zachary Watson
82932,Deanna Campbell
59059,Todd Houston
60082,Dylan Estrada
72120,Nicholas Owen
70730,Mr. Edward Gordon
27737,Samantha Dean
76192,Donna Butler
65581,Amanda Lowe
93125,Edward Lee
62019,Katherine Moss
15014,Christopher Doyle
45258,Kathleen Reed
76410,Michael Combs DDS
21299,Sabrina Benton
14163,Sean Hall
36009,Michelle Sullivan
73470,Stephanie Hayes
88183,Mackenzie Carpenter
75469,Shawn Bennett
38605,Nicholas Hicks
80579,Douglas Spencer
66875,Beth Stout
65777,Daniel Parker
24624,Brett Morgan
98153,Marvin Sanchez
59726,Brandi Collins
62047,April Martin
73854,Kimberly Reed
65322,Christine Olson
41619,Craig Hamilton
77124,Darrell Ramirez
65025,Jeffery Williams
36054,Elizabeth Farmer
51764,Patricia Reid
58718,Mr. Ricky Rogers
52929,Patrick Proctor
88192,Lauren Ross
10409,Deanna Adkins
52585,Makayla Morgan
79110,Tyler Reyes
25384,Donald Curtis
34736,Regina Black
50130,Alisha Harris
48621,Jack Juarez
22058,Martin Johnson
63260,Kristen Mora
95398,Elizabeth Todd
52946,Morgan Martinez
93798,James Roberts
38002,Robert Rosario
87045,Melanie Mercer
30918,Katherine Buck
59572,Jenny Ferguson
64923,Shelley Contreras
33807,Crystal Davis
72739,Scott Mejia
23318,Katelyn Villa
92419,Shawn Smith
67589,Anthony Schmidt
99291,Paul Gutierrez
66801,Jessica Fuentes
74385,Heidi Ford
68677,Regina Freeman
61719,Jacqueline Pugh
87993,Sharon Baker
46982,Cheryl Martinez
18949,James Lee
25999,Timothy Mcmillan
65005,Danielle Anderson
53070,Rodney Nguyen
33668,Angela Herrera
10745,Dawn Ellison
34539,Ryan Olson
16860,Julie Adams
68967,Shane Joseph
17035,Karen Greer
62463,Bernard Hayes
50554,Laura Nash
71691,Andrew Reese
27121,John Everett
58660,Billy Rivera
94121,Curtis Vazquez
57949,Nicole Wilkinson
27825,Patricia Torres
43451,Jessica Perez
93840,Aimee Romero
69551,Joseph Levine
80706,Paul Green
64901,Derek Bray
37927,Patrick Phillips
90852,Jordan Sherman
81251,Jason Marsh
25652,Maria Cox
73315,Mrs. Angelica Poole
73553,Amanda Payne
46752,Brittany Cabrera
46183,Christina Warren
48877,James Werner
72524,Andrew Owens
39300,Michael Harris
97175,Donald Maddox
98322,Seth Moore
85007,Larry Norton
49242,Joseph Ryan
79530,Jose Carter
21656,Jordan Cantu
94750,Christopher Mathis
93487,Dawn Rodriguez
36613,Anna Chan DDS
81946,Timothy Arnold
48786,Olivia Wright
51990,Alex Phillips
55494,Brenda Cardenas
16147,Krystal Stevens
76213,Jill Woods
65602,Eileen Larsen
84189,Morgan Schmidt
11234,Benjamin Knight
19328,Stacey Browning
22404,Holly Reyes
97355,Jose Scott
88386,Travis Vega
49883,Samantha Young
33566,Mrs. Patricia Lamb DDS
61400,Katherine Holloway
66666,Bobby Wise
18315,Marcus Martinez
99939,Chad Gutierrez
87979,Alicia Ortiz
30888,Timothy Kline
82911,Edwin Mccarty
39443,Jaime Carr
23588,Diane Murray
79466,Keith Miller
13776,Robert Carroll
94804,Rebecca Wallace
74237,Ashley Miller
30873,Rachel Green
94017,Keith Stewart
30057,Julie Mccoy
18335,Charles Bailey
18357,Jill Pitts
78674,Juan Jackson
67412,Misty Johnson
28741,Jacob Murphy
38683,Amanda Lopez
10576,Amanda Hughes
25029,Timothy Meyer
70226,Stephanie Cooper
88740,Jessica Cowan
50068,Melissa Walton
67934,Andrea Barajas
11667,Margaret Harper
11298,Charlotte Atkins
33376,Travis Monroe
56902,Evan Barnett
73292,Cindy Allen
48599,Nicholas Salazar
22900,Stephanie Beck
77799,Kimberly Bell
80290,Wendy Kelly
46631,Felicia Oneill
17400,Stephen Pierce
75004,Chelsea Anderson
38820,Brandon Hernandez
32864,Alexander Fowler
46295,Alyssa Edwards
15598,Stacey Patrick
49418,Melissa Reed
87074,Cheryl Moss
45786,Timothy Pham
19396,Joseph Frank
41725,Anthony Marquez
32299,Sabrina Savage
58598,Shannon Sharp
53211,Kurt Mclean
30943,Noah Munoz
60125,Kayla Landry
22614,Monica Hall
63160,Jacqueline Johnson
18226,David Barrett
48765,Mary Carroll
58343,Paula Howell
18192,Billy Pope
45283,Natalie Odom
82283,Brenda Yates
69994,Deanna Carlson
48531,Stephen Miller
16400,Erin Thomas
28324,Katrina Morales
17010,Cheyenne Rodriguez
63841,Kenneth Carter
49283,Leslie Moore
49804,Joe Howard
30275,Carlos Spears
63245,Yolanda Scott
37133,Erica Ward
36452,Michael Humphrey DDS
13663,Samantha Ruiz
71239,Ashley Stein
15081,Matthew Gamble
91766,Jacqueline Perkins
99594,James Haley
56024,Robert Sweeney
54374,Douglas Bennett
43729,Natalie Lewis
98002,Angela Barr
79910,Gregory Bailey
29965,Steven Combs
22718,Nathaniel Mcknight
69833,Regina Contreras
80916,Brandon Romero
58972,Jeremy Stone
71175,Debra Brennan
38108,Jasmine Moran
42338,Andrea Harris
77848,Cassandra Ferguson
33042,Angel Lee
78028,Tina Wilkins
12270,Mary Pugh
41481,Kelsey Perry
83143,Alexis Gomez
72246,Kathy Green
18460,Angela Warren
99128,Kurt Perry
37274,Susan Reed
32568,Robert Diaz
54362,Lauren Hunter
30461,Christopher Gregory
15294,Steven Gay
34000,Katherine Murphy
27186,Laurie Sanchez
98386,Hannah Snyder
76839,Holly Gaines
80749,Paul Bonilla
49775,Alexis Daniels
21120,Joshua Leach
24675,Walter Heath
72668,Ryan Garcia
68086,Robert Blankenship
40979,Dustin Jones
90603,Kent Edwards
13058,Gregory Jones
11849,Christina Cooper
34200,Teresa Curtis
36371,Peter Smith
35471,Joel Greer
35056,Erik Harper
14037,Ryan Hubbard
89298,Marie Wilkins
92210,Becky Christian
49712,Erin Kennedy
53654,Terry Petty
71154,Scott Moore
20166,Lauren Smith
72840,Samantha Hawkins
64847,Christopher Duke
51336,Antonio Patterson
33210,Mario Lee
43026,Kendra Contreras
12419,Linda Rivera
73165,Steve Reyes
58090,Nicholas Shah
33359,Brittany Thomas
53976,Emily Gentry
74080,Christopher Crawford
61304,Tiffany Lin
36025,Jessica Larson
86652,Benjamin Cooper
78868,Adam Hernandez
81422,Glenn Williams
29501,Angela Paul
79133,John Hurley
12314,Molly Spence
11557,Jordan Richards
58644,Nicole Reed
18014,Janice Butler
61479,Amanda Serrano
39196,Jonathan Hatfield
37487,Bailey Coleman
64553,Pamela Hayes
85235,John Murillo
36540,Christopher Nunez
86863,Mark Mata
24446,Jessica Bradford
34392,Erica Marks
90983,William Schmidt
83339,Joe Vincent
21921,Jasmine Villarreal DVM
35480,Andrew Herrera
15559,Vanessa Durham
29583,Kristin Taylor
45109,Matthew Whitehead
23460,Jeremiah Navarro
29782,Danny Mccarthy
62003,Lawrence Dunn
87322,Laurie Walters
26767,David Tucker
85714,Tara Arnold
86058,Douglas Escobar
53771,Cynthia Pope
23758,Alicia Flores
39513,Erika Barker
73056,Diana Johnson
60171,Kimberly Lewis
34384,Rachel Marsh
79580,Micheal Guerrero
26589,Mrs. Ashley Garcia
21984,Lauren Mcgee
26447,James Barker
95752,Richard Harrison
29560,David Cox
89535,Karen Clarke
96717,Alexis Martin
14023,Matthew Hatfield
26778,Christina Fox
53740,Jordan Hull
77395,Emily Estrada
56753,Jacqueline Cervantes
16441,Lauren Pennington
97464,Christopher Webb PhD
27404,Jeffrey Dunn
66056,Brian Rush
95392,Maria Collins
17747,Madeline Morgan
39224,Melissa Short
15517,Jeffery Avila
23571,Matthew Barry
53729,Eric Martin
59484,Aaron Jackson
63577,Amber Castillo
21149,Mark Holland
35864,Tracey Carey
20410,Anthony Collins
49827,Jerry Elliott
36624,Emily Hernandez
60027,Paige Garcia
86636,Brett Jones
32224,John Reyes
77824,Michelle Gray
96599,Brandon Mays
22048,Bruce Allen PhD
22244,Terry Shields
31080,Dawn Donaldson
89891,Kiara Robles
40010,April Huffman
33000,Kelly Li
98020,Austin Taylor
70748,Grace Gregory
80318,Jordan Miller
31964,Jennifer Cline
27462,Tammy Johnson
66370,Jillian Ibarra
96505,Juan Anderson
27739,Katie Rowe
97937,Sydney Daugherty
50954,Dale Smith
51229,Christopher Hammond
51548,April Anderson
35728,Allison Bailey
84102,Jonathan Walter
75016,Tracey Wilcox
93566,Andrea Booth
62590,Mary Sharp
20777,Jason Robinson
22007,Tiffany Clark
47448,James Baker
53570,Daniel Banks
54242,John Griffin
86328,Alexander Huber
22598,Lucas Wilkins
55244,Mark Fernandez
80278,Diane Dawson
77277,Jennifer King
54545,Vanessa Diaz
85242,Ashley Perez
30208,Tanya Oliver
79377,Tara Henry
56747,Natasha Dougherty
31451,William Bond
94281,Patricia Atkinson
54604,Leonard Collins
34935,Ronald Reed
73655,Elizabeth Wong
69153,Joseph Harper
39069,Mary Miles PhD
31016,Bradley Smith
19571,Eric Knight
75583,Katrina Cook
19647,Daniel Melton
85828,Austin Adams
12288,Yesenia Fisher
49816,Monica Perkins
43977,Ariana Fernandez
93084,Michael Mueller
56016,Vickie Mason
52982,Melissa Dean
99994,Amy Chambers
35656,David Gallegos
91602,Fernando Brennan
50813,Andrew Pacheco
42023,Lori Hendricks
79075,Anne Henry
88256,Sarah Delgado
36279,Andrea Davis
55902,Jennifer Wheeler
24069,Amy Mcneil
90837,Danielle Austin
77073,Elizabeth Williams
58943,Chelsea Bell
98929,Jennifer Sandoval
68669,Justin Morton
75464,Miranda Santos
56174,Sandra Davis
75691,Lawrence Terrell MD
97731,Laura Mendoza
47652,Melissa Wolfe
90109,Lauren Perry
75366,Luke Frye MD
17977,Pamela Price
48924,Jesse Velazquez
31804,Wayne Gallegos
38853,Jennifer Hardin
40610,Mary Robinson
15274,Mary Burton
95927,Kerri Johnson
80394,Daniel Lindsey Jr.
90743,Stephen Jenkins
70323,Nicholas Dalton
47446,Eric Terrell
74374,Garrett Price
71011,Isabel Henderson
32423,Stephanie Downs
91596,Michael Valdez
25963,Margaret Ho
96896,Kristi Porter
11699,Brian Diaz
33218,Ashley Hunter
70960,Dr. Tanya Pena
36676,Oscar Anderson
35289,Erica Dodson
61237,Daniel Rodriguez
93371,Brenda Grant
93317,Calvin Lamb
67768,Isaiah Mcdonald
60180,Margaret Thompson
43458,Thomas Hardy
17898,Rachel Bailey
67115,Calvin Krueger
46347,Jon Moody
87252,Stephanie Roberts
64544,Brenda Smith DVM
84503,Jennifer Mckinney
93985,Courtney Williamson
69122,Jacob Bryant
84356,Thomas Robertson
10040,Thomas Brown
67642,Nicholas Hodge
55264,David Matthews
76414,Evelyn Black
40383,Sally Maxwell
85538,Lauren Morrison
66555,Edward Marshall
74002,Vincent Kim
67726,Emily Sandoval
76986,Victor Gray
64525,Gregory Matthews
61747,Mr. Derek Campos
95509,Laura Garcia DVM
20727,Robert Hernandez
64061,Rachel Garcia
51979,Jeffery Burns
87236,Stephanie Mason PhD
64693,Miranda Rodriguez
88846,Angela Smith
83506,Timothy Mason
80817,Kristen Young
62973,Kenneth Barron
55489,Richard Alvarez
77363,Scott Roberts
79647,Katrina Rush
58086,Darrell Taylor
51579,Bailey Rose
10688,Nathan Hamilton
20304,Tina Lindsey
22862,Joanna Wade
81752,Jeffrey Schmidt
94171,Anthony Chan
61453,Judy Pierce
87371,Regina Foster
64800,James Hunter
85970,Morgan Garrison
41269,Amanda Walker
81198,Duane Owens
95861,Theresa White
56873,Victoria Jenkins
96668,Eileen Bean
82948,Darryl Crawford
55330,Valerie Burns
93167,Heather Hunter
55594,Joshua Gallagher
19465,Phillip Mathews
82422,Catherine Mueller
66627,Michele Fernandez
14705,Kelly Anderson
61391,Leah Price
43465,Jeffrey Murphy
12066,Brooke Miller
47442,Christine Howell
70421,Diana Beck
95132,Cindy Graham
40445,Deanna Thompson
46581,Peter Waller
44920,Gary Miranda
38503,Danny Horton
50457,Laura Harris
53791,Sheila Walton
58406,Amanda Mack PhD
36926,Tyler Webb
88859,Chloe Glass
64939,Hannah Shelton
86876,Mr. Daniel Duke Jr.
62793,Laurie Ward
37265,David Martin
10173,Jeremy Bryant
85152,Daniel Dudley
95823,Harry Cruz
83046,Michael Henson
92368,Dustin Gonzalez
24389,Jack Flores
68794,Bryan Weiss
15835,Sean Kennedy
37062,Deborah Smith
27165,Amy Hardin
95488,Lee Cole
34747,Barbara Myers
21961,Alexis Guzman MD
97055,Nicole Bradley
80481,Brittany Herman
44627,Terry Walton
68694,William Pineda
13919,Dr. Travis Raymond MD
86402,Miss Patricia Lewis
43316,Robert Mays
64212,Linda Arnold
70982,Anne Stewart
10166,Kylie Robinson
21952,Amber Schultz DVM
28784,Glenn Parker
41422,David Moore
78706,Betty Hebert
71089,John Price
78157,Nicole Baker
72964,Raymond Ware
46169,Rachel Craig
25293,Lydia Johnson DDS
81708,Mr. Colin Campos
10542,Christopher Jones
85067,Austin Jordan
40246,Gabriel Watson
54544,Brian Wu
86473,Alexandra Robertson
38250,Frances Hanson
34501,Brenda Scott
65494,Chelsea Ortiz
85957,Terri Smith
81309,Timothy Gutierrez
90002,Alan Jarvis
92948,Catherine Martin
74336,Susan Wilson
16310,Kyle Moreno
47248,Vanessa Cole
95623,David Pena
23866,Jonathan Clark
82795,Laurie Hawkins
28618,Elizabeth Mendoza
60765,Meghan Young
79072,Laura Cooke DDS
58910,Chelsea Miller
26941,William Pierce
56598,Holly Carpenter
23993,Jordan Kennedy
38786,Kelly Odonnell
50198,Pamela Edwards
65214,Joseph Church
92777,Tonya Jackson
70365,Carl Wilson
77346,Melissa Zhang
28740,William Huffman
56937,Tammy Wilkinson
89887,John Santiago
63217,Jesse Lopez
87885,Jason Joseph
39377,Kevin Vasquez
42064,Nicholas Kim
38015,Chloe Walker
62658,Lori Calderon
63539,Jennifer Brady
99250,Mark Brown
98855,Melanie White
23636,Benjamin Austin
91270,Matthew Lawrence
96940,Luis Mathews
83448,Tiffany Jenkins
60304,Tara Patterson
56728,John Jones MD
12574,Tammy Ayala
40537,Natasha Smith
62452,Tina Moyer
49715,Debbie Vasquez
49669,Brenda Taylor
10334,Sonia Ward
23186,Christina Esparza
72098,Zachary Fuller
56632,Cynthia Stein
32820,Charles Smith
55498,Jennifer Ayers
77266,Kathryn Shepard
48023,Dennis Morgan
93644,Johnathan Haas
10911,Joyce Castillo
41751,Erica Quinn
39627,Greg Davis
57883,William Simmons
38080,Mary Ortiz
84063,Brianna Mcdonald
67339,Gary Grimes
89683,Shelly Franklin
88242,Andrew Bryant
54840,Patricia Daniels
56908,Walter Gallagher
61167,Emily Lee
46427,Thomas Wolf
88329,Rachel Hendricks
88804,Brian Stone
87122,Holly Maynard
90826,Kristin Allen
30481,Clinton Lewis
25993,Sarah Marsh
34453,Haley Hill
70600,Ebony Martinez
42783,Cassidy Cruz
47142,Courtney Frazier
64622,Grace Miller
60728,Taylor Carr
42669,Eric Booth
23250,Kristin Campbell
70278,Elijah Johnson
15174,Steven Horton
40927,Teresa Hernandez
57235,Jason Bishop
65067,Donald Buck
87041,Tanya Ellis
44075,Jennifer Golden
19850,Katie Morgan
80068,Bethany Reese
17106,Joseph Dean
69404,Allison Mccarty
97415,Morgan Bray
72723,Johnny Gilmore
26463,Kayla Jackson
69867,Kevin Wood
41803,Crystal Young
37694,Richard Hernandez
32348,Matthew Petty
31993,Tracey Lopez
90585,Kimberly Estes
66355,Hannah Butler
70946,Shawn Castro
66575,John Keller
59437,Ian Perry
85304,Dennis Vasquez
35519,Barbara Pearson
99883,Lindsey Mann
28602,James Allen
19712,Sarah Perez
95236,Shannon Meza
11984,Ashley Chavez
62616,Mary Black
85478,Dylan Garcia
13723,Brenda Porter
77881,Melissa Everett
82136,Melissa Becker
11460,Jesse Murphy
96493,Kevin Ellis
11208,Julia Rogers
79331,Ryan Stone
40991,Scott Huerta
39794,Theresa Brown
77203,Linda Frey
90498,Scott Jacobs
85224,Anthony Hudson
66891,Joyce Moss
70187,Bryan Watson
32923,Jean Johnson
85648,Jennifer Hayes
22674,Barbara Reed
82213,Erica Bryan
95332,Andrew Escobar
66858,Anita Weaver
85668,Jessica Clark
14309,Colleen Simmons
98460,Kevin Pineda
15911,Bryce Chase
77757,Gabrielle Lee
59424,Harold Wright
89620,Miguel Jordan
46389,Brendan Wolfe
63737,Christopher Maldonado
40618,Scott Thomas
25541,Victoria Gonzalez MD
26985,Ashley Huffman
70486,Wesley Taylor
84339,Kayla Salazar
66630,Teresa Kelly
75862,Thomas Bell
69050,Ms. Angela Ramos
71786,Alisha Vega
78463,Jacob Frye
72191,Amy Long
89063,Gregory Andrews
94028,Hunter Baker
44732,Maurice Parker
68553,Aaron Buckley
35599,Joseph Swanson
97221,Vicki Carter
93674,Gregg Rodriguez
40252,Katie Martin
70288,Daniel Sparks
81817,Becky Allen
67017,Chad Griffin
69229,Robert Robinson
12075,Cheryl Walker
14028,Patricia Phillips
79737,Alexandria Davies
71213,Russell Pittman
91691,David Powell
57260,Andrea Armstrong
36398,Peter Stone
54138,Misty Hill
44024,Chloe Potter
67539,Brianna Lutz
97890,Mark Torres
14297,Nicholas Choi
61308,Ronald Patrick
88366,Annette Mitchell
32241,Dillon Silva
71158,Seth Holloway
55945,Sonya Evans
12859,Paul Camacho
77998,Karen Coleman
53379,Brittany Hoffman
44442,Hailey Wade
59515,Gina Brooks
91695,Marvin Miller
78054,Christopher Lloyd
56951,Ashley Thompson
18691,William Brock
28854,Richard Gonzalez
59730,Kyle Larson
99947,Pamela Cooper
71208,Zachary Roach
91435,Michael Burnett
90274,Kaylee Salinas
90365,Holly Wilson
32226,Heidi Garcia
11257,Brittany Weber
16635,Tara Mills
12972,Jeff Dorsey
80577,Jeffrey Miller
98594,Kayla Hill
63137,Brenda Baker
78524,Benjamin Bowers
11524,Kimberly Snow
82023,Kristina Ross
88181,Dana Larsen
55181,Bryan Flores
48607,Stephanie Love
40801,Harold Prince
34827,Samantha Snow
81208,Amy Singleton
10381,Dawn Spencer DVM
11804,Kimberly Elliott
28371,Nancy Robbins
39388,Kimberly Tanner
80754,Jerry Villegas
78178,Bradley Juarez
59175,Jennifer Brooks
25776,Katie Bell
10352,John Alvarez
32600,Caitlyn Watson
22982,Paul Daniels
63240,Gregory Joseph
71954,Anthony Rojas
76306,Shannon Bradley
39725,Carrie Oliver
64721,Wayne Schmidt
74991,Kimberly Burnett
41658,Kayla Goodwin
56536,Michael Nielsen
21073,Kelly Newman
60899,Carlos Macias
64627,William Petersen
27005,Karen Winters
86303,Martha Garcia
68137,Cynthia Jones
78877,Brett Taylor
34110,Kathy Burns
23457,Michele Davis
54699,Jo Cruz
44670,Mary Yates
63789,Matthew Meadows
39288,Antonio Roach
25919,Joyce Jensen
43974,Erika Shepherd
99757,Jennifer Bowman
41785,Bryan Phillips
92084,Wayne Stewart
16952,Barbara Ball
70255,Amanda Brown
23525,Christine Black
27595,Evan Finley
36057,Chad Donaldson
11495,Michael Bailey
69136,Alison Brooks
91655,Scott Campbell
39749,Sandra Everett
99890,Michael Mcconnell
87455,Kathryn Rojas
50452,William Holt
40622,Tracy Pierce
34940,Aaron Cook
66356,Jason Marshall
96134,Mariah Davis
26746,Bobby Schroeder
78976,Courtney Baird
23245,Douglas Miller
63570,Gabriella Ramirez
54511,Carolyn Barron
37567,Ashley Kelly
50659,Vanessa Sanchez
34029,Walter Garcia
67791,Ashley Marquez
41428,Barbara Foster
11791,Jeremy Schroeder
99042,Kayla Ortega PhD
56739,Joseph Lee
12389,Mark Holt
64538,Joshua Garcia
66657,Karen Jarvis
17582,Destiny Williams
43058,Tiffany Hobbs
23750,Mary Cooke
92220,Linda Rasmussen
24995,Ms. Laura Cochran
17432,John Weaver
38552,Tyler Steele
41417,Michael Chandler
37590,Stephanie Graham
20496,Patrick Weiss
77282,Ruth Collier
67858,Amanda Pollard
18870,Rebecca Rose
70765,Nicole Whitaker
20444,Eric Thompson
10343,Sherry Jacobs
25898,Angela Baker
87175,Mary Brewer
85880,Bridget Herrera
99156,Blake Andrews
59258,Tonya Hutchinson
64963,David Wilson
38773,Larry Jackson
15783,Sophia Baker
29744,Donna Lawson
57240,Renee Liu
76025,Jessica Mueller
95680,Kelli Cox
55122,Anthony Mcdaniel
86950,Brian Blair
63228,Jennifer Hancock
65111,Jesus Hart
19565,Ryan Hunt
35203,Jose Yu
78231,Tiffany Cruz
68514,Anthony Ali
39036,Angel Murillo
25587,Brian Warren
81347,Adam Bruce
87089,Jimmy Washington
13401,Marc Sanders
28826,Rebecca Oneal
76090,Christine Haynes
51762,Crystal Stevenson
93082,Amy Alvarado
26807,Beverly Wilson
85004,Briana Ford
51375,Anthony Bradley
21184,Vernon Brooks PhD
23818,Jennifer Curry
93925,Joshua Jordan II
70088,Shannon Howard DDS
22864,Alan Anthony
45631,Edward Mcdonald
77548,Micheal Myers
17647,Mariah Evans
71592,Brenda Cole
66167,Valerie Robinson
55996,Billy Martinez
87668,Christine Washington
13871,Terri Lowery
88970,Nicole Brooks
82285,Mary Pitts
65163,Vincent Smith
44411,Austin Miller
70143,Kathleen Jones
85531,Darren Lyons
97345,Scott Rhodes
70551,Gerald Duke
63399,Anna Bradley
33421,Dwayne Lopez
92828,Kristen Bradley
98519,Laura Murphy
81502,Todd Thornton
70581,Michael Crosby
21629,Carolyn Fitzgerald
14534,Robin Sanchez
32624,James Yang
96409,Corey Sanchez
13538,Tim Quinn
41866,David Adams
85286,Susan Lee
74317,Carlos Thomas
48085,Debbie Hall
36744,David Hopkins
32952,Emily Velazquez
36460,William Shepard
73491,Yvette Boyd MD
17422,Maria Wilson
25358,Rebecca Mitchell
78402,Chelsea Cordova
47046,Elizabeth Shaw
74618,Jessica Avila
38094,Julie Herrera
90452,William Bass
60951,Sarah Lynch
75927,Jennifer Campbell
78834,Sheryl Frost
88738,Kaitlyn Hernandez
36991,Stacie Shepard
47321,Amanda Porter
24518,Brandon Alvarez
91122,Ashley Shah
87768,Samuel Mccormick
78679,Tara Kane
28943,Wayne Robinson
25367,Collin Olson
48840,Kevin Moore
37347,Jessica Jackson
15894,Jason Olson
30525,Donna Wiggins
51732,Kerry Wood
97448,Ryan Oliver
36026,Mallory Gilmore
96670,Shelby Brown
34255,Jay Ibarra
15790,Tracy Taylor
20476,Janice Luna
75106,Jeremy Baker
42555,Jillian Martinez
29422,Daniel Gutierrez
65982,Kelly Kim
67407,Sara Hudson
36902,John Hubbard
59201,Rachael Lee
55270,Johnny Calderon
56716,Kenneth Robinson
48947,Dylan Roberson
60826,Richard Thomas
11591,Theresa Hill
14344,John Snyder
92653,Howard Coleman
15956,Cody Richardson
29236,Joyce Hoffman
26851,Johnny Miller
29192,Taylor Smith DVM
67853,Tom Bowen
66713,Kristin Harris
45541,James Fisher
12857,Stephanie Spencer
29613,Kimberly Bowen
78701,Taylor Clarke
97829,Jeffrey Woods
87797,David Green
26549,Jose Foster
21633,Lawrence George
85103,Lisa Hart
86787,David Collins
49457,Cheryl Hoffman
83790,Mr. David Jenkins
75025,Chase Thomas
78285,Eric Soto
63126,Janet Cline
74094,David Graham
19734,Ashley Benson
40421,Alicia Graham
79939,Nicolas Lewis
17672,Cameron Sanchez
50806,Beth Lutz
39737,Jamie Nelson
41035,Kaitlin Brown
39425,Mary Evans
13455,Joseph Choi
21367,Timothy Martin
56838,Timothy Dalton
33887,Allen Moore
29021,Luke Hanna
44792,James Sweeney
12981,Gregory Wyatt
11305,Melissa Lee
45869,John Bennett
17014,Sheryl Ramirez
41112,Leslie Burke
98759,Tyler Norton
81220,Nicole Ferguson
13974,Meghan Brown
12966,Mary Cunningham
53856,Christopher Reynolds
31427,Patricia May
78756,Lindsey Clark
60251,Phillip Smith
47845,Jordan Clark II
71846,George White
62804,Brian Murphy
90612,Stacey Jones
80180,Madison Burns
19862,Jonathan Cox
48972,Tiffany Greene
84240,Cheryl Spears
64149,Michelle Cruz
32907,Rodney Stark
36375,Daniel Singh
30342,Cynthia Paul
57502,Earl Livingston
87830,Katrina Perez
88752,Jay Hall
30392,Donna Turner MD
11976,Christine Kennedy
75528,James Sutton
32854,Emma Perez
36033,Christy Sanchez
31877,Peter Odom
13793,Adam Burke
84210,Colin Hamilton
66282,Jennifer Stanley
60812,Timothy Wright
20730,Kendra Rivera
84139,Brad Lee
79634,Diane Rodriguez
99019,David Gutierrez
46848,Tara Bell
70893,Brandon Larson
11973,Tyler Mccoy
92943,Jessica Norman
96175,William Cardenas
71199,Crystal Smith
35994,Karen Sherman
11055,Anne Jones
70280,Christopher Peterson
28914,Laurie English
74666,Tiffany Perez
24945,Michael Wright
61972,Nicole Ballard
17825,Bryan Payne
50450,John Myers Jr.
31275,Theodore Hawkins
62161,Michael Pierce
92721,Patrick Potts
63653,Katrina Bruce DVM
85124,Michael Velasquez
16703,Hayden Byrd
26960,Karen Kemp
28578,Sandra Brady
46818,Michael Lambert
68547,Stephanie Perez
32013,Thomas Bowen
59149,Patricia Edwards
15416,Jason Lang
56428,Dustin Valenzuela
51450,Edward Harris
65648,Rebekah Thornton
80642,Michelle Reynolds
64117,Elizabeth Reeves
41424,Johnny Rogers
61633,Jared Gentry
87088,Brad Miller
92659,Daniel Parrish
20719,Felicia Perkins
54627,Angela Bell
36038,Brenda Gray
41446,Susan Walsh
55019,Nicole Carpenter
97213,Christopher Mitchell
71785,Shelby Smith
19784,Crystal Brooks
14883,Hunter Little
79358,Jerry Farley
83290,Jessica Dennis
94762,Megan Robinson
16565,Aaron Davis
40172,Tiffany Prince
31360,Valerie Jones
96233,Brian West
77736,Jared Davis
40477,Billy Jordan
89908,Teresa Osborne
18881,Mrs. Jennifer Singleton
58297,Taylor Shannon
81626,Karen Gilbert
90181,Tammy Oconnor
79498,Andrew Wilkins
52362,Caitlin Jones
64189,Gerald Holt
82419,Jonathan Smith
50080,Derek Dunn
25848,Erica Garcia
13252,Lisa Murillo
23992,Gary Lester
29714,Cory Dunn
16977,Laura Robinson
69693,Erika Joseph
22775,Steven Juarez
22935,Wesley Thomas
61096,Randy Rodriguez
57566,Rodney Espinoza
64621,Lauren Huffman
34878,Brandon Goodwin
72616,Patricia Bailey
71640,Patricia Wilkinson
78182,Michele Barr
13110,Adrian Howell
42255,Brian Hill
15367,Bradley Richards
40073,Chad Thompson
69083,Barbara Boyd
58845,Jerry Browning
36758,Derek Henderson
38630,Edward Perez
80581,Caitlin Cunningham
61794,Paul Meyer
32740,Jane Carrillo
76322,Adam Dennis
29630,Jason Murphy
71610,Kathleen Scott
48540,Eric Park
86195,Michael Cole
95528,Connie Dean
31600,Carla Howell
57927,Jessica Mckinney
61220,Jeffrey Sellers
45105,Jeffrey Johnston
37245,Phillip Richardson
11816,Autumn Montgomery
20346,Brandon Brewer
77338,Diana Marquez
53952,Marc Taylor
31100,Megan Smith
53790,Hannah Spears
76263,Vanessa Ballard
22626,Cristina Martin
47645,Regina Mathews
86624,Brett Mcbride
22039,Mike Brown
79708,Edward Garrett
78188,Carrie Bowman
87678,Jodi Harrison
91546,Damon Gibson MD
39263,Patrick Silva
73537,Carl Walsh
68710,David Moon
84059,Anita Yates
88999,Lisa Noble
35533,Mrs. Carolyn Lee
20560,Karen Carpenter
97129,Gabriel White
61088,Karen Diaz
43508,Gina Taylor
19498,Casey Harrington
77293,Sarah Howard
91688,Jack Robles
93295,Erin Randolph
37961,Laura Summers
89828,Lauren Rose
90251,Jeffrey Herman
34832,Kimberly Martin DDS
49308,Gina Chan
29220,Marcus Molina
28688,Michael Meyer
90854,Carl Burgess
38874,Bonnie Reeves
99500,Alfred Ritter
47551,Rachael Gomez
38753,Kara Johnson
85197,Brandon Patel
11048,Dorothy Singh
74417,Sonia Warren
55073,Mr. Bryan Fields
87296,Amber Doyle
97835,Robert Hart
89619,Rhonda Mcdaniel
41606,Jessica Morales
33667,Kenneth Skinner
25508,Brenda Humphrey
22308,Eric Morgan
74484,Pamela Woodard
52131,Brooke Garrett
20877,Anna Singleton
12984,Joseph Thompson
18927,Alex Harris
18824,Becky Boyer
41359,Beverly Burton
39117,Kenneth Le
84014,Mark Wiley
55923,Kellie Lee
81630,Bryan Cook
81468,Curtis Harper
90238,Ryan Hart
53228,Douglas Howard
22593,Danny Spears
10178,Philip Butler
11911,Christopher Love
60651,Joseph Bates
69341,Yvette Walker
80048,Gregory Moore
94595,Linda Sandoval
61322,Joseph Lopez
28716,Amber Castro
13989,Chelsea Hartman
94674,Ryan Barnes
40447,Kathy Bailey
77586,Shane Wagner
83989,Kathy Dillon
90836,Michael Park
47124,Kevin Richard
41746,Alison Cordova
14542,Kayla Harrington
14868,Roger Nelson
18124,Jordan Myers
82158,Kevin Haynes
74354,Leslie Adams
82119,Danielle Marks
22487,Darren Clark
22955,Julie Fuller
75334,Annette Miller
66229,Anthony Mendez
65574,Debbie Montoya
75829,Melissa Wagner
65500,Kayla Wiggins
18484,Heather Klein
73877,Dr. Ana Jacobs MD
93081,Brittany Hudson
67754,John Atkins
76044,Brandon Freeman
38531,Tiffany Jackson
54249,Glenn Lane
97096,Michael Sanchez
27777,Jacqueline Gutierrez
20810,Mrs. Laura Shea
72210,William Frazier
36552,James Marshall
39812,Jacqueline Vega
59858,Julia Hernandez
93218,Larry Crane
58480,Brian Werner
66765,Amy Hoffman
79394,Devin Griffith
95027,Yvonne Riley
63871,Christopher Curtis
76276,Andrew Parker
38868,Manuel Shaw
63051,Joseph Glover
69681,Michael Baker
42438,Sandra Thornton
39437,Benjamin Stanton
44202,Kimberly Humphrey
48310,Darlene Rodriguez
58366,Tammy Harvey
60473,Tammy Yang
66361,Lisa Hoover
68354,Kyle Mullen
71527,Adam Scott
75711,Diane Brady
98990,Ms. Brittany Ellis
53285,Melissa Boyer
89190,Hunter Stout
58407,Cathy Brewer
93359,Christopher Moran
65090,Donald Kennedy
10208,Robert Hicks
41321,Karen Moore
23905,Amanda Espinoza
10247,Samuel Murphy
45662,Renee Thomas
72821,Daniel Santos
21966,Jenny Pollard
71457,Stephanie Hansen
61713,Leslie Smith
76653,Kelsey Ellis
29353,Marie Johnson
84768,Rhonda Lee
56318,Ruben Hull
24863,Jeffrey Payne
81322,Maria Beck
16320,Jacob Carpenter
62354,Brian Solis
59449,Audrey Curry
51957,Zachary Hall
21036,John Daniels
21393,Melody Barnett
24698,Timothy Crawford
12663,Ryan Howard
28699,Kristin Parks
99627,Loretta Nunez
13558,John Brown
51873,Kathryn Golden
88040,James Osborne
62580,Morgan Gardner
63893,Stephanie Warren
76540,Timothy Meza
68653,Mindy Stephens
42222,Shannon Flores
12593,Jason Rios
15817,Eric Glass
58539,Joshua Mckenzie
15063,Heather Bradley
29786,Lisa Ponce
88607,Rhonda Spencer
52680,Shannon Robinson
48938,Sandra Wood
85243,Andrea Krueger
50752,Nathan Ray
99224,Jeffrey Smith
87337,Ashley Reyes
47510,Tony Gomez
65817,Chad Lowery
25658,Kimberly Alvarez
68477,Richard Lloyd
56512,Jesse Adkins
77038,Lisa Garcia
18458,Kelsey Caldwell
96793,Reginald Little
66532,Misty Gutierrez
67397,Gary Maxwell
35376,Vincent Adams
30804,Thomas Gibson
91633,Donna Terrell
55151,Jacob Sanchez
39015,Samuel Williams
32732,Angel Pierce
59206,Robert Grimes
97786,Tyler Ellis
17474,Geoffrey Gomez
66600,Marissa Foster
44582,Nathan Fletcher
69057,Angela Cohen
86077,Jennifer Alexander
88043,Tammy Moss
17147,Barbara Beard
88251,Dr. Christina Romero MD
14236,Ryan Reynolds
73632,Dennis James
33496,Paul King
59256,Nicole Vega
70133,Peter Richardson
25225,Mrs. Dawn Fleming
69293,Rebecca Lee
63536,Holly Mills
72071,Michael Graves
83397,Michelle Martin
43976,Jose Shelton
23528,Katherine Lynch
22566,Alexa Hendricks
12995,Joshua Matthews
83178,Erica Pearson
11906,Jamie Brown
60862,Jean Jones
14179,Jessica Miller
36167,Frank Allen
59159,Sergio Mitchell
54693,Amber Berg
79181,Jon Dean
19846,Susan Johnson
84206,Eric Hamilton
22119,Steven Willis
87425,Luis Wright
44782,Michael Thompson PhD
33509,Melissa Curtis
69920,Kevin Vega
28011,David Wilkinson
31108,Shawn Davis
35986,Ronald Perez
50293,Jamie Ramos
99508,Michele Williams
52132,Christina Gibson
17218,Rebecca Johnston
36457,Melinda Clarke
29568,Angela Ruiz
18618,Omar Phillips
94465,Louis Lowe
36231,Kara Mack
45537,Tracey Daugherty
74992,Eric Delacruz
62196,David Fernandez
57931,Kimberly Gordon
23077,Tracy Peterson
87335,Mary Jones
51355,Jamie Richards
92747,Bonnie Knox
50596,Colton Vasquez
66655,Mrs. Catherine Stein
50099,Brenda Zamora
21782,Erin Werner
94924,Shane Nguyen
31044,Brandi Rodriguez
57259,Rebecca Diaz
92711,Charles Morgan
39452,Timothy Downs
63738,Eric Hunter
97646,Bailey Norman
61200,Victoria Bridges
48247,Robert Campbell
61826,Nathan Logan
21600,Summer Petersen
34104,Laura Wright
69578,Savannah Blackwell
29994,Mariah Cowan
87772,Stephen Shannon
22839,Lisa Vasquez
19401,Richard Banks
78812,Morgan Greene
88159,Kylie Daugherty
30257,Scott Murphy
49215,Mitchell White Jr.
90720,Amy Cunningham
83710,Suzanne Sullivan
60854,Stacey Andersen
60687,Lori Jordan
36573,Emily Lopez
85525,William Stewart
80603,Peter Turner
79857,Bailey Edwards
66305,Patricia Taylor
75564,Melissa Walsh
88427,Jerry Bailey
72404,Frederick Wall
84708,Jason Price
90486,Samuel Bender
15108,Kelli Johnson
58741,Jeffrey Morris
83057,Molly Ruiz
96740,Ariel Jones
16615,Mark Hernandez
32842,Austin Flores
38537,Eric Jones
86054,Nathaniel Webster
84567,Kristy Marquez
12414,Bruce Navarro
79962,Emily Simmons
34972,Jill Hill
97860,Kevin Hale
15697,Jose Hansen
46350,Oscar Holt
22170,Nicole Rice
37181,Michael Guerra
66349,Dominique Turner
71702,Zachary Patterson
16551,Scott Rodriguez
37742,Elizabeth Cooper
15085,Patrick Russell
97082,Karen Martinez
36361,Samantha Flores
85209,Victoria Porter
97558,Tammy Walton
29499,Lindsay Diaz
41804,Aimee Holmes
32041,Beth Sheppard
11386,Valerie Franklin
80776,Nancy Moore
90368,Denise Campos
85933,Tiffany Carter
19472,Linda Ward
44366,Kevin Rhodes
24606,Gabriel Luna
59464,Laura Vargas
80772,Daniel Knox
13859,Alyssa Ramos
97957,Katie Martinez MD
31681,Christopher Miles
28548,Joanna Herring
93619,Mercedes Gonzalez
70412,Michael Stanley
44546,Rebecca Patton
25524,Jacqueline Wallace
63421,Stephanie Mueller
71046,Mrs. Courtney Armstrong
27132,Jesse Whitney
49066,Andrew Rivas
64930,Corey Martin
41314,Michele Velez
60959,Diane Kerr
34562,Dennis Miller
34288,Allison Hawkins
20473,Matthew Hawkins
77745,Ricardo Young
55182,Mark Skinner
61892,Thomas Lang MD
72557,Frank Williams
88936,Marissa Flynn
45595,Andrea Morrow
40968,Mr. Jon Medina
64332,Christopher Nelson
42374,Alexa Smith
94663,Jill Durham
15896,Robert Evans
40261,Jessica Saunders
93055,Kevin Watkins
93630,Carl Duncan
96706,Jessica Carter
66436,Cynthia Wilson MD
33578,Raymond Gould
79039,Cindy Shea
67022,Cameron Frye
33402,Francisco Salas
58802,Sean Gray
50863,Stephanie Baker
83165,Ashley Barnett
98069,Nicole Murray
33230,Taylor Rangel
42752,Brianna Soto
78594,Karen Bell
96545,Megan Blackburn
59310,Daniel Villarreal
39623,Steve Allison
54510,Mr. Austin Brown
83957,Jennifer Clay
81161,Kevin Vargas
31171,Dr. William Stokes
24031,Brandy Munoz
77216,Wanda Navarro
32686,Stephanie Kennedy
69924,Morgan Smith
98744,Jacqueline Blackburn
24630,Dylan Wright
78520,Jonathan Adams
11823,Angela Barton
94248,Dana Ryan
89284,Brendan Drake
42672,Michael Noble
67702,Amy Chen
84740,Jeffrey Bates
67125,Dr. Timothy King
25606,Jerry Reynolds PhD
47979,Janet King
78430,James Roy
94615,Jonathan Murphy
63193,Eric Wyatt
15410,Perry Crane
49392,Laura Williamson
82333,Todd Perez
64788,Mary Patel
92767,Joshua Blackburn
14884,Cindy Costa
28745,Eileen Martinez
54600,Angela Campbell
92417,Beth Levy
44936,Kim Washington
17133,Suzanne Williams
45179,Steven Lee
38832,Haley Briggs
92583,Kevin Wilkinson
84277,Kristen Butler
68417,Denise Ray
80378,Mary May
53096,Tyler Graves
27276,Holly Kim
70112,Amy Shaw
52208,Olivia Maddox
77969,Kristy Bryan
60342,Jessica Ward
32411,Alexandra Griffin
26720,Mary Benton
39261,Gail Smith
43202,Stephen Aguilar
93191,Ricky Beck
39739,Michael Lynn
85559,Paul Ortega
69500,Samantha Walker
11767,Amber Campbell
55598,Samuel Miller
20184,Beverly Giles
34249,Curtis Wiley
96698,David Watkins
78716,Herbert Livingston
57942,Jon Doyle
45079,Daniel Ruiz
84256,George Ortiz
73581,Heather Scott
28769,Brian Park
85316,Laura Simmons
66294,Austin Williams
71326,Renee Webb
93564,Ashley Dillon
44360,Kathy Torres
71075,Nichole Carlson
58188,Ashley Harris
75613,Teresa Murray DDS
81194,Laura Fleming
64702,Daniel Nelson
38770,Kristen Peters
58667,Jasmine Wall
61845,Emma Richardson
33336,Catherine Anderson
93258,Linda Monroe
62446,Justin Ferrell
97228,Mary Gill
21215,Zachary Cook DDS
32832,John Torres
90227,Nicholas Walton
37396,Laura Montoya
42223,Andrea Moss
34298,Dr. Beth Leach
44855,Hector Adams
68481,Bryan Wheeler
84406,Richard Payne
99709,Karen Rios
74899,Tara Hamilton
45596,Ian Davis
65610,Brenda Marshall
56047,Ashley Black
37908,Nancy Reilly
34482,Paul Hodges
52352,Brianna Kennedy
62887,Don Gonzalez
99797,Samantha Owens
22369,Christine Stout
11660,Sarah Miller
42997,Carrie Moss
36197,Gregg Smith
27962,Jared Hawkins
97949,Brittney Brown
95707,Donna Mendoza
75816,Edward Macias
94435,Tonya Parsons
39201,Pamela Wise
59141,Whitney Adams
24014,Virginia Bryant
58078,Charles White
71662,Kayla Cantrell
95006,Patrick Lyons
54211,Anna Freeman
23313,Edwin Zavala
48819,Robin Armstrong
65085,Randy Floyd
42140,Christopher Spears
65913,Kristen Holland
88590,Nancy Harrington
42016,Dennis Nguyen
85129,Natalie Wise
61406,Heather Frank
70010,Jamie Adams
91142,Jeffrey Mays
20974,Jillian Smith
23067,Taylor Maldonado
42480,Katelyn Mcmahon
81042,Larry Wood
11098,Russell Reynolds
18116,James Le
23354,Thomas Cannon
29588,Zachary Morris
18622,Paul Spencer
76330,Brittany Bartlett
95886,Casey Ortiz
54467,Brittany Kirby
40775,Hailey Cannon
51167,Robert Smith MD
25074,Kristin Freeman
99935,Bobby Warren
71909,Anthony Miller
10579,William Lee
71689,Anthony Mills
82671,Dorothy Ramos
39274,Kelly Williams
78366,Zachary Weber
39074,Laurie Rhodes
81705,Patrick Woods
34315,Alicia Rhodes
22297,Mark Castaneda
85361,Steven Knapp
74101,Ellen Marquez
96014,Jason Jordan
52480,Gavin Becker
62633,Nancy Mata
25183,Emily Watts
24879,Sarah Mejia
22076,Connie Hart
13510,Stephanie Butler
68875,Christine Summers
64027,Sheila Stewart
81343,Frank Olson
43382,Ashley Washington
41930,Mark Carpenter
88665,Lisa Elliott
82740,Steven Collins
17377,Margaret Whitney
17023,Justin Morgan
54446,Kevin Barr
24306,Adam Cannon
17934,Martha Salazar
83540,Roger Morris
53105,Cynthia Barker
31946,Darren Proctor MD
53977,Thomas Taylor
52732,Kiara Jackson
15634,Jessica Stafford
85722,Wanda Price
36242,Jeff Watts
97259,Nicole Santiago
58489,Gina Wilkinson
71467,Annette Reed
17048,Mark Lester DDS
76458,Lee Edwards
38606,Gary Harrison
64077,Antonio Dennis
69999,Kristen Duncan
39329,Toni Baker
49253,Kevin Carlson
86848,James Baxter
96681,Randy Torres
82235,Sean Mullen
48123,Daniel Robinson
22183,Jeffrey Cruz
11464,Anthony Shelton
24583,Barbara Torres
79126,Joseph Rosario
74531,Deborah Yang
67846,Sharon Zimmerman
32891,Nicole Morton
51448,Paul Wells
62989,Hannah Mullins
11426,Joshua Vega Jr.
58372,Sheri Jenkins
74994,Tanya Oconnor
44367,Elijah Beck
60986,Paula Stanton
25147,Amanda Oconnell
55720,David Franco
19232,Nicholas Baker
91958,Thomas Weber
37288,Hailey Martinez
94834,Janet Salinas
35325,Susan Humphrey
96977,Grace Fisher
94751,Alisha Allison
41028,Charles Stephens
86137,Cesar Velez
80093,Cassie Lewis
76204,Jessica Nixon
15350,Timothy Zimmerman
29137,Courtney Perkins
15369,Shannon Martin DVM
14873,Rebecca Russell
47516,Kevin Gentry
42949,Jeffrey Diaz
16145,Catherine Decker
95161,Heather Jones
23581,Eric Reese
35552,Ronald Flores
94843,Tina Tran
93365,Thomas Thompson
66291,Chelsey Carroll
91825,Michael Mcmillan
24190,Bobby Hopkins
18571,David Schultz
93775,Erica Sparks MD
72230,Cody Parsons
55839,Natalie Knight
92028,Kristina Powell
67408,Dave Brown
81570,Daniel Mcbride
34236,Heather Cervantes
74864,Carl Howard
21392,Ronald Brown
36891,Betty Bautista
69478,Sarah Sampson
48488,Lisa Jimenez
22254,Kevin Rogers
79463,Thomas Martin
12976,Ann Solis
26854,Tanner Hunter
60817,David Reynolds
21907,Hayden Peck
63142,Tina Rhodes
39436,Carmen Stewart
34685,Justin Hughes
94182,Nicole White
56283,Thomas Sanchez
72891,Becky Robinson
76495,Jeremy Hamilton
77095,Mitchell Lopez
25677,Latasha Huff
62925,Gregory Greer
80527,Brian Griffin
61102,Alexandra Adams
80230,Teresa Booker
14762,Madison Vazquez
28451,Jeffrey Shah
22027,Edward Dalton
85636,Sandra Clark
18148,Robin Morales
99276,Eric Kirby
53074,Parker Rodriguez
16508,Joseph Anderson
21152,Heather Soto
93912,Maxwell Blake
25312,Mckenzie Woodard
45999,Dr. Anthony Johnson MD
55083,Sean Hamilton
28897,Gregory Hoffman
26059,Jason Colon
28245,Ashley Cunningham
97865,Jeffrey Rojas
35797,Brian Vega
97248,Natalie Johnson
23748,Thomas Sanders
77849,Lauren Jones
59921,Jody Hardin
82672,Marcus Wilson
13562,Corey Gonzales
53264,Paul Bauer
60408,Kevin Weaver
83419,Erin Dickerson
51032,Sierra Becker
88860,Mary Nunez
74070,Yvonne Ramirez
47888,Lori Gibson
19374,Nicholas Parsons
81164,Edward Reed
68583,Brandi Lopez
12242,Kelli Rodriguez
37959,Kendra Fernandez
18594,Michael Krause
10764,Amy Velez
77371,John Wilson
86317,Katrina Johnson
22409,Nathan Adkins
29386,Craig Stuart
74195,Amanda Sanchez
33510,Amanda Powell
37338,Charles Sanchez
23552,Sheri Schmidt
13124,Gary Scott
13195,Darren Hayes
49763,Angela Boyd
88380,Lindsay Clark
16841,Stephen Washington
45024,Nicholas Ross
92354,Tina Kelly
86851,Jill Moore
18078,William Bates
48787,Michelle Guerrero
10849,Ronald Davis
34682,Carol Stanley
75032,Frances Banks
61823,Kirsten Williams
16210,Nancy Jones
37610,Peter Jacobs
50912,Matthew Contreras
64968,Dawn Wiley
40583,Mrs. Suzanne Hayes
15788,Thomas Ryan
42686,Erica Brown
58755,Joseph Thomas
44929,Jessica Wheeler
62868,Lauren Patel
51719,Kyle Cunningham
11646,Anthony Carrillo
56015,Mrs. Shelby Smith DVM
18423,Joel Carr
41492,Eric Ayala
92481,Robin Salas
11806,Scott Todd
76411,Randy Smith
82050,John Villanueva
35568,Patricia Simon
95655,Ryan Alvarado
52516,Dr. Brittany Gill
96273,Kyle Madden
78012,Rodney Becker
70915,William Hale
88857,Julie Bass
26300,Joseph Adams
76212,Justin Stewart
65958,Harry Schultz
62908,Renee Kim
18616,William Ross
77136,Charles Bruce
40207,Candice Benton
11340,Leah Jensen
35205,Joshua Contreras
71573,Mrs. Tina Griffith MD
72810,Jamie Christensen
50702,James Leonard
71349,Todd Kim
71356,Nancy Strong
83744,Brooke Hunt
82588,Caleb Duran
11545,Micheal Carey
27914,Thomas Wood
13813,Dennis Price DDS
11497,Angela Sanchez
68070,Sherry Benjamin
92298,Gregory Little
14435,Catherine Reed
14302,Brittany Walker
54453,Tammy Gregory
90255,Walter Turner
13852,Douglas Byrd
56948,Kimberly Moore
86767,Rhonda Velasquez
65498,Kelly Bennett
12057,Sharon Miller
71789,Rachel Perez
97115,Alec Weaver
65017,Erica Pratt
73208,Benjamin Rojas
92657,Jeffery Frost
38888,Hannah Diaz
23972,Ms. Rachel Mitchell DVM
84789,Reginald Thompson
72027,David Jacobs
68662,Timothy Krause
17256,Christopher Moore
41541,Daniel Herrera
68173,Kenneth Fry
70929,William Shaw
94067,Micheal Jackson
33810,Samantha Cross
27686,John Tyler
78611,Jessica Richards
82269,Susan Clayton
80341,Seth Nelson
24661,Anthony Dawson
20152,Christine Mathews PhD
93620,Donna Haynes
37596,Tara Valencia
76560,Amanda Massey
69766,Michelle Murphy
91851,Stacy Sanchez
17619,Kathleen Mata
44759,Sean Bennett
39805,Cathy Jordan
70540,Mrs. Caitlin Taylor
25791,Sonya Barry
64990,Alexis Reese
95292,James Cohen
14747,Mark Harrington
77182,Dr. Krystal Smith DVM
66180,Phillip Hampton
41636,John Sampson
73597,Barbara Figueroa
63471,Marie Walter
24559,Daniel Hernandez
28138,Teresa Leonard
10750,Mitchell Torres
41350,Diane Jones
43610,Angela Pearson
89395,Lisa Ferguson
29798,Brian Bowers
67110,David Hawkins
95430,Leah Wilson
28687,Maria Crawford
60657,Carrie Mendoza
27811,Jose Silva
30238,Paul Miller
56467,Shelly Conner
56108,Catherine Jones
37318,Steve Logan
14071,Courtney Lopez
77910,Albert Ryan
88901,Kristopher House
48377,Melanie Evans
69808,Timothy Cox
62957,Cristian Flynn
56077,Dr. Terri Moore
60535,Curtis Ryan
21812,Melissa Contreras
75815,Patrick Wilson
31558,Kevin Thompson
63130,Collin Fowler
85883,Tina Lee
49629,Allison Bates
27067,Janet Clarke
93963,Christopher Weaver
60684,Darin Ford
78613,Anna Bradford
68538,Tina Miller
61467,Justin Hunter
22480,Robert Crane
78339,Stephanie Berger
70151,Kimberly Garrison
26092,Stephen Watson
62940,Dylan Turner
76269,Cody Jensen
80091,Roy Black
14662,Erin Woods
96054,Tanya Delgado
43737,Christine Taylor
40545,Amanda Marsh
10261,Sarah Contreras
96199,Sean Oneill
74467,Peggy Garrett
57976,Monique Reynolds
46367,Xavier Jones
95879,Jeremy Robles
92305,Ronald Brooks
24911,Jeremy Schwartz
55308,Julia Savage
76570,Laura Meyer
74087,Tammy Davis
55123,Anna Mendez
37050,Nicole Foster
24160,Anna Chambers
71976,Jennifer Blake
95607,William Chan
74577,Denise Thompson
47558,Jacqueline Ellis
92720,Valerie Powers
21467,Scott Martin
93405,Erik Mccall
63325,Amanda Edwards
73765,Don Yu
91544,Theresa Campbell
88586,Bethany Moore
24048,Chad Barnes
38728,Mary Bryant
17966,Haley Lee
84001,Stacy Rogers
99767,Tracey Miller
30345,Brian Calhoun
14528,Morgan Ellis
18064,Nicholas Stanley
65905,Aaron Wong
52881,Travis Mills
70757,Matthew Obrien
79627,Stephanie Wood
19939,Natalie Potter
40472,Robert Powell
62664,Ricardo Perez
16415,Lawrence Cunningham
22595,Mark Bray
64920,Victoria Griffin
99989,Adam Flores
43323,Steven Arnold
11140,Charles Thompson
56981,James Lambert
24253,Bruce Munoz
67114,Ashley Hunt
73986,Donald Nguyen
15745,Debra Herrera
58428,Miranda Holloway
83128,Jennifer Moore
98051,Isaiah Dixon
68457,Julie Guerrero
72389,Tracey Velazquez
29999,Wanda Newman
76776,Jacqueline Sharp
71236,Grace Brown
83467,Taylor Shaffer
55085,Juan Leon
22958,Alexis Price
27928,Mr. Michael Martinez
34484,Shane Wright
69761,Antonio Williams
23293,Alex Wilkinson
43874,Randy Ruiz
53412,Rebecca Joseph
65119,Diane Diaz
21543,Daniel Owen
59432,Andrew Powell
19907,Javier Villegas
19305,Jonathan Gardner
47172,Madison Rivera
85715,Tanya Walker
78557,Jill Williamson
62222,Katherine Kline
85256,Brandon Sampson
86567,Donna Raymond
22570,David Brooks
76666,Joel Baker
65450,Emma Fletcher
50791,Brian Jones
50384,Marc Evans
54364,George Moody
82275,Stacey Harrison
66395,Kent Anderson
32468,Jeff Hill
71700,Andrew Bishop
83040,Charles Park
70645,Emily Cook
77465,Dylan Cardenas
99047,John Berger
20637,Manuel Avery
41131,Francis Wolfe
14725,Ashley Vincent
81853,James Phillips
74008,Christine Castillo
99251,Andrew Glenn
89688,Ashley Robinson
24513,Ethan Moore
20011,Manuel Phillips
40573,Sarah Casey
77246,Alex Bryant
82864,Kyle Webb
55433,Mrs. Miranda Hubbard
30576,Meghan Velasquez
98741,Ashley Hammond
41722,Cheryl Gross
96179,Stacy Lee
69242,Brandon Lewis
52398,Stephanie Mcfarland
42457,Jenny Johnson
39616,Mr. Brian Newman
31160,Margaret Carr
76537,Amanda Hamilton
30637,Stacey Vasquez
84540,Ellen George
40434,Martin Briggs
15421,Juan Gordon
28780,Deborah Webster
27731,Timothy Frazier
89171,Andrew Bird
27921,Sheila Miller
55898,Tyler Holt
37722,Carolyn Roberts
11782,Cynthia Estes
28932,Veronica Gardner
44518,Erin Hutchinson
49653,Jerome Dillon
15873,Amber Joseph
52973,Joshua Watkins
39617,Carol Smith
32656,Elizabeth Manning
79100,Scott King
53508,Hannah Wells
64166,Danielle Ballard
33535,Elizabeth Wyatt
73185,Joshua Ramsey
10969,Barry Thomas
18127,Christine Lopez
67616,Lori Alexander
42070,Frank Proctor
49310,Benjamin Brown
41130,Hailey Jones
29208,Leslie Morris
23375,Jose Grant
46286,Timothy Knight
30404,Dennis Howard
89076,Robert Murray
31340,Patrick Goodwin
34361,Jasmine Kennedy
87548,Douglas Williams
63497,Joyce Bass
25429,Sarah Bonilla
80143,Andrew Freeman
42767,Mary Morales
59496,Ryan Knox
14642,Brittney Mckee
47850,William Collins
14010,Erika Rivera
62071,Scott Nelson
91240,Brittany Lynn
59611,Meghan Davidson
64378,Brandon Welch
74373,Kaitlyn Tyler
29172,Brittany Hopkins
94731,Jennifer Brown
78651,Erica Jenkins
37125,Corey Miller
57152,Jessica Torres
21377,Allison Spencer
36370,Sheena Mays
63596,Hector Lambert
93884,Chad Gomez
14769,Donald Stevenson
52453,Emily Weaver
88499,Mr. Austin Harris DDS
14233,John Hamilton
74776,Mrs. Samantha Douglas
90802,Bryan Campos
73021,Joel Phillips
94585,Jason Oliver
38752,Latoya Johnson
56353,Zachary Brown
50048,Molly Carr
45224,Rachel Pierce
89778,Ryan Green
45180,Cody Bond
21254,Dana Robertson
69480,Kaitlin Perry
67014,Erin Oneill
74766,Tracey Grimes
40184,Sarah Duran
66418,Michael Braun
65866,Mark Campbell
84824,Jason Dennis
33151,Tanya Jenkins
21940,Mark Mejia
99375,Lauren Martin
66248,Dawn Jones
67554,Mary Stone
84668,Jeremy Gutierrez
71281,Dennis Lewis
91931,Amy Greer
69345,Danielle Becker MD
72233,Alexis Soto
25475,Dennis Wall
39018,Wyatt Golden
53027,Jose Parker
11724,Jacob Arroyo
44951,Diana Lane
63693,Kari Duncan
99525,Jodi Johnson
58697,Mr. Matthew Adams DDS
90388,Michael Andrews
20006,Michael Jordan
82191,Melissa Chandler
34579,Nicole Jackson
12793,Jesse Stewart
98167,Matthew Stark
36996,Nathan Gomez
97688,Tyrone Russell
14377,Erin White
20522,Alexandra Moore
14330,Deborah Barrett
93645,Shawn Salinas
91073,Donna Chavez
30312,Norman Gonzalez
25861,Barbara Nicholson
31725,Timothy Carney
43223,Jeremy Weber
91621,Derek Curtis
41444,Claudia Hendrix
88233,Philip Oconnor
32108,Keith Robles
36564,Alex Wu
10557,Angela Gibson
22749,Roberto Fritz
75278,Margaret Payne
55246,Jacqueline Dudley
32498,Dave Cox
79526,Adam Gross
93088,Kirsten Johnson
11367,Lindsey Garrett
87415,Jillian Rodriguez
19791,Mary Macdonald
18348,Ronald Price
80525,William Martin MD
64109,Tracy Carpenter
33679,Christopher Hill
43698,Samantha George
74636,David Phillips
17342,Samuel Johnson
40770,Veronica Collins
72100,Renee Little
38228,Thomas Singleton
24763,Bobby Howell
26034,Dr. Kelly Randall
75527,Angela Garner
71778,Ryan Bishop
60328,Antonio Collins
92425,Joseph Greer
48991,Lori Williamson
25390,Jennifer Decker
83952,Brandy Russell
46820,Derek Jacobson
67523,Faith Smith
39090,Rachel Cervantes
91392,Michael Cherry
59046,Philip Miller
68672,Mr. Christian Martinez
55711,Raymond Myers
43509,Kyle Vargas
14409,Janice Ballard
38465,Brandon Campbell
97373,Lindsey Nichols
25423,Kristina Mercado
67651,Nancy Reed
19458,Sandra Myers
90232,Whitney Nelson
93188,James Morgan Jr.
83525,Cynthia Christensen
67201,Michelle Marsh
21220,Kimberly Coffey
17312,Michael Oliver
30431,Andre Torres
91463,Nicole Robbins
52013,Shari Lee DVM
28027,Rebecca Larson
85756,Tracey Henry
23217,Ashley Becker
70117,Corey Sloan
83131,David Tyler
64653,Deanna Rivera
52990,Nicholas Gould
70352,Leah Robinson
89028,Rachel Harper
22785,Lisa Barron
95334,Christopher Martinez
10032,Brianna Lopez
49245,Jeffrey Walls
58675,Alexandria Keith
80518,Tiffany Rios
90824,Patrick Mullins
66039,Ronald Harris III
76825,Jake Rivera
97020,Jesse Jones
93238,Barry Moore
93383,Victoria Baldwin
93504,Renee Odom
92489,Mr. Dwayne Miller
32150,Jonathan Gibson
83004,Candace Coleman
64125,Ryan Bryant
26728,Jeffrey Davis
99398,Stephanie Schmidt
77195,Ashley Brown
41926,Joshua Elliott
67036,Nicholas Ellis
43701,David Howell
14716,Marie Avery
63397,Julian Powers
88568,Morgan Bates
55322,Nancy Mueller
82282,Charles Goodwin
24710,Mary Bowers
79111,Christina Robinson
45319,Marcus Spencer
67338,Brittany Wright
40190,Jordan Barrett
97585,Teresa Ramirez
33562,Paula Brown
92931,Jonathan Ali
30550,Anthony Dominguez
86036,Steven Barnes
55751,Frank Ruiz
73108,Grace Phillips
36010,Patricia Irwin
11439,Samantha Morris
13953,Katie Shields
42609,Steven Cooper
49528,Bobby Alexander
56433,Jennifer Kennedy
52421,Jeffery Mueller
56099,Anthony Stephenson
98823,Suzanne Whitaker
49383,Dennis Taylor
92081,Dr. Michelle Oliver MD
27441,Alexis Santiago
27837,Joseph Martinez
14826,Travis Barr
66049,Jonathan Wilkins
56100,Erica Thomas
29168,Kristi Gray
96187,Robin Williams
86963,Melinda Griffin
49734,Mrs. Ashley Stout
14294,Sandy Watson
33881,Phillip Hart
63541,Douglas Mcbride
79577,Erin Mitchell
78154,Nancy Morris
25532,Brandon Mills
22441,Marie Diaz
26093,William Mathews
17659,Kyle Hawkins
83664,Sharon Hopkins
74480,Linda Bennett
74778,Melissa Nash
49857,Joan Evans DDS
97679,Krista Watson
27081,Shawn Clark
30341,Beth Thompson
23729,Alexis Boyle
34293,Michael Ramos
22559,Dennis Graham
53450,Aaron Mayer
59960,Jennifer Williams
49323,Philip Ramirez
11038,Gina Henderson
73567,Eric Harmon
84271,Alex Torres
54736,Amanda Bailey
40280,Jerry Stewart
36877,Thomas Harrison
63993,Steven Solomon
81818,Meagan Rodriguez
84437,Mrs. Mary Allen
27697,Barbara Lopez
47169,Lisa Hunter
55227,Michelle Cross
70099,Dr. Rodney Myers
50113,Katherine Dodson
55662,Jared Sanford
33380,Richard Hall
85500,Elizabeth Riley
36015,Christina Silva
71750,Shannon Golden
98653,Sarah Wise
95235,Wendy Ross
74219,Tracy Morris
91115,Julia Smith
80350,Corey Decker
42179,Mr. Ernest Cooper
96642,Mrs. Beth James DDS
15243,Christopher Harrington
73083,Donald Giles
92482,Derrick Underwood
24917,Grant Hatfield
18054,Brian Reese
63334,Lacey Fox
59113,Brian Holland
75216,Alan Osborne
86565,Brandon Cook
83036,Autumn Crawford
51704,Wendy Morrison
51329,Brenda Vaughn
89765,Scott Andrews
74387,Danielle Jones
61243,Dawn Griffin
60472,Danny Graham
48654,Brandon Harper
51425,Jeremy Hernandez
41993,Sandra Reeves
38069,Rachel Woods
43240,Patrick Jones
85024,Mrs. Amy Miles
33516,Robert Wright
26619,Carl Yoder
80701,Brent Webb
11678,Melanie King
30712,Amber Nichols
32944,Dale Savage
16064,Dakota Thompson
92185,Kelly Davis
16333,Alyssa Pham
74694,Robin Harrison
77940,Amy Mejia
39218,Amanda Conway
56584,Alan Miller
40177,Anita Murillo
25711,Emma Jackson
26003,Zachary Reynolds
57988,Kaitlyn Myers
93872,Kimberly Farmer
63024,Aaron Goodwin
76219,Alejandro Wright
76511,Donna Duran
21411,Morgan Heath
58446,Jason Rocha
99266,Paul May
34433,Robert Frazier
39986,Jennifer Coffey
69888,Gail Tapia
21424,Nicole Mccarty
42828,Dawn Flowers
48983,Carrie Bailey
67825,Selena Jacobs
15325,Tracy Brooks
91201,Alyssa Williams
39582,Joseph Gaines
22841,Eddie Ramirez
16001,Melanie Bennett
13651,Johnathan Henderson
50776,Joel Lloyd
84902,Lori Green
20787,Kimberly Watts
55195,Erika George
62958,Curtis Young
35065,Christopher Romero
36506,Caitlin Spencer
14300,Deborah Obrien
96920,Phyllis Clark
50318,Brittany Lucas
91466,Gloria Miller
82415,John Frazier
63890,Christine Logan
51501,Andrea Maldonado
83211,Jessica Tucker
60417,Adam Bradford
73578,Jeremy Camacho
80657,Laura Becker
60128,Jasmine Love
59760,Daniel Bradford
26848,Katherine Sims
57076,Kenneth Jones
42028,Deanna Obrien
90648,Sarah Miranda
68371,Theresa Ward
60413,Blake Shelton
37175,Christopher Ball
70300,Keith Garcia
66709,Ashley Parrish
54360,Holly Hood
77353,Wesley Robinson
15734,Charles Hernandez
97534,Drew Sanchez
38457,Nathan Maxwell
57999,Jason Johnson
91869,Matthew Mcintosh
90957,Alexander Yates
33294,Michele Jensen
24076,Regina Cross
15571,Christine Green
99364,Gina Baker
84910,Dean Walker
99326,Amber Becker
69434,Lauren Robertson
11940,Daniel Sellers
43180,Juan Carlson
17606,Kimberly Byrd
29607,Jordan Jackson
91708,Mark Beck PhD
60255,Heather Ross
21400,John West
56804,Stephanie Gregory
15569,Betty Patel
85137,Alexandra Casey DVM
64948,Donna Pennington
65678,Rebekah Ward
96724,James Davenport
90173,Matthew Nelson
23061,Jonathan Hubbard
59147,Connor Carlson
27455,Timothy Bauer
35726,Mrs. Sydney Joseph
67711,Jamie Ryan
16791,Caleb Smith
78090,Frank Howard
18268,Kelsey Green
20946,Michael Weber MD
76587,Sarah Turner
12983,Dr. Monica Huynh
32927,Tiffany Roberts
20296,Jeremiah Lara
13154,Carlos Small
74105,Roger Gibson
44042,Rachel Hill
94309,Michael Cruz
88262,Kathy Charles
16557,Michael Miller MD
92791,Matthew Wood
93881,Angel Gutierrez
36756,Margaret Wilson
22132,Kenneth Smith
53436,Mariah Chapman
36143,Jeff Miller
61306,Lisa Manning
14161,Robert Hudson
17330,Miguel Huffman
48128,Matthew Williams
93955,Olivia Hamilton
43157,Ryan Harris
31525,Sherri Dennis
39400,Earl Reyes
53916,Sean Carr
63014,Isaac Norton
21756,Tina Love
97723,Diana Waller
79613,Katherine Little
20760,Summer Adkins
34937,Michael Hicks
83786,Teresa Ross
30964,Carrie Donaldson
58756,William Gutierrez
68468,Theodore Rivera
16941,Michael Porter
29120,Jared Hoffman DVM
43807,Dawn Summers
18312,Justin Greene
91109,Jose Deleon
32857,Bailey Collins
98147,Carly Roberts
25540,Catherine Berg
80017,William Chavez
25913,Ms. Lorraine Harris
47311,Justin Mathews
86679,Brenda Pittman
90126,Joy Bates
66212,Joseph Gomez
80496,Edward Shaffer Jr.
50635,Todd Evans
37937,Molly Butler
25859,Lauren Sharp
49811,John Erickson
44543,Jake Jones
11908,Alexis Warren
59739,Sheila Lopez
81681,Elizabeth Sanders
69374,Steve Miller
59534,Dorothy George
51649,Dr. Jose Parks
15231,Catherine Lewis
81540,Cassandra Small
83931,Sean Lynn
14121,Tiffany Graham
77412,Mrs. Cindy Cook MD
77236,Sherri Murphy
11590,Michelle Mason
60019,Miss Amber Calderon
71713,Veronica Thomas
40487,Brandy King
97581,Maria Frank
12064,Joanna Moore
52447,Todd Robbins
12345,Tiffany Barnes
66171,Debra Tate
43818,Tina Wade
29971,Dawn Nguyen
68951,Mary Rice
56535,Robert Tran
82267,Steve Saunders
88243,Jonathan Olson
16383,Alicia Barr
24847,Kenneth Hansen
14899,Stephen Boyle
47302,Austin Harrison
41491,Tanya Richard
43290,Evan Cortez
51530,Susan Fuller
39954,Richard Haney
29723,Hector Johnson
79744,Jessica Farley
73048,Barbara Strickland
94372,William Washington
73381,Michael Christian
62625,Brian Collins
40955,Patrick Cooper
15125,Frank Hobbs
66920,Susan Sims
78721,Anna Robinson
84574,Michael York
60486,Sandra Watts DDS
58295,Hector Todd
53857,Scott Watts
48963,Karen Osborn
52871,Trevor Roberts
26683,Sherri Martinez
14958,Darlene Jackson
42851,Theresa Thomas
83451,Christina Torres
42585,Justin Scott
50594,John Mitchell
23306,Miguel Turner
96905,Christopher Davidson
93418,James Powers
56714,Michelle Moss
36602,Tyler Taylor
79406,Samuel Carter
88517,Mark Ramirez
69490,Martha Hopkins
77261,Michael Gross
88733,Amanda Lambert
72769,April Reeves
77830,John Wilkerson
86040,Suzanne Smith
51384,Andrew Morales
15177,Nathan Serrano
99936,Debbie Johnston
48371,Monica Reyes
61523,Frank Snyder
37415,Louis Hunt
67405,Brett Bennett
57696,Alexander Campbell
29942,Christopher Gibbs
77320,Paul Ritter
12916,Heather Wheeler
78980,Amy Young
65346,Michelle Gould
63864,Debra Fisher
20831,Crystal Diaz
40136,Jennifer Cisneros
73365,Richard Watkins
48304,Robert Fuller
50881,Carlos Thornton
47009,Craig Howard
86701,Matthew Young
23546,Lisa Wood
48286,Christopher Erickson
64882,Noah Wood
29133,Linda Parker
44699,Wyatt Hill
58560,Mary Mercado
41434,Tiffany Johnson
43206,David Heath
35288,Russell Walls
48694,Troy Cooper
34502,Amanda Burton
39851,Steven Gutierrez
71496,Dustin Kline
96758,Holly Roth
72735,Sonya Johnston
40422,Kenneth Knight
60141,Holly Coleman
38643,Alexander Camacho
58311,Cynthia Scott
25650,Mary Ali
75837,Sean Sims
28447,Kyle Ford
76894,Valerie Casey
68953,Dakota Meyer
40068,Carolyn Payne
67283,Brian Ochoa
87329,Scott Vega
70599,Marco Austin
36114,Michael Hodge
52475,Kyle Jones
14601,Jocelyn Martin
87434,Julie Reyes
93698,Amanda Bray
84164,Michael Rodgers
33656,Lisa Perry
33759,Jessica Mckay MD
64932,Marcus Hernandez
47568,Jacob Moody
43592,Samuel Frey
95725,Chelsea Williams
24241,Troy Tucker
51046,Samantha Wilson
13297,John Grant
89991,Joseph Johns
97965,Sandra Barron
87047,Anthony Best
70920,Geoffrey Martin
17089,Jennifer Young
32880,Richard Boyer
58271,Daniel Hatfield
65016,Joshua Berry
48402,John Bates
88841,Tiffany Medina
91212,Andrea Guzman
98833,Richard Ramos
46369,Anna Ruiz
49233,Denise Beasley
73504,Robert Booker
75431,Kara Pierce
64017,Sherri Johnson
83285,Karen Webb
65480,Brian Dominguez
21312,Joshua Hubbard
39495,Jerry Massey
56868,Patricia Mullins
17173,Mr. Anthony Daniel
26417,Chad Duke
64338,Adrian Patel
99896,Alex Foster
49314,Alexander Allen
36655,Karen Price
11727,William Edwards
57635,Michael Chen
13098,Joe Young
14044,Christopher Browning
57995,Ashley Sanchez
93193,Stephen Jackson
94396,Robert Martinez
73020,Jonathon Cortez
87305,Alexis Mitchell
12341,Rachel Li
80075,Jennifer Caldwell
55343,Alan Herring
78678,James Dillon
61362,Douglas Salas
86363,Hunter Rich
82810,Adrian Andrews
80262,Heather Burton
90564,Leonard Reilly
81153,Andrew Allen
84752,Peter Figueroa
60773,Stephanie Peterson
91348,Joshua Crawford
29395,Gerald Case
32592,Dr. Michelle Rosario PhD
68254,Joann Dixon
66804,Peter Hughes
57027,Colleen Mack
55477,Tonya Bass
60156,Daniel Bell
34087,Richard Dunlap
62374,Tasha Pitts
42558,Stephanie Diaz
51975,Cheryl Garcia
39644,Brandy Fitzgerald
34067,Melinda Osborne
50698,Samantha Hurst
13765,Beth Pacheco
23307,Regina Pope
38775,Daniel Thomas
95970,Jade Casey
29279,Cindy Boyd
56639,Rodney Cisneros
73838,Harold Mccormick DDS
46673,Keith Thornton
86141,Matthew Delacruz
44684,Amanda Barnett
47045,Rhonda Whitaker
53250,Nicholas Green
22507,Samuel Rodriguez
25998,Marie Roberts
20083,Brenda Garrison
16572,Steven Wilson PhD
16951,Chelsea Lee
96050,Kenneth Sherman
13863,Stephanie Rodriguez
59826,Randy Patton
28284,Patrick Shaw
33713,Meagan Wilson
67061,Brandon Brock
80039,Jill Hodges
72812,Catherine Gilmore
79635,Courtney Vaughn
30840,Dr. Mark Jones
29421,Matthew Melton
31861,Courtney Bell
97667,Katherine Garrison
11889,Cody Lopez
28766,Joshua Cantu
94252,Jennifer Herring
43827,Michael Stevens
46163,Daniel Johnson
34014,Cynthia Baldwin
78046,Joanna Poole
50248,Kara Carter
82022,Michael Clayton
94022,Michael Fisher
87111,Jeremiah Tran
71699,Ellen Contreras
39548,Theresa Carroll
66216,Dustin Hamilton
66293,Victoria Lewis
35490,Dorothy Liu
68455,Denise Ramirez
55959,Larry Jacobson
48207,Meagan Watts
28701,Jacob Moreno
81527,Diana Hendricks
43733,Jack Vincent
54491,Derek Pierce
42104,Robert Fisher
68493,Timothy Walsh
33366,Courtney Ross
28616,Rebecca Gutierrez
46381,Cynthia Hughes
23007,Brian Andrews
76567,Rhonda Khan
67997,Edward Bowers
95715,Joseph Leblanc
13867,Mathew Morris
17581,Kim Morales
30470,William Frank
78739,Kelly Hayes
58121,Elizabeth Goodwin
80426,Sylvia Barnes
23740,Laura Bennett
65370,Bradley Mccarty
23411,Mark Smith
14839,Allison Pruitt
16379,Jim Rodriguez
96903,Dr. Jennifer Smith MD
68621,Gregory Foster Jr.
96742,Jacqueline French
72250,Brooke Cain
63576,Lisa Reeves
25171,Whitney Moran
70714,Sara Little
15927,Helen Simmons
45185,Erin Santiago
75794,Sheri King
90099,Michael Molina
59296,Kristen Farrell
95030,Kyle Thomas
59860,Kimberly Hurst
83973,Savannah Anderson
63580,Julie Wright
17570,Whitney Butler
61964,Tracy Martinez
65271,Melissa Rivas
82711,Karen Mitchell
52347,Mary Pierce
87251,Brian Wang Jr.
52694,Benjamin Parker
10251,Phyllis Johnson
29327,Todd Espinoza
48929,Krystal Vang
57493,Emily Marshall
95233,Kevin Jacobs
76812,Tanya Crosby
44216,Curtis Cole
34587,Tammy Green
81535,Susan Durham
18961,Casey Lambert
86034,Sara Hansen
39100,Andrew Nelson
82276,Mary Hall
49206,Valerie Riddle
52316,Yolanda Shaw
20445,Michael Rush PhD
48157,Matthew Moran
94472,Colleen Adams
69992,Alison Morgan
74100,Matthew Wagner Jr.
85482,Tony Gray
37862,Jenny Villanueva
54998,Megan Washington
97343,Dawn Gray
14617,Aaron Schneider
38376,Jack Sullivan
77234,Kathryn Patel
23975,Jerry Knight
12352,Jeremy Bolton
91321,John Krueger
65891,Noah Zamora
90073,Suzanne Thompson
82241,Sandra Byrd
32939,Malik Espinoza
83947,Billy Brown
91846,Cynthia Liu
60784,Frederick Jones
49235,Kim Hood
18802,Kelsey Palmer
90211,Michael Morgan
50325,Maria Wyatt
41929,Christian Thomas
96149,Philip Reed
55883,Angel Mann
64096,Ryan Banks
45952,Patrick Jordan
48844,Victoria Morgan
58656,Pamela Shaw
16530,Lee Rogers
62257,Roger Barber
51021,Gabriel Hill
41163,Robert Shelton
96102,Kristen Allen
10890,Benjamin Snyder
38282,Edward Hill
56333,Samantha Fuller
79457,Austin Burke
72625,Sabrina Alvarez
40891,Tara Young
88222,Jasmine Black
62012,Amanda Long
74870,Madison Beltran
72472,Natalie Frederick
80894,Tyrone Watson
44850,Taylor Allen
35353,Justin Brown
64181,Debra Turner
90540,Roger Krause
21949,Nicholas Allison
41449,Matthew Bender
50136,Albert Tucker
99320,Mrs. Veronica Cooper
79103,Eric Johnson
97852,Douglas Richardson
48105,Anthony Medina
98043,Sheena Walker
32099,Jamie Rocha
30737,Valerie Lawrence
69523,Heather Walton
77270,Dana Jacobson
50802,Kimberly Espinoza
13466,Sarah Green
55650,Stacy Cruz
38592,Dustin Schaefer
32596,Cameron Ingram
33448,Jason Reid
88477,David Ryan
52406,Mary Bowman
12699,Stephen Grant
26251,Theresa Lucero
25633,Julia Price
81936,Tiffany Garcia
28947,Andre Anderson
95919,Angela Lindsey
19572,Anthony Kim
80478,Robyn Gonzales
77891,Angela King
22130,Matthew Lee
72990,Leslie Montgomery DDS
52631,Justin Freeman
94699,Eugene Huber
32301,Mckenzie Harris
61690,Mary Aguilar
18830,Christopher James DVM
29069,Nicole Fry
14075,Ryan Robinson
96722,Joshua Marshall
90069,Jason Espinoza
93294,Richard Church
99095,Steven Serrano
93646,Robert Marsh
90988,Brenda Meadows
24351,Suzanne Price
73477,Michele Benjamin
34176,Andrew Stevenson
17980,Richard Taylor
48083,Veronica Perez
49375,Jennifer Holder
94882,John Miller
80449,Carrie Stephens
62027,Jacqueline Ortiz
59731,Troy Randolph
58254,Scott Lee
79108,Julia Bennett
86273,Courtney Hodges DVM
74959,Donna Cook
67851,Amy Davis
32167,Angela Santiago
68651,Bradley Cummings
16294,Kevin Rodgers
53582,Kenneth Riley
45710,Joshua Kramer
22983,Karen Hale
81892,Charles Fisher
59145,Shawn Romero
33112,Desiree Watson
24245,Thomas Bishop
49099,Mrs. Lisa Rodriguez
46411,Andrew Matthews
56042,Dominique Duncan
84111,Zoe Hernandez
55080,Christine Juarez
58664,Amanda Patel
76873,Mr. Richard Parker
69429,Misty Lee
30781,Kristen Massey
12147,Sheila Mitchell
76947,Joseph Baker
98509,Alexander Gill
52775,Sarah Vincent
41189,Kimberly Goodwin
46918,Brian Hamilton
40616,Amy Clark
16898,Hunter Zuniga
46819,Teresa Shaw
78928,Pamela Snyder
13467,Christina Shields
38824,Jesus Bailey
83953,Richard Duran
20931,Erik Ramirez
55570,Christopher Flores
30768,Miguel Reyes
69592,Brenda York
47736,Brandon Munoz
86442,Michael Murray
61968,Diana Mitchell
59319,Mr. Harold Thompson
52278,Maurice Harper
78618,Amy Shelton
25148,Miguel Pearson
61330,Charlotte Townsend
57308,Christopher Humphrey
98379,Edward Salazar
47467,Joy Peterson
13385,Pamela Patterson
49397,Kimberly Roberts
59262,Robert Santiago
48177,Dustin Watson
34822,Melissa Gibbs
22699,Sarah Bell
20812,Nancy Vincent
55505,Alyssa Chaney
90760,Cameron Vargas
48509,Matthew Moore
20177,Anthony Wright Jr.
19671,Kevin Werner
20983,Katelyn Yu
79756,Michael Mitchell
70332,Donald Spencer
94227,Austin Mckee
59686,Cassandra Mitchell
89559,Christopher Ward
51039,Jerry Whitaker
96287,Harold Robinson
65127,Rebecca Carroll
56497,Nicholas Nash
34977,Kenneth Peters
95044,Rachel Harrison
10895,Margaret Evans
49139,Carol Rodriguez
81613,Stacy Valencia
46531,Donald Peterson
39042,Tracy Douglas
95816,George Wilson
61911,Theresa Harris
95014,Dawn Vincent
27743,Scott Walters
25589,Ashlee French
77089,Amanda Clark
28919,Mark Osborne
90605,Matthew Jackson
68531,Joshua Mclean
23734,Jonathan Carroll
27767,Marissa Williamson DVM
54200,James Garrison
17680,Autumn Warren
57952,Katherine Rasmussen
45163,Christy Garrett
64013,Lisa Campos
46051,Debra Smith
74169,Jose Howell
61060,Angela Nelson
37200,Sarah Shaw
86305,Briana Sanchez
45929,Brad Brooks
35613,Nicole Contreras
26402,Ms. Mary Santiago
97121,Todd Adams
35196,Grant Duncan
50454,Aaron Robbins
15951,Jaime Montgomery
15382,Corey Carter
70955,Ricardo Snyder
54891,Emily Patel
36089,David Solis
28768,Janet Hopkins
70750,Kyle Foster
25949,Charles Petersen
35213,Tina Carr
74521,Jake Coleman
44031,Dale Ochoa
73253,Kimberly Boyd
76454,Benjamin Green
14915,Amy Robinson
27064,Renee Hughes
23124,Jessica Williamson
91917,Jeremy Montgomery
88770,Kevin Torres
76008,Nina Miller
41191,Patty Steele
83568,Brian Elliott
67081,Sarah Greene
86471,Amber Schneider
47092,Deanna Morris
15958,Stephanie Castillo
66522,Dr. David Rivera Jr.
69051,Anthony Dixon
96064,Cody Atkinson
80358,Jose Walker
81344,Randy Andrews
62163,Jerry Sandoval MD
53125,Monique Martinez
60249,Felicia Lee
22324,Brandy Alexander
21593,Alyssa Wagner
55242,Jack Jones
17551,Katherine Vega
69850,Sue Miller
21230,Timothy Oneal
26106,Brittany Costa
90741,Matthew Johnson
68676,Brenda Alexander
54423,Taylor Becker
31834,Robert Escobar
14503,Caleb Miller
31947,Shaun Hines
85924,Eric Villa
75387,Allison Singh
27844,Deanna Kaufman
21148,Jennifer Simon
74264,Andrew Zavala
23008,Mary Stewart
43863,John Cooper
71338,Lucas Buckley
85391,Richard Garcia DDS
75341,Kevin Smith
21065,Jessica Hutchinson
87966,Holly Williams
35766,Desiree Zimmerman
95061,Brad Cervantes DDS
47855,Kristin Hawkins
15117,Nicholas Hawkins
75007,Brad Dixon
54551,Brad Myers
68530,Mary Mcdaniel
52558,Daniel Crawford
62510,Jeanne Sosa
74745,Corey Johnson
91625,Brenda Willis
31847,Dawn Guerrero
26242,Joseph Ramos
37900,Eric Chavez
18897,Anthony Simpson
30264,Ann Lewis
62041,Erin Harmon
52489,Christina Baker
83174,Jennifer Owen
17456,Jessica Yoder
88443,Autumn Hill
90420,Julie Fernandez
71307,Amy Santiago
77384,Chad King
46344,Brett Warren
19738,Denise Reed
81405,Kyle Mitchell
20798,Jason Mills
22225,Sandra Becker
75880,Anthony Stewart
28810,Tracy Moore
47580,Catherine Peterson
46940,Tina Shah
57030,Mark House
84891,Jeffrey Lewis
54159,Chad Edwards MD
31412,Zachary Hutchinson
84481,Kaitlin Shepherd
44358,Bridget Adkins
22354,Michael Dominguez
63719,Patricia Waller
87827,Edward Giles
78625,Lance Munoz
86299,Katie Fernandez
30735,Jesse Evans
54066,Amanda Melton
22877,Dylan Thompson
71762,Sherry Brown
71892,Kenneth Wang
53868,Robert Bernard
57632,Jonathan Walters
49634,Robert Wilson
81394,Joshua Hickman
35927,John Richards
66292,Casey Acosta
95410,Megan Valdez
38563,Cameron Baldwin
31328,Sonya Bell
71516,Carlos Lewis
16723,Brianna Brock
76609,Samantha Spencer
84397,Corey Garcia
40465,Julie Lowe
18654,Elizabeth Thomas
43144,Seth Mendez
92355,Elizabeth Watson
35596,Robin Wolfe
64543,Paul Summers
50511,Timothy Summers
83718,Chelsea Cooper
89168,Monica Moreno
48263,Andrew Baker
96135,Michael Irwin
65643,Brendan Thompson
61245,Kimberly Ayers
58473,Chelsea Thompson
45284,Lauren Jacobs
45437,Steven Gonzalez
97410,Alyssa Mcdowell
47867,Angela Reid
13008,Brandon Ramirez
60464,Richard Franklin
53519,Robert Santos
46397,Lori Benitez
99425,Lauren Reeves
32908,Mitchell Smith II
23817,Gerald Reed
26193,Daniel Black
57669,Kimberly Murillo
18049,Nicole Richards
19219,Patrick Zhang
22278,John Li
44704,Colin Jackson
14847,Kelly Lyons
44383,Becky Taylor
47064,Laura Martinez
98025,Paul Haynes
74713,Kayla Boyer
28504,Monica Carpenter
61887,Charles Bond
69610,Brittany Porter
36032,Erica Tucker
59558,Charlene Higgins
43884,Joseph Huffman
81319,Denise Hines
65503,Robin Morgan
28963,Wanda Brown
28514,Kristina Strickland
25433,Samuel Ramirez
20683,Jasmine Smith
69521,Stephanie Bradley
64018,Lindsay Roberson
95862,Anita Smith
30663,Tom Smith
24913,Michael Santiago
12712,Valerie Clark
59516,David Austin
58142,Larry Burnett
22497,Debra Edwards
55190,Cristian House
88417,Leroy Harrington
80135,Carmen Lozano
22764,Leslie Hanson DVM
56461,Mario Mann
74800,Jeffrey Fernandez
11985,John Vega
41953,Vicki Anthony
71334,Hannah Flores
88213,Robert Sawyer
24250,Ryan Garrett
70824,David Lamb
40674,Thomas Collins
78103,Cynthia Wade
14340,Samantha Vasquez
18153,Phillip Durham II
74604,Mary Davies
72394,Joe Morris
63531,James Bullock
22084,Anita Taylor
28295,Mark Snow
92630,Paul Church
41933,Brittany Schneider
39326,Rita Powell
44384,Patricia Cain
38442,Jordan Oconnor
91104,Kevin Oconnor
55170,Shirley Hill
88787,Christine Lara
43520,Gina Melendez
49702,Rodney Hudson
83521,Becky Barron
66523,Robert Wu
67175,Jacqueline Cox
95306,Samantha Caldwell
50224,Patrick Archer
31061,Katie Fisher
18882,Aimee Turner
90352,Patricia Christensen
28087,Richard Russell
62229,Timothy White
16787,Rita Harris
55337,Matthew Kelly
12337,Ashley Brooks
56772,Michelle Mcconnell
64830,Christina Harris
29335,Erica Russell
53339,Charles Hines
83351,Andrew Evans
35832,Christy Silva
64985,Carlos Delgado
83759,Kayla Anderson
26148,Russell Mason
14502,Mrs. Sharon Brown
99944,Ian Little
97622,Brett Garrison
91193,Wendy Baker
13969,Erik Williams
48107,Calvin Harris
91606,Annette Hawkins
32121,Barbara Anderson
94299,Emily Wood
66315,Gerald Hill
56131,Charles Hickman
71456,Sharon Rios
28440,Lauren Franklin
98066,Suzanne Allen
19493,Chris Chang
74181,Jorge Collins
30646,Julie Rose
74762,Mindy Ramirez
97313,Ashley Walker
67461,Roger Ball
86514,Brandon White
61551,Benjamin Porter
90066,Justin Friedman
98716,Melissa Bailey
35872,Karen Moran
64673,Kelly Austin
27690,Sabrina Wright
12061,Sarah Bryan
52331,Sydney Soto
55283,Susan Proctor
19843,Susan Freeman
56058,Sara White
22081,Kara Davis
10735,Suzanne Hughes
21804,Wendy Watts
87776,Kelly Gill
26360,Jesse Morales
74919,Ann Ramos
90429,Olivia Jimenez
78667,Margaret Compton
60018,Angela Perez
51619,Michael Alvarez
78659,Courtney Blanchard
66469,Jaime Parsons
36435,Stephanie Haas
82335,Hannah Larson
97700,Kenneth Castillo
24507,Lisa Conner
45133,James Moreno
43256,Cynthia Nicholson
39322,Brett Brock
61131,Timothy Mueller
56628,Bonnie Wang
42021,Bobby Clark
51665,Olivia Stewart
91322,Mr. Jon Sanders
63706,Kerry Leonard
99620,Victor Brady
83632,Paul Gonzalez
99840,Shelly Williams
82995,Diana Johnston
31645,Jennifer Ayala
80308,Rhonda Barrett
12693,Sarah Mcdowell
56164,Holly Gallegos
74716,Melissa Mcconnell
23477,Gary Gonzales
63783,Michael Washington
77231,Jeffrey Benson
13293,John Austin
93557,Travis Vance
62057,Teresa Hatfield
36951,Monica Garcia
13485,Meredith Lee
56212,Joshua Olsen
86547,Karen Tucker
17346,Donald Murphy
48889,Timothy Townsend
67224,Yesenia Carter
80454,Ryan Stark
58754,Margaret Brewer
87148,Amber Scott
74875,Olivia Shields
58210,Laura Rice
73925,Timothy Rodriguez
24780,Patricia Munoz
93009,Catherine Kirby
66011,Annette Waller
20353,David Cummings
13924,Allen Allen
48878,Justin Irwin
44595,Sandra Young
52579,John Shaw
98939,Monique Wilson
69667,Amanda Richard
15036,Aaron Howell
23923,Rodney Jennings
76321,Stephen Mullins
63088,Daniel Daugherty
57049,Timothy Vaughan
29442,Tiffany Chavez
58063,Ashley Garner
95582,Jack Rodriguez
32154,Dillon Mccoy
50621,Mrs. Evelyn Ramirez
40703,Amanda Jackson
70841,Susan Buchanan
18208,Deborah Gomez
71486,William Norris
34490,Heather Wolfe
55447,Troy Murray
92983,Stacey Anderson
60067,Stephen White
71259,Tyler Burns
24164,Kayla Daniels
77227,Jennifer Mendoza
98122,Sarah Chen PhD
45773,April Myers
42591,Kathryn Love
31487,Kevin Sanchez
40645,Amy Barker
66582,Lindsay Hale
58451,Alyssa Mccoy
25383,Brittney Hensley
27761,Timothy Elliott
36408,Michael Dyer
72190,Lauren Armstrong
54813,Sarah Joseph
37952,Jennifer Glover
61518,Jason Miller
27452,Jennifer Orr
99927,Robert Jenkins
49673,Susan Thomas
96022,Mrs. Crystal Burch MD
64530,Kayla Smith
72382,Dana Fisher
55015,Gabrielle Hutchinson
80173,Roy Johnston
25876,Gregory Stone
15479,Victoria Tran
31460,Jessica Oneill
26752,Isabella Berg
89047,Rachel Williams
64278,Julie Lee
26923,Kevin Reynolds
93090,Douglas Ross
76843,Albert Lopez
90994,Joann Hansen
98651,Todd Aguilar
62827,Paul Patterson
27881,Jacob Ryan
62965,Samuel Wallace
78293,Douglas Guerra
31055,Jerry Lee
37482,Eric Green
51844,Jeanne Martinez
47768,Crystal Harris
84230,Kerry Padilla
22337,Ronald Bonilla
70937,James Parrish
20421,Tiffany Barber
39574,Ronnie Harris
21623,Jesse Morgan
45743,Crystal Stevens
22522,Troy Foster
25157,Brittany Valenzuela
17493,Mary Franklin
36066,Jonathan Fischer
99534,Michael Poole
31226,Jill Williams
53553,William Friedman
71482,Ashley Golden
71821,Gary Sloan
11156,Todd Hawkins
71842,Cory Robinson
83328,Cole Wilson III
54401,Darlene Hayes
22341,John Henderson
89753,Rebecca Sparks
28992,Marcia Willis
92057,Brandi Shaw
76068,Kristi Estrada
88720,Steven Bender
78909,Ashley Walton
87418,Nathaniel Rodriguez
13145,Elizabeth Daniels
16675,Joseph King
61476,Julie Stewart
67764,Grant Marks
40649,Mrs. Cynthia Mercado
85832,Ashley Hernandez
96084,Olivia Haney
27559,Angela Hernandez
55243,Shawn Richardson
58037,Jamie Smith DDS
79107,Kelly Hunt
64991,Jimmy Wall
90114,Derek Valenzuela
34050,Anne Russo
44540,Mary Acevedo
98165,Kelly Murray
55215,Michelle Sloan
20709,Michael Barrett
64928,Edward Oconnell
30484,Kyle Gregory
78423,Zachary Koch
33930,Samantha Key
33133,Michael Barron
69346,Gerald Morris
55963,Brian White
83432,Claudia Hill
27356,Sara Martin
97875,Timothy Morrison
25290,Heidi Davidson
98713,Paula Middleton
21012,Stephanie Walter
21227,Michelle Gregory
99387,Kenneth Ward
55327,Jennifer Meyer
22410,Jody Olson
63758,Christopher Thomas
45094,Maria Wells
82540,Dr. Cynthia King MD
81188,Jennifer Gray
66193,Tyler Gomez
37414,Anita Garcia
88543,Mr. Caleb Davidson
96922,Deborah Harrington
73610,Kelli Peterson
56792,Wyatt Turner
58513,Sherry Terry
28257,Sarah Vargas
45116,Kristen Solis
97879,Matthew Watson
80234,Ashley Fox
16736,Kristina Chandler
63463,Tina Martin
17956,Stephanie Black
42768,Donald Miller
99231,Rebecca Mcclure
11194,Alison Thomas
37616,Kelly Peterson
90005,Douglas Powers
29935,Edward Castro
86399,Anthony Tran
10761,Eileen Ray
90337,Kenneth Shaw
50385,Sabrina Christian
18287,Todd Baldwin
87744,Scott Golden
70144,Victoria Wagner
74276,Samantha Flynn
41523,Marisa Nguyen
85301,Kristin Torres
38983,Richard Chan
97386,Adam Newton
94524,Dr. Melanie Jefferson
89162,Kevin Black
13205,Gloria Ayers
63802,Mason Estrada
84845,Christine Simmons
37827,Tony Davis
86031,Trevor Boone
70349,Thomas Moore
53761,Peter Gardner
64288,Daisy White
22108,Alexander Hogan
19844,Carolyn Graham
39229,Joseph Harris
88504,Karen Phillips
48028,Lucas Hicks
53397,Sandra Daniels
53733,Joel Jackson
90771,Erica White
55005,Douglas Sanchez
94015,Margaret Haas
12842,Nichole Lane
37909,Jesse Morris
16713,Kelly Morales
61452,Catherine Crane
92432,Gabriel Joseph
80495,Ryan Heath
71595,Adam Pineda
85354,Bryan Young
29665,Michael Watson
22611,Trevor Miller
83445,Shawn Shelton
51321,Brian Anderson
86147,Jeffery Hatfield
94918,Jill Petty
40111,Brian Townsend
70026,Tonya Steele
87461,Patricia Brock
74888,Ralph Pena MD
76872,Daisy Black
52261,Beverly Rodriguez
63569,James Navarro
77496,Keith Knight
10001,Diane Johnson
59901,John Lindsey
57862,Sarah Riley
41779,Lori Brady
58871,Ashley Macdonald
84761,Timothy Bryant
35009,Kari Winters
43385,Jill Sawyer
58360,Wendy King
63568,Victoria Alexander
42388,Melinda Brown DVM
12926,Ruth Wagner
39977,Theresa Flores
15662,Michael Nichols
48630,Carrie Evans
86968,Michelle Willis
92571,Olivia Franklin
41377,Mark Lawrence
20945,Dominique Moon
76007,Oscar Brown
67179,Bruce Johnson
47619,Bryan Schmidt DDS
39600,Rebecca Gregory
96663,Paul Roberts
94570,Isabella Sanchez
13609,Doris Clark
20786,Richard Gay
50760,David Miller
46004,Monique Howell
59275,Amanda Cross
16020,Andrea Nash
30752,Evan Cooper
58509,Sara Mason
92273,Heather Andrade
44912,Fred Lynch
57185,Holly Bautista
58488,Gregory Hernandez
11084,Daniel Barnes
42548,Chelsea Garrison
41084,April Miller
92881,Alexis Evans
92677,Shannon Tate
34204,Marissa Riddle
44556,Joseph Davidson
44087,Rhonda Smith
68195,Terry Diaz
38485,Nicholas Martinez
48858,Stephen Black
83624,Mr. Mark Bell
55225,Kristin Haley
58009,Samantha Hahn
12346,Theresa Decker
78251,Brian Jackson
56690,Michele Carroll
35916,Sheila Huang
17812,Jason Dixon
34416,Tyrone Dyer
52634,Kimberly Reeves
83991,Andrew Lucas
76015,Terry Smith
72724,Willie Weber
56625,Phyllis Levine
49432,Harold Orozco
66362,Mark Welch
60271,Taylor Evans
19609,Mr. Brian Bailey
96539,Amanda Eaton
77030,Tammy Love
78235,Brandon Glover
13850,Alexis Romero
46705,Eddie Smith
47396,Joshua Young
90767,Carmen Lee
40988,Alyssa Martin
16905,Michael Dorsey
42300,Christine Myers
78684,Jennifer Cervantes
18901,Taylor Simpson
56334,Mr. Jaime Anderson II
97707,Julia Contreras
44707,Miranda Cross
15123,Ryan Koch
96099,Amy Fox
90085,Erica Johnston
76327,Jessica Cox
57083,Xavier May
30536,Thomas Carson
72617,Glenda Ware
93555,Brian Owen
84696,Rodney Williams
43719,Kristine Thompson
58647,Alex Ashley
81615,Brian Howell
65217,Heather Sullivan
56715,Jordan Martinez
28358,Destiny Herring
81949,Randy Daniels
11882,Juan Parker
55572,John Greene
31845,Mr. Robert Romero
65435,Paul Foster
81943,Ashley Mckenzie
50162,Daniel Hicks
13131,Amanda Martinez
86879,Paula White
46863,Travis Spencer
53434,Monica Martin
54584,Catherine Gonzalez
30705,Krystal Mckinney
81795,Eric Mays
80995,Robert Henderson
47994,Willie Miller
65828,Claudia Garcia
50699,Amanda Mendez
65626,Brian Walker
22388,Gregory Moss
56294,Christopher Warren
31035,Dawn Harrison
97249,Eric Ortiz
25703,Rose Rice
83508,Joseph Ray
95056,Ellen Mejia
21517,Sheila Perez
98581,Debra Williams
75756,Shawn Malone
65722,Robert Gray
61512,Anthony Martinez
48602,Christopher Armstrong
48351,Jennifer Larson
88405,Leslie Edwards
46416,Calvin Santiago
80767,Robert Mullins
10279,Jennifer Malone
69580,Timothy Nguyen
81847,Dr. Meghan Roman
13649,Tommy Wright
68994,Mrs. Sarah Boyer
73758,Rebecca Robinson
49637,Mark Haynes
37907,Andre Mendoza
72290,Monique Gonzalez
33645,Devon Richards
68138,Debra Schaefer
28867,Claire Larson
34100,Kimberly Liu
97029,Emma Figueroa
75280,Diane Hart
24027,Kim Miller
71329,Roy Ortiz
50394,Robin Smith
52954,Joseph Blevins
86061,Eric Wiley
12291,Douglas Perez
35337,Mr. Richard Robinson
96158,Courtney Martin
56454,Charles Tucker
46760,Jennifer Rangel
96448,Dominique Brooks
62802,Christina Vincent
87945,Dale Cardenas
45547,Connor Clark
41869,Joanna Martinez
90645,Thomas Green
88573,Pamela Torres
62767,Ana Davidson
77532,Jacob Hall
52256,Katie Villanueva
21437,Scott Donovan
74308,Wesley Wagner
67187,Jenna Gray
65261,Ashley Banks
75411,Jason Lee
24797,Amanda Boyer
59261,Robert Bennett
10411,Joshua Thompson
26454,Christy May DVM
95647,William Mcdonald
10717,Pam Shelton
97396,Janet Ward
86016,Heather Grant
87402,Andrew Walsh
33197,David Boyer
59870,Mrs. Melissa Foster
50504,Jade Brown
34119,Jim Price
67769,Kimberly Brown
25889,Antonio Sanders
66394,Emily Bryant
94245,Harold Knapp
37117,Kristina Carter
29202,Nicholas Caldwell
57036,William Blake
92455,Brian Cruz
20526,Jenny Bender
68488,Michelle Williams
62642,Sylvia Boyd
26312,Emma Ho
95067,Louis Thompson
43673,Lisa Owens
12131,Jennifer Stewart
21115,Donna Morris
52807,Christopher Castaneda
51266,Jermaine Norris
96352,Courtney Stewart
42124,James Cruz
84244,Brandon Johnston
26484,Lisa Hamilton
16060,Wyatt Garcia
44915,Madison Wallace
56511,Stephen Marks MD
72571,Kevin Coleman
21021,Connie Graham
20100,Edward Norton
10027,Marie Campbell
64004,Randy Wilkins
78872,William Tyler
28746,Jeremy Evans
14133,Tina Kaufman
95596,Marvin Rogers
21416,Melanie Reynolds
45143,Tiffany Miller
10047,Brandy Johnson
49826,Brandon Ponce
87441,Whitney Kline
83733,Mark Oliver
74572,Stephanie Harper
84497,Aaron Prince
83138,Tammy Whitehead
76898,Daniel Chase
87556,Laura Mcdowell
10007,Joanna Blackburn
80408,Wendy Lewis
28916,Jamie Mack
56479,Melvin Anderson
31259,Brandi Ritter
42472,Heather Kelly
69256,Raven Jones
23706,Alexandra Lawrence
78002,Matthew Rose
15329,Tina Turner
42106,Dana Long
70381,Rita Hall
60346,Juan Shaw
59252,Dylan Williams
77997,Jacob Jenkins
10322,Andre Skinner
71468,Steven Tucker
34216,Mary Collins
62801,Mitchell Chavez
14846,Heather Wilson
97675,Karla Pearson DDS
79871,Kayla Pruitt
23360,Audrey Anderson
40745,Tamara Sanchez
59990,James Spence
63117,Madison Nolan
70624,Brandon Mccarthy
33576,Brian Davis
59796,Steven Conner Jr.
85956,Dr. Heather Ward
76132,Kenneth Gray
81925,Michelle Russell
61962,Nicole Armstrong
80072,Kyle Davenport
98689,Karen Stone
92387,Miranda Zuniga
19156,Frank Kirby
52597,Kaitlyn Rice
61938,Daniel Webb
94728,Cameron Anderson
64941,Kenneth Richards
42979,Zachary Jones
90931,Stacy Martinez
70655,Andrew Miller
33915,Shelley Moreno
67774,Jeremiah Jones
13258,Maxwell Young
92179,Christina Davis
44522,Kristi Vega
53357,Alexander Weeks
72146,Tina Hill
75581,Heather Mcknight
34538,Miss Ashley Berry
44723,Ronald Williams
12274,Annette Garrison
17735,Steven Walker
11739,Debbie Miller
97586,Katherine Barrera
90849,William Wise
23549,Timothy Rojas
88948,Dawn Larson
41510,Wendy Stewart
92253,Jeffery Park
77066,Jesse Terry
10555,Kevin Pierce
30417,Connie Kirk
93083,Christian Patterson
81564,Anna Ingram
55978,Michael Alexander
42498,Mary Summers
61172,Nicole Novak
50453,Lori Burnett
16023,James Pittman
61092,Andrew Robertson
63548,Shawn Matthews
72533,Kerry Williams
17016,Debra Herman
68554,Dr. Austin Monroe
63405,Jennifer West
19546,Vanessa Wilkerson
48793,Sarah Diaz
50344,Daniel Davis
82143,Shaun Garcia
36706,Jesus Davis
50521,Cheryl Pope
33406,Tina Ramirez
24542,Jeremiah Brown
80790,Christina Holloway
79739,Marc Campos
48658,Robert Cortez
22452,Robert Anderson
32681,Amy Schmitt
30826,Paul Salinas
27432,John Allen
28343,Christina Gutierrez
62850,Jeffrey Jennings
64827,Heather Ibarra
57841,Anthony Watson
52201,Sarah Phillips
30314,Richard Terry
64517,Emily Arnold
57416,Katherine Bauer
84603,Charlotte Garcia
21912,Ellen Sexton
89637,Regina Hamilton
65755,Paul Nelson
25941,Melissa Bentley
64938,Chad Hill
24591,Hannah Byrd
38281,Kimberly Gonzales
21730,Carl Hoffman
19011,Heidi Clay
46677,Gary Reed
72969,Rachel Moore
54976,Susan Garcia
77420,Nicholas Owens
80038,Mariah Sutton
38564,Keith Carpenter
17497,Michael Berger
18298,George Harris
20887,Benjamin Wang
20677,Benjamin Cox
39362,Cameron Ryan
30413,Keith Luna
44193,Sean Trevino
80141,Toni Dawson
90563,Regina Rodgers
30440,Logan Adams
75776,Rachel Nielsen
27880,Jesse Hill
56365,Alexis Richardson
39466,Terry Reynolds
21164,Gregory Wilson
38595,Joshua Nielsen
61913,Amber Hammond
43373,Christine Mckee
41178,Vernon Wallace
43174,Dr. Christopher Martinez DDS
76607,William Fleming
99750,Ryan Howell MD
63361,Hannah Henry
31005,Ian Noble
98008,Douglas Roberson
55877,Julie Castro
30827,Joel Gonzalez
72405,Vincent Harris
57274,Phillip Manning
60604,Maria Delgado
94373,Jennifer Jones
78523,Jacob Arias
29173,Cheyenne Boone
10200,Matthew Reyes
50593,Alexis Porter
32584,Kathleen Berry
89956,Keith Davidson
68126,Donald Gibson
15225,Glenn Turner
80457,Mr. Franklin Crawford
46481,Dylan Hansen
32036,Peter Melendez
19130,Steven Holmes PhD
45884,Jake Wolfe
64342,Cassandra Smith DDS
51723,Pamela Mitchell
47387,Dustin Johnson
69142,Suzanne Ochoa
80724,Sandra Sandoval
72574,Brett Wells
47734,Rebekah Ford
84997,Teresa Marquez
26342,Cynthia Johnson
33924,Elijah Warner
96113,Brenda Ortiz
53800,Mr. Benjamin Alvarez
31825,Tracy Gutierrez
90690,Julie Lyons
51633,Zachary Marshall
47372,Eric Whitaker
51901,Jo Moyer
27326,Robert Chase
79279,Jennifer Hoover
81819,Maureen Pratt
46604,Lori Rojas
19381,Scott Ortiz
55816,Denise Miller
53913,Tina Patel
20505,Kathleen Rowe
72818,Tanya Howard
25414,Heidi Cameron
82927,Julian Campbell
34311,Robert Jones
44677,Robin Saunders
69590,Molly Gaines
45442,Peter Taylor
13324,Matthew Bennett
97753,Deborah Mills
78138,Mrs. Susan Bright
97717,William Watkins
75690,Cheryl Lowe
37423,Kyle Thompson Jr.
73151,Charles Reese
22057,Heather Short
71397,Virginia Kelly
54601,Kevin Daniels
30887,Deborah Stone
11527,Donald Sims
27069,Thomas Le
26348,Melissa Kennedy
41999,Karen Stewart
31593,Brandi Hernandez
22428,Tiffany Ochoa MD
92789,James Reilly
38389,Anne Waters
10904,Juan Reed
23651,Theodore Bell
76778,Veronica James
53586,Julia Weaver
78247,Justin Hogan
11294,Jacob Green
48705,Jordan Malone
77092,Sarah Branch
37136,Hannah Grimes
92656,Jerry Cantrell
59930,Colleen Lawson
48293,Chelsea Morris
22375,Debra Vaughn
40064,Scott Clark
80320,Kyle Kennedy
67152,Heather Williams MD
82330,Paul Mcpherson
41682,Cheryl Burns
81233,Lori Hopkins
78383,Melissa Roberts MD
32778,Andrew King
88617,Natalie Martin
55415,Jenny Davidson
83958,Teresa Clark
66572,David Hendricks
50887,Carol Taylor
72051,Omar Smith
49517,Ariel Yates
76054,William Atkinson
85840,Joanne Herrera
20458,Dennis Carter
46619,Andrea Thomas
47772,Ryan Hendrix
35609,Benjamin Ingram DDS
84493,Mrs. Victoria Buckley MD
91575,Sharon Boyer
88754,Lindsay Velazquez
97972,Deanna Foley
50975,Darren Smith
90416,Taylor Wade
66244,David Martinez
85298,Dr. Edward Massey
73670,Kevin Mcgee
56181,Joseph Owens
47195,Daniel Wilkins
42846,George Ramsey
37664,Sara Powers
60970,William Lambert
19236,Teresa Pena
90794,Catherine Alexander
85339,Karina Anderson
75967,Sean Kent
37179,Steven Blevins
23336,Darren James
90174,Brittany Huff
74790,Angela Rice
56897,Ian Burke
58192,Amy Patton
63502,Nicole Parrish
51231,Brittany Zhang
38283,James Waters
57102,Heather Williamson
47199,Shannon Miller
51717,Jessica Hurst
79839,Jessica King
51073,Kevin Bates
97071,Rebecca Wilson
74252,Krista Ross
15016,Todd Higgins
44730,Randall Fuentes
73643,Brian Hernandez
13065,Jodi West
46716,Adrian Walter
73326,Linda Hansen
57456,Sheila Hall
27312,Paul Ferguson
48190,Donna Faulkner
88965,Jasmine Logan
53042,Marissa Jacobson MD
78451,Tracy Saunders
35919,Angela Nunez
71657,Keith Stark
97307,James Hebert
24199,Adam Doyle
53051,Angela Soto
19389,Brenda Bright
71194,Casey Pena
19048,Daniel Martinez
69322,Felicia Riley
41546,Theodore Barry
63652,Tonya May
33249,Jacob Thomas
74199,Laura Meadows
26179,Brian Fox
10845,Shawn Logan
49058,Miss Julie Hernandez
28131,Anthony Thomas
97427,Darrell Turner
47733,Jack Beasley
68911,Regina Wolf
10345,Pamela Myers
26539,Samuel Wright
58715,Kristin Garza
40496,Amy Hopkins
59255,Jose Ortega
55009,Michael Brewer
99396,Joseph Scott
46299,Katrina Browning
13875,Katherine Huffman
74024,Brian Gay
67267,Gregory Brown
17079,Chelsea Hall MD
22914,Jonathan Garcia
49877,Craig Stein
67551,Benjamin Benson
25037,Robert Rosales
64792,Rhonda Oconnor
54650,Mr. Alexander Mendoza
28146,Taylor Bailey
40428,Anna Cook
51677,Dillon Fuller
54868,Scott Wright
11822,Stephanie Newton
81340,Benjamin Jones
94968,Autumn King
93839,Robert Hall
25461,Carol Mccann
89987,Keith Melton
18662,Manuel Hall
32183,David Pope
81673,Cindy Anderson
49109,Tiffany Hanna
83099,Christopher Harvey
55638,Mary Garcia
22891,Victoria Lin
19912,Kelly Green
24903,Andrew Harrington
80540,Renee Hill
78136,Thomas Haley
24282,Matthew Hunter
51702,Jeffrey Miller DDS
32166,Diane Stanley
22096,Shannon Yates
26097,Cole Cabrera
55982,Willie Kim PhD
12030,Karen Villanueva
15859,Jason Lucero
82717,Matthew Clarke
88751,Carol Mcconnell
61380,Daniel Morgan
88126,Molly Long
57349,Denise Colon
31407,Nicole Higgins
86183,Virginia Olsen
12126,George Snyder
30339,Amanda Stewart
15083,Nathan Hernandez
26248,James Alvarado
41545,Geoffrey Brown
16609,Virginia Pitts
50446,Ruben Evans
53502,Eric Bennett
21378,Kathy Evans
37199,Sean Howell
37921,Michelle Ellis
23617,Mr. Melvin Taylor
35178,Valerie Watson
61983,Jenna Krueger
89805,Emily Blake
79197,Edward Fowler
72188,Carl Jones
21575,Tara Leon
79645,Deanna Brown
53116,Clarence Grant
54869,Rodney Finley
36981,Melissa Baker
44718,Richard Diaz
62976,Robert Young
53512,Patrick Owens
29266,Kenneth Mendoza
72336,Daniel Maldonado
12010,Larry Barrett
10493,Jennifer Barrera
61003,Danny Smith
80914,Linda Mcmahon
57729,Lee Schmidt
14943,Hannah Maxwell
20350,Maria Fitzpatrick
56901,Craig Sims
96556,Cynthia Harrison
74271,Linda Murphy
96761,Lisa Lloyd
23791,Brian Chan
23335,Charlene Conley
38498,Austin Bass
15791,Ryan Jackson
37465,Richard Tran
34816,Kristen Ramirez
23663,Charles Kidd
86630,Patrick Herring
12400,Kimberly Stevens
99437,Olivia Dawson
67437,Amy Chapman
30394,Teresa Alvarez
96068,Robin Wilson
22657,Amanda Davis MD
46736,Charles Compton
25453,Julie Morris MD
45445,Benjamin Robinson
70705,Stephanie Guzman
94325,Mariah Phillips
20300,Christine Turner
34030,James Ayala
27659,Joshua Rogers
72005,Kevin Riley
41836,Wanda Smith
44334,Stephanie Odom
49065,Joy Adams
37102,Robin Griffin
51875,Alexandra Lewis
64584,Tammy Stephens
14536,Richard Jackson
41335,Allison Carney
31657,Sandra Gonzales
81524,Amanda Williams
75079,Christine Dickerson
52761,Bridget Guzman
95713,Ashley Cooper
77196,Susan Schroeder
89248,Andrew Riddle
48861,Amber Singh
32841,David Williamson
93538,Diane Kelly
59745,Douglas Wright
77606,Joseph Poole
76865,Vickie Pacheco
57704,Joseph Christian
32314,Erin Greer
68224,Philip Brady
49793,Lacey Finley
68961,Shane Kelly
36719,Rebecca Ross
97597,Priscilla Tate
60608,Emily Fernandez
12830,Sandra Hanna
84800,Shawn Murphy
17754,Thomas Atkinson
99308,Nicholas Brooks
49647,Eric Murphy
82709,Alyssa Sellers
60230,Shawn Hanson
89823,Bradley Aguirre
41563,Jason Matthews
47386,Brady Berger
97422,Dale Benson
97716,Felicia Guzman
99272,Bridget Schroeder
59239,Anthony Perry
65026,Paul Vasquez
30835,Kristen Oconnell
27472,Denise Robinson
89120,Mary Saunders
69582,Andrew Daugherty
63912,Amanda Buckley
44852,Donald Schmidt
18930,Lisa Pace
42597,Juan Vaughn
39947,Pamela Doyle
38526,Cassandra Jones
37782,Helen Robinson
71450,Jessica Townsend
30813,Joshua Turner
27264,Jessica Schwartz
20547,Dean Guerra
73046,Michael Graham
34334,Julie Doyle
56580,Kristy Morris
65889,Michelle Adams
47804,Samantha Cohen
51399,Juan Torres
93966,Jeremy Parker
68229,Gerald Meyers
34873,Karen Thomas
91501,Molly Allen
16513,Hector Watson
37432,Mariah Pham
82936,Gerald Cook
42891,William Esparza
59399,Kristine Johnson
36061,George Grimes
44173,Daniel Nielsen
93049,Barry Miller
53889,Danny James
96693,Renee Ruiz
41856,Mr. Jason James
65865,Donald Davis
45295,Dr. Kim Stephenson
91873,Erica Allen
49277,Sarah Price
53786,Tina Luna
80557,Rachel Davis
93838,Justin Pace
51298,Mark Myers
41919,Mrs. Stephanie Young
33847,Zachary Lozano
79233,Thomas Sawyer
46601,Kristen Roberts MD
14450,Paula Tucker
97107,Calvin Cabrera
26629,Lisa Brown
64947,Vincent Johnson
90633,Brenda Haynes
68330,David Frye
82572,Nancy Bryant MD
64455,Julie Pittman
18478,Karen Archer
38883,Connie Anderson
21800,Mark Watts
72459,Kimberly Burton
16839,Olivia Smith
51808,David Morrison
73469,Meghan Jefferson
92806,Elizabeth Turner
38617,Angelica Abbott
27258,Brian Freeman
45334,Desiree Jackson
21878,Ryan Velazquez
71926,Amy Morrison
77309,Richard Keller
13753,Thomas Davidson
47274,Thomas Barnett
11444,Heidi Rojas
24646,Amy Golden
16630,Steven Nunez
76103,Michael Whitney
73579,Susan Reynolds
47532,Jill Stephens
65788,Anthony Harvey
42813,Kimberly Cole
53812,Patricia Martin
29190,Douglas Lopez
85266,Pamela Brown
72797,Vernon Kelly
29167,Aaron Park
59912,Heather Howell
76196,Dr. Jeremy Smith Jr.
81786,Michael Horn
59849,Rebecca Mccullough
83502,Clayton Smith
24833,Lisa Reyes
84758,Gabriel Jacobs
27208,Nicole Oliver
76514,Lee Harrison
68647,Adam Johnson
21988,Alexander Gonzalez
77260,Mr. Andrew Brown
69882,Kelsey Hensley
81756,Joshua Lewis
88789,Jillian Schneider
77867,Krystal Price
26031,Carla Hernandez
33372,Joshua Barnes
24817,Javier Escobar
34439,Sheila Gonzales
13217,Paul Terrell
51034,Christopher Simmons
97801,Julian Miller
33599,Amanda Flynn
23888,Jacqueline Delgado
23353,Candace Ellis
79765,Jacqueline Sanders
33354,Jason Lyons
62242,Scott Smith
24187,Carol Chen
21068,Brooke Shepherd
61183,Tyler Reilly
54151,John Mcgee
26257,Francisco Brady
78942,Alexandra Pierce
67874,Priscilla Anderson
55125,Ricky Garza
18625,Laura Lawrence
58530,Laura Flores
44397,Matthew Riggs PhD
91282,Katelyn Nguyen MD
32660,Mr. Anthony Johnson
70637,Sally Griffin
83794,Dale Kelly
84395,Peter Nelson
87696,Casey Davis
26533,Melissa Daniels
39490,Nathan Brown
47478,Amanda Reynolds
31584,Peter Alvarado
23929,Frank Washington
24130,Mrs. Pamela Braun
40457,Carla Bridges
11821,Ariel Lopez
58615,Virginia Jackson
51434,Jacob Gonzales
38200,Rachel Reyes
61692,Lisa Knapp
20904,Mark Erickson
45386,Nicole Meyer
29233,Whitney Ibarra
86966,Eric Leonard
91222,Debra Marquez
25219,Eric Mills
17893,Jared Burns
97264,Stacey Edwards
65725,David Berry
90677,Robert Hoover
36732,Kevin Clements
95408,Stephanie Mason
64644,Keith Flores
22565,Lauren Mendez
56270,Jill Holmes
53674,Linda Washington
23332,Erika Reid
41668,Kim Herrera
64946,Colton Park Jr.
67593,Megan Moody DDS
92478,Sabrina Floyd
38022,Cory Carrillo
71038,Gary Kirby
45099,Julie Welch
88567,Mary Campbell
82360,Priscilla Carroll
97008,Shane Pearson DDS
60876,Gerald Downs
60738,Natalie Randolph
14836,Sylvia Taylor
25801,Jennifer Stafford
45560,Nicole Wilson
98508,Bob Robertson
32989,Kristin Rhodes
23453,Margaret Everett
27187,Richard Stone
29334,Jacqueline Bishop
87939,Kristy Black
21370,Jennifer Vaughn
11569,April Mueller
86977,Thomas Wilson
40751,Cheyenne Zamora
51257,Jessica Glenn
78768,Madeline Rose
51741,Anthony Elliott
47275,Tina Mason
51382,Mike Moore
19309,Miguel Aguirre
14638,Jon Lewis
73639,Holly Gutierrez
63123,Danielle Cooper
17629,Drew Williams
42520,Shannon Wang
66675,Beverly Walsh
53845,Lindsay Levine
67879,Joseph Ingram
12265,Virginia Wong
42144,Ryan Johnson
68467,Courtney Richardson
75850,Alexis Burke
49001,Theresa Schmidt
28870,Caleb Walker
31754,Mr. Christopher Murphy Jr.
31739,Kathleen Green
78153,Samantha Mccarthy
59251,Frank Simmons
68234,Christopher Dawson
39669,Mr. Michael Cooper MD
21724,Stephanie Horn
52381,Carla Cervantes
46811,Katelyn Stanley
34820,Lisa Cantu
95372,Adam Pollard
32689,Amanda Duffy
69513,Dr. Anna Williams
11013,Christine Nichols
14389,Dawn Chavez
10245,Debra Swanson
55027,Edward Edwards
68551,Jeremy Kelly
79056,Sarah Ramsey
36969,Christian Hickman
85367,Jennifer Bender
95396,Blake Lewis
66735,Angelica Hernandez
86376,Susan Patterson
46363,Gregory Acosta
90472,Katherine Henry
50601,Jonathan Holmes
92959,Zachary Roberts
49117,Ann Gordon
89341,Deanna Lloyd
20913,Ralph Hall
41600,Madison Perez
34471,Patricia Shelton
70103,Jill Noble
19178,Jose Moss
27343,Tyler Bell
12252,Brenda Wright
47020,Andrea Flowers
31918,Leah Wilkerson
31310,Christina Blair
75834,Terry Nguyen
91938,Timothy Davis
41023,Alicia Thomas
98359,Stacie George
91185,Carla Campbell
42109,Scott Barry
59776,Patricia Mcgrath
27536,David Torres
76834,Leslie Johnson
42000,Michael Long
92295,Jessica Dawson
64359,Samuel Joyce
98279,Brad Barnes
76918,Sandra Rivera
81136,Claire Potter
85035,Cheryl Rios
56892,Michelle Hughes
51442,Isabella Smith
91127,Michelle Ray
80699,Mary Sawyer
84646,Keith Harper
65373,Dr. Paul Gomez
61517,Edward Kerr
20382,Andrew Cook
63763,Rita Osborne
69391,Michael Ramsey
65165,Sean Solis
15918,Christopher Clayton
56906,Maria Williams
77072,Emily Smith
69716,Victor Murphy
85277,Angelica Joseph
76781,Yvonne Todd
45301,Corey Barker
60966,Dr. Sarah Jones
46294,William Caldwell
84859,Marcus Tran
88193,Joseph Lozano
90501,Christine Skinner
37535,Amber Day
63640,James Kelley
75510,Jamie Patterson
63366,Mr. Eric Watson
25868,Linda Holland
28157,Javier Valenzuela
55409,Jeffrey Reyes
53964,Jason Anderson
93500,Rhonda Murphy
91208,William Fitzpatrick
18178,Nicholas Stafford
11087,Blake Harrison
24593,Chelsea Mitchell
66325,Sean Morse
40012,Andrew Medina
13489,Michelle Bullock
98080,Richard Dean
88105,Kenneth Ashley
83547,Fred Flores
74915,Arthur Davis
12489,Elizabeth Kaiser
57458,Sharon Gilmore
54341,Laura George
68780,Lisa Mccormick
59967,Danielle Zimmerman
56053,Rebecca Gray
18030,Joseph Turner
67575,Manuel West
50025,Diane Sanders
99237,Carl Collins
54615,Mrs. Robin Turner MD
99959,Brian Grimes
47252,Stephanie Newman
44099,Jessica Dickerson
44048,Sharon Roberts
45189,Jamie Gonzales
21815,Dr. Matthew Potter Jr.
93325,Justin Hurst
66755,Teresa Brooks
52847,Paul Thompson
69526,Kendra Gay
98285,Mr. Robert Lynch
18084,Christina Schultz
18742,James Cooper
81663,David Becker
39227,Grace Johnson
14074,Caitlin Lamb
54326,Pamela Barnes
97699,Kathleen Bowman
15653,Vincent Campbell
30636,Paul Hall
81469,Adam Williams
56531,Randy Cooper
34776,Lori Ferrell
33940,Mark Rivas
79431,Robert Sharp
35922,Tracy Keller
79976,James Bailey
77999,Anne Pratt
94064,Deborah Gallegos
65249,Kimberly Sanchez
84348,Dawn Mcmahon
11777,Shawn Harris
46648,Erin Torres
27516,Brittney Soto
57626,Hannah Turner
27338,Matthew Moses
57198,Timothy Bowen
26515,Beth Rodriguez
10604,Laura Hensley
99329,Mary Suarez
86994,Richard House MD
55313,Michael Lewis
81983,Leslie Walker
78084,Catherine Nguyen
57683,Katelyn Tyler
87611,Ruben Snyder
73677,Todd Sullivan
32143,Todd Matthews
44653,Bethany Sanchez
75874,David Hudson
36642,Teresa Bishop
81339,Emily Wallace
16558,Gary Rogers
73549,Mackenzie Bradley
76446,Jennifer Garrett
23010,Angela Ray
30654,Peter Stewart
15500,Rebecca Barrett
38662,Chase Miller
47382,Joseph Cannon
83960,Holly Mcclain
41460,Benjamin Morgan
51784,Anthony Mendoza
67468,Tyler Hill
87384,Tyler Jones
92981,Anthony Gibson
71439,Gabrielle Moore
52966,Valerie Collins
11611,Robin Kerr
34716,Lonnie Moran
46960,Michael Bradford
46431,Allen Stephens
21519,Paula Guzman
76913,Dr. Rebecca Wong
71384,Kimberly Washington
24313,Christopher Morris
33539,Anthony Ward
33002,Carrie Gallagher
85278,Stephanie Ford
89714,Justin Pope
70189,Donald Adams
21631,Melinda Oneal
96550,Lori Webb
12312,Amanda Frazier
75314,Carl Williams II
84032,David James
75119,Mark Drake
80415,Ms. Julie Tucker
93231,Jason Faulkner
86568,Tina Murray
71476,Elizabeth Stokes
50610,Richard Acosta
83863,Steve Reynolds
16631,Timothy Parker
62464,Leonard Montgomery
41349,Melissa Kramer
29416,Brett Moore
41057,Kyle Decker
94326,Shari Dougherty
71321,Adam Ingram
69648,Amanda Rojas
34003,Tristan Hill
40974,Tina Sheppard
54127,Alexis Russell
17886,Jeffrey Sharp
43394,Paul Duke
92207,Sarah Erickson
29091,Robyn Wallace
77639,Catherine Patel
45149,Amanda Hines
44402,Aaron Cortez
90681,Vanessa Neal
25176,Marc Ward
36171,Crystal Gibbs
21447,Gabrielle Horton
23096,Lori Cruz
22291,Karen Green
86210,Heather Francis
72976,Mark Marquez
30446,Jeffrey Walker
48281,Dr. Jacqueline Scott
50800,Brittany Sims
31667,Megan Elliott
65081,Jessica Stokes
68338,Allen Williams
76937,Erin Robinson
65343,Kristin Knapp
60705,Angela Santos
16744,Erin Reid
37451,Kelly Neal
21419,Sally Jones
74180,Melody Wong MD
46338,Todd Hoffman
56088,Aaron Mcclure
98215,Jeanette Davis
72937,Shaun Anderson
27348,Morgan Patterson
91831,Sabrina Johnson
82902,Mr. Dennis Roman MD
94050,Christian Stanley
91489,Gabrielle Park
54174,Lori Hernandez
95426,Joseph Miles
51188,Jennifer Mcintyre MD
27402,Sheila Kennedy
84948,Dr. Pamela Reid
42228,Kristin Mullins
78415,Sherri Walker
46125,Melissa Cook
57562,Thomas Hernandez
42307,Andrew Lee
91764,Suzanne Ward
54064,Jeremy Oconnor
44314,Sarah Clarke
89227,Kathy Bennett
77147,Joshua Combs
13977,Lacey Hall
47875,Tracy Gibbs
63301,Stephanie Huffman
47380,Linda Butler
34046,Donna Dickerson
53287,Robert Herrera
30895,Andrew Castillo
24325,Bryan Hess
34781,Thomas Koch
24226,Sarah Solis
30247,Alexander Perry
26501,Michael Bowman
61679,Rebecca Steele
46529,Brooke Barnes
86628,Patricia Rivas
31874,Mrs. Jasmine Brooks
89128,Justin Preston
37277,Zachary Williams
48471,Deanna Simmons
52008,Whitney Cunningham
65382,Thomas Ward
39882,Bobby Smith
78536,Sara Welch
74495,Scott Charles
15515,Felicia Phillips
61377,Nathan Green
53147,Diana Clark
65139,Jillian Estes
22719,Katherine Sweeney
39039,Walter Warner
80398,Courtney Sanchez
53060,Troy Edwards DDS
88490,Cameron Melendez
33912,David Duran Jr.
79318,Gabriel Cruz
53092,Andrea Acosta
30405,Maureen Sanders
24016,Tiffany Harmon
74472,Matthew Huff
20269,Eric Ruiz
84898,Nicholas Russo
23115,Dr. Dennis Wilson
26974,Lisa Byrd
82727,Megan Scott
70835,Krystal Vargas
12224,Douglas Rogers
99274,Brent Anderson
15333,Brooke Martin
74806,Anthony Gutierrez
73239,Johnny Mueller
37215,Carlos Williams
63997,David Vazquez
54228,Hannah Thomas
14904,Kaylee Newton DVM
14898,William Bell
61647,Austin Ritter
95521,Mary Chan
22052,Terry Perez
74809,Jason Mayo
85584,David Moyer
44768,Ryan Lee
14572,James Mcclure
41443,Timothy Palmer
16896,Tiffany Hanson
15233,Barry Baker
22644,Nicole Hall
41142,Jackie Moore
12364,Tami Stewart
34507,Madison Ferguson
48596,Brian Gomez
11210,Richard Henry
25625,Amanda Hogan
82382,Sara Fritz
53973,Abigail Huffman
93718,Amy Holmes
23146,Micheal Sandoval
83769,Kenneth Weber
11748,Diana Gomez
88935,David Case
54186,Natalie Pacheco
65589,Tony Wiley
82449,Mr. Thomas Yang
13777,Kevin Lamb
72757,Jamie Gonzalez
34169,Monique Bauer
22483,Debra Salazar
49787,Robert Wise
93687,Kelly Schwartz
39106,Claudia Wilson
52715,Terri Spence
90733,Misty Mckay
54823,Andrew Barry
64563,Deanna Hamilton
55536,Raymond Bailey
75417,Steven Ellison
66303,Travis Sanchez
32292,Cathy Green
42566,Joseph Day
65514,Kelsey Davis
65156,Pamela Bender
79346,Steven Rhodes
32485,Johnathan Garcia
10826,Erica Silva
95923,Melissa Jones
18481,Patrick Campbell
30981,Francisco Wilson
83212,Jeffrey Humphrey
41109,Brianna Tran
84381,Chelsea Callahan
78666,Elizabeth Walters
11080,Roy Garcia
45876,Ashley Burgess
62921,Richard Parks
51426,Anthony Garrett
31279,Nicholas Berg
73613,Erica Mills
24036,Philip Martinez DDS
58464,John Becker
34252,Andre Wells
12027,Kimberly Williamson
95612,Candice Melton
54375,Alyssa Johns
98209,Emily Rivera
89835,David Richardson
28636,Jamie Moore
71897,Daniel Powell
70078,Dr. Wanda Martinez
60406,Alyssa Collins
69130,Melissa Marshall
99445,Kelly Jones
87863,Brenda Clark
68091,Heather Fleming
73762,Alexander Hayden
36198,Nicholas Rangel
74239,Sean Ware
43123,Crystal Castillo
78275,Jeffrey Mercado
89926,Brittany Hammond
68059,Jacqueline Melton
46698,Daniel Acosta
34032,Vanessa Rose
15258,Maxwell Santiago
96416,Dr. Anne Smith DVM
22517,Brandon Parrish
70737,Benjamin Alvarez
81793,Allen Bautista
41135,Courtney Roth
48871,Karina Wells
64284,Albert Clark
52642,Jennifer Willis
40644,John Huber
68790,Laurie Rogers
49956,Deborah Carson
52479,David Mcclure
14310,Adam Montgomery
31382,Dr. Rebecca Walker
84067,Victoria Hall
18303,Tonya Ruiz
39773,Bryan Harris
62889,Jennifer Ward
79717,Robert Johnson MD
76019,Sharon Campbell
88297,Stephanie Boyd
35456,Laura Evans
62254,Chase Herrera
50295,Antonio Robinson
92087,Michael Lawson
50218,Miss Lindsey White MD
34412,Christina Williams
13291,Christopher Rivera
77271,Alexa Wright
88190,Vicki Patel
17280,Terry Craig
85276,Kenneth Walsh
59998,Robert Sims
53912,Beth Norris
58052,Amber Hernandez
10887,Kenneth Tran
19503,William Kline
30437,Anna Lopez
45894,Kari Robertson
21506,Alan Contreras
69544,Albert Mcdowell
14264,Terri Hart
11817,Monica Smith
64172,Kenneth Martin
62095,Jerry Henderson
40033,Alejandra Rogers
33251,Mackenzie Bright
13936,Joshua Walton
89187,David Ray
25490,Mr. James Forbes
48970,Elizabeth Oconnor
38321,Tammie Benjamin
38421,Dr. Melissa Ellis
95662,John Larson
68527,Kimberly Allison
62009,Deborah Bradshaw
36952,Alexander Jones
86333,Dr. Megan Cooper
81023,Colin Santiago
31466,Jacob Gibson
51303,Kimberly Copeland
33863,Wayne Burgess
48833,Debra Higgins
35210,Robert Esparza
30761,Katie Riley
58177,Darlene Davidson MD
97401,Eric Townsend
62075,Anita Williams
98326,Kathryn Hess
97194,Carrie James
23647,Francis Cook IV
93248,Antonio Santiago
64519,Paul Taylor
84964,Norman Murphy
11433,Scott Griffin
11856,Donna Mcgrath
69393,Patrick White Jr.
82397,Tara Brown
55797,Scott Coleman
52830,Mr. Steven Hubbard
47731,Shane Lee
27879,Michelle Riley
86603,Paige Mora
34664,Katrina Rodriguez MD
93848,Mary Velez
68382,Melvin Green
21428,Sharon Sandoval
99644,Karen Holmes
93787,Dana Russo
88441,Michael Barker
63057,Melinda Duran
31913,Robert Floyd
95693,Seth Hill
26852,Isaac Dennis
67984,Tina Galvan
38507,Travis Young
51396,Kristopher Freeman
35531,Vickie Dillon
63769,Crystal Bell MD
71036,Dennis May
11685,Ann Adkins
47700,Victor Lester
64663,Jeffrey Bradley
94404,Anthony Mcneil
43930,Sydney Petersen
90537,Melissa Gray
39330,Garrett Mcdaniel
63161,Thomas Smith
99783,Jasmine Heath
88600,Jasmine Hanna
57633,Marcia Fisher MD
24472,Sharon Ramos
43324,Deanna Davis
82085,Joan Baldwin
99678,Jeffrey Delgado
94424,Jose Church
79061,Brandon Hall
81678,Bryan Morales
22511,Christian Brown
44044,Carrie Villa
82863,Kerry Parsons
85128,Mary Santos
16287,Katherine Miles
61187,Charles Simmons
56530,Mark Pruitt
48578,Jack Reid
74525,Jason Hopkins
74461,Erin Swanson
74477,Justin Washington
91328,Brenda Hoffman
19648,Michelle Rosario
39210,Juan Sparks
73910,Beth Flores
93272,Brian Garcia
52844,Thomas Perez
45715,Keith Aguilar
30564,David Chung
48913,Matthew Hess
55262,Brian Black
18603,Kaitlyn Stewart
24936,David Marsh
38569,Sarah Kirk
92040,Maurice Miller
93400,Crystal Miles
23853,Bruce Atkinson
50968,Debra Gonzalez
30791,Bruce Taylor
53657,Jennifer Fuller
47008,Brian Montgomery
47264,Kent Allen
78510,Courtney Robbins
68029,Sally Chavez
32064,Andrea Gill
76290,Eduardo Gilbert
97242,Connie Padilla
25084,Jonathon Chavez
55841,Anthony Randolph
28698,Deborah Salinas
55561,Travis King
55016,Justin Burns
28681,Joseph Hubbard
80070,Mrs. Brittney Graves
46447,Karen Brooks
60637,Joseph White
94463,Russell Knapp
96631,Kevin Benton
99048,Anthony Mcbride
51096,Brenda Cook
55228,Brent Buchanan
44817,Jasmin Hudson
43624,Robert Huffman
71937,Morgan Ochoa
60295,Maria Sanchez
12837,April King
42120,Johnathan Mejia
49753,Thomas Price
45034,James Torres
42733,William Taylor
98246,Charles Lopez
69907,Robert Munoz
18761,Ronald Ellis
92117,Raymond Arnold
13445,Johnny Stuart
64714,Jason Rowland
20948,Michele Walker
71350,Maria Blankenship
98423,Zachary Chavez
64656,Matthew Mcbride
33649,Richard Maxwell
33855,Katherine Cook
18903,Ann Mcdaniel
39716,Ryan Brown
84654,Mary Shah
71113,Robert Joyce
38950,Kristina Nichols
91866,Ryan Thompson
72214,Michele Kent
81039,Andre Soto
77888,Cassandra Garcia
94695,Derek Wang
51951,Jonathan Hayes
65036,Jerry Kennedy
46194,Carl Lloyd
69422,Jennifer Alvarado
18316,Kevin Nguyen
55486,Christine Ruiz
27244,Stephanie Harmon
11314,Kimberly Mitchell
80090,Neil Jones
91741,Kathy Murphy
35936,Abigail Compton
25529,Phillip Wolfe
52129,Miranda Montgomery
83421,Michael Parker
44341,Alexander Russell
18511,Michelle Burns
82713,Jason Holmes
60960,Kelly Heath
53423,Herbert Norman PhD
72578,William Tran
65379,Jessica Arroyo
71357,Helen Ayers
14978,Steven Carrillo
79436,Derrick Collins
92219,Daniel Mack
12269,Thomas James
19125,Tyler Williams MD
47096,Derek Mason
28609,Paul Chavez
91993,Angela Rodriguez
66184,Daniel Todd
60521,Kenneth Ferguson
86544,David Evans
17709,Raymond Lopez
36376,Michelle Morton
98683,Dylan Schultz
94768,Deborah Frost
34857,Paul Leonard
37945,Aaron Henson
59865,Erika Mitchell
17465,James Baldwin
33590,Raymond Ramirez
15436,Sarah Brooks
83463,Allison Johnson
74814,Douglas Hernandez
10815,Jennifer Riley
60927,Lori Williams
20419,Elizabeth Suarez
84906,Lisa Jennings
48044,Steven Coleman
69775,Jeffrey Walter
62066,Anita Arellano
50558,Jessica Hall
69675,Christopher Cruz
24309,Megan Woods
20690,Kurt Woods
11167,Ray Henderson
40819,Billy Holt
18448,Courtney Sampson
89477,Rodney Alexander
33889,Jeremy Harvey
12435,Rebekah Dickson
93668,Alexandra Figueroa
12674,Kayla Stevens
45219,Hayden Wright
63566,Joseph Cook
22754,Veronica Martinez
35378,Daniel Hodges
19004,Erica Kirk
90952,Vanessa Mendoza
96679,Harry Johnson
24611,Mark Warren
51457,Jose Yoder Jr.
32427,Johnathan Garrett
61704,Matthew Villarreal
83879,Taylor Gallagher
29667,Caleb Fletcher
98343,Dennis Ford
93045,Crystal Wood
82062,Shannon Cook DDS
76933,Debra Howell
29196,Stephanie Strickland
43048,Lisa Duke
50528,Cassandra Nguyen
19668,Victoria Hernandez MD
42313,Juan Fuentes
17624,Christopher Robbins
74001,Tara Murphy
17506,Taylor Skinner
76056,Bobby Martin
77262,Matthew Chen
72586,Taylor Edwards
68450,Nicholas Santiago
15228,Crystal Morton
17287,Lisa Petty
52435,Scott Gibson
14997,Nicole Fuller
74739,Mrs. Sheena Jones
48154,Jenna Nichols
35492,April Bentley
61134,Timothy Bowman
33023,Colin Taylor
63464,Greg Jennings
95654,Victoria Brown
28429,Christopher Collier
69665,Michael Lowe
22019,Matthew Costa
85580,Jermaine Ross
69450,Willie Love
77181,Rebecca Roach
13441,Lauren Moore
10919,David Brown
50150,Joshua Wallace
48194,Cody Golden
23710,Luke Rivera
95871,Clarence Christensen
50187,Timothy Nicholson
71737,Ashley Duncan
97187,Justin Williams
40716,Tonya Burton
62451,Ann Shelton
45626,Kyle Marshall
78286,Dawn Olsen
81850,Elizabeth Black
59905,Pamela Cochran
27870,Patricia Barrett
73959,Chad Pittman
42716,Jill Turner
22438,Timothy Bernard
19632,Latasha Adams
13371,Robert Schmidt
57340,Carrie Patterson
24754,Evan Franco
41296,Katherine Ortiz
61358,Joe Drake
26283,Amy Davenport
24367,Gary Keith
28753,Matthew Montoya
40779,Michele Bass
49933,Diane Adkins
46538,Gregory Cook
53212,Ashley Lopez
99488,Jeremiah Hanson
85890,Laurie Miller
90637,Daniel Frazier
43859,Mary Dougherty
37045,Robert Morales
99919,Debra Lozano
32737,Yvonne Campbell
27261,Amanda Bartlett
38618,Ellen Obrien
48868,Justin Wise
16512,Arthur Ruiz
97605,Kenneth Whitaker
95551,Kevin Meyer
44329,Carla Clark
97367,Amy Richards
52071,Miss Michele Brown DDS
26587,Renee Briggs
31060,Nicholas Gomez
86367,Michele Miller
32463,Phyllis Fox
56748,Kristina Cooper
30093,Christopher Norman
98890,Joseph Schultz
74866,Donald Hull
84261,Stephanie Stark
64214,Michael Benjamin
58331,Brittany Obrien
24201,Cindy Craig
28696,Dylan Joseph
90949,Felicia Jackson
37505,Scott Drake
51333,Michele Ellis
54908,Justin Conner
29042,Alex Farley
30699,Matthew Martin
60652,Blake Paul
55679,Jeremy Clark
44780,Samuel Phillips
75506,Jordan Herman
20144,Jon Rodriguez
81391,Richard Hayes
34575,Kimberly Graham
55929,Denise Hudson
97183,Heather Molina
43298,Shelly Miles
23516,John Morgan
29086,Carolyn Blair
68921,Taylor Davis
40051,Edward Woods
11631,Kendra Garcia
34229,Christopher Stevenson
60771,Xavier Turner
28254,Jason Floyd
45014,Alexandra Lee
19654,Stephanie Flores
77733,Karina Gonzales
13602,Adam Noble
51818,Eduardo Middleton
75095,Kimberly Vasquez
37184,Dorothy Davis
88760,Lisa Rodgers
26406,Stephen Conley
72539,Ashley Harvey
78208,Andre Jones
88106,Christine Jones MD
43797,Allen Larson
26776,Alan Hernandez
58962,Glenda Norman
98044,Sherry Mckay
84211,Connor Brady
53817,Patricia Zuniga
14923,Cynthia Thomas DDS
36799,Matthew Neal
59079,Terry Porter
84446,Tommy Hensley
73197,Duane Stout
96752,Cassandra Hale
12229,Travis Brennan
45237,John Jordan
49364,Anita Walker
77784,Vernon Lopez
26966,Scott Wells PhD
43640,Stephen Martinez
73989,Brian Edwards
45151,Heather Gardner
34548,Vanessa Richards DVM
36068,Diane Harper
23887,Desiree Nguyen
55196,Michael Maldonado
82433,Ellen Cooke
54278,Mark Ford
11094,Willie Zimmerman
80023,Tracy Cisneros
24314,Logan Smith
61447,Craig Davis
25269,Kelly Holt
31555,Annette Reyes
28689,Meredith Baldwin
31988,Carolyn Hobbs
96901,Donna Wagner
68931,Curtis Allen
98430,Haley Haley
88162,Susan Ware
87497,Stephen Ryan
16769,Jessica Larsen
50641,Timothy Lawrence
44870,Karen Anderson
41348,Mr. Thomas Cox
68139,Melissa Porter
74781,Ryan Gonzalez
69663,Adam Garcia
94824,Dr. Jeremy Kim
11453,Charles Mclean
67730,Rachel Bowen
61586,James Lewis
41912,Christie Prince
52140,Carrie Miranda
96439,Harold Anderson
43554,Sandra Hernandez
88100,Jonathon Lee
78755,Tim Martin
25195,Olivia Chaney
17258,James Jones
44541,Sonya Webb
28426,Lauren Johnson
68968,Erica Figueroa
66321,Paul Thomas
54532,Donna Reyes
24506,Mary Morgan
66760,Kaylee White
25959,Melissa Castillo
68592,Alexandra Warren
30626,Rickey Ford
44393,Danielle Adams
64701,Michelle Clark
71096,Elizabeth Robinson
27730,Morgan Rivera
19306,Alicia Wilson
10013,Jordan Parker
35747,Ryan Morris
44594,Charles Alexander
38118,Wendy Porter
39055,Willie Ryan
12561,April Hernandez
21841,Holly Hanna
21350,Janice Vasquez
51364,Sheryl Huang
64872,Elizabeth Oneal
60010,Latoya Shaw
24387,Ronald Smith
52957,Sharon Wheeler
26592,David Fisher
56965,Karen Matthews
77358,Kevin Young
17741,Joseph Boyd
76081,Christopher Snyder
68147,James Maddox
76663,Jose Sullivan
23355,Curtis Mooney
63244,Mr. Curtis Parker
26630,Hayden Webster
69921,Mrs. Christina Stokes
67808,Crystal Castro
49212,Lisa Mason
10619,Jon Jackson
37611,Mr. Aaron Melton
84957,Laura Herrera
84084,Michael Blake
45146,Elizabeth Wolf
62503,Matthew Andersen
43652,Christine Cortez
39172,Cheryl Olson
19950,Jessica Mann
23031,Jordan Johnson
85185,Madeline Harris
92470,Jeremy Crawford
18391,Chase Mckay
62894,Amanda Burke
39010,Zachary Barker
60595,Michael Hendrix
90607,Theresa Hodge
89638,Gary Anderson
26437,Matthew Mullen
75699,David Cannon
23697,Jeffery Russell
26197,Cody Fox
84981,Marc Lynch
85057,Melody Ellis
84713,Catherine Goodwin
86916,Ana Miller
48127,Marvin Williams
58982,Daniel Ryan
41225,Gerald Bennett
27464,Erik Lee
31025,Brandy Hall
18657,Amanda Ryan
83247,Michael Oneill
47367,Tom Henry
73875,Sarah Parrish
48429,Tony Webb
35950,Maxwell Thompson
89172,Kelsey Coleman
39212,Misty Morales
69150,Jeffrey Cummings
69470,Richard Pineda
41202,Kathleen Robinson
18610,Jeffrey Ferguson
24570,Heidi Walsh
27843,Scott Hall
30916,Joshua Jones MD
16029,Douglas Huang
75382,Donald Armstrong
32673,Shannon Green
28597,Kelsey Novak
59749,Desiree George
42310,Mark Wong
91460,Amy Horn
63901,Brendan Wilkins
10046,Jessica Rangel
87656,Kenneth Gomez
74438,April Ayers
36088,Monique Torres
34274,Timothy Moon
11286,Monica Allen
42176,Mr. Jason Barnes MD
61853,Justin Tate
52908,Shane Hines
43710,William Combs
53661,Oscar Peck
72422,Jessica Kane
56770,Charles Ramirez
28674,Matthew Green
38301,Brian Nguyen
94579,Tonya Daniels
27515,John Houston
39145,Paul Sampson
73759,Felicia Williams
95464,Lisa Parker
84194,Nicole Hobbs
91299,Mary Wall
14057,Victor Hampton
30418,Troy Martinez
60287,Derrick Valencia
19670,Benjamin Holmes
15572,Dustin Johns
24493,Jordan Marshall
10185,Jerry Ward
92666,Jose Golden
75496,Brent Sanders
72490,Cheryl Duncan
72424,Elaine Guzman
79370,Michael Brady
18724,Dillon Leonard
33440,Kimberly Le
50027,Maria Sullivan
94895,Cynthia Reynolds
32699,Diana Watson
96129,Jon Ryan
35697,Norma Young
66574,Kimberly Brewer
62245,Laura Wong
78399,Jennifer Noble
99735,Daniel Lynch
94353,Deanna Henson
39572,James Gilbert
61075,Albert Hunt
21316,Whitney Schroeder
77020,Willie Cohen
97774,Jamie Evans
79328,Ms. Autumn Miller
28309,Kathleen Crosby
52839,Katherine Rose
11331,Sean Walker
69604,Eric Jackson
25895,Rebecca Reed
71623,Alison Stewart
41957,Marc Hopkins
83111,Samuel Scott
11643,Cynthia Brown
49627,Kayla Stanley
97017,Courtney Cruz
39729,Brandon Hart
97822,Annette Dominguez
67342,Brittany Andrews
36868,Joanne Wallace DDS
46478,Jasmine Kramer
56388,William Leonard
36253,Sara Stevens
68747,Kevin Edwards
16193,Darryl Green
10318,Daniel Mitchell
84289,Christopher Cook
86105,Leah Collier
91315,Jaime Marquez
95333,Patricia Walton
32769,Cynthia Mcclure
56555,Amy Cruz
29043,Ryan Davis
44275,Richard Rogers
89272,Logan Rodriguez
96881,Andrew Bradshaw
12020,Amber Bentley
92074,William Villegas
67885,Carol Marquez
38831,Eric Hunt
17378,Adam Mccoy
72229,Stephanie Barron
60756,Denise Rosales
94456,Erika Taylor
22343,Kathleen Gillespie DVM
62051,Kevin Horton
65013,Valerie Mitchell
64430,Victoria Turner
73418,Anthony Jordan
13013,John Valencia
29694,Jeffery Kirk
76218,Chelsea Young
53223,Kimberly Waters
76997,Ashley Lewis
95749,Brian Rosario
59297,Rodney Reyes
81163,Anne Mcdaniel
98187,Beth Scott
82498,Katherine Thompson
98395,Summer Fitzgerald
98252,Pamela Strong
77142,Nicole Zhang PhD
27931,Preston Hopkins
16973,Ruth Allen
61139,Alexandra Foster
85113,Joseph Keith
38219,Andrew Yu
94816,Linda Montgomery
52779,Todd Figueroa
82511,Danielle White
53614,Jessica Mccoy
53079,Douglas Singh
51905,Shari Espinoza
72887,Valerie Mccormick
69245,Bradley Mercado
34734,Sharon Sparks
54754,Amy Thompson
97933,Danny Turner
99604,Dr. Sara Sanchez
26012,Zachary Miller
98977,Miranda Jones
22625,Daniel Goodman
68998,Nicholas Moore
58767,Ian Pollard
56163,Mark Proctor
32259,Andre Baker
94950,Jose Short
27059,Cameron Doyle
75904,Richard Salinas
37751,Edwin Arias
27855,Christina Bender
75478,Charles Hubbard
31735,Cynthia Willis
37999,John Hale
94936,Megan Porter
92589,Ann Miles
81263,Marie Olson
88147,Kayla Cunningham
12008,Christine Hoffman
74277,Veronica Cook
92746,Shelly Anderson
35025,Elizabeth Peters
51508,Ronald Whitney
77170,Bryan Burch
83444,Anna Vasquez
89159,Dwayne Mcdaniel
91084,Stephanie Solomon
53072,Mr. David Scott
47487,Nicole Martinez
14448,Angel Mack
41299,Amber Taylor
76543,Kara King
88984,Michael Baxter
86501,Bradley Merritt
17664,Jose Rivera
40569,Aaron Williams
94720,Lori Contreras
89444,Alicia Clark
89285,Justin Alvarado
99448,Wesley Cox
15057,Mr. Edward Mcdonald
79997,Daniel Gonzales
66959,Jeffrey Kemp
34222,Cassie Gibson
45898,Ashley Carlson
68604,Heidi Humphrey
25869,Brian Schmitt MD
81070,Thomas Yang
77166,Laurie Johnson
19337,Scott Turner
86122,Luke Olson
33160,Christopher Tran
59876,Rebekah Cole
43658,Carly Crane
76936,Toni Harper
23499,Darren Jenkins
17919,Steven Rogers
35602,Susan Myers
83107,Philip Wilson
29044,Jennifer Hart
22596,Beth Gonzalez
97878,Kelly Smith
21197,Joshua Monroe
41227,Leah Garcia
57568,Scott Barnes
13749,Patrick Anderson
68019,Isabel Todd
74486,Michael Bell
49873,Daniel Glass
98553,Juan Harris
98614,Garrett Jackson
31778,Jake Gilbert
14703,Todd Nichols
58983,Ana Ortiz
10600,Dr. Courtney Williams
35240,Steven Hayden
57947,Daniel Harris
57346,Mary Mcfarland
32557,Gabrielle Delgado
20231,Andrew Clark
14576,Tracy Gonzales
21982,Timothy Yang
63468,Cassandra Smith MD
66885,James Palmer
73858,Peter Estes
98183,Michael Pham
40488,Danny Burns
69116,Deborah Wheeler
48780,Mrs. Laura Peterson
98577,Christina Duarte
60542,Wendy Schroeder
33631,Kimberly Wilson
83062,Michele Roberts
47054,Rebecca Ellison
69061,Dr. Lisa White
93877,Jason Becker
29472,Tammy Barnes
72597,Debra Mercado
80725,Jeffrey Stevens
53399,Chad Miller
35692,Michael Travis
77541,Carl Cantu
16590,Harry French
90641,Mr. Christopher Castro PhD
89123,Shawn Holmes
85728,Tara Wiley
84016,Jeremy Booth
92957,Dawn Smith
72943,George Ruiz
81734,Maria Hudson
87092,Selena Campbell
96743,Mr. Peter Washington
85859,Sean Terry
13973,Susan Hubbard
52144,Jonathon Morris
88719,Monica Cooper
53313,Shelby Mckenzie
40171,John Holloway
68826,Gregory Freeman
87395,Micheal Small
55765,Caleb Booth
26338,Kristen Salazar
34910,April Hinton
29797,Stacey Curtis
26562,Leslie Hurst
31219,Frank Hall
27251,Luis Wheeler
23522,Elizabeth Gutierrez
30024,Brent Fitzgerald
51625,Heather Hernandez
53032,Ashley Cruz
86251,Robert Phillips
47065,Patrick James
18038,Dorothy Anderson
72049,Angela Vasquez
16732,Rebecca Arroyo
71876,Janice Johnson
79086,Raymond Parks
99456,Christopher Ellis
29834,Wanda Myers
69502,Tara Mitchell
66525,Christopher Green
65462,Jason Heath
53442,Kelly James
55033,Randall Martinez
60111,Rick Reyes
74088,Austin Owens
31514,Teresa Carter
68750,Christopher Harris
63756,Randy Sanchez
51523,Donald Olson
51206,Zachary Campbell
61780,Jared Bernard
72310,Tiffany Klein
34980,Krista Thompson
57684,Stephen Craig
61546,Herbert Perkins
64110,Deanna Flores DVM
32901,Gina Wilson
93147,Kristin Roberts
84360,Olivia Ruiz
16435,Gerald King
98340,Austin Warren
55309,Natasha Morris
48910,Grace Simpson
84386,Christine Gallegos
69394,Aimee Willis
99424,James Brown
37997,Colleen Hudson DDS
60275,Tony Poole
22744,Susan Spencer
41137,Karen Mclaughlin
19075,Robert Weeks
51656,Matthew Landry
88152,Shawn Wilson
84442,Charles Gillespie
65442,Andrew Jackson
73354,Theresa Evans
66176,Evan Williams
85471,Sandra Christensen
25878,Jennifer Nelson
86406,Brianna Vincent
68804,Diana Jones
98606,Lisa Wilson
59027,John Kennedy
80936,Daniel Holloway
52877,Mike Wood
78645,David Giles
92285,Alex Johnson
55436,James Ibarra
73235,Erika Jordan
14041,Cody Alvarado
19176,Diane Valentine MD
60276,Nicholas Romero
50764,Raymond Pineda
90064,Lindsay Rodriguez
40029,John Mack
79180,Kyle Bradshaw
79760,Carlos Morales
38646,Bridget Williams
77562,Ross Eaton
42201,Danielle Larsen
75556,Tony Coleman
25554,Shawna Salas
57954,Katherine Moore
67371,Daniel Scott
86225,Bethany Bennett
80554,Jane Mills
98991,Amy Combs
55707,Natasha Martin
72272,Amanda Jones
44221,Dawn Turner
31640,Laura Collins
20321,Amanda James
32845,Ruben Buchanan
71839,Sarah Ferguson
32370,Marie Alvarez
41075,Oscar Baldwin
43703,Jordan Compton
18426,Sandra Mullins
39310,Victor Phillips
18530,Nicole Williams
46293,Rebecca Ford
36078,Tracy Watson
15978,Sharon Morris
74770,Debra Cooper
99727,Andrea Dixon
70468,Timothy Burch
21875,Alicia Vazquez
86218,Heidi Mills
92625,Joshua Gay
96264,Benjamin Webb
20532,Andrew Waters
19316,Christopher Clark
48102,Johnny Edwards
33851,Ryan Odonnell
75774,Sarah Park
22805,Joshua Hill
25072,Steven Wright
96164,Michael Mejia
94024,Natalie Young
85931,Elizabeth Rosales
30052,Michael Clay
14631,Allison Hudson
94082,Matthew Cook
24939,Jillian Hoover
16474,Tiffany Stewart
94853,Christopher Stone
73784,Daniel Stone
43232,Jerry Jones
20226,John Reilly
64492,Jared Cameron
45688,Brenda Richardson
59962,Trevor Ingram
15909,Joel Dominguez
32362,Jessica Jennings
16629,Margaret Stewart
26782,Sherry Collins
66852,Henry Weiss
76611,Matthew Barnes
83134,Vanessa Carter
41633,Frank Holmes
93782,Kristin Mccullough
31922,Rodney Edwards
89307,Tyrone Hanson
94486,Ryan Stewart
21432,Catherine Solomon
60825,Rebecca Castro
36560,Julia Romero
30537,Tammy Patterson
38343,Katherine Hall
26125,Justin Baxter
76193,Chad Reed
74960,Dr. Edward Reed
62408,Mrs. Stacy White
95974,April Reyes
36086,Bradley Frazier
41184,Kathleen Gray
65485,Joseph Hickman
19577,Brandon Johnson
41085,Christopher Jenkins
76307,Carla Austin
61348,Courtney Walker DDS
73636,Samantha Cordova
73738,David Foster
57538,Ms. Hannah Jones
50701,Maria Parker
49125,Timothy Bailey
96635,Sarah Lawson
93917,Scott Johnson
37004,Miguel Williams
18963,Stephen Nichols
49131,Amanda Morris
76699,Paula Sharp
82477,Beth Hudson
98328,Jesus Brooks
80418,Luis Perry
91821,Thomas Nelson
80592,Taylor Dorsey
13693,Rita Walsh
97596,Mrs. Mariah Howard
76308,Caroline Harrington
10723,Christian Davis
27602,Andrea Martin
39302,Victor Tucker
39651,Christina Bernard
56375,Sheila Brandt
73924,Ralph Coleman
19923,Dr. Danielle Watts
85380,Carolyn Banks
56755,Brian Moore
83511,Laura Velazquez
86924,Kristen Martinez
83572,Carly Jordan
23088,Albert Davis
67514,Alejandra Moore
71749,Jessica Wood
50648,Douglas Stout
33506,Heidi Drake
12399,Ian Nash
96875,Jennifer Burke
42091,Bryan Webb
27758,Kimberly Lowe
68339,Sara Hernandez
41913,Kevin Becker
87024,Willie Gordon
97404,Adrian Mays
95440,Stefanie Warren
41791,Thomas Carlson
95342,Brian Carter
45923,Courtney Roberts
61875,Stacey Mahoney
36576,Scott Baker
63420,Alexander Clark
81561,Stephanie Hines
81597,Megan Reynolds
14240,Heidi Cortez
24880,Jay Meyer
36944,Michael Bauer
65421,Theresa Mullins
86687,Joseph Crawford
42712,Craig Poole
78258,Christopher Hayes
34017,Erika Walsh
70544,Christopher Flowers
84410,Clayton Roy
38484,Albert Weaver
50703,Jacob Stephens MD
45031,Jasmine Molina
49654,Maria Moore
12284,John Cabrera
53103,Devin Mitchell
91078,Nicholas Ford
29343,Misty Armstrong
46034,Anthony Hale
62670,Wayne Jones
16215,Trevor Dean
28399,Michelle Parker
51877,Carly Chapman
19143,Margaret Bennett
73539,Lawrence Blair
34047,Thomas Adams
83882,Dr. Sean Wilson
71759,Charles Booker
67644,Terrence Green
67538,Anne Wilson
58354,Charles Byrd
17564,Joshua Medina
23133,Lisa Schmidt
74285,Kevin Washington
13044,Kevin Riddle
17087,Maria Roberts
44056,Chad Wright
29631,Joshua Lane
99411,Robert Howell
30357,Veronica Tucker
37840,Nathaniel Sparks
57960,Robin Frye
10999,Donald Gonzalez
16338,Melissa Carpenter
93962,Jordan Moore
43812,Joseph Valencia
14893,Cynthia Christian
97608,Adam Ruiz
19270,Troy House
63551,Stephanie Ortiz
36133,Cheryl Ho
80796,Allison Leonard
11834,Tyler Durham
50522,Christopher Middleton
39679,Ian Steele
24921,Priscilla Roberts
30784,Barbara Fleming
62971,James Mullins
23476,Steven Elliott
82920,Jill Rice
56443,Miguel Chambers
91698,Michael White
41250,David Avery
14379,Tina Green
53003,Carl Welch
66687,Jacob Byrd
79490,Garrett Zuniga
68812,Austin Glass
77498,Eric Williamson PhD
95368,Randy Gonzalez
46335,Megan Roberts
57291,Nancy Randall
94814,Taylor Flores
87663,Diana Bell
45778,Erin Harris
26073,John Gray
87183,Lindsey Lewis
50093,Heather Flowers
59896,Kara Bowers
66544,Jesse Miller
76092,Ronald Hoffman
95720,Jeffrey Kane
90870,Candace Payne
80261,Kristin Bailey
77387,Kristin Carlson
20611,Jill Wood
61508,Nancy Johnson
72822,Mitchell Berg
25819,Garrett Wu
61035,Kristi Ward
42467,Kent Miranda
17454,Susan Vega
91042,Heather Delgado
30227,Judy Gutierrez
81973,Peter Cruz
38704,Martha Diaz
23159,Dawn Benitez
59823,Kimberly Hernandez
24303,Steven Alvarado
48860,Jeremy Wilson
84866,Ryan Zimmerman
10160,Timothy Patel
54321,Cassie Henderson DVM
91714,Cathy Moore
79950,Jason Herring
63709,Kim Hatfield
52945,Abigail Thomas
94876,Derrick Peterson
98115,Shelley Williams
91756,Kristine Gomez
18243,Cody Rollins
53625,Willie Barber
91340,Mario Gregory
93664,Kristi Garcia
87438,Julie Patel
76685,Tony Gordon
12559,Angela Hess
20369,Crystal Thomas
43835,Keith White
28213,Anna House
43690,Jordan Leonard
33130,Christopher Henry
93470,Dustin Li
77580,Hector Pitts
48581,William Cross
49865,Hunter Dean
77133,Brian Douglas
77857,Julia Ward
64010,Daniel Burton
40648,Renee Diaz
36597,Derek Espinoza
44085,Ellen Johnson
41477,Thomas Evans DDS
41657,Karen Warren
62707,Sherry Dickerson
96217,Ryan Williamson
93477,Joshua Singleton
65456,Tyler Rojas
76605,Andre Armstrong
72901,Aaron Aguilar
75640,Allison Cox
62905,William Maldonado
15042,Cheryl Hoffman PhD
30419,Erin Rocha
60999,Whitney Bartlett
61724,Anna Nelson MD
33349,Brian Downs
41627,Austin Sullivan
60135,Juan Clarke
42264,Eric Cochran
14647,Jenna Smith
40627,Levi Melton
83076,Ann Diaz
59278,Kathleen Thompson
57878,Carrie Young
99310,Christine Reynolds
23300,Kevin Gray
72262,Ronald Miller
93534,Wendy Clayton
86172,David Wolf MD
44274,Ruth Aguilar
46243,Christopher Christensen
39930,Jaclyn Hill
78793,Lindsay Carter
24116,Dr. Sarah Sanders
41507,Wayne Brown
43003,Tara Clark
14753,Tyler Howe
79699,Shane Pineda
36556,Andrew Huynh
82647,Paula Richard
67309,Mallory Elliott
19391,Kyle Scott
50467,Janice Terrell
74964,Frances Gray
84344,Barry Patrick
85681,Christina Hubbard
19009,Brenda Kennedy
15386,Kathleen Newman
88539,Katelyn Myers
29487,Brett Nguyen
42958,Steven Chase PhD
19910,Matthew Buchanan
50122,Yolanda Nguyen
35406,Michelle Armstrong
46240,Dr. Rebecca Kelly
48041,Ronald Hall
94018,Theresa Collins
45353,Elizabeth Rhodes
86053,David Contreras
10450,Martin Whitehead
24174,Shannon Watson
18956,Michelle Gordon
72974,Tammy Howard
53513,Christopher Edwards
43249,Kara Green
61559,Jessica Griffith
25038,Spencer Murray
24480,Daniel Lewis
14648,Elizabeth Tapia
26459,Alexis Crawford
26166,Todd Carter
39344,Erin Fox
20527,Victor Rice
76996,Joshua Christensen
50269,Jerry Lewis
88913,Tony Flowers
86976,Hannah Lee
72790,Amanda Christian
11998,Jeremy Medina
45358,Melissa Peck
58071,Anthony Young
34774,Leslie Jenkins
20659,Mary Stephens
11097,Kevin Pearson
77677,Eric Kennedy
66172,Justin Parker
82039,Alyssa Hall
66488,Kayla Duncan
36884,Peter Lopez
54805,Rhonda Shaw
59423,Julie Burgess
57311,Cory Curtis
93287,Jessica Gibson
82557,Joseph Evans
53410,Erik Holmes
13311,Douglas Villanueva
85386,Kelly Maldonado
35018,Andrew Rodriguez
18800,Joshua Jones
43860,Alexander Sanders
13784,Terry Aguilar
65764,Dana Guzman
42390,Timothy Foster
94777,Eric Hudson
77480,Anthony Vega
45639,Javier Smith
84670,Amanda Frank
16604,Mr. Benjamin Williams
58585,Betty Ramirez
50407,Alisha Taylor
12138,Donna West
98857,Jessica Johnson
81651,Calvin Valdez
46112,Blake Smith
33532,Frank Pruitt
17681,Erin Carson
80222,Gerald Munoz
49467,Jeff Thompson
61782,Peter Shields
22835,Gina Miller
25281,Edwin Pierce
92143,Michael Walls
38226,Jenny Oliver
77057,Philip Powers
48816,Timothy Lambert
47912,Yvette Thompson
81843,Janice Smith
41010,Ashley Scott
87586,Heather Phillips
20284,Jennifer Salas
88191,Dana Alvarez
72674,Jennifer Solis DDS
10736,Lori Garcia
39594,Veronica Daniel
72238,Courtney Marshall
98898,Linda Duncan
26244,Wayne Richmond
16663,Barbara Clark
88881,Katherine Waters
94201,Jacqueline Douglas
17348,Michael Leblanc
48801,Mr. Terry Martinez
80155,George York
56943,William Watts
51345,Jonathan Moore
71363,Richard Hughes
64091,Holly Fields
20566,James Hensley
43281,Tamara Bell
67370,Jennifer Cohen
89769,Misty Duncan
43432,Joshua Cruz
54944,Joshua Barnett
32208,Johnny Gibson
49006,Daniel Stevens
32695,Janet Warren
60692,David Webster
85483,Tracy Brewer
87851,Glenn Diaz
71176,Angela Mccullough
49925,Mr. Aaron Ward
18499,Amanda Aguilar
54429,John Brock
53793,Michael Roberts
21556,William Moore
10703,Brooke Sanders
82174,Debra Stevens
10354,Miss Angela Dean
43314,Kevin Case MD
24973,Theresa Robinson
80672,Willie Diaz
75645,Colleen Keller
60650,Brianna Taylor
73497,William Coleman
67906,Yolanda Saunders
66044,Matthew Robinson DDS
74831,Marc Beltran
24944,Robert Bass
56459,Ariana Ward
42944,Erin Santos
37774,Diana Mcdonald
97302,Darrell Reyes
55040,Olivia Perry
15056,Brandon Baldwin
68238,Amber Dickerson
74957,Nicholas Gonzalez
81945,Juan Mccoy
23598,Tanya Tucker
26810,Carolyn Bishop
15250,Michael Michael
25158,John Barrett II
81488,Savannah Russell
36482,Sheri Cole
69963,Meghan Fernandez
37149,Alexandra Nelson
62719,Christopher Gates
97888,William Delgado
18947,Latasha Lopez
16303,Shawn Gay
83479,Suzanne Velasquez
51742,Elizabeth Day
47409,Christopher Branch
15780,Bryan Little
89830,Andrea Espinoza
16183,Denise Barr
83469,Nicole French
69417,Sherry Smith
92410,Robert Perez
30373,Justin Dean
62620,Madison Dunn
60200,Cheryl Maldonado
26582,Daniel Gibbs
87914,Jasmine Trujillo
84126,Jessica Frost
92379,Todd Mckinney
40944,Anita Green
98852,James Fernandez
86974,Christopher Rogers
64613,Elizabeth Mayer
11293,Wendy Ford
86119,Richard Ryan
93118,Alexander Hernandez
64159,April Bailey
31318,Dr. Brian Vasquez
33313,Crystal Mason
52924,Bradley Miles
88842,Brenda Webb
90918,Lacey Burns
37161,Thomas Morton
69073,Thomas Kelley
49041,Carolyn Jones DVM
37250,Stephen Nielsen
82952,Thomas Conrad
53689,Rhonda Fox
44459,Susan Lopez
55298,Ronnie Vasquez
77951,Cassandra Downs
75489,Kenneth Sanders
33226,Eric Jimenez
18818,Mandy Ford
12305,Melissa Sims
67186,Joshua Sanders
98270,Taylor Torres MD
63107,Matthew Henry
91121,Christina Olson
64414,Madison Nguyen
78753,Kenneth Rodriguez
77621,Timothy Marshall
22679,Rachel Mcneil
22879,Andrea Ryan
16803,Elizabeth Brooks
14216,Robin Newman
20923,Hector Mcdaniel
60411,Bradley Long
68402,James Harrison
66331,Anna Blair
29832,Karen Williams
58878,Daniel Miles
32315,Andrea Cross
74552,Shawn Rodriguez
14376,Anthony Lloyd
89183,Darrell Lopez
49932,Jeremy Perry
74377,Joseph Bartlett
93726,James Lopez
92506,Lorraine Morse
47220,Mr. Brian Carter
76022,Timothy Wallace
99474,James Avila
77244,Leonard Dorsey
23356,James Simmons
56514,Adam Padilla
46774,Charles Johns
31011,Daniel Lucas
29414,Mr. James Barber
47070,Stephanie James
41859,James Young
63532,Erika Roy
36387,Elizabeth Austin
27321,Destiny Joseph
81775,Wesley Young
42267,Dr. Kathryn Mahoney
29255,Donna Fuller
35458,Aaron Hunter
20200,Thomas Edwards
13636,Kendra Lopez
64881,Kyle Chavez
86285,Mike Anderson
74775,Denise Green
47689,Clarence Webster
79399,Shane Mendoza
56956,Mike Adams
48016,Nicole Leonard
36712,Paula Holt
77553,Shawn Foster
37725,Kristy Webster
30195,Erica Chase
80316,Sonya Carter
98456,Lydia Moore
53631,Brianna Beck
91280,Caitlin Hurst
83160,Kathleen Chapman
48039,Kevin Matthews
63679,Jimmy Robinson
64182,Elizabeth Norton
47137,Jonathan Myers
97387,Janet Smith
72771,Stanley Guerra
82961,Jennifer Boyer
64628,Steven Haley
92152,Paul Pena
76723,Amy Day
15423,Beverly Zavala
82535,Amanda Garcia
80434,Steven Fox
14805,Matthew Pacheco
60000,Tamara Mendez
60802,Rickey Powell
39767,Dennis Pratt
83641,Destiny Miller
67289,Jennifer Nguyen
69215,Adam Rodriguez
15925,Allison Jackson
40873,Jessica Robinson
86029,Jay Jones
43459,Jeffrey Brown
64049,Tyrone Schmidt
68505,Ronald Wilson
11703,Shawn Jackson
15227,Natalie Ruiz
54339,Lacey Hill
18331,James Mcguire DDS
62584,Mrs. Margaret Sosa
76194,Grace Harris
14661,Corey Stein
40222,Christopher Cummings
89070,Jennifer Bishop
73396,Jeremiah Cole
61900,Megan Taylor
83050,Autumn Hartman
10851,Antonio James
13868,Kayla Lloyd
84070,Jillian Archer
25683,Donald Robinson
77322,Jason Reed
88399,William Riley
13748,Jonathan Blevins
98629,Jason Gilbert
48074,Richard Hicks
62022,Donald Moore
40122,Douglas Griffin
92611,Elizabeth Carroll
46646,Randall Turner
13916,Betty Zimmerman
43426,Keith Fields
67527,Danielle Burch
31803,Megan Williams
48701,Lori Obrien
93623,Chad Adkins
63583,Amber Nielsen
86980,Nicholas Frye
97480,Scott Richardson
43170,Diana Patterson
67316,Stephen Forbes
91357,Elizabeth Jackson
83963,Eric Bryant
39587,Steven Johnson DVM
63162,Martin Durham
43390,Susan Macias
70678,Kirsten Benitez
60985,Christina Mercado
68596,David Hamilton
34814,Travis Colon
81381,Daniel Griffith
15708,Darren Jones
33085,Bradley Woods
33283,Brian Benitez
61584,Curtis Nelson
64190,Deborah Mccormick
49274,Austin Spencer
35740,Casey Stokes
88395,John Sims
19168,Jeffery Castro
51919,Susan Castillo
31955,Laura Peterson
74566,Melissa Garza
45102,Michael Orozco
95344,Carla Allen
65181,Rebecca Hunter
21476,Benjamin Franklin
58725,Kelly Berry
74388,Allen Davis
18885,Karen Friedman
18372,Nicole Roman
35764,Matthew Wright
95087,Dr. Larry Guzman
37018,Nathan Berry
50689,Joseph Hall
79929,Miss Vanessa Hill
33222,Teresa Collins
43957,Donna Miller
54695,Amy Fletcher
15004,Bonnie Hamilton
40473,Angela Garza
79614,Micheal Reyes
97283,Joseph Freeman
54334,Danielle Humphrey
27618,Daniel Turner
42777,Adrian Salazar
90768,Emily Norton
15048,Michael Erickson
29955,Angela Wilcox
17286,Rebecca Cruz
13702,Jesse Lawrence
58010,Nicholas Russell
58564,Anthony Carlson DVM
73614,Kim Moore
38899,Courtney Wilson
23526,Joseph Bonilla
90111,Abigail Campbell
47243,Mr. James Morgan
45147,Monica Montgomery
51885,Tammy Hall
37040,Jenny Nelson
29281,Jeremy Howell
48874,Devin Hayes
14334,Desiree Butler
14089,Bruce Smith
28501,Sandra Cole
19990,Eric Weaver
14114,Stephanie Evans
80542,Melody Torres
95364,Robert Morrow
74751,Anthony Hunter
87114,Gary Stevens
59349,Kari Greene
41736,Karen Dickson
95253,Patricia Young
86619,Kayla Cain
92051,Laura Johnson
84821,Daniel Dennis
10766,Cindy Gordon
87496,Jesse Chase
86521,Virginia Graham
45186,Joseph Delgado
48756,Robert Hammond
99710,Stephanie Kelly
72982,Tamara Dunlap
81093,Kari Wilkerson
48353,Alicia Fischer
21836,Laura Rodriguez
37860,Kelsey Hines
82649,Anthony Flynn
96580,Pamela Burke
32187,Vanessa Freeman
74482,Margaret Jones
84541,Dr. Jeffrey Ryan
21440,Dean Carrillo
85418,Hailey Davis
71646,John Ortega
35843,Mary Roberts
34553,Jacob Bowman
45029,Katherine Wilcox
84835,Michael Cervantes
81706,David Melendez
40197,Duane Johnson
37438,Karen Burton
63316,Aaron Hunt
23873,Catherine Villarreal
54307,David Haynes
28039,Erica Jensen
27350,Maria Cummings
68519,Robert Jackson
62435,Christopher Luna
72454,Stacy Gordon
92100,Briana Larson
41487,Anthony Everett
73334,Adrian Graves
24459,Yolanda Bryan
32705,Sharon Cobb
33490,Jeanette Hicks
73216,Molly Cook
68593,Matthew Franklin
47026,Shelly Simmons
43260,Nancy Sampson
93749,Maria Levine
98941,Melissa Day
53162,Paul Case
96775,Alicia Burke
94552,Morgan Coleman DVM
46098,Ronald Moran
21493,Katherine Williams
24435,Bryan Knight
88877,Larry Bartlett
33262,Jason Myers
46061,Randall Wise
76575,Monica Gonzalez
63020,Donald Reed
85717,Michael Thomas
12765,Ana Andrews
76147,Dana Green
20775,Tara Potts
49469,Paul Briggs
71679,Jose Prince
46839,Mia Camacho
68008,Wanda Ferrell
95034,Linda Melton
27974,Kelli Harding
28752,Micheal Chang
41528,Luke Mcclain
96428,Sonya Hobbs
68271,Hunter Velez
16893,Kimberly Peters
38851,James Carey
77390,Miguel Santana
60841,Christopher Ochoa
59868,Wanda Hendricks
48155,Lori Martin
34085,Michael Keller
96327,Laura Allen
46869,Joel Cole
78131,Margaret Hughes
18829,Molly Yang
39129,Latasha Fox
36340,Yvonne Bennett
32202,Corey Brown
13551,Teresa Haley
36691,Sara Peck
34371,Brian Phelps
59271,Cody Bush
60026,Laura Mitchell
29378,Karen Pace
24681,Nicole Morgan
70660,Brandon Edwards
95571,Rodney Green
64937,Amanda Wright
19930,Cynthia Barnett
12675,Jessica Lin
91887,Melanie Graham
29045,Nicholas Ochoa
72823,Thomas Stanley
31940,Edwin Reeves
57031,Joel Valencia
26658,Anna Watson
53637,Danielle Richardson
75604,Mark Anderson
94694,Dr. Rodney Johns
18769,Laura Murphy PhD
47039,Robert Castillo
90449,Kenneth Pope
85976,Danny Butler
95327,Bailey Smith
24118,Erik Proctor
49624,Monica Mendez
91387,Arthur Meyer
19366,Timothy Reyes
40907,Rachel Munoz
59381,Julie Jones
82634,Jennifer Giles
52905,Vincent Thompson
63136,Stacy Edwards
35780,Miss Linda Hudson
13788,Stephanie Wells
23781,Nicole Washington
81471,Kim Mason
19619,Brian Ramirez
35053,Linda Clark
44722,Nicholas Lewis
76592,Megan Wiggins
12640,Mr. Robert Johnson
62683,Miguel Peters
14427,Stacie Gibbs
91497,Kimberly Norton
75149,Garrett Durham
36628,Mr. Steven Hendricks
90155,Ashley Long
88127,Ashley Richard
29652,Anthony Hodge
37461,Morgan Baker
64866,Christina Chapman
58875,Kristen Taylor
40887,Daniel Roberts
38813,Angela Drake
55430,Dustin Allen
25682,Ruben Graham
65690,Corey Dawson
48568,Jesse Cordova
15143,Meghan Wilson
36282,Anne Martinez
44924,Elizabeth Smith
85985,Whitney Newton
35801,Wanda Lopez
85161,Jacqueline Patel
66092,Brianna Smith
12049,Krista Phelps
85549,Carl Lee
86518,Stephen Phillips
60286,Haley Yates
83289,Terry Black
65371,Stephen Turner
24547,Jeremy Allen
44744,Desiree Smith
91525,Courtney Watson
78549,Kiara Powell
88034,Cynthia Lewis
98414,Kathleen Nguyen
97840,Heather Brown
59358,Stephen Gomez
90529,Nicholas Graves
14160,Sheila Stark
32943,Mike Wilson
60174,Carrie Bush
89747,Amy Cohen
66917,Gina Roberts
12524,Samantha Spears
59123,Dana Oneal
57098,Larry Skinner
85192,Terri Olson
70064,Leslie Jones
57846,Allen Fuller
96447,Elizabeth Craig
81916,Mr. David Morris
98708,Scott Reynolds
93761,Kyle Hall
48613,Crystal Allen
34900,Nicholas Gonzales
47293,Olivia Garcia
96369,Ricky Nash
69022,Tiffany Brooks
19711,Felicia Morgan
78378,Preston Perez
48300,Kelly Russell
14476,Morgan Clayton
97239,Danny Bolton
26608,Cynthia Figueroa
35478,Anthony Peck
56876,Kathleen Clark
48181,Mary Stokes
57623,Terry Shannon
51566,Jack Flynn
57780,Robert Everett DVM
35017,John Woods
45423,Debbie Curry
48169,Juan Davis
55999,Joshua Robinson
25472,Sabrina Higgins
87334,Amanda Gray
45745,Karen Stafford
57611,Luis Rosales
83020,Brett Townsend
35500,Jonathan Aguilar
91641,Diana Reid
77561,Jason Pratt
39546,Douglas Stanton
80313,Melinda Reyes
21218,Christina Bailey
28566,Dennis Clark
72765,Carlos Gray
64154,Danielle Wood
43461,Ana Serrano
52643,Jaime Sanchez
99860,Morgan Morgan
87635,Rhonda Thompson
99101,Jennifer Dennis
41345,Anthony Baker
60175,Justin Wilson
50986,Justin Glover
43539,Colleen Vasquez
31887,Elizabeth Rogers
81999,Jennifer Foster
63466,David Newton
95723,Joel Davis
61029,Christopher Meyer
60345,Joshua Hess
45234,Heidi Avila
13187,Laura Valdez
77534,Barbara Jones
90554,Stephanie Barnes
50542,Jason Walker
78044,Monica Kelly
10148,Nicholas Graham
61053,Brittany Adkins
65006,Dr. Dustin Mack
20432,Ronald Carpenter
54264,Lindsey Washington
93660,Katelyn Frost
14257,Stephanie White
73011,Monica Oliver
62175,Francisco Stewart
15577,Melissa Blevins
22840,Juan Butler
90024,Lucas Armstrong
74952,Anita Cordova
84107,Miss Cynthia Bray
32203,Nancy Serrano
83141,Tracy Sutton
18056,Sarah Keller
52773,Mark Eaton
92620,Keith Baker
52109,Alejandro Campbell
33279,Daniel Richards
17873,Nicholas Klein PhD
90812,Juan Murphy
48087,Darlene Green
80880,Linda Berry
22226,Heidi Jennings
65050,Paul Mason
44037,Christopher Salazar
52756,Joseph Monroe
48411,Mark Glover
86331,Tammy Spears
98684,Lynn Jones
64236,Mr. Donald Mcguire
36396,Lori Freeman
68659,Kelly Burgess
62514,Kristin Farrell
39959,John Daugherty
73556,Rachel Dorsey
77727,Leonard Patel
73543,Thomas Parsons
68920,Dr. Yvette Phillips
88343,Patty Craig
53383,Vincent Harper
70168,Jacqueline Krueger
78581,Eric Gregory
13265,Yolanda Bates MD
64854,Jay Conrad
48685,Adam Chavez
41056,Tiffany Pierce
65403,Carmen Woods
77035,Raymond Levine
98349,Lori Thomas
49726,Megan Torres
43623,Patrick White
93870,Christina Anderson
79563,Gabriella Farrell
26745,Abigail Black
36248,Samantha Howard
73709,David Hampton
90309,Lee Miller
63820,Carlos Smith
38623,Matthew Harrison
62485,Nicholas Grant
91472,Raymond Jackson
15068,Karen Carey
28980,Erik Mccoy
47858,Julia Robinson
88827,Darlene Rollins
50169,Guy Trevino
63861,Mr. Darius Franklin DVM
72573,Kelly Price
63218,Paul Mcdonald
79528,Kelsey Harmon
19082,Helen Olson
99966,Charles Newman
11695,Lisa Blanchard
54220,Dana Jimenez
19528,George Porter
10248,Julian Lara
19888,Daniel Hanna
25118,Margaret Garcia
76224,Amanda Conley
10223,Lawrence Chambers
44527,Danny Green
30199,Donna Jenkins
91973,Robert Macdonald
88883,Brian Franco
92619,Jessica Ross
98545,Stephanie Morris
29755,Scott Anthony
14384,Lisa Patterson
76987,Angela Stokes
75846,Thomas Booker
57154,Shannon Ray
84710,Anita Hurst
38372,Timothy Brady
91548,Russell Mitchell
19841,Amanda Floyd
98915,Andrew Franklin PhD
27966,Jennifer Mcpherson
24601,David Jensen
98089,Dana Wright
88766,Joy Jones
91835,Lisa Vazquez
16784,Kristy Thompson DDS
84092,Jennifer Cook
18336,Christian Johnson
11066,Preston Andrews
19768,John Garcia
17182,Stephanie Padilla
22416,Gregory Porter
63305,Nicole Morales
55109,Anthony Brock
68591,Peter Wilson DVM
54746,Jessica Ortega
83860,Sarah Robbins
21837,James Wheeler
11266,Sean Mccall
96257,Mrs. Melanie Doyle
21473,Ricky Reynolds
32742,Dalton Villarreal
70659,Sandra Snow
66409,Fernando Brown
99243,Jason Robertson
46217,Daniel Hudson
68792,Christopher Le
60847,Tracy King
85686,Alexandra Parks
91081,Colleen Pope
98223,Annette Lutz
98625,Stacey Gallegos
43996,Andrea Thornton
20754,Julia Bailey
14211,Laura Cantrell
14394,Joel Ford
30267,Meredith Mendez
65347,Brianna Foster
43775,Jacob Davis
51171,Brian Harris
83633,Cynthia Woods
14070,Michael Gutierrez
13893,Megan Alvarez
84991,Angelica Farmer
90595,Phyllis Lee
95393,Amanda Gutierrez
19204,Clarence Bird MD
40491,Jordan Chang
92715,Lauren Sullivan
60355,Jose Smith
31408,Brenda Crane
15892,Mark Roberts
43188,Sharon Morales
12257,Sharon Alexander
42051,Michael Nelson
16079,Amber Hughes
63252,Nicole Hanson
63743,Jeremy Horn
62330,Max Griffith
35306,Emily Scott
17554,Eric Daniels
18370,Debra Gentry
15609,Daniel Suarez
73291,Deanna Anderson
99153,Michelle Hoffman
24008,Regina Boyd
35104,Matthew Brennan
11410,Angela Lee
90258,John Simmons
53559,Henry Wells
51295,Christopher Kane
69979,Tracy Davis
91726,Anthony Turner
98370,Billy Valencia
58387,Evan Rogers
59362,Diamond Boyd
19859,William Ray
60606,Justin Little
80566,Jill Cain
25955,Gina Martinez
30528,Raymond Baker
75976,Cindy Woods
32504,Andrew Ibarra
67894,Margaret Miller
67795,Karen Villa MD
18846,Thomas Gallagher
22534,Dana Davis
82040,David Chan
10667,Lacey Gay
57451,Juan Ross
96296,Mr. Keith Garcia
13622,Amber Herrera
57149,Emily Alexander
94430,Daniel Campbell
34435,Lawrence Owen
72260,Dean Ruiz
44161,Lucas Phelps
99394,Brian Herring
17569,Jason Rose
82173,Jeremy Wilkerson
27939,Olivia Woodard
81812,Jennifer Hall
34063,Tyler Moore
78925,Melanie Harper
88091,Robert Vincent
82272,Lawrence Navarro
38673,Nicole Miller
10971,Kristina Lewis
41356,April Benson
82944,Brian Clark
73362,Melanie Alexander
13847,Miss Julie Martinez
25908,Diane Stevens
73798,Mckenzie Huff
47080,Alexander Reed
88394,Brian Green
53085,Cody Olson
62342,Blake Gilbert
99517,Nicole Williamson
19854,Carol Lane
87006,Michael Barnes
80977,Jody Cooper
99436,Carolyn Mathis
32294,Margaret Oconnell
20549,Amy Henderson
48651,Laura Benton
52900,Kristin Young
29535,Wesley Logan
82595,Nicholas Schultz
19199,Natalie Lyons
88553,Michael Prince DDS
70623,Matthew Osborne
83616,Carrie Lane
11035,Arthur Francis
34399,Anthony Henderson
60301,Benjamin Morris
90219,Matthew Roberts
50007,Victoria Robinson
84167,Tracy Chambers
96317,Michael Webster
96136,Becky Green
89859,Carl Fields
28986,Shawn Lee
55263,Rick Vazquez
16617,Kristin Thomas
96229,Justin Boyd
11358,Carol Kim
53579,John Wright
10212,Nicholas Brennan
83278,Patrick Johnson MD
96513,Samantha Long
72144,Jennifer Clark
45712,Brian Carr
38539,Linda Tucker
50448,Pamela Miller
79275,Richard Thompson
89866,Margaret Thomas
75376,Gina Morse
32579,Robert Rice
35578,Pamela Meyer
19441,John Romero
32546,Shirley Gomez
24081,Samuel Patel
17877,Jay Jimenez
38982,Anthony Anderson
33050,Samantha Aguirre
61855,Steven Brown
75620,Carlos Andersen
99877,Jason Coleman
14866,Margaret Cook
88228,Debra Clark
13114,Todd Miller
67029,Latoya Andrews
13672,Terri Hayes
39179,Amy Torres
15924,Matthew Dalton
52423,Elizabeth Hatfield
36150,Michael Pitts
80547,Javier Clark
66482,Kathryn Ibarra MD
39994,David Nichols
39705,Sean Townsend
94572,Meagan Doyle
74514,Melissa Farmer MD
61242,Alexander Jackson
10296,Erik Harris
11130,Heather Olson
18908,Belinda Howard
22923,Jeremiah Ochoa
21376,Michael Scott
98440,Patricia Giles
38718,Raymond Hill
91563,Jennifer Thomas
19499,Brittany Jenkins
47194,Cynthia Weber
63483,Brandon Marsh
19053,Mary Anthony
99738,Thomas Ruiz
57388,Annette Martin
57857,Wanda Collins
96731,Sarah Gibbs
61636,Angela Hardin
32646,Michael Velez
27698,Angela Brooks
50739,Amber Gill
97372,Jade Nichols
47363,Bonnie Carlson
51690,Molly Morris
86571,Molly Wells
96497,Mary Allen
81124,Jennifer Perkins
99150,Patricia Cooper
99267,Dean Sanders
65099,Sandy Henderson
71670,Amy Lewis
87657,Matthew Shah
95155,Anthony Cortez
19575,Steven Webb
87009,Robin Zamora
30457,Cassandra Carr
91779,Ricky Schmidt
18746,Anna Mueller
25065,Nicholas Alexander
31169,Deborah Woods
64031,Yvonne Pruitt
11587,Kellie Hansen
89430,Kayla Gray
11112,Mike Sanchez
91801,Christine Johnson
43842,Emily Dixon
31151,Sarah Bradley
74508,Scott Mcmahon
18671,Melissa Gonzales
70548,Mitchell Gomez
78469,Scott Cruz
34234,Brittany Fields
46562,Brandon Miller
28827,Robert Parker
96174,Gregory Berry
94432,Billy Patterson
19365,William Stone
98634,Sherri Robinson
58435,Elizabeth Glenn
63806,Jeffery Lawrence
56577,Allen Bailey
93816,Richard Merritt
91200,Mr. Adam Moore
89833,Daniel Brown
82222,Michelle Mcpherson
17402,Amy Compton
40533,Scott Alvarez
11355,Dr. Bethany Miller MD
76730,Cory Walker
44266,Michael Wong
68372,Jose Briggs
10515,Kiara Singleton
63734,Melissa Butler
49566,Jacob Terrell
68241,Charles Little
97472,Kelli Lee
75526,Steven Martinez
77207,Elizabeth Ewing
42527,Andrew Figueroa
41998,Samantha Garcia
29155,Jeremy Walton
48167,Kathryn Copeland
31242,Shawn Gonzalez
78578,Daniel Ortiz
25670,William Kerr
10693,Robert Short
49120,Joe Cohen
57053,Tyler Santiago
16861,Melissa Gamble
17658,Eric Cruz
34379,Gabriela Carter
87331,Debra Ray
33551,Dana Hogan
81733,Traci Scott
48603,Steven Bush
64607,Sydney Smith
72656,William Rodriguez
82847,Robin Davis
98901,Jade Fuentes
18482,Sarah Singh
81272,Amanda Rivera
72962,Taylor Foster
51090,Virginia English
97316,Christopher Cunningham
93334,Gabriela Perkins
70749,Anna Duncan
36765,Jack Williams
48838,Alec West
79464,Christopher Franco
65362,Thomas Jacobs
90754,Troy Green
48633,Alison Hernandez
18584,Isaiah Neal
73663,Levi Bailey
90787,Johnny Castro
53441,Tamara Morgan
20735,Sandra Molina
64139,Shannon Fields
42454,Nicole Day
54013,Christian Underwood
42758,Clinton Copeland
86080,Tina Bryan
71695,Fernando Wright
85143,Michael Summers
34048,Charles Robertson
53629,James Lucero
66776,Danielle Robertson
27413,Annette Flores
23863,Noah Gomez
76384,Cole Terry
62149,Joseph Flores
42460,Charles Eaton
33184,Paul Hunter
54189,Kathleen Simmons
90799,Kari Baxter
68161,Wesley Cowan
98291,Brooke Fuller
17931,Justin Harris
29894,Jack Martin
41160,Ebony Mosley
29917,Brent Brown
62268,Carol Thomas
97475,Charles Brown
24527,Melissa Payne
43876,Louis Hughes
45671,Michele Prince
91211,Sarah Baxter
71706,Chelsea Cameron
41401,William Ibarra
62369,Edward Bishop
37944,Danielle Brooks
69840,William Castillo
67690,Mark Sweeney
91388,Dr. Tim Kelley
78891,Anthony Phillips
33527,Erica Cook
97578,Debbie Montgomery
95371,Ronald Macdonald
35507,Alexis Richards
68107,Katherine Olsen
80376,Kelsey Fisher
46920,Angel Robinson
31166,Tammie Lowery
46977,Shawn Franklin
81385,Brianna Thompson
70661,Amy Carter
57578,Isabel Larsen
50003,Tamara Harrell
89666,Jonathan Sosa
89929,Annette Li
28735,Sherry Lopez
29429,Raymond Williams
54346,Matthew Richardson
19291,George Doyle
53310,Peter Harris
37534,Anthony Livingston
32126,Erica Davis
44415,William Dunn
41437,Michael Potts
68843,Shannon Moore
57096,James Gonzalez
42769,Tristan Boyd
99934,Lori Becker
26060,Andre Wright
67002,Mrs. Melanie Harris
72511,Sharon Meyer
57815,Joshua Martin
24276,Elijah Griffith
25871,Christopher Brennan
81691,Ronald Kelley
84185,Andrew Park
83027,Sabrina Richards
14786,Dwayne Baker
91481,Jonathon Hanson
18732,Mrs. Morgan Ramirez
21355,Steven Kirk
28204,Maurice Dyer
46210,Selena Henderson
75130,Randall Davis
70150,David Mcdowell
71324,James Mckee
75012,Emily Bailey
66417,Veronica Lewis
23357,James Shaffer
39715,Sean Howard
59105,Darin Contreras
73727,Nicole Guerra
85264,Ms. Elizabeth Brown DVM
33385,Melissa Luna
34962,Nicole Garcia
68155,Vincent Roberts
59334,Brenda Smith
72850,Melissa George
73572,Sandra Steele
68814,Sarah Watkins
87470,Kelly Yates
69127,Patrick Moore
29683,Jordan Diaz
49984,Christina Nichols
15043,Charles Baxter
78528,Stephanie Dunn
79933,Lisa Hill
39621,Isaiah Walls
23011,Theresa Pruitt
65911,Collin Zamora
76624,Kristi Anderson
44260,Karen Nicholson
81132,Mrs. Haley Nichols
93273,Matthew Kaufman
90033,Michael Grant
76963,Jason Crawford
90606,Evan Gregory
76178,Cynthia Little
24976,Chelsea Reed
31307,Alexis Werner
47728,Lori Rivas
66625,Monica Flores
35223,Curtis Jones
27297,Ashley Wood MD
13869,Heidi Harrington
91744,Miss Jennifer Clark DDS
61477,Carrie Scott
19097,Eric Freeman
43760,Kim Daniels
14591,Jeffery Harmon
53330,Michael Gonzalez
84960,Laura Schultz
65304,Daniel Diaz
56887,Jill Ross
37939,Maria Trevino
66978,Melissa Anderson
40049,Paula Moreno
39697,Deborah Green DVM
46780,Diane Hatfield
64746,John Kim
87650,Michael Turner
93710,Ashley Price
59561,Michelle Jones
93574,Adam Washington
97742,David Anderson
64997,Curtis Walker
15197,Andres Gentry
62741,David Lewis
43837,Angela Allen
29056,Lee Taylor
16394,Adam Cruz
47319,Samantha Jenkins
75276,Cheyenne Weaver
92860,Ashley Pitts
97289,Jacqueline Foster
50495,Patrick Galvan
66944,Allison Kennedy
74687,Erin Clark
36579,Stephanie Lynch
54445,Andrew Chapman
90156,Amanda Walton
51620,Rebecca Cox
78479,Kelly Walker
78477,Daniel Duncan
24850,Dr. Jeffery Smith
90662,Vicki Young
39444,Dr. Charles Smith
73710,Ashley Gray
99368,Mrs. Claire Allison
70194,Brenda Wise
45562,Matthew Mccarty
90448,Olivia Hickman
93150,Richard Foster
37351,David Mendoza
81034,Bryan Gomez
91518,Jorge Knapp
49185,Ariel Padilla
81960,Andrea Taylor
13068,Vanessa Bryant
29811,Lorraine Griffin
15053,Dalton Lara
84888,Phillip Anderson
76728,Angel Webster
47093,Melissa Molina
44285,Ethan Taylor
67832,Colleen Moore
93219,Karen Rogers
30476,Kaitlyn Miller
33416,Jessica Michael
24537,Kimberly Morgan
20911,Dawn Thomas
85895,Rebecca Stevens
45627,Carlos Warren
15408,Joyce Taylor
67174,David Randall
97395,Joshua Arnold
39708,Lucas Skinner
98881,Chase Farmer
56977,Scott Gonzales
95450,Dr. Charles Allen
37035,Jason Rogers MD
91169,Julie Leach
19793,Frank Anderson
96445,Mrs. Nicole Ramos
42912,Douglas Garrison
12208,Frank Flowers Jr.
18480,Sherry Whitehead
81007,David Riddle
30563,Mr. Curtis Faulkner
10533,William Brown
16268,Amber Ortiz
13032,Jessica Rubio
38140,Heather Ramsey
43697,Russell Gonzales
17963,Nathan Pearson
14514,Laurie Robinson
49688,Rachel King
40058,Brittany Perkins
62501,Amanda Green
38092,Blake Reyes
45608,Mr. Francisco Mcgee DVM
32022,Bonnie Krueger
79434,Annette Moody
57392,Andrea Watkins
17651,Sara Porter
27360,Meghan Glenn
78963,Gina Finley
92000,Hunter Woodward
82825,Kristina Mason
80201,Kimberly Bowers
52616,Stephen Juarez
43839,Omar Chen
69004,Jessica Cobb
25268,Jennifer Fowler
86440,Lisa Evans
19016,Shane Lewis
78620,David Gilbert
61020,Christopher Stewart
13851,George Clark
30706,Joe Ramsey
15483,Mary Hopkins
34567,Lisa West
49613,Lauren Stokes
11023,Angela Patel
22755,Brian Ward
22315,Alex Hernandez
46062,Christine Sullivan
50819,Nicholas Collins
89562,Valerie Hansen
95033,Tammy Larson
41932,Jeff Payne
74848,Darren Bradford
48513,Dr. Autumn Meyer DDS
50299,Richard Roman
60308,Tara Tanner
22797,Maria Lang
18354,Daniel Mendez
47167,Sophia Mann
29178,Kristen Medina
19068,Ariana Zavala
49661,Eugene Rivera
15161,Judy Martinez
50550,Jeffery Sellers
62017,Jeffery Richards
37260,Sonya Goodwin
98405,Ryan Castillo
61860,Katrina Martin
62440,Kathryn Manning
77190,Cynthia Reyes
73086,Julie Gallegos
43565,Marcus Marquez
97532,Kevin Adkins
66604,Michael Rice
38629,Steven Day
36690,Alan Harrison
53704,Jessica Palmer
80650,Oscar Buchanan
39149,Elizabeth Cooke
52416,Yvonne Burnett
73084,Danielle Woods
52195,Ricky Morales
96617,Frank Reynolds
14484,Misty Hall
89038,Darin Garcia
46134,Jessica Fuller
23251,Brian Cobb
30908,Brianna Bradford
44832,Cynthia Jackson
41975,Brett Brown
14538,Nathan Cooley
29810,James Adkins DDS
11016,Robert Baxter
73055,Paul Cochran
15690,Michael Hines
21615,Michael Ross
99568,Alyssa Harper
71831,Holly Santos
46986,Jade Mann
46602,Phillip Benitez
33743,Tiffany Foley
71395,Johnny Ryan
96089,Wendy Holder
50314,Erin Diaz
46311,Terry Davis
51070,Jennifer Clayton
21974,Christopher Ryan
28608,Cynthia Dennis
29475,Carol Chan
54040,Jared Dickerson
80688,Lindsey Moore
94047,Amber Cherry
38163,Eric Sanders
26061,Nicole Kidd
94093,Mr. Richard Vasquez
47371,Robert Carter
94342,Nancy King
47397,Brian Curry
47145,Eugene Parker
47168,Ricky Conner
71099,Larry Rodriguez
42363,Brian Blake
30368,Tracy Gilmore
96669,Mikayla Watson
20412,Paula Donaldson
50605,Kaitlyn Mccoy
43164,Mike Perez
21929,Lisa Hutchinson
27127,Kyle Carter
97199,Brenda Stevens
52413,Jonathan Bailey
70630,Alex Williams
86395,Melissa Flowers
56795,Ronnie Gonzalez
28706,Sandra White
55743,Eric Orozco
59513,Amber Howe
43167,Ann Berg
79190,Heather Little
75077,Brandon Mullen
94551,Christopher Walker
20691,Timothy Simon
77552,Lee Orozco
43393,Alan Hawkins
19856,Eric Frye
58279,Gerald Burns
92816,Justin Mcbride
97778,Russell Clark
58616,Patricia Ellis
82903,Diane Gutierrez
28463,James Herring
26384,William Chang
47569,Phillip Ward
30393,Stacey Benitez
61915,Ronald Perkins
94553,Debra Conway
38823,Kimberly Saunders
77218,Keith Chandler
49760,Tanya Wang
59409,Jill Anderson
82201,Gregory Hall
68308,John Page
22477,Katherine Harmon
96593,Linda Campbell
64083,Carla Brown
74698,Paul Perez
36417,Laura Kelley
95795,John Patel
57751,Eric Burns
46861,Jamie Hill
29038,John Coleman
75210,Alicia Webb
88328,Allison Hartman
93789,Michael Johnston
73367,Jennifer Hess
26761,Robert Cook
28776,Brenda Brooks
23517,Anthony Mullen
74470,Melanie Henson
41976,Joan Cain
43547,Stephanie Vargas
76401,Kelly Bradshaw
91456,Craig Maddox
17091,Jose Yoder
43306,Tracy Bullock
69099,Pam Francis
57571,Sarah Simon
66693,Melissa Howard
67577,Jesse Clark
89004,Andre Crawford
24275,Lindsay Hamilton
16222,Tammie Williams
97336,Shelly Kennedy
74747,Tracy Rodriguez
21455,Claudia Jacobs
17143,Suzanne Coleman
21876,Sarah Hamilton
34463,Wayne Horton
82750,Adrian Robinson
39200,Maria Mack
60048,Shannon Pierce
82024,Erica Burns
45069,Suzanne Roberts
56094,John Robertson
45352,Luis Logan
64379,Connie Jones
59394,Rhonda Bush
12350,Valerie Walton
19331,Justin Zimmerman
20559,Sharon Ross
89311,Ruben Jones
19678,Beverly Ramirez MD
51924,Kristen Maxwell
78201,Patrick Olson
75356,Daniel Day
23129,Holly Hicks
33681,Elizabeth Garrett
80781,John Leonard
67713,Rebekah Torres
44162,Paul Mcclure
51788,Gary Griffin
65556,Calvin Wang
61227,Kristen Moore
88273,Patricia Wilkins
88350,Jessica Mccarthy
75911,Sarah Swanson
36405,Anna Moore
46758,Angela Neal
24861,James Snyder
38703,Joseph Ochoa
85819,Shannon Jones
58581,Christian Wheeler
40043,Mr. Adrian Fuller
49027,Regina Ramirez
96387,David Rogers
10994,Michael Brennan
45257,Stacy Olson
78197,Hannah Richardson
64642,Amy Valentine
25344,Katherine Rice
13515,Jaime Woods
95982,Justin Johnson
32218,Beth Morgan
71677,Todd Herrera
99744,Nicholas Bishop
37395,Travis Smith
41674,Brandi Palmer
17920,Carol Olsen
80612,Jason Austin
73968,Carol Rose
92148,Tina French
22102,Nicole Griffith
38725,Melissa Schmidt
64839,Patricia Smith
74072,Brandi Jackson
39792,Rachael Morales
99886,Ashley Maddox
44062,Dr. Henry Bryant
96145,Sherry Taylor
65031,Antonio Petty
92436,Sheryl Sandoval
57284,Heidi Lopez
73724,Robert Lyons
30991,Eric Hicks
90404,Tina Burke
13009,Michael Reynolds
83699,Summer Barnes
18416,Mark Newman IV
45018,Rhonda Medina
70246,Theresa Golden
86709,Monica Howell
75184,Kristopher Reyes
34295,Luis Cervantes
18327,Charles Williams
89331,Kathleen Hardy
52012,Alexis Alexander
68718,Michelle Lawson
74568,Kristine Bowman
49356,Amanda Zhang
60545,Kenneth Reynolds
26310,Amber Bailey MD
75906,Melvin Waller
28043,Kerry Peterson
62595,Michelle Cole
83193,Christopher Watts
60428,Julie Rodriguez
71286,Aaron Pineda
73745,George Russell
20257,Matthew Porter
59360,Cynthia Gallagher
24862,Douglas Maddox
57338,Nicholas Phillips
45974,Amy Moore
39904,Andrea White
75746,Jonathan Hill
92192,Casey Erickson
33711,Phyllis Vasquez
49055,Amy Hunt
17501,Kimberly Stephens MD
51461,Chase Lloyd
32971,David Knight
79361,Tom Turner
85601,Mrs. Kristen Sanchez
93029,Alicia Taylor
13151,Latoya Mcdaniel
18143,Susan Williams
23465,Arthur Silva
73666,Richard Castro
90170,Wayne Boyle
27733,Patricia Barton
18200,Julia Henry
79035,Ashley Atkinson
63439,Mr. Jeff Bowers DVM
52073,Sarah Woods
41745,Brenda Wilcox
54451,Joshua Oliver
25285,Sean Goodwin
70820,Shannon Wilkinson
47355,Jordan Kline
17874,Brianna Cowan
97304,Leslie Brown
33307,David Downs
17161,Eric Miller
92596,Kenneth Nelson
78308,Andrea Myers
89780,Alexandria Wise
44151,Michael Higgins
76034,Mr. Joseph Tran DVM
52600,Dr. Matthew Cabrera
71593,Michael Price
30660,Stephanie Henderson
52555,Chad Gallagher
54787,John Patrick
18538,Joseph Moore
85950,Rick Rodriguez
27212,Lori Floyd
68973,Joann Smith
70545,Carla Walls
28070,George Grant
24134,Stephen Roberts
12698,Ashley Adkins
65203,Ronald Cervantes
33011,Michael Contreras
40478,Daniel Cross
59775,Jody Brown
48589,Kerry Warner
55014,Michael Guzman
97682,Adrienne Kennedy
87832,Shannon Thompson
63791,Brent West
53820,Steven Kelley
46958,Mark Butler
41416,Melanie Williamson
52260,Kerry Johnson
32038,Cole Gonzalez
47836,Mark Lewis
62184,Cheryl Gray
46980,Edward Noble
93399,Jordan Castro
64301,Tyler Pacheco
94292,Adrienne Pratt
93863,Megan Hammond
31458,Courtney Lee
63055,Dr. Tiffany Tran
76978,Briana Powell
47670,Connie Weaver
87622,Cory Gonzalez
58573,Michael Leach
43318,Bruce Barber
20643,Rachael Miller
94681,Caitlin Gray
23204,Levi Miller
38878,Samantha Reynolds
86321,Matthew Peck
34354,Jennifer Gentry
97300,Michael Garrison
76642,Timothy Malone III
58948,Scott Villegas
26109,Joel Williams
28603,Carol Montgomery
52723,Caleb Jacobs
98337,Jacob Moses
73237,Charles Higgins
96515,Chad Jones
22419,Cesar Powers
99540,Bethany Klein
78493,Andrew Cooper
69816,Hector Smith
90480,Monica James
68420,Dr. Jeffrey Patterson
85148,Michael Fox
39678,Angela Calderon
75999,Nicole Sutton
93298,Kelsey Berry
23484,Angela Watson
50275,Jacob Mercer
81085,Melissa Thomas
86162,Tina Brown
39328,Diane Allen
34208,Elizabeth Bray
88824,Yesenia Wilcox
24099,Jennifer Cross
91422,Sarah Horton
22088,Amanda Thompson
13067,Kyle Sherman
54247,Jacob Butler
23390,Erin Reynolds
91425,Katie Marshall
27616,Thomas Powell
70561,David Donaldson
99438,Tammy Williams
10539,Patricia Williams
49767,Jean Castillo
52656,Thomas David
30978,Chris Andrews
53997,Sherry Evans
77955,Jonathan Edwards
11188,Matthew Barron
91519,Phillip Berry
50362,Dr. Tony Wright
82776,Scott Carr
67393,Michael Robles
79230,Jacob Alexander
54556,Julie Shaw
51451,James Ball
59625,Brian Schneider
22311,Susan Hartman
41712,Melinda Jacobs
51428,Renee Mack
93380,Brian Ruiz
82061,Stephen Guerra
70844,Steven Parker
43796,Edward Santos
68187,Laura Berry
24725,Janice Macias
31510,Barbara Wilson
10722,Cody Vaughn
58617,Kristin Miller
62552,Mark Clark
29258,Benjamin Sharp
52697,Samuel Bautista
32633,Matthew Hayes
71479,Christy Moore
53584,Amanda Robinson
16690,Ruth Miller
18151,Brandon Rosario DVM
66598,Laurie Mcintosh
32871,Anthony Le
35363,Emily Park
44656,Kristen Vang
34739,Dylan Myers
51361,Melinda Vance
84080,Shelly Rivers
53844,Terry Gomez
62305,Sharon Clark
92184,Rebecca Sawyer
11065,William Middleton
33518,Ashley Castro
21646,Kristy Guzman
92126,Melissa Sherman
64915,Andrea Bowers
29885,Renee Roman
15862,Meredith Holloway
72279,Jaclyn York
19851,Sarah Webb
45524,Mrs. Sandra Watkins
84006,Jackson Castro
99194,Brittany Marsh
34206,Cynthia Fox
51010,Evan Allen
97162,Tracy Fischer
25921,Nicholas Chen
73314,Jackie Miles
37174,Jeremy Lane
51283,Victoria Rogers
86150,Emily Webster
17845,Christopher Floyd
71987,Mrs. Katherine Carr
93364,Anthony Sims
25273,Jessica Page
88199,Amanda Castro
20348,Kyle Shelton
11778,Amy Cabrera
45306,Cheyenne Harris
50571,Stanley Delacruz
39714,Carol Holt
86324,Nicole Grant
15336,Tiffany Larson
58740,Diana Dean
81656,Michael Simmons
48297,Olivia Vaughn
32015,Linda Black
82893,John Matthews
25208,Patricia Velazquez
54484,Edward Smith
81324,Timothy Boyd
59211,Terry Brock MD
98435,Dean Jones
78749,Stephanie Wright
75653,Mark Vincent
49591,Lynn Shelton
99279,Monique Bryant
75821,Brandon Archer
69036,Richard Mays
92925,Anthony Freeman
16745,Denise White
95613,Caitlin Foster
81225,George Stone
47877,Cameron Orr
30595,Michelle Velazquez
49975,Stephanie Oneill MD
54296,Donald Daniels
83848,Michael Haas
90076,Christina Mora
37109,Debra Mcknight
25181,Cassandra Hernandez
29854,Victoria Robertson
41473,Courtney Ryan
81485,Andrew Long
88500,Audrey Hernandez
84860,Wesley Smith
73659,Jennifer Duffy
22471,Chris Evans
96569,Stephanie Bray
94934,Timothy Rasmussen
24491,John Butler
11044,Michael Sellers
97460,Ryan Sullivan
47998,Greg Reed
67801,Tricia Lloyd
84803,Julie Barnes
17440,Bryan Dickson
92725,Jason Hinton
58032,Mark Barnett
51822,Chad Page
63035,Amber Nelson
21351,Brian Contreras
99107,Connie Edwards
19646,Meagan Hill
12628,Rebecca Stephenson
72105,Jonathan Peters
20345,Michael Herrera
67670,Sean Silva
99306,Justin James
66081,Jose Mcdonald
61045,Shawn Perez
26705,Jessica Holland
28747,Mrs. Brianna Yang
73406,Stacie Yang
97788,Courtney Morgan
28972,Lawrence Brown
54001,Felicia Robertson
27934,Dr. Alyssa Fisher
75773,Lydia Rhodes
20575,Christian Hansen
75656,Megan Drake
86808,Sandra Guzman
92103,Diana Meyer
21923,Cody Guzman
55944,Courtney Shields
93713,Rebecca Ferguson
14917,Jamie Holt
88865,Brittany Tran
82917,Timothy Robles
58403,Samuel Jackson
56076,Scott Ramsey
91802,Jeffrey Snyder
85080,Janice Small
81374,Amanda Ellis
96031,Jonathan Hester
26389,Jesse Rush
62910,Lucas Hunter
42053,Cynthia Stevens
31930,Stephen Adkins
83184,Alicia Mclean
11663,Emily Branch
58653,Emily Morgan
43153,Dr. Carrie Jacobs
96777,Tanya Davis
53881,Bradley James
82975,Mr. Marcus Wade
36861,Evan Foster
78509,Brenda Duncan
16614,Michelle Arellano
90998,Robert Lopez
71234,Christine Stone
35842,Travis Gates
59366,Preston Marks
95746,Alexander Lawson
41618,Kelly Dyer
73608,Robin Chandler
70967,Robert Becker
73004,Ricardo Sullivan
89766,Sarah Wilkerson
34720,Tammy Valdez
75272,Jennifer Hunter
10836,Benjamin Sullivan
38244,Michael Medina
35921,Randy Morales
22182,Laura Rojas
61350,Tina Sanchez
86934,Kimberly Barron
45754,Ronald Barajas
99192,Jacqueline Nixon
10368,Matthew Hill
51131,Ruth Harris
86869,Chad Maxwell
51679,Charlotte Reed
69830,David Price
66927,Brandon Hunter
82249,Emily Caldwell
88506,Thomas Scott
73036,Anthony Peterson
78863,Heather White
27829,Tammy Carpenter
51115,Dennis Gibson
74040,Wendy Vance DVM
80344,Tyler Duncan
25320,Gavin Williams
42305,Jimmy Crane
46441,Dennis Brock
91132,Jill Mccall
11526,Dorothy Gonzalez
95316,Lisa Ballard
14030,Mario Stafford
38024,Jeremy Foley
97705,Michelle Liu
67332,Madeline Adams
52858,Robert Petty
75992,Carolyn King
69798,Monique Paul
80323,Donald Rodriguez
74599,David Palmer
68952,Sarah Zavala
19157,Laura James
56979,Robert Myers
60103,Lindsey Dixon
42229,Kristin Parker
33836,Benjamin Campbell
52731,Elizabeth Obrien
39058,Donna Herring
67964,Amy Henry
57447,Julie Dawson
14521,Jacob Brooks
54168,Christopher James
66042,Toni Frey
29497,Jared Carter
15987,Michael Potter
43056,Christy Morton
61091,Cheyenne French
56241,Robert Waller
36949,Christian Roberts
41910,Sharon Flores
17850,Kyle Washington
87990,Nicole Harrell
87908,Madison Wood
89744,Amanda Mckenzie
43632,Christopher Valdez
14553,Emily Hebert
11997,Ronald Nicholson
50583,James Gomez
50305,Karla Wood
26040,Steven Oconnell
75443,Brendan Todd
63472,Sandra Rivers
54889,Kathleen Knight
34438,Karen Washington
89693,Mr. Thomas Hayes
74938,Matthew Tapia
12531,Lynn George
54315,Ann Hall
79979,Mrs. Dawn House MD
24676,Robert Rogers
31178,Martha Rivera
58933,Mrs. Lisa Everett MD
60593,Shaun Miller
78416,Sheila Sims MD
66211,Darlene Harrell
76802,Adriana Medina
74026,Tara Jones
72102,Patricia Kelly
63446,Anthony Craig
84734,Keith Randall
35795,Sean Young
14828,Shane Kerr
62068,Robert Page
26611,Scott Steele
40786,Laura Jackson
42705,Mr. David Guzman
94305,Latoya Wilson
21249,Renee Baker
93837,Victor Tran
26497,Amy Yang
77687,Matthew Rhodes MD
26811,Krista Jones
80134,Seth Moss
98040,Gregory Carroll
29762,Tracy Garcia
73701,Brenda Lee
28328,Lauren Long
27340,Pedro Patterson
83872,Austin Ellis
67952,Don Steele
32067,Juan Blevins
22965,Harold Moreno
57178,Traci Smith
98011,Keith Bradley
81275,Mr. Brent Carroll
36529,Morgan Saunders
45110,Jeremy Bryan
74143,Randy Frank
30823,Joshua Lee
57262,Joanne Murillo
59198,Caitlin Lee
48815,Brandon Murphy
82042,Amy Barber
17500,Dr. Gary Briggs
39456,Mrs. Jessica Gonzalez
33531,Troy Miller
39819,Alicia Jordan
34247,Chelsea Davis
11187,Regina Gomez
47033,Wendy Noble
92513,Jessica Hogan
41890,Tina Walls
85398,Connor Smith
45638,David Turner
10511,Reginald Caldwell
72621,Kaylee Duncan
48219,Julian Hernandez
80858,Cassandra Contreras
20401,William Gordon
13745,Lori Nelson
86766,Mark Barnes
34405,Annette Ramsey
59050,Derrick Carroll
10558,David Terry
28143,Kevin Jimenez
16200,Stefanie Hoffman
82162,Tina Kirk
66161,Jesus Ortiz
13225,Deborah Mendez
76940,Eric Lutz
45465,Michael Williams
65334,Dorothy Hammond
99864,Jeffrey Gross
23459,Kyle Gibson
81182,Taylor Jenkins
94080,Brandon Anderson
43418,Amy White
66471,Wyatt Delacruz
72705,Travis Allen
72935,Terry Hatfield
23971,Mrs. Gabriella Torres
29719,Alexis White
79390,Jeffrey Patton
11612,Leonard Morgan
95987,Dylan Moore
63878,Victor Kennedy
46654,Robert Bailey
97569,Cynthia Warner
22191,Henry Kerr
17650,Candice Francis
15587,Stephanie Craig
79289,Justin Owen
84847,Arthur Hebert
45822,Michelle Kim
91440,Harold Allen
58512,Elizabeth Tyler
60415,Jessica Murphy
33387,Gavin Thomas
54020,Gregory Tate
90222,Noah Hull
22961,Jose Wallace
20498,Parker Garcia
58779,Andre Nguyen
91433,Jason Shelton
71079,Paige Romero
81483,Julie Sanchez
68571,Sarah Nelson
33065,Benjamin Fields
26805,Christian Bennett
29504,Anthony Garner
94410,Abigail David
39906,Bruce Warren
49266,Kevin Lloyd
44580,Carolyn Cisneros
61678,William Ramos
26390,Linda Walker
14835,Derek Patel
18290,Ashlee Castillo
77026,April Blankenship
86474,Melissa Lyons
56404,Whitney Maldonado
38689,Vincent Riley
47582,Carlos Alexander
78751,Martin Klein
36987,Adam Davis
73803,Christina Jackson
65978,Robert Mccarthy
47365,Alicia Mays
26021,Valerie Reeves
93971,Jimmy Roth
47323,Amy Allen
50724,Brandy Williams
21226,George Mason
84335,Brittany Walton
53555,Raymond Chavez
97673,Jody Vasquez
49093,Mark Hawkins
37089,Kim Blair
86678,Larry Boyer
77445,Dr. Bryan Banks
43637,Rebecca Ryan
91469,Anthony Marsh
78213,Tyler Hall
65635,Lisa Hawkins
42866,Miss Jenna Campbell
57598,Tiffany Hess
47463,Joshua Gill
95783,Debra Caldwell
91182,Brandy Gomez
25130,Heather Richard
80704,Donna Reynolds
92504,Charles Barton
56273,Samuel Hendricks
98478,Jennifer Scott
53374,George Powell
25992,Kathleen Yu
52329,Jeff Pena
62669,Mary Cordova
46108,Sean Miller
96918,Jason Dean
17655,Stephanie Pacheco
33652,Vicki Cummings
54076,Maurice Chavez
84135,Scott Conner
93894,Wendy Taylor
78614,Tammy Mcgee
43043,Aaron Mooney
16892,Stuart Bennett
25329,James Stevenson
53897,Misty Martin
32930,Alyssa Olson
55421,Sylvia Lin
98765,Tammy Young
39709,Steve Phelps
55983,Lance Lowery
88512,Reginald Garrett
14697,Calvin Jones
21219,Lindsey Wilson
97644,Jeremiah Nelson
25887,Elizabeth Schwartz
76270,Jonathon Tran
34215,Teresa Farmer
67479,Jose Valdez
93673,Jonathan Farmer
60937,William Myers
57241,Lauren Sanders
56566,Donald Campos
11264,Sara Robinson
65028,Alexander Bright
79078,Tammy Greer
23669,Sue Hill
51417,Nicholas Young
98480,Rebecca Harris
48430,Christina Lewis
69295,Devin Young
69838,Teresa Bean
32549,Terry Cisneros
70328,Claudia Taylor
87775,James Huerta
18103,Nicole Sampson
13524,Joe Moon
28361,Lindsay Hicks
68242,Connie Thomas
10099,Rebekah Castillo
70167,Brent Miller
85404,Heather Robinson
14279,Barbara Alexander
43938,Cheryl Lopez
63526,William Townsend
94266,Lori Castro
28711,Heather Turner
63634,Jacob Miller
10224,Kathy Trujillo
63645,Ashley Wilkerson
22242,Clarence Martin
44208,Sharon Williams
96870,Daniel Rose
67498,Jessica Duran
39323,Joseph Griffin
35645,Charlene Moon
58238,Natalie Bird
39382,John Roberts
79859,Monica Jackson
18493,Melissa Smith
62367,Juan May
73629,Marissa Valencia
15460,Glen Bradley
14570,Robert Morris
16680,Mrs. Alyssa Edwards
40309,Alicia Gutierrez
27821,Kayla Andrews
55960,Kathy Taylor
73728,Christine Thomas
31585,Jessica Stone
53402,Tamara Johns
54901,Joshua Cobb
58626,Brett Carter
88101,Stefanie Peterson
91772,Philip Hammond
45740,Alejandro Decker
55913,Stephanie Olsen
95950,Tiffany Collins
82232,Marissa Williams
90762,Andrew Allison
79323,Courtney Fitzgerald
24162,Christopher Macdonald
51697,Cynthia Riley
56429,Sara Daniel
27124,Adam Rogers
73390,Jason Rice
69227,Kevin Walker
58536,Marcus Jackson
76480,Tiffany Clay
52687,Jennifer Jackson DDS
50326,Jennifer Ho
12629,Desiree Garcia
44324,Melissa Benson
38206,Brandon Sanchez
74367,Mrs. Tracy Baker DVM
16032,Mr. Allen Flores
96248,Patrick Ayala
31264,Nichole Stanton
73493,Katie Shaw
26333,Elizabeth Gardner
20882,Ms. Tina Landry
32639,Kevin Mendoza
77663,Juan Warren
28479,Alexis Hughes
58790,Henry Oneal
42858,Michelle Cobb
69012,Carolyn Williams
34292,Jeffrey Jenkins
14005,Cassandra Miller
36699,Cameron Byrd
34838,David Cole
39072,Sharon Calderon
44025,Sierra Cox
47864,Veronica Harris
42983,Elizabeth Schultz
32474,Julie Walter
64616,Carolyn Boyd
68541,Alexis Jones
48948,Jessica Nelson
60054,Todd Taylor
19744,Vanessa Wallace
29318,Michelle Higgins
52792,Dr. Evelyn Rogers DVM
45135,Julie Snyder
25672,Steven Mckenzie
57572,Rebecca Perkins
77628,Daniel Wang
25432,Mark Grant
46204,Joshua Vargas
88701,Krista Franklin
68247,Jody Estrada
22634,Debra James
49766,Henry Norris
23449,Kimberly Long
91077,William Harris
80593,Carlos Rogers
17471,Joe Rosario
36950,John Rodriguez
41233,Jerry Pratt
57365,Jose Mendoza
93023,Tyler Phillips
39272,Samuel Schultz
90890,Vanessa Melendez
72195,Mrs. Cynthia Butler
51352,Franklin Goodman
26351,Thomas Ballard
24337,Tyler Robinson
28196,Rebecca Clarke
73983,Jeremy Logan
18066,Danny Marshall
82425,Carol Weber
15075,Kathleen Walker
13783,Melissa Vasquez
65019,Cameron Williamson
81203,Grant Schaefer
20710,Thomas Wang
89374,Jeremy Alvarado
88580,Jennifer Good
13703,Tracy Estrada
70949,Nathan Hoffman
15411,Wendy Clements
73246,Susan Mccormick
99064,Kevin Sanders
24289,Angela Andrews
32201,Lauren Banks
76403,Cory Peterson
49768,Mark Molina
81404,James Howard
81497,Julia Brown
83753,Kelly Lopez
68109,Joshua Roberson
38025,Ian Walker
78966,Lori Farmer
53403,Mr. Lawrence Garcia MD
22142,Adam Atkins
14945,Amber Schmidt
64502,Melissa Hernandez
36771,Lisa Norton
43569,Judith Stone
43956,Jacqueline Herrera
67470,Cheryl May DVM
47088,Ashley Warner
70178,Mark Collins DVM
29678,Mitchell Gonzalez
45379,Gregory Rangel
47419,Trevor Arias
19813,Gail Johnson
57141,Diana Kim
55659,Mr. Carl Hansen
46500,Maria Smith
91317,Cody Perry
65308,Joshua Edwards
69740,Christopher Travis
45220,Jeffery James
76345,Donald Hernandez
30783,Dennis Drake
54077,Travis Singh
26603,Carrie Schmidt
83329,Sara Leblanc DVM
51237,Wanda Vega
95093,Bonnie Nguyen
97110,Kyle Porter
93902,Kimberly Evans
45544,Miguel Lara
93101,Kimberly Clark
17078,Shaun Torres
36395,Heather Lewis
61955,Steven Ramirez
53073,Lauren Novak
61825,Angelica Molina
37562,Beverly Cobb
91613,Raymond Washington
24604,Mikayla Martin
97296,Chad Anderson
18607,Amber Garcia
45337,Lori Gilbert
69890,Patricia Kim
83086,Tracey Stewart
66796,Steven Sullivan
45381,Shane Pitts
92758,Christopher Bowman
16449,Tracey Shaw
61461,Joshua Holland
22737,Eric Buckley
96892,Brittney Shah
90692,Abigail Calderon
68113,Steven Myers
35386,Kimberly Robertson
84198,Patricia Melendez
95543,Shawn Waters
80659,Brandon Mitchell
98650,Timothy Trevino
80760,Bianca Harvey
69539,Tammy Jackson
67465,Daniel Hunter
41757,Benjamin Gray
44658,Mrs. Meghan Green
86282,Jonathan Rogers
99964,Courtney Chandler
85661,Cathy Jacobs
52370,Cynthia Shepherd
39204,Alejandro Floyd
59656,Anthony Hurst
53785,Christopher Kelly
52842,Debra Lewis
37118,Joshua Chase
75355,Ernest Webb
18783,Kenneth Knox
50036,Angela Reeves
62631,Jeremy Meyers
70974,Ruben Beck
20215,Lisa Delacruz
37729,Jason Krueger
28836,Kenneth Santos
60299,Elizabeth Martinez
14359,Amanda Harrison
35234,Marcus Reeves
66093,Kevin Hunt
43882,Jacqueline Hopkins
24563,Brian Baker
82051,Kristin Ingram
67704,Jeremy Price
33290,Justin Mcclain
57437,Jeremy Kent II
79320,Wanda Thomas
36838,Jennifer Hawkins
88001,Donald Green
81101,Audrey Perez
33721,Willie Hughes
35755,Stephanie Benson MD
60206,Christopher Singh
64883,Dr. Michael Reid
49278,Steve Mccoy
36851,Zachary Stone
55514,Alexander Young
80956,Nancy Tran
34897,Seth Thompson
23507,Dalton Smith
81071,Lauren Garner
78008,Denise Jones
87665,Mrs. Victoria Owen DDS
63430,Randy Alvarez
46676,Kayla Farrell
29446,Paul Flores
23630,Eddie Henderson
56339,Sheila Graham
49282,Rebecca Kennedy
24632,Jordan Melendez
54683,Sergio Chapman
67252,Patricia Aguilar
66673,Olivia Kent
58182,Sarah Moran
66634,Raymond Kidd
80836,Lauren Norton
61879,Martin Gonzalez
87432,Richard Velasquez
61580,Danielle Cabrera
13379,Meredith Gentry
96538,Ricky Bailey
42095,Roberto Campbell
55534,Gabriella Hancock
87820,Heather Shepherd
55615,Lindsay Keller
55523,Alexandra Watkins
16325,Brandi Webb
48193,Sarah Beasley
78336,Tina Kennedy
77839,Brittany Hughes
72801,Thomas Bailey
91399,Connie Morris
80530,Mary Pruitt
11320,Jennifer Spencer
53227,Elizabeth Silva
34479,Johnny Burch
66023,Suzanne Moody
24534,Tyler Brown
43982,Taylor Walker
84784,Autumn Carr
38682,Christine Ramos
20746,Jennifer May
97483,Michael Campbell
34044,Raymond Santos
38443,Angela Cunningham
28165,Juan Dixon
60990,Shelia Willis
36000,Christopher Deleon
72281,Dr. Jennifer Sanchez MD
40964,Ian Kennedy
61592,Kevin Bennett
93026,Michael Little
25111,Madison Bailey
62154,Curtis Pratt
64340,Samuel Clements
29789,Paul Brown
13232,Melissa Snyder
96122,Elizabeth Taylor
62203,Amy Yoder
83150,Donald Anderson
45650,Grant Nguyen
75895,Dorothy Warner MD
33452,Sheri Rodgers
61349,Cameron Bishop
97877,Scott Gomez
17334,Laura Bowman
24256,Edward Dean DDS
19003,Marcus Ford
69854,Christian Harris
58683,Tammy Rodriguez
93795,Breanna Miller
39270,Monica Branch
41827,Lisa Valdez
66559,Wendy Rose
84968,Nicole Flores
64855,Melissa Combs
21262,Stephen Garrett
81072,Candace Perez
59836,Melissa Hunter DVM
89965,Gary Stone
76434,Samantha Martinez
52647,Nathan Marquez
49582,Daniel Washington
48214,Barbara Peterson
77367,Paul Edwards
81120,Ryan Simpson
78017,Kelly Arias
22617,Tommy Tate
37150,Alyssa Young
67364,Rodney Mckay
16164,Michelle Mccoy
30795,Scott Navarro
37868,Sabrina Anderson
55800,Troy Cruz
83876,Amanda Sharp
80838,Noah Lee
17789,Chloe Huff
63529,Deanna Clark
66650,Erin Martin
41798,Lawrence Adams
26496,Steven Carey DDS
15332,Stephanie Nicholson
84797,Dawn Garrett
20685,Brandon Gray
52053,Mr. Thomas Rios
28613,Eugene Love
87699,Brittany Alexander
97212,Laura Scott
51940,Adam Soto
99591,Tami Young
63590,Chad Walters
16751,Andrew Pierce
48007,Jose Cox
73521,Kristin Smith
29365,Bruce Wilson
96986,Richard Blake
22854,Matthew Herrera
79500,Susan Underwood
96004,Phillip James
80396,Matthew Shepherd
96571,Carmen Murphy
11123,Elizabeth Martin
52011,Jennifer Burns
24650,Andrew Avila
73290,Michelle Murray
12858,Kevin Greene
59834,Kathleen Garner
67292,Theodore Perez
79191,Kristopher Miller
37178,Jay Garcia
39175,Richard Daniels
44210,Benjamin Love
57834,Kimberly King
50586,Benjamin Brooks
14500,Sue Young
94679,James Molina
32377,Crystal Dougherty
42093,Bruce Foley
53221,Bruce Giles
70977,Christopher Bates
13120,Tricia Thompson
95961,Brittany Lang
91753,Melinda Reese
12828,Sarah Norton
90294,Natalie Salazar
93382,Donna Moore
33435,Justin Floyd
97819,Sarah Watson
63447,Stacey Fisher
64256,Ian Petty
46157,Donald Johnson
37739,Tammy Duran
46419,Joseph Ward
29519,Pamela Fox
48031,Johnny Perez
21025,Ann Graham
13495,Sean Knight
27721,Lauren Harris
31472,Benjamin York
58940,Lisa Cabrera
16196,Henry Hardin
74538,Ashley Good
45779,Tara Martinez
61811,Johnny Lyons
19356,Tracey Brown
56002,Nancy Marshall
63865,Tiffany Owens
33140,Stephanie Campos
88446,Christian Smith
49365,Justin Villarreal
95754,Sheila Harrison
99346,Sandra Gordon
32168,Latasha Smith
32561,Angela Fox
47573,Tina Coffey
66551,Dylan Lopez
33744,Ashley Conrad
53517,Christine Reid
81867,Latoya Manning
69183,Karen Scott
79104,Hector Mcmahon
46754,Jean Smith
16240,Andrew Lawrence
24188,Joseph Hernandez
67835,Stephanie King
43077,Samantha Gardner
39887,Tiffany Ellis
52661,Jessica Castillo
51765,Cassandra Chen
52286,Laura Carney
44685,Kelly Sims
69968,Marissa Duncan
82035,Danielle Stanton
97141,Jody Mccormick
89414,Marc Potts
55370,John Park
12241,William Wallace
66393,Tiffany King
28357,Kaylee Davis
97858,Patrick Hodges
97446,Thomas Rodriguez
46746,Benjamin Jackson
44083,Jose Ryan
38005,Laura Sims
88802,Juan Bryan
67954,Jeff Ortega
70211,David Swanson
49563,Robert Lee
82084,Heidi Allen
25499,Paul Bass
70733,Ronald Wood
93292,Bruce Young
84984,Collin Day
69691,Laura Waller
55975,Sergio Walker
41145,Stephanie Bryant
78218,Brittany Harrell
83458,Amber Moran
23265,Mary Haas
44905,Anthony Newton
21767,Raymond Sims
99067,Donna Ramos
80386,Dana Hansen
57555,Robert Harrison
77493,Sherri Miller
42815,Russell Diaz
94190,Robert Ray
86488,Ian Kramer
34302,Dawn Spence
14561,Maria Miles
23591,Todd Poole
36640,Rachel Bell
91216,Tamara Collier
10678,Holly Lam
22137,Mary Landry
45286,Angela Lam
66284,Michelle Wallace
27950,Brandon Mckay
11805,Barry Welch
67823,Mary Hester
77656,Troy Houston
20821,Jimmy Gray
98605,Emily Kelley PhD
90527,James Ross
77478,Maria Gray
78363,Brianna Schmidt
50148,Elizabeth Foster
68114,Shawn Edwards
67410,Beverly Oconnor
86629,Michelle Black
66788,Stephen Snow
36994,Tina Lopez
51323,Laura Bridges
80031,Jason Turner
94817,Tiffany Schneider
22126,Christian Wilson
26221,Amy Stewart
35886,Sandra Castillo
50475,Daniel Ward
81994,Theodore Allen
60594,Katelyn Nichols
35904,Brenda Mccarty
75764,Megan Fletcher
47613,William Barker
77506,Joel Solis
98181,Kara Roberts
50720,Sydney Velazquez
41705,Dustin Melton
14227,Rita Mejia
28109,David Gillespie
19808,Shaun Johnson
85625,Linda Marquez
26071,John Pacheco
39017,Amy Miller
20323,Lauren Rowe
65337,Kelly Santos
94402,Robert Patterson
93370,Kathy Spears
64313,April Manning
96200,Brenda Flores MD
27639,Robin Cole
75936,Teresa Fox
72600,Thomas Robinson
48407,Heather Duffy
31736,Tammy Cunningham
20174,David Yu
56447,Alexander Simmons
58749,Barbara Russell
52935,Ryan Wells
46232,Dwayne Green
31450,Roger Miller
65797,Jorge Garrett
28798,Jessica Carey
21374,Sheila Carlson
76623,Tara Sanchez
74179,Elizabeth Pierce
13874,William Murphy
53507,Norma Lee
95080,Robert Newton
16499,Jacob Hill
19584,Breanna Diaz
45461,Pamela Choi
78439,Brenda Mcconnell
71302,Carlos Matthews
71844,Brian Brooks
81587,Courtney Hanson
55423,James Johnson
64528,Ryan Larson
81952,Tyler Cunningham
13012,Samantha Hughes
50312,Rachel Lambert
48134,Dennis Wagner
91285,Bonnie Allen
97609,William Rogers
31831,Dr. Mikayla Silva
69096,Kathy Wilson
73954,Belinda Dunn
59787,Christian Edwards
21055,Lisa Maynard
23623,Julie Bailey
78232,Brenda Cruz
19691,Bethany Williams
86989,Jason Davila
35076,Luis Roman II
44424,Katelyn Davis
29742,Casey Gallegos
16464,Shannon Nelson
11896,Maurice Salas
84889,Elizabeth Park
75460,David Delacruz
75661,Susan Green
69313,Bruce Clark
87013,Kelly Cobb
92508,Jacqueline Palmer
42397,Philip Mcmillan
78763,George Knight
19017,Robert Daniels
70000,Tiffany Patterson
73191,Hannah Foster
73499,William Ferguson
54903,Mia Campbell
36971,Brian Wagner
49800,Mary Warren
85966,Joseph Blake
66232,Susan Hawkins
81621,Steven Santiago
57754,Eric Moon
88317,Trevor Marshall
99152,Julia Miller
24595,Heather Warren
50710,Austin Mccullough
67512,Caitlin Beltran
27552,Jose Watson
59738,Adam Chandler
26438,Jose Garcia
16777,Jessica York
42651,Carl Braun
99459,Jesse Payne
15142,Brandy Jones
18729,Sue Briggs
94127,Heather Davis
78101,Patricia Orozco
28112,Tina Maldonado
31880,Robert Baldwin
38986,Tina Oconnor
90561,Jenny Wong
10707,Melissa Russell
93160,Katelyn Burke
27959,Alejandro Burgess
62141,Crystal Salas
68528,Shawn Hamilton
96899,Valerie Smith
22418,Tamara Goodman DDS
81758,Michele Hernandez
30544,Kelly Rodriguez
10568,Kathryn Perez
76482,Jared Ward Jr.
70176,Mary Morrow
22236,Erica Matthews
83779,Patricia Leon
23231,Christine Hill
21851,Jessica Black
58742,Christopher Stout
33577,Aaron Espinoza
41770,Misty Gaines
89351,Christina Mcmahon
87962,Jared Lynn
25957,Alexa Gutierrez
96407,Aaron Collins
30911,James Bradford
88111,Manuel Henderson
89900,Dawn Shaw
19321,Teresa Brown
63855,Scott Woods
63880,Kylie Thompson
26999,Karen Alvarez
77460,Janice Murphy
99264,Alison Garcia
57756,Jacqueline Lee
46696,Gary Hill
94265,Erin Shaw
14889,Shannon Todd
10918,Michael Ferguson
58043,Richard Grant
15195,Jacqueline Rowe
99638,Rachael Young
37818,Leah Wells
47623,Kelly Ellis
42378,Ashlee Mathis
23113,Mrs. Tiffany Grant
26088,Shannon Morris
98163,Matthew Blair
59425,Jeremiah Stewart
71651,Rachel Mendoza
29457,Clarence Lawrence
68299,Melissa Galvan
98272,Ryan Campbell
41331,Debra Patrick
47560,Ashlee Allen
90062,Bryan Foster
45656,Kayla Myers
94638,Katie Lozano
89526,Stephen Dodson
51556,Donald Sloan
58149,Claudia Horton MD
69664,Jessica Webb
30745,Daniel Anthony
51795,Zachary Nielsen
81922,Jennifer Key
19183,Mr. Brian Weiss
42357,Tina Blackburn
91480,Robert Dean
57111,Kathryn Silva
80217,Jennifer Castro MD
75207,Steven Jones
78821,Nicole Moreno
78786,Ronald Lynch
99116,Cynthia Obrien
12652,Denise Bentley
56214,John Ewing
16571,Connor Rogers
25493,James Pierce
20722,James Edwards
44532,Maria May
31571,Jeremy Moore
76300,John Scott
32981,Manuel Martinez
99008,Melissa Moreno
79783,Kristen Robinson
88071,James Chavez
74907,Brandon Little
26184,Ronnie Phillips
24492,Jennifer Hamilton DVM
67943,John Diaz
66637,Nathan Richmond
38769,Noah Tate
97117,Melissa Rivera
63786,Kevin Ward
75412,Shelby Edwards
74942,Tammy Reed
82079,Timothy Schultz
24348,Sonya Williams
14533,John Gibson
11422,Samantha Johnson
85747,Sarah Mcdaniel
24735,Nicholas Norton
21870,Charles Hayes
84286,Joel Nelson
94452,Caroline Kaiser
63913,Misty Moore
88306,Erika Morales
21559,Gerald Middleton
39510,Cynthia Armstrong
48828,Taylor Carney
85434,Ruben Kerr
59942,Jamie Haynes
91710,Wanda Reeves
64097,Christy Castillo
67513,Geoffrey Coleman
98843,Jacqueline Armstrong
57613,Curtis Hernandez
79981,Phillip Frederick
73139,Justin Ramos
23902,Frances Rojas
82145,Michael Carroll
98024,Teresa Lawrence
28135,Paula Curry
97120,Richard Richardson
67792,Ricky James
11392,Shane Cohen
28202,Jermaine Kennedy
11683,Lauren Roman
36431,David Morris
55820,Amber Pruitt
85016,Rose Burnett
12249,Chase Marshall
19333,Mark Medina
53376,Mark Gonzalez
88208,Caroline Wright
32074,Michael Valentine
97971,Eric Becker
41054,Kelli Barron
66736,Mr. Robert Ruiz
21584,Nathan Larsen
39834,Curtis Fox
35497,Jamie Hoover
73833,Tabitha Griffin
68053,Anthony Durham
47856,Brandi Watson
10446,Beth Lawrence
78045,Robert Wu MD
21479,Jonathan Nielsen
53813,Stephen Lee
83085,Maurice Booth
11072,Elizabeth Cervantes
54648,Jeffrey Patrick
41376,Gerald Fowler
29512,Tammy Kane
54557,Natasha Byrd
63270,Micheal Evans
99665,Brendan Scott
35012,Judy Cruz
31388,Brian Fields
43361,Emily Kemp
53520,Destiny Davis
23284,Stephen Baxter
75812,Kathleen Wallace
30971,John Oneal
18274,William Trujillo
89973,Richard Key
56305,Joseph Wood
50321,Jamie Osborne
43235,Beth Wells
90670,Carlos Potter
75037,Bonnie Alexander
10997,Kenneth Kane
52252,Jared Harrison
79631,Michael Pearson
19559,Jeanne Crawford
54894,Christopher Rojas
33409,Kathleen Li
42861,Christina Velasquez
84650,Emily Taylor
75123,Kimberly Brown MD
54101,Mitchell Banks
82829,Shannon Frye
93829,Ronald Hobbs
73993,Randy Greene
37205,Amanda Grant
98974,Nicole Ellis
41031,Andrea Weaver
69148,Kim Hall
15221,Sherry Ryan
44986,Charlotte Wheeler
66684,Karen Montgomery
17906,Anthony Allen
53019,Zachary Sweeney
84806,Christopher Hoffman
67845,Shirley Yates
16074,Steven Holt
94859,Mr. Jose Medina
55380,Jonathan Gill
85692,John Hicks
81354,Kelly Blankenship
26202,George Powers
44492,Linda Porter
92091,Sherry Grant
23701,Scott Garrison
47444,Ryan Williams
27685,Katie Grant
72784,Jocelyn Wright
26467,Kelly Lee
65383,Megan Riley
57869,Steven Wolfe
56894,Margaret Lang
82215,Jennifer Nguyen MD
28170,Donald Todd
90199,Molly Smith
71537,Michelle Cannon
63461,Debra Hernandez
35382,Amanda Morales
34886,Scott Wiggins
77296,Wendy Holmes
81027,Ruth Daniel
98261,William Ward
77518,Rachael Howell
35932,Derek Santos
75131,Anna Chapman
71330,Danielle Nguyen
16553,Kara Ferguson MD
16864,Timothy Rush
21354,Thomas Harris
20893,Eric Weber
39314,Kristin Jenkins
31444,Kelsey Baker
63886,Candice Powell
56477,Crystal Long
31994,Timothy Hall
20968,Scott Martinez
35102,Charles Henry
62396,Susan Fischer
43132,Kristina Smith
50330,Dana Clark
13331,Jason Hart
87518,Linda Golden
20714,Jeffrey Lopez
63726,Linda Vang
56257,Chris Williams
84575,Dennis Wilkerson
94449,Theresa Ross
52629,Jeremiah Wright MD
65723,Andrea Powers
17684,Ronald Baldwin
57288,Ann Martin
83687,Jonathan Carter
71010,Richard Hill
58861,Samuel Brown
23003,Amanda Harvey
51540,Ellen Mcdaniel
51335,Ryan Ford
57782,Carl Wells
29361,Sherri Coleman
88269,Mitchell Ramirez
56276,Tonya Richard
92404,Nathan Bentley
89176,Deborah Malone
49648,Bridget Parks
55732,Daniel Rios
62912,Kyle Rivera
64784,Michele Tucker
11710,Mariah Cummings
42420,Rachel Wilson
27544,Karen Ramirez
35957,Fernando Fisher
58980,Timothy Arias
56763,Rachel Phillips
92150,Bryan Larson
98294,Cole Trevino
78722,Kelly Hamilton
12562,Carol Woods
93951,Victoria Hampton
42879,Hailey Carter
72499,Anthony Hernandez
67347,Jaime Walker
49020,Kathleen Webb
45917,Juan Williams
85490,David Nguyen
11720,Julie Burns
96754,Stacey Bradley
68476,Michael Aguilar
90351,Ryan Torres
69060,Paul Freeman
87171,Hannah Romero
10521,Rodney Oconnell
86700,Jeff Hoffman
12423,Vanessa Tyler
15242,Megan Young
16731,Robin Taylor
88848,Megan Hughes
39394,Andrew Johnson
66837,Dr. Daniel Fowler
16289,Rebecca Obrien
90484,Debra Mckinney
46551,Bobby Hoffman
16026,Carol Carlson
86612,Andrea Wright
73719,Carolyn Howard
22906,Erika Stark
53476,Jeremy Frederick
30691,Erin Horn
88088,Cynthia Porter
64529,Zachary Price
35200,Carolyn Vargas
77339,Angelica Thomas
44002,Sonya Grant
88840,Danny Johnson
50018,Tammy Garrett
92681,Nicole Mata
51308,Samantha Lopez
98251,Richard Fritz
99505,Joseph Colon
43663,Brandon Terry
52911,Shannon Dunlap
17451,Mary Trevino DDS
75866,Dr. John Parks Jr.
38123,Laura Guerrero
79087,Tiffany Melendez
89912,Ariel James
56679,Tiffany Sullivan
27306,Joan Vargas
93438,Suzanne Jenkins
97348,Michael Rangel
80649,Paula Gonzalez
36862,Veronica Rodriguez
90533,Joseph Graham Jr.
25471,Mr. Kenneth Mcclure
50865,Alicia Waller
81997,Wanda Porter
89140,Patrick Miller
97254,Jordan Calderon
34636,Rachael Wright
49909,John Pearson MD
53391,Tabitha Bishop
29871,Taylor Yoder
40532,Hayden Williams
87757,Kristin Figueroa
42637,Bryan Good
89768,Joshua Carney
93744,Breanna Mays
66262,Marc Mclean
58527,Angela Buck
77760,Troy Fuentes
22380,Mary Rodriguez
72971,Angela Orozco
36126,Daniel Sutton
81955,Brent Henson
76069,Gregory Arnold
61143,Alicia Brandt
90054,Taylor Moore
10863,Gregory Ortega
35630,Mrs. Hailey Hodges MD
73702,Dakota Davis
78562,Adam Wolf
36975,Frank Edwards
32345,Cynthia Faulkner
87011,Kevin Ibarra
93128,Kimberly Santiago
60762,Jeffrey Hayes
21434,John Richardson
93017,Tyler Harris
70713,Jasmine Collins
10433,Sonya Serrano
93876,Ryan Goodman
94708,Emily Reed
19414,Wayne Coleman
70115,Carol Peterson
10083,Cindy Kaufman
81312,Veronica Mullins
50396,Stacey Santiago
31740,Marissa Blackwell
46783,Kristine Williams
12558,David Thomas MD
53265,David Mcfarland
47161,Marcus Lewis
29049,Kenneth Wood
96666,Timothy Gonzalez
69091,Erin Moore
73102,Suzanne Stewart
49351,Cynthia Clayton
36796,Karen Miller
32521,Francisco Garner
47470,Tracy Waters
11912,Jeff Oconnor
26356,Peter Armstrong
22307,Wanda Schmidt
33109,Cynthia Caldwell
43169,Pamela Atkinson
72151,Anthony Terry
89291,Judith Moore
62596,Tracy Gordon
36931,Abigail Kim
40040,Eugene Scott
13347,Emily Hart
93269,Deborah Bryant
24884,Kenneth Torres
95007,Tammy Hill
64115,Kathy Mills
44559,James Reynolds
71261,Caleb Navarro
14119,William Miranda
98869,Jane Martinez
37473,David Morse
85528,Roy Green
58883,Jeffery Sanchez
30734,Amanda Dorsey
55432,Philip Morton
40514,Sharon Anderson
70690,Zachary Allen
76877,Michael Brown
61966,Daniel Riley
21508,Terry Sharp
48312,Morgan Luna
33696,Lydia Carpenter
47082,John Garrett
52568,Shelia Hawkins
65890,Richard Gibson
80249,Kent Wiggins
88667,Ashley Rodriguez
88925,Eric Sweeney
11394,Michael Green
35694,Paul Anderson
86290,Jeremy Randall
18238,Emily Brown
39422,Sarah Bennett
50715,Karen Hubbard
32949,Mark Kennedy
60203,Howard Reynolds
51646,Alejandro Donovan
19802,Brenda Alvarado
45677,Anthony Reeves
33819,Larry Murphy
53090,Laura Oliver
85663,Gabriel Stewart
16366,William Rivera
85616,Jodi Horton
30022,Margaret Davis
83635,Leah Lynch
61485,Christine Howard
27987,Tara Davidson
49735,Tyler Hawkins
21873,Amanda Diaz
68896,Thomas Peters
16910,Chad Carrillo
14364,Karina Hill
78987,Kevin Carr
84783,Austin Schneider
73574,Frank Andrews
44908,Dr. Heather Williams PhD
91405,Marissa Rodriguez
86577,Mark Sanders
41832,Jonathan Hunt
83881,Jacqueline Richards
50639,Monica Brown
41901,Leslie Garcia
66185,Kathleen Campbell
75953,Mark Hill
79884,April Reid
91184,Robert Lozano
82447,Lynn Graves
63559,Dawn Martinez
73037,David Ward
33326,Brian Brown
72020,Jessica Henderson
14530,Laurie Thomas
30416,Caroline Kim
13425,Karen Wilson
96280,Carly Best
51991,Brandon Pennington
78515,Kellie Scott
21868,Jacqueline Stark
55794,Nathan Johnson
72532,Antonio Roberts
60989,Eric Bradley
13209,Brittany Hicks
25717,Jennifer Donaldson
60046,Christopher Lowe
27034,John Potter
99715,Antonio Ingram
37143,Jason Hancock
22433,Chloe Patterson
86243,Rebecca Forbes
58638,Sergio Robinson
74249,Jill Evans
66813,James Francis
14985,Preston Wilkinson
78098,Erin Hurst
97995,Tamara Miller
73103,Erik White
91974,Holly Bennett
20104,Alicia Woods
34931,Jenna Ortiz
89135,Julie Chung
14869,Nathan Baldwin
23296,Brad Ramirez
21201,Katrina Hawkins
97761,Stephanie Farrell
84451,Tamara Hubbard
75039,Dwayne Hicks
58852,Carrie Mcneil
35869,Kimberly Munoz
62541,Jonathan Knapp
23969,Jennifer Nielsen
71060,Travis Lopez
38456,Catherine Chambers DDS
42622,Candice Hernandez
19692,Michelle Joseph
57930,Katherine Carter
71960,Jacob Greer
42755,Jacqueline Smith
17185,Amanda Burns
28221,Alexis Cunningham
56970,Blake Porter
91105,Andrew Fields
18623,Cheryl Greene
28203,Patrick Huber
91700,Kristina Bennett
61529,Lori Powell
17080,Lawrence Malone
61055,Kimberly Greer
28299,Deanna Hammond
59085,Jose Hall
57850,Jacob Anderson
39371,Peggy Davis
67928,Kelly Hancock
21050,Benjamin Rodriguez
79501,Melissa Sanchez
26675,Benjamin Mckinney
31604,Matthew Macdonald
65554,Troy Diaz
75461,Joshua Hanson
71436,Sean May
19260,Jennifer Murray
15602,Terri Mckinney
29612,Natalie Soto
90096,Nicholas Phelps
57001,Dustin Randolph
19109,Anna Mccoy
21435,Kayla Herring
95928,Derek Bell
53743,Cheryl Smith
99501,Chad Weber
96576,Kathleen Beltran
91131,Daniel Greene
23932,Olivia Hurley
60154,Ronald Conley
58912,Mrs. Kimberly Fox DVM
44307,Margaret Combs
72667,Mia Jackson
74930,Amber Warner
28320,James Faulkner
62437,Brenda Watkins
95382,Cassandra Luna
28790,Marcus Shaffer
48260,Michael Schultz
51017,Kristen Hall
49595,Emily Floyd
15945,Isaiah Walker
56069,Ryan Beck
16983,David Lam
37272,Shelby Miller
90389,Patricia Walter
37410,Taylor Martinez
86947,Anthony Robinson
85327,Micheal Torres
72419,Austin Wilson
54506,Mr. Troy Shaw II
16810,Karen Gates
74629,Misty Allen
55319,Kelsey Strickland
30490,Virginia Jones
79475,Morgan Stevenson
50513,Valerie Bradford
69264,Nicole Barr
83990,Austin Parsons
31387,Brian Mcdonald
86615,Thomas Mcbride
18645,Eric Cortez
13671,Benjamin Miranda
55605,Alyssa Medina
15897,Tyler Smith
25005,Dustin Fox
97895,Cindy Bush
92205,Meredith Mcknight
52190,Brian Hayes
70276,Laurie Fritz
59927,Angelica Williams
74144,Amber Salazar
43468,Edward Cardenas
47004,Matthew Drake
10977,Curtis Wilson
16036,Gregory Wright
38619,Mrs. Angelica Leach PhD
81297,Jennifer Bruce
77411,Taylor Alvarez
87462,Steven Chapman
38382,Theresa Sutton
37663,Keith Willis
32156,Jeffrey Choi
96403,Micheal Rhodes
40977,Jessica Rush
33665,Charles Simpson
35408,Justin Hamilton
34089,Jim Cervantes
92717,Kristine Walker
10037,Cory Rose
21155,Rhonda Wilkerson
35624,Karen Ward
90947,Glenda Arnold
88674,Benjamin Morrison
50144,John Joseph
14156,Brandon Leblanc
47121,Mrs. Emily Burnett
85964,Rhonda Cruz
12383,Joshua Miller
37248,Linda Smith
90922,Mrs. Patricia Moore
40714,Kelli Davis
13072,Kristen Richmond
33194,Reginald Ross
69471,Jody Larson
49483,Brenda Castillo
85572,Tiffany Allen
91303,Deborah Terry
21042,Gregory Wolfe
83104,Natalie Black
97876,Jessica Dyer
48354,Stephen Pope
98938,Jennifer Santos
27466,Rhonda Martinez
15692,Ashley Yoder
34858,Casey Bailey
59373,James Bell
19742,Christina Reyes
86984,Terrence Smith
43483,Kelly Parrish
43832,Christine Harris
33980,Caroline Taylor
14875,Thomas Watson
84435,Jeremy Porter
89077,Julie Alvarez
65001,Rebecca Evans
25222,Jason Cuevas
35086,Andrew Swanson
82577,Billy Douglas
18237,Jennifer Martinez
71770,Luis Bailey
52120,Debbie Davis
85399,Amanda Garza
99913,Logan Evans
11894,Jared Butler
27550,Renee Perez
93369,Omar Fisher
70593,Jean Harris
38124,Stephanie Jones
71336,Patrick Bird Jr.
54949,Jessica Rodriguez
65625,Darryl Wright
56788,Rebecca Fischer
87764,Angela Wang
11473,Scott Jones
43245,Miranda Moore
50588,Christine Lambert
34294,Daniel Welch
86698,Casey Arnold
30510,Nicole Gates
19592,Kelly Beard
43829,Susan Rodriguez PhD
80182,Christie Ramsey
14771,Bruce Delacruz
92209,Travis Burnett
50708,Matthew Marsh
68387,Terry Aguirre
89934,Justin Thomas
73276,Brenda Rice
53177,Elizabeth Stout
75548,Courtney Salinas
61109,Alison Richards
86511,Emily White DVM
79213,Felicia Crosby
56768,Stacy Williams
86132,Stephanie Ochoa
40363,Dr. Mark Preston Jr.
55688,Joshua Osborne
65493,Jay Lane
13240,Jennifer Lee
79291,Tracy Ramirez
12204,Pamela Haynes
11347,Jeremy Hickman
89057,Brandon Reed
84947,Brendan Smith
32797,Matthew Leonard
87498,Kimberly Ramsey
34637,Andrea Carlson
76033,Joseph Nelson Jr.
50592,Lauren Jackson
68081,Andrea Gomez
16260,Erika Powers
76450,Carlos Torres
23724,Eric Herring
41701,William Bowman
70109,Jeffrey Perez
14963,Debra Davis
28758,Justin Gibbs
81195,Karen Richards
82412,Nicholas Thomas
88345,Thomas Mcfarland
65074,Christina Alvarado
56083,Jessica Swanson
39780,Roger Montes
70952,Brent Welch
66006,Kayla Tanner
71535,Chad Davis
17263,Timothy Hickman
50830,Abigail Townsend
39461,Shannon Reese
21824,Kristen Simpson
92008,Jennifer Stevens
17685,Andrew Schwartz
49834,Connie Oneill
69025,Connie Martinez
62733,Patricia Keith
35099,Steve Thompson
89899,Karen Ortega
32802,Julie Mendoza
24890,Samantha Smith
55154,Sheila Smith
51614,Christina Kennedy
51412,Jeffrey Roy
43059,Blake Larson
89456,Jamie Castro
93753,Mr. Shawn Parks
95594,Carla Morgan
24509,Jason Skinner
51210,Trevor Harris
78204,Richard Wolf
46052,Emily Odom
75241,Stephanie Smith
26053,Brandon Petty MD
13925,Susan Franklin
74548,Kathleen Stevens
17146,Wesley Hart
86121,Kelly Randall
64933,Oscar Wright
15613,Dylan Cruz
14962,Nicholas Barber
83337,Kim Carpenter
26469,James Henderson
27424,Charles Griffin
85709,Raymond Vargas
65069,Matthew Phelps
33769,Todd Owens
11932,Gerald Le
48917,Erin Delgado
26764,Donna Murray
62458,Michael Lozano
11083,Jill Le
93977,Jeffrey Gray
68314,Monica Trujillo
33123,Bonnie Johnson
29602,Brandon Ballard
30936,Diane Martinez
26377,Haley Harmon
77342,Kevin West
88550,Shelley Mason
69988,Tiffany Alvarez
81206,Preston Stein
74516,Savannah Baker
50434,Jill Snyder
79205,Mandy Prince
36104,Leah Medina
89771,Cheryl Wilson
63797,Elizabeth White
29123,Michael Murphy
62110,Juan Smith
85729,Anna Watts
99870,Jacqueline Escobar
51841,Anthony Herrera
86375,Darlene Buchanan
94919,Brian Garrison
35235,Christina Jenkins
60148,Thomas Vance
43738,Donald Anthony
44308,Cristina Baker
41605,Virginia Bright
81782,Vanessa Smith
81514,Melissa Ingram
37393,Albert Robinson
95683,Mrs. Alison Moore MD
52229,Daniel Allen
44963,Peter Davis
42276,Kathryn Nichols
35394,Amanda Brady
84927,Mrs. Valerie Cannon
43536,Angela James
44713,Misty Norris
67311,Kristine Fitzpatrick
61976,Zachary Pierce
95104,Kathy Mosley
31012,Kimberly Medina
70495,Kathryn King
83955,Mitchell Taylor
23348,Andrew Chambers
28010,James Padilla
52310,Gerald Hayden
33703,Carlos Zavala
79809,Sean Smith
58309,Stacy Mcneil
93933,Timothy Dominguez
63715,Stephanie Harris
55677,Devin Castillo
20087,Karen Lozano
91004,Joseph Bennett
32683,Daniel Bentley
65555,Monica Morales
65691,Amber Snow
64850,Michael Warren
92190,Marie Newton
39083,Tammy Foster
17204,James Martinez
92312,James Cobb
33775,Christopher Moreno
57470,Anita Blair
47757,Jessica Gray
84321,Hunter Long
61761,Susan Gordon
80733,Charles Herrera
69928,Kathy Spencer
42281,Latasha Cunningham
74059,Stephen Fisher
63829,Rachel Martinez
81538,Emily Aguilar
14008,Sarah Mitchell
44163,Kiara Gordon
35713,Olivia Hughes
47140,Kimberly York
49533,Tyler Guerra
25431,Eric Larson
89862,Cindy Frye
65280,Margaret Gilbert
62753,James Owen
27423,Nicholas Willis
10606,Natalie Berg
20332,Jamie Suarez
85665,Mr. Jerry Ward
41821,Kristy Chavez
35233,Sheila Robertson
73172,Christopher Watkins
97116,Joseph Kramer
75456,Katherine Ramirez
79593,Frank Peterson
64472,Travis Carr
42890,Pamela Yates
53185,Gordon Huff
31511,Thomas Kennedy
50961,Melanie Haynes
93089,Julie Murray
76601,Barry Smith
60533,Carol Drake
93594,Eugene Reese
98755,Jordan Young
98284,Corey Donaldson
77632,Erin Nguyen
83157,Joseph Schmidt
59903,David Arnold
92559,Leonard Mccarthy
93785,Whitney Green
67117,Nathaniel Stone
83654,Brandon Davis
66347,Tracy Black
61292,Tammy Bailey
29122,Mariah Holmes
23795,Dennis Bridges
98702,Angela Williams
31811,Stacy Patel
44719,Angela Berg
22587,Janice Martin
92479,Timothy Farrell
25713,Destiny Osborn
18975,Christian West
16958,Garrett Johnson
16647,Rebecca Keith
89031,Dr. Patrick Alvarado PhD
83615,Barbara Sutton
61328,Walter Jenkins
23976,Samantha Abbott
25679,Brittany Baker
41501,Keith Moreno
60095,Sarah Avila
19283,Deborah Williams
87069,Christopher Nash
44511,Laura Franklin
79518,Hailey King
40412,Shannon Lutz
44448,Rhonda Malone
46787,Brian Mcintyre
81305,Kevin Miller
52478,Carmen Bryant
68759,Alejandro Beard
49542,David Brooks DVM
15316,Joyce Elliott
31858,Thomas Garcia
50149,Jennifer Simmons
66527,Jordan West
29400,Austin Griffin
49843,Stacey Scott
13080,Angela Robinson
47005,Joseph Perez
54815,Samuel Ramos
46520,Susan Davis
62635,Annette Gonzales
21357,Erica Johnson
52325,Brian Cole
90159,Brendan Morales
50627,Tracy Underwood
24233,James Welch
25262,Billy Daniels
11555,Erica Rodriguez
56931,Amy Hernandez DVM
73712,Nichole Fox
69560,Jared Sanchez
95547,Angela Grant
96001,Barbara Nolan
81355,Denise Nguyen
63342,Shawn Miller
37582,Rodney Oneal
62817,Andrew Stephens
44572,Jaime Torres
91542,Evan Hudson
70741,Daniel Howe
92052,Chris Johnson
82028,Nicole Chavez
32062,Justin Strong
39677,Cheryl Gregory
60219,Jaime Crosby
60453,Karen Hunter
33788,Daniel Cooper
34841,Morgan Robbins
85945,Bonnie Lopez
76775,Laura Hanna
59268,Gregory Hart II
54269,Kyle Dawson
83459,Dustin Leonard
44742,Yvonne Smith
28865,Elijah Allen
82643,Jamie Dunlap
63481,Adam Vaughn
50046,Miranda Figueroa
44644,Diane Lopez
93578,Jessica Foster
41083,Hector Moreno
26792,Cindy Kim
75146,Leon Berg
52270,Madeline Smith
57059,Gregory Sanford
37026,Jonathon Thomas
91117,Darrell Jenkins
57448,Michelle Valdez
28915,Anthony Frey
14208,Crystal Nelson
39713,Madison Beard
90090,Rachel Oliver
63408,Douglas Knight
15189,Teresa Jacobs
68374,Holly Martin
34421,Wendy Everett
81778,Deborah York
56671,Lonnie Mason
92234,Elizabeth Atkinson
64305,Adam Avila
75761,Cheyenne Scott
18670,Joanna Oconnor
67566,Tiffany Knight
52675,Hunter Morris
83815,Rebecca Carr
92399,Lisa Mccoy
26692,Cheryl Jones
92459,Daisy Richards
58825,Christopher Hurst
56065,Jesse Mendoza
76084,Linda Hernandez
75537,Jackie Gibson
23625,Jacob Williams
20465,April Simpson
50520,Matthew Barnett
53892,David Hull
15626,Chad Edwards
96965,Jaime Lam
96131,Sarah Hanna
61313,David Archer
52525,Shawn Moore
26978,Jerry Torres
20959,Tamara Higgins
69498,Danielle Logan
64423,Rachel Gilbert
36510,Daniel Lara
66479,David Hart
24410,Kathleen Werner
83052,Martin Lamb
49593,Stanley Watson
16482,Dawn Craig
64072,Joshua Guerrero
91972,Wanda Whitney
59061,Vanessa Rivera
92176,Carol Jensen
17755,Stacey Peters
70675,Jessica Hale
67358,Stephanie Johnston
77660,Elizabeth Diaz
30169,Megan Hendrix DVM
29333,Anthony Goodman
93585,Amy Gray
48986,Morgan Jordan
87659,Todd Arnold
70069,William Nelson
25179,Corey Meyer
12898,Stacey Baker
33825,Teresa Roberts
89327,Victor Green
85059,Jordan Powell
55667,Kathryn Leonard
11245,Carmen Thompson
28709,Sheila Gutierrez
66677,Juan Hanson
37689,Steven Cardenas
29522,Stephen Perry
41935,Cory Morales
51102,Andrew Hanson
34729,Maria Caldwell
82797,Riley Berry
62420,Jennifer Jordan
30857,Jason Ortiz
74248,Zoe Newton MD
67337,Elizabeth Colon
91461,Casey Wallace
49548,Jonathan Juarez
98889,Victoria Wilson
89852,Jennifer Kramer
22980,Sydney Turner
59938,Deanna Matthews
81841,Darrell Henson
76001,Shelby Fisher
20711,Cathy Hernandez
42908,Kathryn Greene
93647,Dr. Kyle Roman
21831,Kenneth Henderson
11991,Jamie Cruz
68614,Marvin Flores
77617,Cassandra Morrison
53292,Alexander Alexander
85158,Travis Kennedy
47923,Nicole Kennedy
54405,Paul Espinoza
43032,Scott Sellers
33849,Joseph Wells
93683,Julia Welch
34130,Tyler Jackson
67350,Anita Thomas
68783,Erica Orr
74783,Kaitlin Sharp
32263,Jacob Fields
75082,Julia Owens
43715,Kaylee Brown
87440,Andre Wiggins
13781,Lynn Anderson
13346,Johnny Ramirez
74132,Fernando Andrews
24155,Julia Ferguson
26336,Courtney Guerra
60962,Alexander Holt
61864,Whitney Baker
99378,Kyle Robinson
87320,Yolanda Carlson
70454,Jordan Lewis
80071,Gary Walls
95029,Maurice Garcia
30588,Kristen Schultz
12477,Sara Barrett
36020,Michael Gomez
98409,Nancy Morgan
92300,Connor Holt
56651,Chad Schneider
45389,Samuel Salas
46349,Brooke Harris
29485,Justin Tucker
77741,Nicholas Rosario
46207,Danielle Stokes
11382,Dana Martin
35198,Carlos Padilla
88373,Sherry Avery
48290,David Hendrix
67173,Lisa Sanchez
73391,David Murphy
74157,Dylan Love
75669,Jose Butler
80332,Melissa Jacobs
15796,Benjamin Morrow
37214,Jack Sweeney
22493,Gabriela Maldonado
51467,Steven Hayes
76065,Kelly Romero
45006,Dr. James Parker
97996,Hannah Townsend
37832,Ashley Irwin
75941,Donald Norman
14183,Martin Gutierrez
15552,Sara Bennett
79905,Maureen Griffith
18252,Mark Velazquez
23389,Joseph Burns
31824,Gary Newman
89428,Nicole Johnson
62486,Christopher Newman
11021,Jon Dennis
87078,Marcus Freeman
71968,Jasmin Franklin
11215,Patricia Pruitt
22629,John Spencer Jr.
92971,Pam Lee
46153,Catherine Carter
32545,Drew Townsend
78717,Peter Harding
80264,Catherine Martinez
24828,Isaiah Brooks
33339,Gary Moore
87375,Anthony Ware
49181,Sophia Rivas
56054,Paul Paul
45216,Melissa Velazquez
80738,Christopher Hansen
60894,Kimberly Lawson
96094,Cynthia Thompson
19241,Sean Wallace
26844,Kristopher Anderson
58278,Kevin Benson
52023,Rickey Smith
79476,David Carney
72211,Anthony Ruiz
79200,Stephanie Nelson
94141,Michael Richmond
98617,Victoria Dixon
62320,Jennifer Skinner
18358,Angela Rogers
81877,Alex Morales
66934,Connor Ferguson
62901,Joshua Rodriguez
27937,Ashley Lamb
34168,Donna Erickson
48069,Brian Rios
12461,Brady Crawford
58846,Monica Brooks
23880,Thomas Barnes
86026,Denise Crosby
44524,Greg Jordan
49664,Amber Watts
29115,Tyler Bird
71684,Kristen Shaw
44716,Mr. Jacob Robinson
58985,Craig Webb
55091,Lisa Graham
37746,Lynn Collins
38591,Christopher Duncan
91810,Tara Andersen
43726,Tyler Fuller
71940,Megan Sheppard
98783,Kelli Perry
50039,Jaime Cardenas
71168,Eric Peck
50226,Raymond Huff
74469,Andre Silva
57252,Mary Alvarado
39403,Melanie Ramirez MD
55456,Marie Clements
29953,Kelsey Gray
85414,Mr. Robert White
15916,Kristin Jacobs
48718,Kimberly Ramos
14320,Edward Li
94604,Gabriel Obrien
12031,Katie Bowers
88431,William Reid
76435,Cynthia Mcclain
42495,Sharon Brown PhD
34949,Sean Meyer
57188,Ethan Fernandez
59633,Monique Potter
18171,Kayla Ward
75807,Allison Johnston
13535,Kimberly Manning
30998,Dr. Sonia Palmer
45842,Zachary Manning
68160,Cassidy Holmes
83715,Ryan Vega
42547,Danielle Choi
88310,Marcia Spencer
27180,Kevin Dickson
83702,Emily Parks
50323,Jessica Reynolds
28918,Edward Espinoza
43704,Elizabeth Pittman
69797,Dorothy Khan
53139,Aaron Brown
22793,Brandon Vargas
16097,Debra Pena
86408,Angela Sullivan
24571,Carrie Hogan
59603,Scott Key
10273,Mary Miles
92944,Crystal Hardin
86436,Lawrence Stark
34741,Miss Michele Mata
65705,Bryan Patton
84024,Jessica Bailey
50624,Mario Grant DDS
67172,Richard Cline
69370,Jack Knight
23404,Natalie Carr
19128,Christopher Barnes
70394,Anna Fields
67439,Tommy Martin
43338,Stephen Frost
25235,Dorothy Walker
64588,Michelle Vazquez
82242,Jason Melton
41733,Zachary Gates
43534,Michael Soto PhD
11626,Valerie Lynch
68176,Mary Willis
65472,Nicole Lucas
63862,Lori Hodge
87853,Emily Christensen DVM
81160,Katie Durham
14606,Dominique White
95445,Mitchell Frazier
80930,Paul Guzman
89969,Elijah Rich
39659,Peggy Osborn
63707,Megan Ramos
41871,Brandon Lara
84918,Miranda Thornton
22553,Kristina Young
82691,Alexander Greene
71272,Steven Blair
12198,Natalie Morales
92490,Cody Richards
64373,Clinton Gibson
46499,Christopher Montoya
29372,Laura Anderson
73249,Mrs. Amanda Walton
68415,Sergio Torres
59913,Adam Perkins
73192,Michelle West
33786,Christopher Ford
76463,Jennifer Mcguire
28528,Charlene Kim
44566,April Thompson
86998,Jose Shannon
86899,Corey Taylor
50365,Veronica Maxwell
23892,Kelly Nunez
88549,Margaret Decker
22451,Sean Watson
92370,Michael Sims
35393,James Zimmerman
63732,Steven Fisher
82121,William Murray
40693,Brett Obrien
46653,Todd Gonzalez
94467,Denise Hicks
62891,Lisa Young
27593,Mrs. Morgan Smith
88311,Michael Hanson
30406,Tammy Hines
66819,Debra Perez
60136,Annette Smith
74349,Mr. Anthony Ramirez MD
55156,Mark Riggs DDS
21005,Denise Wilson
53439,Denise Vaughan
14644,Mario Christian
85263,Barry Odonnell
20629,Robert Scott
49122,Robin Bennett
52879,Ms. Debbie Edwards
80741,Christopher Howard
48392,Stephen Murphy
98271,Nicole Ward
51945,Richard Kelly
96787,Allen Bowman
21151,Jasmine York
75331,Kimberly Martin
37922,Karen Harvey
50539,John Perez
87176,Jason Shea
25489,Bobby Arroyo
54929,Veronica Hamilton
57703,Alexa Kirby
48645,Joshua Byrd
94826,Michelle Gutierrez
35071,Michael Henry
32906,John Howard
91291,Jesus Hernandez
96453,Christina Wright
46827,Brian Chang
51787,Tammie Black
66860,Alicia Berg
96624,Mr. Jerry Lewis
79680,Erin Nelson
94087,Nathaniel Riddle
24608,Ryan Lester
33658,Matthew Malone
43226,Aaron Bennett
79278,Patricia Allen
70940,Brittany Rodriguez
91170,Clayton Yang
14933,Elaine Jones
53931,Wanda Hoffman
47531,Stacey Foley
79199,Paul Wolfe
84865,Kelly Gould
50480,Bradley Logan
36737,Thomas Duffy
11000,Gregory Miller
57020,Daniel Lozano
27839,Robert Mcneil
97541,Judith Wheeler
19586,Chris Bailey
81230,Andre Mason
72550,Charles Murphy
22032,Sherry Hughes
19661,Ricky Pena
47468,Michael Taylor
30679,Kristi King
90588,James Schmidt
87907,Ralph White
80902,Allison Wright
11907,Lisa Singleton
79124,Shari Douglas
83519,Tasha Ortiz
85993,Katherine Davies
25325,Kaitlin Lawson
27641,Karen Collier
77743,Brenda Brown MD
23469,Cristian Reed
18971,Sarah Harris
17267,Nathaniel Porter
70568,Miss Dominique Rose
50928,Kevin Cisneros
78628,Rebecca Jenkins
44041,Stephen Diaz
11212,Charles Espinoza
40017,Andrew Cruz
75044,Robert Hester
12719,Brian Newman
98579,Rebecca Fernandez
91678,Dr. Charles Henderson
69533,Jacob French
16489,Melissa Shaw
51262,Casey Simpson
80785,Renee Robbins
98531,Thomas Day
49745,Alison Dominguez
67519,Ashley Peters
32721,Tammy Scott
78527,Angela Mclean
30241,Anthony Moody
84930,Mark Trevino
15871,Sean Fields
12691,Derrick Castillo
63328,Kathy Roy
24496,Ellen Brown
76740,Taylor Campbell
27676,Kelsey Hicks
87288,Andrea Fields
55549,Katherine Hoffman
94158,Trevor Galvan
40055,Pamela Williams
43321,Joshua Ewing
39790,Cody Campos
65651,Heather Chapman
56680,Michael Dawson
25980,Samuel Beasley
86520,Cassandra Duke
62325,Tammy Velazquez
24356,Mrs. Barbara Lowery
90581,Aaron Fowler
86329,Stephanie Mcdowell
71988,Nicholas Hudson
81040,Jesse Burke
77225,Linda Barker
34527,Tiffany Lopez
79488,Dr. Max Padilla PhD
48950,Mallory Guzman DVM
57150,Steven Morrison
85063,Kelly Dickerson
72363,Dakota Livingston
87808,Suzanne Rodriguez
74696,Angie Ramirez
32486,Kathryn Foster
20349,Ryan Huerta
70615,Gloria Wiley
24508,Kerri Stone
27728,Anthony Olson
86291,Sean Golden
77516,Dakota Jackson
72634,Steven Anderson
99960,Dale Soto
25506,Linda Cannon
77427,Mathew Cox
64400,Catherine Perkins
17742,Cassandra Carter
29740,Marissa Delgado
66874,Amy Strickland
68949,Pamela Carter
40680,Tina Williams
99343,Riley Cook
93004,Tim Lee
83934,Donald Murray
66451,David Walker
91911,Lindsey Navarro
36475,Stephen Keith
59910,Kelly Gonzalez
54560,Austin Rhodes
40331,Christopher Henderson
98972,Daniel Mcconnell
44394,Cheryl Williams
72959,Erika Kaufman
32665,Michelle Brady
95237,Jason Ross
15357,Hailey Gross
97342,Christopher Wallace
38085,James Hughes
24837,Tanya Sanchez
50296,Taylor Hughes
87770,Taylor Garcia
92668,Patricia Lambert
25930,Robert Flores
89441,Mr. Anthony Hernandez Jr.
93693,Paul Martin
80455,Sierra Morrison
71393,Shaun Short
80025,Jill Marquez
90751,Ashley Patel
41114,Harold Norton
30575,Shane Leon
37575,Jennifer Frazier
92335,Travis Buckley
39266,Kent Smith
81623,Martin Lopez
41394,Brandon Kidd
46669,Bethany Dennis
86167,Spencer Simmons
70534,Shannon Sandoval
70484,Keith Wright
47182,Catherine Boyer
23628,Julie Russell
26226,Beth Kelly
14611,Blake Calderon
27463,Amanda Mccarty
64009,Kathleen Wilson
71583,Leah Cunningham
56430,Mark Lester
68533,Michael Lopez
86666,Jonathan Flores
23855,Tim Hall
56191,Patricia Wood
57328,Wendy Alvarado
22050,John Shah
31331,Stephanie Martin
85567,Janice Bowman
51113,Jessica Garcia DDS
83837,Kylie Edwards
10506,Kendra Hoffman
62217,Kevin Dillon
18163,Kathleen Williamson
14894,Desiree Curtis
53406,Francisco Kline
73465,Amber Owens
64520,Matthew Rice
66896,Melissa Johnson
67828,Javier Lane
54392,Erin Kemp
59325,Chelsea Trujillo
44230,Scott Kramer
35629,Kelly Hammond
55543,Matthew Wheeler
59936,Thomas Marquez
73423,Mr. Justin Davis
74606,Michael Blackwell
91209,Deborah Santos
44398,Ivan Moore
20698,Michelle Ryan
90997,Cathy Scott
10725,April Stanley
49917,Nicole Burgess
99218,Michael Daniels
39565,Austin Pearson Jr.
70272,Daniel Garcia MD
29867,Leslie Coleman
41199,Karen Berry
66231,Wayne Phillips
14152,Debbie Bennett
80062,Jennifer Hicks
90638,Katherine Norris
94431,Mark York
96177,Erica Bond
61231,Thomas Gonzales Jr.
52155,Mary Benson
97021,Todd Conway
20336,Roy Perkins
83866,Mark Oconnor
29411,Mrs. Barbara Montoya PhD
69032,Tony Klein
44212,Danielle Shaw
65427,Kimberly Lozano
20604,Meagan Bond
80169,Kim Barron
98135,Roger Mcfarland
67646,Carolyn Adams
83120,Katherine Brock
50143,Kimberly Lloyd
54774,Kara Stewart
57390,Michelle Griffith
55223,Ashley Jenkins
47078,Anthony Johnson
48003,Patrick Shaffer
66631,Walter Williamson
73817,Jackson Jensen
30003,Tiffany Henry
87022,Kristy Bennett
65531,Ryan Cooper
11887,Joyce Salazar
22756,Lynn Gilmore
65991,Patricia Harvey
76863,William Graham
31996,Melissa Scott
36319,Christine Spencer
41289,David Walsh
68311,Barbara Evans
48798,Angela Winters
65444,Jennifer Adams
90447,Brian Stewart
51094,Jimmy Russell
63266,Andrea Frank
94565,Kevin Fernandez
57065,Christina English
39995,Mark Calhoun
55461,Samuel Wilson
39171,Timothy Pollard
75570,Carolyn Hart
56818,Allison Frank
33918,Garrett Stanton
47519,Clarence Patterson
31135,Mary Thompson
79313,Zachary Atkinson
41077,Mrs. Kimberly Jones MD
67168,Amber Watson
46517,Mike Wright
62181,Amanda Strong
96449,Amanda Simmons
94434,Lori Hoffman
59976,Luis Le
27530,Daniel Hopkins
92517,Isaac Turner
20704,Donna Murphy DVM
68700,Robert Hines
84999,Michael Davis
13685,Christine Hamilton
97376,Andrew Garcia
33357,Christopher Rosales
34077,Kayla Obrien
59385,Danielle Wright
35787,Kristen Wyatt
76836,Jeanne White
18614,Karen Nelson
93992,Janet Hanson
97226,Thomas Roth
40438,Natalie Tate
74645,Jeffrey Chapman
91026,Susan Middleton
14003,Kimberly Braun
69246,Michael Murillo
14736,Mr. Joseph Kirk
39248,Timothy Hill
22313,Tammy Collins MD
10529,Tony Holmes
76467,Kimberly Cruz
95706,Lori Davenport
36365,Tony Watkins
19767,Adam Sweeney
95021,Kevin King
89689,Pamela Fischer
41480,Cynthia West
79046,Tyler Kim
79966,Timothy Marsh
53421,Anthony Mitchell
76125,Vincent Walsh
41342,Chelsea Gilbert
80998,Joseph Williams
67104,Angela Wilson
28714,John Haynes
24699,Paul Reynolds
24589,Samantha Pratt
46237,Lori Salazar
68265,Linda Hicks
10170,Lauren Reid
73973,Tiffany Singh
79911,Ariel Monroe
75939,Melissa Williams
79063,Roger Bush MD
68375,Maria Lopez
35981,Sonia Lowe
12065,Steven Byrd
34053,Andrea Krause
40540,Madison Elliott
28286,Amanda Woods
97436,Leslie Williams
14584,Patrick Martin
97193,Erica Hall
10123,Michaela Jones
24216,Nancy Montes
33860,Vicki Bender
62073,Chad Bryant
72344,Gregory Gilbert
28535,Raymond Crosby
29097,Susan Curtis
58498,Michael Ortega
55728,Adrienne Henderson
23176,Kimberly Duarte
44483,Crystal Fry
46227,Larry Moore
53459,Alexandria Jensen
49662,Gregory Leonard
44657,Steve Perez
45695,Daniel Watson
90672,Charles Banks
48020,Ernest Carter
30625,Patricia Cortez
97170,Samantha Moore
87153,Brittney Cook
28945,William Sexton
56144,Lisa Buchanan
77362,Daniel Snow
31315,Jordan Proctor
88151,Judith Richardson
28859,Judith Griffith
87731,Andrea Johnson
15417,Timothy Douglas
70509,Melinda Johnson
80257,Trevor Dunlap
87318,Emma Wallace MD
20636,Yvette Barr
55589,Joseph Davis
95164,Leah Gates
27077,Jasmine Evans
45841,Christina Monroe
25160,Stephen Gonzalez
13873,Kathleen Ramirez
24891,Joel Browning
70996,Craig Parks
92484,Jennifer Pitts
51455,Natalie Davis
52845,Michael Banks
58459,Brittany Olson
79882,Kevin Dunn
83240,Cindy Cook
30808,Angela Kennedy
85893,Brian Crosby
19330,Victor Lozano
30092,Brenda Spears
19875,Jason Hansen
99162,Richard Stewart
58499,Eugene Wilson
14251,Jonathan Joseph
11058,Melissa Swanson
14614,Lucas Cox
30661,William Patterson
36592,Karen Hunt
18361,Christine Avila
20736,Louis Hatfield
97333,Mariah Baker
64994,Jordan Harvey
30287,Steven Roberson
17224,Katie Ford
68731,Taylor Pena
91531,Nancy Gonzalez
58833,Dr. Sarah Rodriguez
13051,Anthony Jones
41740,Evan Ford
46434,Benjamin Andrews
37525,Linda Stewart
12829,David Nelson
90345,David Hodges
75681,Caitlin Ward
77909,Ronald Chapman
75765,Patricia Ballard
36517,Alyssa Robinson
20061,Joseph Hess
80924,Brandon Lyons
57839,Justin Moore
62745,Justin Robbins
87594,Thomas Lozano
45597,Heather Rice
95256,Linda Green
13295,Charlotte Bender
29746,Peter Orozco
93308,Corey Grant
87378,Patrick Cuevas
60973,Carl Boyd
51244,Devin Wright
76131,Cristian Davila
21075,Derrick Silva
55932,Margaret Smith
40899,Lisa Moore
19254,David Kim
54308,Susan Jackson
16655,Anthony Prince
37653,Brian Mueller
56262,Rachel Ellis
64936,Eduardo Smith
38035,Ryan Nixon
88587,Rachel Tapia
49652,Whitney Shelton
39688,Kelly Nguyen
90344,Ashley Mason
29989,Renee Goodwin
55357,Adam Cunningham
82823,Joshua Clark
59847,Lauren Becker
90589,Jennifer Hill
29106,Stacy Peterson
68867,Timothy Robinson
85411,Kathleen Miller
85975,Abigail Kirk
34509,Vincent Alvarez
45407,Sarah Kennedy
35562,Andrew Stevens
57866,Alyssa Palmer
56299,Micheal Shelton
34648,Shawn Cabrera
96893,Nancy Ashley
94684,Patrick Ramirez
20674,Mr. Dustin Brewer
54765,Melanie Williams
40367,Paul Johnson
32704,Joseph Wilson
80934,Brian Lambert
19622,Karen Young
24886,Dr. Steven Gross
33704,Daniel Torres
40782,Lori Jones
22390,Frank Cobb
66822,Daniel Lopez
43501,Desiree Navarro
63606,Evan Hayden
12028,Catherine Powers
33227,Stephanie Thomas
59916,Cody Smith
90748,Colton Brooks
42959,David Patel
38506,David Richards
93020,Kimberly Zhang
68076,Taylor Johnson
91750,Angela Wells
63204,Michelle Orozco
18972,Gregory Mason
59945,Darlene Wilson
31482,Diane Patterson
37529,April Cunningham
86508,Kurt Sandoval
18282,Joseph Chang
82247,Alexis Taylor
37011,Lauren Olson
44409,Elizabeth Washington
13358,Jack Hester
13856,David Thompson
11916,Nicole Jimenez
91966,Brian Cabrera
34566,Ashley Bradley
12354,Jacob Collins
92033,Stephanie Douglas
56858,Brent White
56091,Joe Mathews
67737,Anthony Orozco
99633,Erica Miller
85165,Alexander Cox
56727,David Long
88179,Christina Wiggins
98487,Carol Nguyen
38691,Crystal Hickman
86269,Kendra Pena
97489,Omar Roberts
81314,Jonathan Wang
21993,William Brennan
95731,David Robinson
95389,Yvonne Evans
92182,Tina Smith
89800,Shawn Hodges
79967,Thomas Dorsey
39193,Jennifer Chandler
25210,Tiffany Peck
30185,Summer Peterson
72596,Katherine Torres
90075,Laura Novak
27367,Peter Brown
83207,Amy Vaughn
93479,John Bautista
20455,Mario Rogers
26281,Colton Blankenship
99441,Annette Gaines
14497,Christina Allen
15802,Willie Martin
14268,Craig Diaz
14048,April Gutierrez
87750,Cathy Haynes
10246,Erik Cruz
57423,Anne Gordon
90105,Dustin Mcintyre
75491,Joshua Maxwell
37121,Todd Smith
61866,Vanessa Clark
65907,Eddie Robbins
19634,Nicholas Martin
33068,Brianna Oconnor
74646,Sandra Ross MD
56150,Brenda Barrett
11918,Tammy Lindsey
32305,Ronnie Gill
43711,Todd Harris
94477,Christopher Soto
40215,Wesley Evans
43756,Kevin Alvarado
40387,Kimberly Jackson
67307,Scott Briggs
37398,Sarah Forbes
24672,Phillip Vega
47047,Alexandra Rodriguez
99080,Jill Garner
24615,Jackson Morris
52696,Kevin Robertson
69330,Brett Park
85051,Bryan Carey
35091,Jose Yates
37615,April Perez
87163,Brian Perez
14214,Lauren Sandoval
45916,Anita Young
12886,Marilyn Hansen
87714,Jasmine Stewart
33674,Elizabeth Carlson
75370,Andrew Bell
61162,Janet Bailey
15532,Mary Lopez
32856,Ricardo Peterson
92022,Caroline Swanson
31844,Mary Ward
40636,Kenneth Bruce
46453,Jamie Buckley
31548,Erica Edwards
98408,Caleb Davis
73897,Melissa Wade
75011,Jared Elliott
73045,Mrs. Lindsey Stafford MD
38790,Olivia Stark
80483,Dawn Frost
36001,Scott Pierce
91703,Steven Fuller
40225,Mr. Tyler Curry
67390,Vanessa Davis
22448,Samantha Gonzalez
14719,Angela Hunter
38694,Mary Rangel
60445,John Good
90347,Zachary Faulkner
32484,Heather Madden
82444,Lisa Carlson
20155,Reginald Rios
99670,Adam Cook
23899,Diana Duke
69044,Elizabeth Yang
26870,Rodney Carr
17579,Tiffany Grant
35350,Joshua Joyce
81276,Sheryl Johnson
10888,Alexis Swanson
96707,Kristen Graham
87456,Heather Torres
30493,Erik Jones
53251,Melissa Hawkins
73286,Kevin Hester
83272,David Bentley
99091,Stephanie Schroeder
69605,John Jones
11104,Erica Maynard
35453,Jamie Benjamin
14767,Raymond Fisher
54408,Tony Hall
83944,Christopher Perry
78346,Nicholas Carson
32717,Ryan Snyder
57105,Robert Barber
23886,Jeffrey Mcconnell
91370,Thomas Krause
22747,Nicholas Taylor
92551,Joann Dominguez
23044,Samantha Hernandez
66719,James Hernandez
84257,Tami Klein
89078,Tony Shaw
43915,Robert Cooper
43329,Sophia Davis
71616,Jennifer Elliott
29970,Christopher Stein
60247,Amy Contreras
44940,Heather Moon
20622,Amanda Nelson
33556,Elizabeth Ward
90056,Tyler Graham
75619,Ryan Gray
88488,Wanda Rowe
82411,Sara Rich
97062,Eileen Gomez
80615,Elizabeth Sanchez
82329,Michelle Boyd
29616,William Barton
89554,Sheila Zimmerman
51498,Andrew Barnes
57266,April Lane
22550,Kaitlin Jenkins MD
42966,Maria Barajas
64485,Joe Ashley
66073,Samantha Santos
96042,Cory Meyer
31484,Chelsea Petersen
70995,Joseph Hammond
31942,Robin Lucero
67194,Jordan Smith
12370,Toni Villanueva
88168,Jose White
67241,Joseph Houston
22199,Nicole Clark
67133,Janet Ramirez
52593,Mr. Zachary Jones
80857,Omar Hanna
66770,Richard Moreno
76907,Ann Young
51394,Ronnie Peck
95023,Lisa Weeks
76375,Michael Jensen
81827,Laura Woods
91832,Richard Jimenez
81948,Jessica Diaz
25050,Sharon Galloway
34185,Paula Anderson
31390,Ashley Franklin
98827,Ashley Carr
61451,Denise Williams
26224,Randy Molina
94535,Tonya Avila
51720,Beth Mcgee MD
76761,Jason Meyers
45064,Katherine Walker
75474,Ernest Dixon
31293,Olivia Clark
65668,Lisa Martin
59101,Amy Roberts
87044,Melanie Gilmore
89072,Angela Cox
10864,Natalie Nelson
69030,Debbie Alexander
49350,Theresa Martinez
21772,Matthew Velez
77637,Albert Moore
70796,Jennifer Williamson
94288,Sarah Ali
93162,Janet Davis
21058,Levi Buck
92847,Chelsey Mullins
98811,Kayla Alexander
10346,Christine Mejia
16819,Jonathan Payne
83244,Ebony Williams
66237,Glen Taylor
11110,Craig Coleman
77961,Katherine Kelly
68274,Mr. Jeffrey Hodge
65374,Paul Mcbride
19578,Jamie Mcintyre
14403,Cynthia Bailey
44702,Candace Schroeder
13160,Richard Mills
47554,Sean Brown
50222,Keith Jones
10163,Ryan Douglas
15414,Robert Gonzalez
35226,Maria Downs
40681,Carl Wilcox
53319,Joseph Collins
83456,Isabel Duncan
99842,Adrienne Cummings
17641,William Cox
71292,Theodore Griffin
88727,Patrick Salazar
72641,John Sharp
52106,Meghan Hubbard
96772,Kevin Little
31391,Rhonda Walters
78104,Lisa Gutierrez
47706,Joshua Wolfe
79332,Robin Alvarado
39234,Sydney Nicholson
77467,Jon Brown
33410,Jack Bates
98807,David Chambers
25892,Brooke Evans
14138,Eric Mathis
33833,Micheal King
57964,Theresa Freeman
60741,Mary Hill
64486,Jacqueline Wright
45864,Kelly Hull
14672,Theresa Pacheco
18451,Scott Sawyer
90254,Sherry Watson
50896,Courtney Stephenson
48305,Lindsey Solomon
15594,Courtney Thompson
19324,Olivia Young
22815,Glenda Guzman
94682,Megan Moore
52637,Alyssa Wright
10869,Pamela Steele
75136,Walter Martinez
34508,Brett Rivera
67484,Diana Roberts
30478,Kelsey Zhang
16304,Jesse Smith
90806,Paula Fletcher
58720,Stephen Stewart
32756,Jonathan Jones
49520,Paul Kennedy
32335,Michael Maxwell
74325,Tyler Brady
27232,Sean Jackson
35762,Edward Forbes
18669,Kimberly Parks
58425,Perry Ballard
15883,Connie Owens
59670,Daniel Petersen
54599,Joseph Mcfarland
67148,Sean Walls
30186,Joseph Austin
71020,Aaron Cunningham
19044,Dawn Lee
38841,Eric Black
87080,Michael Ferrell
63300,Jessica Mills
53026,Nicole Walker
91056,Amanda Arellano
78389,William Espinoza
49071,Anna Gross
66342,Dawn Glass
25521,Krista Carter
70831,Benjamin Glover
21270,Kimberly Ochoa
47738,Tracy Price
24871,Terri Fowler
87566,Julie Kelley
10617,Brian Pena
73843,Jessica Rivers
45127,Christopher Martin
95851,Matthew Mccarthy
21852,Tony Jacobs
29269,Brian Mckenzie
83820,Cory Hart
63281,Andrea Serrano
25982,Zachary Brown PhD
21210,Patricia Rivera
68711,Shelby Simpson
32840,Kim Watts
17829,Donald Garcia
64475,Mitchell Hernandez
22319,Kaitlyn Ruiz
22924,Robert Huynh
63867,Mr. Eric Thomas
47586,Craig Morrison
95420,Emma Knight
56066,Travis Turner
19677,Thomas Holden
68656,Jill Smith
65391,Gary Moreno
24073,Stephen Delgado
18402,John Harrison
17949,Thomas Ford
40153,Jonathan Lawson
34122,Maria Mccormick
18974,Brenda Sanchez
18094,Calvin Elliott
82906,Kelly Craig
85116,Maurice Weber
69367,Madison Long
31626,Joshua Donaldson
46552,Kimberly Melton
10696,Michelle Nash
34830,Mr. Paul Cook
27636,Steven Lowery
35940,Marisa Woodard
29358,Ashley Keller
70147,Melissa Potter
13409,Richard Gregory MD
86004,Travis Washington
38463,Brian Chandler
42885,Stefanie Morrow
81612,Jonathan Little
59491,Caleb Escobar
42405,Derrick Golden
71788,David Bell
62527,Rebecca Colon
82056,Tiffany Mccullough
70766,Stephanie Gardner
75686,Barbara Clayton
10828,Lindsey Garza
40949,Richard Smith
99790,Mr. Daniel Graham
51234,Ashlee Hawkins
52187,David Lambert
74780,James Turner
54210,Mark Cole
99930,Sarah Dyer
43448,Brittney House
18073,Mr. Michael Burns
91410,Anthony Hood
88855,Leslie Lynch
19834,Sarah Grant
62263,Brittany Sharp
29366,Andrew Romero
42174,Steven Sweeney
57990,Frank Duncan
89547,Christine Knox
10242,Kevin Gomez
40884,Chad Shaw
31438,Julia Shaw
26863,Julie Diaz
73770,Paige Marquez
15214,William Martin
74642,Theresa Yu
47798,Valerie Newman
68117,Elizabeth Mcpherson
51168,Paige Bennett
19737,Jonathan Lloyd
34532,Teresa Moreno
22188,Justin Murphy
75358,Brandon Collier
94545,Tasha Mack
43248,Charles Mccoy
60700,Kelly Daniel
35579,Kayla Peterson
39035,Andrew Marshall
44405,Alyssa Thompson
95676,Kathryn Miller
45028,Raymond Walters
27576,Travis Beard
12017,Frank Smith
73322,Tyler Perkins
23885,Calvin Booth
31419,Steven Fleming
58764,Christine Park
50978,Shaun Lopez
68853,Gina Eaton
40553,Michael Ball
58214,Angie Carlson
45052,Jennifer Baker
27320,Susan Obrien
59388,Shannon Miles
89485,Linda Perez
61123,Russell Brown
39866,Sara Martinez
58265,Holly Moore
38325,Kathleen Allen
73525,Timothy Owens
19134,Pamela Shelton
75926,Justin Richardson
78344,Heather Taylor
79387,Raymond Bell
22904,Andres Barnett
57520,Martin Edwards
31464,Laura Jones
80679,Lori Cannon
56366,April Richardson
90977,Rebekah Short
35854,James Bishop
72998,Michael Curry
53334,Allen Massey
83201,Derek Silva
57687,Mr. Joshua Sullivan
43397,Deborah Jones
96414,Cody Edwards
21813,Tabitha Evans
67499,Robert Robles
60302,Grant Jefferson
78587,Matthew Hamilton
17086,Paul Greene
18828,Lacey Fisher
92793,Lauren Lee
35485,Peter Warren
59172,Joseph Green
64797,Mary Webb
15360,Brenda Joseph
65402,Vanessa Mclaughlin
91477,Bethany Gill
63963,David Spencer
89068,Susan Rogers
62132,Bruce Weaver
81269,Laura Kim
89938,Kimberly Fernandez
37259,Joseph Chaney
20016,Benjamin Cross
43009,Henry Smith
94973,Susan Maxwell
21787,Miranda Cohen
92315,Cynthia Holt
90562,Deborah Owen
18692,Kimberly Foster
13542,Jane Bond
83483,Jillian Bauer
56098,Grace Bowers
42058,Kristin Salinas
22148,Jennifer Bass
53788,Danielle Roberts
55731,Daniel Butler MD
18413,Stephen Mcintosh
98332,Ronald Acevedo
93027,Tammy Nguyen
14838,Theresa Soto
65173,Paul Forbes
44859,Michael Buck
80607,Andrea Turner
42647,Carl Frost
92080,Victoria Moreno
72187,Emily Russell
47171,Cassandra Mccarthy
38788,Leroy Leach
23913,Lisa Simpson
94306,Patricia Andrews
43655,Sean Rodriguez
48537,Tonya Lee
32433,Francisco Bradford
89454,Michael Fry
23241,Ashley Bush
73170,Stephanie Farmer
92859,Mrs. Melody Vasquez MD
54356,Brian Thornton
72468,Michelle Wells
95412,Cynthia Cobb
85058,Kimberly Wood MD
67839,Nicole Melendez
70585,Brian Terrell
76700,Travis Wagner
15475,Keith Phillips
40113,Chase Grant
51012,Brandon Reese
78610,Patricia Jennings
75865,Eric Baker
25970,Michael Patterson
88628,Kathleen George
11669,Donna Singh
51108,Tracie Hill
62729,Vanessa Moore
67476,Patricia Mercado
12306,Debbie Pineda
44067,Lacey Coleman
17228,Christina Lynch
53679,Thomas Dunn
32674,Nathan Murphy
47705,Jose Walls
81321,Brian Estrada
65109,Heather Woods
30975,Arthur Mcpherson
33150,George Shaw
80233,Ariel Rogers
66880,Anthony Marshall
60591,Kevin Gonzales
56307,Lisa Baker
63139,Kayla Hall
45492,Juan Henderson
50556,Kevin Bauer
79523,Todd Haney
26955,Paul Wall
75259,Shannon Dixon
47417,Hannah Pham
11686,Ashley Alvarez
29016,Emily Burke
12586,Charles Gilbert
36344,Pamela Garcia
60800,Steven Wilkins
10762,Brenda Hill
85637,Dustin Mays
56008,Timothy Alexander
60344,James Warner
88599,Denise Stewart
61178,Evan Bates
21083,Nicholas Frazier
54934,Natalie Jensen
12626,Carolyn Abbott
63145,William Glenn
18621,Brian Dean
40851,Lisa Cobb
92872,David Haley
54155,Denise Robles
34287,Joseph Oneill
50717,Bobby Lewis
24722,Timothy Mcneil DDS
56220,Brianna Marshall
62663,Melissa Cooper
47235,Jason Sutton
75822,Mr. Brendan Miller MD
22262,Abigail Evans
45930,Carolyn Lucas
68576,Dawn Dixon
45362,Alexis Peck
15693,Nicole Mueller
84669,Samantha Hill
32679,Brian Walters
47440,Joseph Rodriguez
20460,Jill Ingram
84585,Alicia Arias
56379,Jonathan Barker
85314,Tonya Williams
33147,Jesse Frazier
10855,Jessica Zamora
90557,Patrick Cardenas
48688,Nicholas Evans
66676,Crystal Sampson
52662,Robin Schroeder
23054,Mark Dunn
98121,David Estrada
87682,Margaret Munoz
63733,Jonathan Paul
60292,Kyle Fernandez
27226,Robert Gutierrez
71660,Brandon Conley
87506,Amy Raymond
68056,Gregory Martinez
34802,Gregory Byrd
61768,Jesse Green
77141,Dennis Reid
46599,Paul Lopez
35342,George Curry
80407,Barbara Bell
98666,Erin Schwartz
23437,Mark Gibson
73777,Hayley Smith
49410,Michael Freeman
64743,Tina Holden
67865,Willie Lewis Jr.
25381,Pamela Kirk
64155,Leslie Guerra
17324,Calvin Larson
36270,Dean Warner
18453,Hannah Page
57213,Eric Wilkins
52758,Molly Foster
51460,Christopher Perez
87886,Adam Willis
71277,Michael Cabrera
56432,Linda Williams DDS
67170,Nathan Alvarado
73575,Antonio Owen
59732,Jordan Edwards
31653,Shelia Robertson
32293,Alice Collins
94059,Lawrence Bailey
61344,William Hines
32366,Joshua Boyd
70806,Molly Wilson
29600,Chelsea Chambers
16278,Anthony Lopez
96252,Holly Jenkins
11735,Richard Santiago
63095,Valerie Warner
81242,Theodore Miller
47928,Benjamin Lara
49370,Nathaniel Dixon
42295,Patricia Mckinney
97512,Susan Crawford
61257,Alyssa Jennings
82364,Cindy Rogers
57692,William Phelps
89919,Stanley Wong
39785,Laura Campos
68935,John Wade
41264,Jeanne Peterson
12947,David Conway
67057,Nancy Pineda
58306,Jeffrey Potter
86169,Robert Dennis
59136,Charles Powell
65048,Donna Owens
28193,Jose Mills
84433,Travis Rangel
72033,Christopher Schwartz
69457,Lisa Chan
13093,Mr. John Sherman Jr.
82804,Ashley Goodwin
92191,Valerie Davis
68721,William Stokes
98057,Shannon Armstrong
99700,Jeremy Maldonado
82254,Ashley Hill
23223,James Banks
52337,Linda Cooper
57979,Debra Lynch
29276,Tina Martinez
11967,Krystal Woods
39732,Gloria Martinez
19099,Allen Scott
13805,Patricia Rodriguez
69102,Ashlee Harmon
74860,David Williams
49265,Stanley Smith
31065,Matthew Wilson MD
10202,Jeffrey Cantu
37132,Justin Banks
48140,Hannah Morales
89201,Andrew Soto
38453,Paul Woods
95357,Patrick Sanchez
43945,Jose Rhodes
50591,Gregory Mcintosh
75042,Steve Cole
77948,Brian Luna
35509,Maria Bradshaw
62924,Kathryn Franklin
66660,Jeremy Miller
51225,Dr. Jessica Lee
37606,James Davidson
67003,Daniel Jones Jr.
26891,Ricardo Hardin
73091,Cathy Kelley
27771,Ashley Brady
79565,Michelle Stewart
92170,Mr. Joshua Taylor
61718,Robin Mckee
18677,Autumn Wilson
15485,John Kaiser
69031,Daniel Wood
37626,Krystal Peters
74509,Ian Brown
21798,Patrick Clark
24590,Craig Wolfe
47973,Kenneth Payne
53875,Nancy Gutierrez
20420,James Reyes
38525,Taylor Pacheco
44964,Jane Yates
60513,Ronald Bates
61813,Joel Anderson
93864,Taylor Ortiz
27446,Kathleen Bonilla
75053,Daniel Shelton
22842,Ann Garza
11229,Ryan Mack
41741,Christopher Woodard
11456,Dennis Phillips
44302,Eric Welch
14582,Karen Lowe
56614,Christopher Allison
34965,Julia Fitzpatrick
33257,Lori Brown
20973,Bryan Horne
78095,Diana Davis DDS
92909,Diane Morales
61783,Krista Miller
12697,Anthony Pearson
58337,Bruce Trevino
50680,Jamie Jackson
59654,Cindy Stokes
57434,Lauren Horn
97751,Jeremy Chaney
98772,Janet Stone
51242,Allen Bradford
30143,Whitney Calderon
31415,Madison Sharp
33178,Gary Ellis
13939,Mary Skinner
51367,David Vasquez
52301,Jennifer Mccarthy
68151,Travis Reed
39029,Joseph Vargas
51232,Shelia Patton
78450,Jonathan Mcdonald
43958,Stephanie Wilson
43036,Melanie Howell
94061,Richard Murray
61305,Christina Little
97826,Kevin Davenport
73067,Jesse Freeman
88059,Shelley Ramos
30539,Elizabeth Wallace
27079,Nathan Galvan
60584,Susan King
11383,Alvin Wong
46739,Benjamin Evans
62862,Victor Jones
66420,Kristen Vazquez
87446,David Guerra
62803,Bianca Edwards DDS
85862,Allison Martin
51707,Dawn Murphy
13179,Andrew Edwards
72917,Kayla Davis
67260,Shawn Burton
59528,Johnny Huff
58904,Antonio Henson
55012,Mitchell Lee
84114,Bethany Fry
38734,Ryan Graham
79861,Devon Collins
46817,Shelly Beck
28806,Michaela Willis
45053,Leah Lee
74348,Gabriela Tyler
49158,Dale Lee
18577,Mark Cruz
58798,Randy Evans
66563,Alan Bowman
36042,Michelle Oneill
85520,Pedro Knight
96052,Angela Wright
14504,Darren Sanders
25709,Ashley Campbell
38631,Tammy Hansen
66119,Jennifer Sullivan
81118,Lauren Robinson
14649,Christopher Douglas
21711,Jenna Perry
98112,Jesse Young
52797,Christopher Baker
71441,Adam Chang
80646,Nicholas Williams
97939,Patricia Mcpherson
24397,Ashley Sanford
39551,Joseph Bradshaw
18533,Bradley Jackson
35301,Virginia Sandoval
48835,William Williams
78422,Edward Adkins
63304,Karen Roberts
60461,Warren Jones
52439,Gregg Miller
19938,Kristin Russell
50390,Hunter Bishop
47056,Matthew Olson
56991,Dr. Gloria Cherry
33153,Adam Mahoney
25864,Richard Bell
27050,John Glenn
59737,Cindy Hall MD
40733,Deanna Lee
37302,Victor Vargas
61766,Kenneth Wagner
78633,Eugene Jones
85332,Stacey Joseph DDS
40757,Adam Bailey
75267,Miranda Shaw
23675,Henry Huber
54304,Jesse Lane
26063,Jessica Newman
99175,Scott Maddox
89618,Valerie Dyer
77922,Kathy Cox
64597,Curtis Clay
73463,Craig Robinson
82555,Diana Ramos
59928,Juan Hogan
97745,Andrew Moore
93583,Collin Lowery
37569,Julie Moore
99452,Roger Mccall
99538,Alexander Terrell
11404,Katelyn Hart
65325,Samantha Austin
63255,Jeffrey Sullivan
38500,Antonio Adams
69118,Ryan Lawson
22543,Bryan Day
53240,Ashley Martin
10697,Margaret Long
24968,Brandon Rivera
30385,Lauren Fowler
44691,Victoria Gutierrez
95343,Gordon Rich
85364,Marcus Davis
92349,Bryan Huff
88869,Dennis Poole
69078,Sarah Myers
48156,Tracey Baker
52665,Michelle Nelson
16156,Jennifer Mitchell
56049,Tricia Williams
38541,Alexa Diaz
86718,Audrey Daniel
45890,Dana Bowman
10302,John Huynh
56854,John Perry
17510,Justin White
28462,Steven Bray
40325,Andre Mann
56800,Alexis Vargas
73689,George Fitzgerald
46437,Michelle Perkins
89568,Steven Stark
70500,Deanna Walsh
16549,Mr. Mason Roy
63935,Virginia Thompson
97399,Nancy Watkins
78015,Joseph French
99347,Carolyn Sanchez
86633,Ashley Rowe
60512,Carla Edwards
68279,Rachel Casey
37622,Mr. Andrew White DDS
87393,Mr. Kyle Smith PhD
35339,Hannah Clarke
59051,Danielle Arellano
56964,Mark Wallace
96926,Sean Chan
69698,Jose Bradshaw
23977,Kyle Huff
37938,Brandon Oneill
74893,Alisha Riley
87582,Kaitlyn Woods
80532,Makayla Gomez
64445,Amber Davis
83751,Monica Murphy
99786,Amy Smith
27391,Steven Reed
50058,Michael Dickson
18228,Amanda Hopkins
84580,Carly Luna
99227,Stacey Frost
43401,Kelsey Sampson
70135,Bianca Winters PhD
52212,Monique Larson
47282,Sarah Fernandez
32243,Jessica Hart
31364,Zachary Potter
42474,Kristina Freeman
39850,George Stewart
33907,Sandra Turner
53011,Charlotte Irwin
68071,James Lawrence
36668,Theresa Arellano
19416,Dr. Grant Jenkins
24585,Frank Chambers
86932,Wendy Davidson
10685,Christopher Foster
78676,Jennifer Howard
48848,Adam Warren
15648,Hailey Gregory
10429,Ronald Vargas
61959,Johnny Martin
33267,Shane Gallegos
74956,John Gonzalez
22665,Sharon Ramirez
32106,Michael Weiss
21889,Ashley Fisher
37669,Stephen Walton
57106,Traci Phillips
74947,Kristin Buchanan
61998,Jill Reed
45852,Mr. Mike Perkins
85118,Curtis Salazar
74262,David Paul
88620,Danielle Sims
21095,David Mcneil
82596,Tina Padilla
33212,Jonathan Soto
61173,Mary Mitchell
88377,Joseph Weber
97432,James Mcbride
32972,Mark Adams
57097,Patrick Villanueva
64056,Kelly Lewis
79532,Daniel Hill
95214,Mrs. Laura Lozano
98798,Kelly Riley
37584,Stanley Soto
11578,Maria Bennett
20400,Megan Davis
39570,Jessica Thomas
13862,Cassandra Dixon
42437,Victoria Davies
22627,Krista Lynch
86846,Deanna Knapp
97800,Jonathan Romero
43184,Samantha Richardson
98835,Kevin Beck
63683,Rebecca Medina
61399,Jamie Dixon
70874,Beverly Ortega
86209,Tonya Wallace
83353,Nichole Hayes
22666,Jamie Scott
90761,Travis Jones
73212,Alexa Moon
39843,Lindsey Gordon
15919,Brad Olsen
64063,Michael Ramos DDS
31969,Christian Sutton
23081,Jeffrey Morrow
76425,Rachel Hall
50098,Katie Johnson
69801,Carla Hurst
33225,Christina Munoz
33601,Kimberly Craig
65737,Sandra Roberts
40765,Cassandra Hart
84073,Robert Orozco
72815,Darlene Ramirez
50808,Justin Meyer
87301,Jean Craig
47950,Rebecca Jones
26722,Crystal Sherman
75857,David Zimmerman
30642,Christopher Diaz
26719,Karen Le
64514,Nicolas Richardson
15271,Jody Wilson
84134,Jerry Allen
92016,Theresa Morgan
13134,Veronica Mann
86215,Scott Good
65614,Aaron Steele
49698,Mackenzie Nunez
10916,Bryan Hill
38263,Ashley Tucker
77666,Ryan Nguyen
40407,Timothy Willis
97449,Matthew Robinson
15691,Jared Morton
47069,Paula Potter
81889,Ariel Webb
23147,Shelly Young
47216,Jack Brennan
31893,Renee Hunt
22934,David Mckay
11723,Jacob Silva
97484,Casey Hill
71319,Carolyn Jenkins
43893,Nancy May
72820,Tammy Johnson MD
40500,Amy Frost
54816,Samantha Rose
75458,Robert Jennings
62201,Amy Jacobson
22234,Bill Carpenter
61865,Emily Bond
80444,Tina Washington
94613,Alice Johnson
92135,Jessica Vaughan
28162,Taylor Sanders
41457,Elizabeth Duffy
82117,James Lyons
53020,Ryan Schroeder
65608,Tom Ford
65112,Melissa Richards
47106,Joseph Tucker
77295,Regina Armstrong
73828,Charles Rice
88509,Gregory White IV
27504,Jason Fuller
93760,Alexa Lang
14995,Lorraine Delacruz
85990,Marcus Lopez
29946,Nicholas Barton
32795,Timothy Shaw
46946,Omar Stone
16387,Lisa Mullen
51184,Mary Shepherd
70945,Dominique Ruiz
99825,Patrick Poole
45805,Todd Rice
25722,Juan Lopez
74878,Rebecca Mack
30869,Emily Knapp
73811,Katelyn Zuniga
29019,Andrew Smith
46042,Lisa Lopez
96319,Kenneth Jennings
26084,Patrick Garcia
24307,Walter White
34253,Brooke Sullivan
56136,Sean Graham
94712,Ricardo Cooke
31020,Joseph Shelton
57961,Ryan Fisher
49347,Brittany Harper
82033,Kenneth Black
15586,Brenda Turner
75383,Lisa Mccann
28841,Jack Robinson
95998,Gary Cooper
14092,Stanley Haynes
12080,Gregory Craig
24157,Megan Dunlap
54830,Jessica Salazar
96804,Randall Berg
46017,Heather Vasquez
14479,Howard Morris
51174,Patricia House
16350,Paula Villanueva
62459,Jeffery Lowe
48480,Taylor Adams
12476,Edward Luna
73452,Michele Brown
89676,Michelle Maldonado
10551,Kenneth Montgomery
55137,Sherri Burgess
34688,Angela Murray
85275,Dr. James Jones
44813,Michele Oliver
97406,Matthew Norton
75751,Norma Moses
73024,Jacob Johnson
67613,Wendy Anderson
84552,Sarah Moreno
26220,Heather Wells PhD
55627,Rachel Peterson
57440,Patricia Monroe
82437,Brandon Livingston
76773,April Steele
20833,Wendy West
49770,Glenn White
81743,Alyssa Harrison
49541,Jake Brown
16975,Angela Mendoza
85240,Lisa Ortiz
84055,Joshua Vasquez
57956,Michael Moore
16679,Faith Hays
44177,Aaron Levine
32491,Joseph Klein
98375,Monica Mayer DDS
19675,Miguel Ibarra
26753,Nicholas Hobbs DDS
93972,Alexis Henderson
59260,Mathew Rush
44683,Taylor Rowe
92102,Steve Davis
23942,Chelsea Morgan
29747,Erica Terrell
99949,Christina Parker
64966,James Burke
35684,Caleb Fernandez
18755,Terri Dodson
54769,Eddie Reyes
10643,Kelly Oliver
61669,Troy Watson
57281,Wendy Jones
67020,Michael Mora
50317,Kelly Martinez
13184,Brandon Elliott
34861,Amanda Bishop
88360,Scott Booker
46815,Gary Cisneros
87385,Catherine Jimenez
55022,Becky Johnson
51851,William Farley
95615,James Vaughn
56802,Mary Cole
14612,Leon Hernandez MD
87643,Jennifer Frederick
68057,Robert Horton
44047,John Smith
22941,Angela Cook
76451,Vanessa Ramos
73478,Stacy Miller
96115,Peter Carney
49923,Taylor Barrett
60456,David King
24504,Daniel Ray
58493,Nicholas Rogers
54414,Elizabeth Jones
27640,Barbara Hall
94737,Julia Pennington
59179,Jeffrey Thomas
65339,Sara Cline
40292,Katrina Cooper
81990,Seth Robinson
30359,Mackenzie Rice
44164,Sandy Nguyen
87579,Ryan Oneill
83738,Virginia Barton
55842,Hannah Morrison
24139,Amber Pierce
79319,Olivia Lynch
35498,Robert Lewis
55254,Sean Allen
18090,Jeremy Davis
17181,Courtney Fuller
65871,Renee Garcia
55787,Donna Valencia
65959,Leslie Montoya
81413,Joshua Ellis
79555,Christine Mccullough
85870,Jacqueline Wiggins
83995,Sarah Coleman
30672,Rebecca Guzman
69835,Thomas Hicks
72521,Victor Allen
15084,Emily Todd
18489,Maria Santos DVM
18704,Laura Tate
99493,Nancy Dillon
60060,Hannah Avila
12253,Gwendolyn Martinez
61177,Nicole Gonzales
89040,Michael Mcfarland
96239,Laura Baird
55503,Mrs. Tammy Miller
43587,Laura Hodge
29948,Lance Jones
67454,John Taylor
69987,Gregory Mendoza
87290,Michael Skinner
71803,Rhonda Berry
76202,Sherry Blankenship
44913,Willie Anderson
81356,Thomas Carey
64268,Brandi Velazquez
98661,Shannon Powell
30029,Lisa Stanley
10258,Curtis Farrell
20320,Amber Perry PhD
54925,Alexander Shah
46301,Michelle Turner
55914,David Jackson
23406,Lori Casey
58414,Jordan Meyer
72143,Diana Butler
71097,Maria Todd
15689,James Burns
75183,Curtis Sandoval
41194,John Oneill
44642,Jose Phillips
76492,Cole Ford
47257,Julie Chavez
64415,Cassandra Young
64174,James Herman
91406,Courtney Hunter
28761,Clayton Brown
87067,Wesley Lane
92449,Evan Alexander
70339,Rebecca Mcintyre
68303,Megan Hernandez
26647,Bradley Hall
76013,Clarence Mcdonald
51315,Kiara Jones
87058,Lisa Roberts
39742,Mary Hunter
34638,Dave Robinson
39607,Nicole Kelley
72072,Sarah Vasquez
28444,Anthony Hartman
28098,Jacqueline Morgan
95519,Corey Martinez
67811,Brett Wright
70095,Vanessa Garza
96356,Kristin Ramirez
95046,Matthew Graham
38060,Cameron Torres
24523,Courtney Young
77279,Kelly Holland
65909,James Berry
26663,Dennis Tucker
98114,Sarah Jones
33828,Andrew Cochran
74829,Robert Sandoval
34922,Justin Cohen
87940,Brianna Robinson
27780,Frank Martinez
21573,Audrey Lee
22458,Jorge Wilson
78309,Gary Kerr
32407,Alicia Garza
13734,Joshua Velazquez
20479,James Kirby
21896,Jon Davis
91622,Joshua Mann
27191,Stacy Hicks
93720,Derrick Griffith
58971,Casey Griffin
51035,Elizabeth Torres
59887,Linda Freeman
97290,Jennifer Carson
32844,Curtis Oconnell
63951,Martha Nguyen
87352,Bradley Ellis
63413,Timothy Moses DDS
32865,Holly Hickman
56734,David Nunez
46585,Laura Lee MD
92333,Kathryn Mendoza
31528,Kathleen Marsh
51731,Michelle Harvey
42273,Sydney Rodriguez
39303,Monica Kane
93445,Terry Ellis
38243,Erik Hudson
39000,Melanie Munoz
61776,Theresa Holmes
34270,Jared Underwood
94923,Elizabeth Frye
86730,Shannon Morton
75441,Kelly Brown
78843,Sylvia Hogan
96065,Kevin Owens
51142,Amber Wilson
28152,Joanne Murphy
47049,Logan Stone
51048,Diana Richmond
70406,Maria Combs
25981,Jade Johnson
42887,Sean Ryan
70471,Tammy Pearson
60063,Bethany Hunter
78901,Sarah Reid
41427,Alexis Miller
94502,Darryl White
69986,Karen Wagner DDS
93662,Jose Wilson
33498,Tristan Reese
75588,Debra Brown
69079,Edward Torres
24018,Dawn Cortez
46764,Catherine Baldwin
21061,Rhonda Ramsey
23555,Jamie Woods
72316,Justin Nelson
18904,Lorraine Wallace
16127,Dawn Anderson
39335,Zachary Costa
72341,Corey Howell
68010,Joshua Webster
70846,Corey Sawyer
20209,Jordan Thomas
30653,Erin Potter
73834,Michael Norris
71090,Heather Holden
16328,Anthony Vazquez
80027,Robert Newman
74796,Madison Ross
20552,Kevin Cline
60373,Charles Evans
18100,Christopher Bradford
90966,Alexander Hinton
96477,Margaret Cervantes
66845,Theresa Owens
72658,Ronald Greene
46271,Mary Gutierrez
36606,Sara Scott
73598,Kenneth Blair
45247,Christina Wilson
48555,Jasmine Marshall
21029,Zachary Rodriguez
85766,Kenneth Snow
25814,Nicole Smith
85499,Daniel Hensley
42383,Jesus Patel
39023,Anna Vincent
24458,Mary Maynard
16991,Karen Welch
54323,Megan Barry
19153,Kristen Gaines
30816,Meghan Clark
30272,Michael Gonzales
32806,Gregory Rios
39540,Jeremiah Joseph
66550,Mr. Jeffrey Pierce MD
46972,Sonya Brown
44664,Dylan Drake
79364,Brian Lin
49238,Anthony Gray
31770,Jennifer Whitaker
34039,Joanna Mcdowell
78883,Andrew Levine
55117,Dawn Carrillo
13146,John Cunningham
54657,Angela Cruz
38373,Kellie Ramirez
69875,Alison Gomez
64981,Karen Lewis
34574,Tony Clark
48055,Theodore Moore
77685,Cody Andrade
29440,Kurt Norris
24354,Larry Robinson
69757,Paula Noble
89269,Steven Hawkins
25718,Jose Moore
86416,Anthony Morales
55936,Mr. Brian Fletcher
12196,Kelsey Graves DVM
67840,Tamara Perkins
87190,Christopher Bush
63254,Teresa Page
65253,Kyle Burnett
43814,Wayne Mendoza
86757,Jeremy Gordon
32617,Monica Lee
13601,Keith Garza
72529,Erik Brooks
20292,Shannon Walters
88226,Mark Johnson
14799,Christina Walton MD
96157,James Manning
62774,Tammy Wood
44169,Andrew Brewer
82915,Carrie Perry
25211,Lindsey Hardy
88650,Tina Hayes
58503,Wanda Hood
13148,Sarah Silva
80157,Donald Jones
78542,Sarah Harding
84293,Vincent Ellison
52959,Adrian Todd
49596,Charlene Rodriguez
34049,Juan Johnson
43713,Cameron Brown
61194,Jenna Fields
50616,Luis Thompson MD
39312,Karl Ellis
84235,Stephanie Travis
31575,Heather Horton
54005,Norma Anderson
34062,Luis Mckenzie
48013,Samuel Martin
52488,Jamie Murphy
80145,Amanda Foster
33006,Norman Butler
11033,Shelly Bell
72916,Scott Foster
50309,Shawn Glass
21037,Christina Cortez
17232,Gabriel Miles
56121,Jessica Hill
32941,Denise Holder
74420,Maria Maxwell
14123,Victor Acevedo
78146,Isaac Jackson
22500,Karen Clark
46476,Craig Vaughan
37404,Ryan Hoover
75063,Christopher Morales
55209,Stephen Colon
29303,Patricia Bishop
10157,Mrs. Betty Hayes
25255,Beth Brown
53301,Karl Adkins
40056,Jacob Hartman
13437,Derek Gomez
65748,Meghan Stephens
86559,Mark Jackson
31101,Maria Carpenter
53241,Sarah Torres
64070,Lindsey Smith
85952,Daniel Bailey
61791,Julie Gonzalez
10051,Ryan Phillips
60623,Marcus Garcia
50751,Curtis Dalton
10329,Glenn Ramos
75317,Victoria Gross
84512,Christopher Roth
58680,Robin Neal
34871,John Rivas
41518,Kevin Gutierrez
92265,Brandon Gibson
82849,Jennifer Curtis
27889,Paige Watts
79410,John Wilcox
39050,Joshua Logan
29831,Kimberly Bennett
67911,Sean Gonzalez
79492,Mrs. Amanda Kelley
49409,Sarah Mccann
30042,Carrie Medina
28925,Ronald Sullivan
20803,Johnathan Larson
54227,Loretta Love
71238,Chad Nelson
29593,Michelle Campbell
20234,Benjamin James
95793,David Goodman
31694,Gina Lee
63918,Anthony Cain
77039,Ricky Bowers
75713,Robert Mcgee
58676,Alicia Torres
70063,Tracy Walton
52704,Tommy Chan
70664,Melissa Dixon
41164,Tasha Kelly
65009,Duane Robinson
15345,Donna Kane
56087,Amanda Baird
36575,Terry Burns
16050,Kathy Mccormick
50956,Donna Powell
48236,Timothy Atkinson
51507,Roger Johnson
58827,Lindsay Romero
43079,Dustin Elliott
51928,Anthony Jenkins
65103,Bradley Cox
60234,Daniel Schaefer
53776,Paula Curtis
10720,Joe Tucker
63496,Elizabeth Allen
69353,Chris Osborn
18012,Stephanie Guerrero
94228,Jamie Bass
54088,Troy Alvarado
87481,Paul Day
59224,Amanda Parker
58517,Bobby King
63232,Rachel Wood MD
65829,Michael Harrell
71492,Larry Wong
53576,Amber Fitzgerald
79734,Ronald Griffin
27202,Michael Blanchard
60682,Michael Berry
66504,Gabriella Nichols
27433,Matthew Mcdonald
67368,Steven Contreras
43695,Bonnie Adams
42007,Evelyn Watson
77381,Vanessa Chavez
37075,Kyle Hunter
88530,Cynthia Wang
72635,Pam Goodwin
89017,David Hoffman
41855,Alexis Miles
50924,Madison Hayes
93847,Derek Williams
92605,Marissa Morrow
65585,Helen Martin
82259,Jack Lewis
75674,Dr. Paige Robles MD
48106,Thomas James DDS
91298,Christopher Potter
15371,Lisa Cook
28134,David Hayden
70068,Kelsey Sharp
82585,Hunter Black
60768,Jack Cruz
37443,Kristy Strickland
70739,Stephanie Wilson MD
66477,Donald Cohen
77245,Jennifer Sharp
99236,Duane Watkins
15262,Cynthia Lee
90514,Nathan Smith
48224,Erika Miller
38768,Chelsea Hawkins
59604,Debra Mason
25623,Susan Roberts
76905,Donna Dodson
74995,Corey Anderson
69287,Valerie Dominguez
77087,Kristy Bowman
59556,Kayla Chavez
72393,Brenda Martinez
28448,Teresa Simpson
22491,Jack Thompson
25366,Robert Burton
85464,Kathy Rice
40253,Tyler Oconnor
62913,Jacob Cruz
68878,David Olson
51993,Carrie Marshall
44560,Denise Norton
38296,Dr. Maxwell Giles
77772,James Spencer
17599,Jonathan Young
65439,James Ramirez
75249,Lisa Arias
20525,David Shea
34903,Danielle Munoz
91418,Greg Knight
45696,John Crawford
86211,Sandra Galloway
23802,Mr. Todd Avery
33477,Lauren Thomas
68624,Tony Cantrell
76591,Courtney Solis
37790,Richard Griffin
29409,Diana Potter
84843,Kristen Martin
14284,Megan Holmes
35420,Rhonda Campos
69425,Rhonda Carter
75171,James Chan
24359,Ms. Briana Wagner
83243,Bradley Porter
88602,Keith Fowler
56834,Valerie Richardson
69520,Russell Robles
50568,Cindy Hernandez
73940,Tina Russo
70524,Mercedes Blair
37711,Katelyn Clark
39704,Eric Duran
15949,William Kennedy
37817,Deborah Anderson
58303,Katherine Snow
54829,Tonya Phelps
50086,Lacey Tanner
36726,Darrell Snyder
21224,Anna Lee
26024,Jordan Nelson
53627,Jason Drake
67994,Harold Vargas
87957,Lisa Bell
85342,Andrea Ochoa
64495,Noah Bush
58495,Bradley Torres
80346,Debra Webb
84204,Miranda Bailey
45783,Victoria Pham
37511,Kristine Keith
66996,Connor Brown
99289,David Rosario
13081,Chloe Ball
50192,Monique Young
24060,Nicole Ferrell
20966,Samuel Lopez
26132,Kenneth Pugh
95349,Ashley Winters
25221,Thomas Phillips
25732,Anna Thomas
71929,Joan Goodwin
33654,Stephanie Vasquez
31203,Warren Harris
65072,Timothy Jensen
60360,Regina Jacobs
71018,Jesse Harding
60552,Allison Ingram
14206,Linda Wilson
51281,Valerie Camacho
54671,Ashley Koch
14858,Brenda Hardy
82689,Robert Bonilla
67027,Benjamin Mclaughlin
82616,Nicole Peterson
98347,John Anderson
35312,Leah Bailey
11180,Christopher Murray
92799,Jeremy Brock
49607,Justin Walsh
60574,Keith Nichols
94772,Dale Meyer
22279,Kyle Kelly
66682,Brooke Thompson
67786,Danielle Morrison
79042,Adam Sims
66951,Lynn Castillo
33892,Matthew Butler
18439,Jillian Perry
29362,Christopher Espinoza
36741,Ryan Herrera
30571,Lynn Kim
87781,Michael Lee
72900,Douglas Garcia
31327,Wendy Vazquez
40235,Bradley Harvey
28374,Jackson Wheeler
69168,Amanda Harrell
41703,Pamela Duncan
78682,Regina Villa
89950,Lauren Woods
11746,Jessica Hobbs
29144,Linda Coffey
38876,Todd Griffin
16961,Dennis Cantrell
35401,Lisa Maldonado
59174,Angel Ross
38804,Anthony Carter
60677,Jeffrey Ward
49353,Jeffrey Olson
70586,Steven Stevens
24191,Patricia Carlson
55021,Matthew Strickland
95077,Jessica Garcia
81353,Mr. Paul Carter
27004,Aaron Allen
14651,Micheal Sawyer
76251,Christopher Benitez
18297,Peter Lee
70313,Ronald Carter
34172,Shawn Pearson
92648,Jack Nunez
88128,Zachary Potts
53098,Jose Simpson
78079,Sharon Lewis
13152,Caitlyn Castro
59848,Dana Henson
18598,Karina Davis
99085,Rachael Smith
54528,James Ellis
47953,Jonathan Marshall
54279,Alison King
43283,Natalie White DVM
33647,Carlos Ball
77281,Victoria Lawson
71675,Jonathan Silva
44952,Derrick Adams
46196,Christine Whitney
22561,Micheal Jordan
12549,Cynthia Robinson PhD
68840,Troy Johnson
16081,Christian Price
90192,Adam Steele
39591,Randall Downs
90052,Kristen Black
81281,Mary Nash
27204,Jack Acevedo
19191,Stanley Long
18765,Brittney Jimenez
71373,Glenn Beck
29426,Morgan Gonzalez
13256,Audrey Harrison
77723,Daniel Cunningham
77314,Crystal Padilla
44262,Regina Norris
57600,Jeffrey Ramsey
35926,David Whitaker
75886,Richard Weeks
44694,Michael Townsend
75319,Shannon Mason
64418,Javier Rodriguez
48778,Lindsey Chase
22712,Kenneth Becker
15269,Larry Brown
64844,Albert Miller
33624,Jamie Sexton
97097,Blake Alvarez
41260,Sydney Norton
99823,Linda Barry
86689,Nathan Gray
78359,Vanessa Rogers
56487,Henry Berger
10067,Barbara Ibarra
35907,Nathan Burke
22589,Stacy Lara
53280,Seth Jacobs
98596,Eric Tucker
69951,Heather Byrd
34328,Marcus Mitchell
81108,Joan Juarez
51437,Dr. Kelly Matthews
63765,Barbara Hill
37365,Teresa Hicks PhD
23255,Daniel Blackburn
22333,Melanie Valenzuela
27407,Amy Terry
24959,Paul Le
85620,Shannon Buck
97496,Brandy Caldwell MD
16814,Ann Dennis
49526,Chelsea Cruz
96662,Kendra Hernandez
96619,Gina Williams
60553,Lori Campbell
15858,Sue Collins
51734,Brenda Dunlap
90226,Lori Bryant
16622,Laurie Porter
48821,Cindy Perez
81047,Emily Vaughan PhD
62975,Donald Jacobs
50399,Shelly Davis
18801,Annette Rodriguez
57634,Elizabeth Villa
62310,Samuel Knight
24083,Matthew Gutierrez
75727,James Deleon
82321,Mr. Jason Dawson DVM
54235,Patrick Harris
69414,Ashley Jimenez
73057,Peter Salazar
91375,Valerie Morales
22210,Kevin Mason
95305,Susan Rodriguez
24243,Nathaniel Harrison
49926,Juan Lewis
28393,Joseph Carpenter
40987,Carlos Mayo
94642,Summer Wilkins
98859,Dean Armstrong
66549,Elizabeth Mccoy
71216,Jeffery Jones
40180,David Gonzales
23641,Emily Garcia
63150,Chad Cohen
19421,Brittney Rodriguez
46617,Natalie Henry
43772,Alex Hunter
66336,Erin Lee
85506,Cheryl Fernandez
92131,Jennifer Haynes
97867,Jeanette Wood
18369,Gina Flynn
98028,Daniel Wolf
51582,April Meyer
75566,Nicolas Watts
83731,Dr. Thomas Moore
23178,Eric Allen
10017,Megan Lynch
66314,Christine Lewis
47095,Jessica Wang
77361,Steven Smith
34623,Jordan Oneill
16206,Jaime Weber
29545,Robert Mitchell
44815,Meagan Howell
17766,Rebecca Barajas
34864,Michael Sweeney
17248,Maria Hancock
34745,Meagan Smith
74111,Joanna White
98946,Angel Johnson
63930,Amy Stark
72136,Adrian Hall
67649,Melissa Ayala
23894,Jeffrey Lam
67918,Jacqueline Perez
42396,Veronica Diaz
31607,Nancy Ray
87474,Katie Boyd
49639,James Moody
80780,Danny Garcia
17203,Vicki Holt
59393,Patrick Brown
96993,Ryan Bennett
21202,Christopher Hobbs
61689,Brian Thompson
96780,Renee Sampson
31668,Theodore Lopez
61793,Megan Ross
22285,Gregory Kirby
75436,Melissa Hill
37620,Jonathan Miller MD
28219,Eric Best
26195,Miguel Johnson
72349,Chelsea Carr
30301,Leslie Phillips
79298,Latasha Compton
36071,Ricky Johnson
59521,Manuel Callahan
68985,Jerry Frederick
23376,Nicholas Craig
44330,Carol Gonzalez
84165,Sarah Pineda
44758,Cristina Horton DDS
72560,Alyssa Miles
49073,Tammy Anderson
82991,Hunter King
63810,Susan Mata
60818,Laura Lara
91728,Yolanda Smith
32269,Beth Morales
89372,Mr. Dustin Gonzales
55575,Melissa Watson
37037,Deanna Franklin
15383,Keith Edwards
92811,Emily Krueger
46186,Danny Miles
42598,Scott Snow
23447,Kaylee Moreno
24798,Austin Robbins
65220,Arthur Campbell
27483,Julie Harris
63105,Melissa Knight
28851,William Hernandez
99450,Cynthia Lopez
73305,Harry Carter
21709,Ann Robinson
61602,Jason Kelly
52667,Mary Estrada
86144,David Huerta
45475,Tracy Wright
75565,Mr. Kevin Lin
75970,Brooke Jenkins
54281,Jennifer Leonard
29925,Cristina Beck
74786,William Solomon
96402,Renee Tucker
89363,Joshua Snyder
13554,David Strickland
98942,Teresa Welch
64949,Jennifer Walls
20695,Edward Rodriguez
79793,Steven Schwartz
37374,Lisa Alexander
36014,Jordan Clark
43106,April Ortiz
86651,Charles Francis
80875,Tina Soto
77944,Corey Mcdonald
16168,Amanda Pratt
28313,Danielle Ruiz MD
28884,Andrew Porter
33758,Stacy Underwood
19299,Darren Coleman
28679,Barry Jones
82951,Cody Tyler
82754,Adriana Ward
82628,Frederick Lawrence
52505,Taylor Miller
87147,Debra Lee
67469,Laurie Hebert
46208,Sarah Navarro
92801,Andrea Carr
17414,Kristina Flynn
14165,Amanda Galvan
41826,Paula Randall
52383,Ashley Adams
89846,Erin Anderson
78665,Richard Little
62697,Kendra Gomez
32712,Jason Bell
23388,Kimberly Taylor
43862,Angela Mcgee
27523,Sandra Neal
82002,Dominique Smith
18206,Mark Welch PhD
25187,Frank Reyes
44306,Jeremy Cook
47945,Ashley Schultz
82078,Julia Davis
36286,James Combs
88858,Molly Ford
44584,Tony Brown
81171,Dennis Hood
16994,Gloria Cline
38213,Beth Cross
79787,Tammy Allen
54169,Leslie Allison
52659,Cheryl Rodriguez
89439,Jeremy Welch
94896,Raymond Powell
39874,Kristen Sellers
56125,Karen Steele
54428,Jamie Young MD
64015,Julie Archer
92055,Frank Bailey
72056,Judy Meyer
21143,Mr. Gordon Page Jr.
61160,Kyle James
16656,Debra Avila
99056,Christopher Castro
62946,Deborah Hawkins
16076,Derek Hall
88291,Richard Zimmerman
78305,Nancy Paul
38698,Nicole Webb MD
51157,Jackson Harvey
25251,Debra Vargas
84725,Corey Howe
90613,Megan Richardson
91423,Thomas Osborn
24357,Ronald Hunt
56152,Ashley Wolf
11719,Kathy Reed
38535,Leslie Bradley
69317,Julie Miller
51351,Dawn Santos
52315,Christopher Johnston
41157,Jessica Kirk
96923,Victoria Hatfield
45023,Gail Escobar
22301,Jeremy Townsend
15341,Douglas Taylor
79875,Alicia Grant
44380,Kristin Mendoza
42875,Mary Garrett
11353,Paul Lane
14220,Nicholas Adkins
93036,Michael Davila
78556,Mallory Garcia
10236,Jeanne Anderson
74247,Michael Howell
89166,Eddie Collins
87833,Madison Powell
25103,Karen Reeves
62400,Benjamin Hardy
26269,Maria Hill
75375,Ann Morris
85558,Maria Garcia
93871,Carolyn Ruiz
85855,Tyler Horton
50656,Jordan Ayers
37747,Evan Spence
49330,Sonya Marquez
58920,Kim Carter
70100,Walter Cooper
68757,Alexandra Baxter
97641,William Duncan
72204,Bridget Anderson
57035,Douglas Gross
94453,Angela Moody
23330,Jessica Holmes
38138,Frank Johnson
51746,Samantha Morrison
97149,Sarah Cook
90750,Rodney Sampson
10341,Jordan Williams
63954,Laura Molina
73204,Jane Daniels
27430,Annette Fischer
76556,Lori Moore
59020,Sara Brown
77778,Natasha Mata
18902,John Duran
37636,Matthew Jones
78093,Sheila Bolton
97262,Brandy Jenkins
15547,Sarah George
67157,Heather Morris
56929,Emily Walters
40150,Kevin Phillips
39703,Melissa Powell
24193,Paul Mitchell
65511,April Thomas
88107,Marissa Clark
85244,Timothy Woods
16466,Rhonda Anderson
97756,Andrew Baldwin
32438,Andrea Williams
71041,Susan Raymond
72196,Sharon Lynn
16858,Mario Robles
49324,Karen Horton
69608,Kathleen Duke
70324,Sara Glover
58773,Donald Pruitt
66493,Kathleen Greer
95261,David Dominguez
47540,Stephen Tapia
28026,Autumn Flynn
40539,Andrew Sandoval
27236,Kyle Hubbard
13100,Monica Simmons
31723,Brooke Shelton
73988,Molly Marquez
17216,Katie Sanders
28424,Nancy Poole
15121,Rebecca Griffith
10069,Jason Duncan
80336,Veronica Holmes
62286,Michelle Mendez
34404,Susan Peters
92836,Briana Lewis
41211,Roy Brandt
53504,Jacqueline Rivera
11050,Sean Mcguire
27598,Mark Santos
11814,Christine Smith
31347,Wayne Smith
76617,Austin Meadows
16672,Barbara Spence
84652,Mrs. Allison Lin
96511,Isaiah Kim
49663,Zachary Tucker
64309,Joshua Bailey
91694,Tiffany Franklin
62321,Geoffrey Stephens
94025,Laura Costa
60522,Michael Cannon
76064,Brandi Durham
30961,Christopher Mendoza
29153,Christopher Lyons
83940,William Perry
77731,Patricia Kim MD
71899,Allen Bell
32787,Jeff Cox
30810,Nathan Beard
46912,Joshua Hobbs
47368,Jessica Meadows
73519,Lydia Montgomery
32564,Ricardo Rodriguez
90878,Carolyn Davis MD
83784,Tony Wall
34296,Tim Ramirez
67679,Christina Moore
53503,Bradley Li
43351,Luke Torres Jr.
69586,Mary Miller
63250,Justin Vance
46030,Corey Hudson
80766,Jordan Wilson
66825,Jennifer Crosby
20989,Carla Orozco
19098,Jennifer Huff
52891,Bradley Khan
77537,Jessica Davies
44072,Logan Nelson
69607,Barbara Martin
83657,Pamela Morris
12639,Ivan Mejia
87091,Annette Patrick
13092,Jennifer Blair
68928,Dr. Mary Smith MD
31843,Edward Nelson
44363,Sarah Marquez
47737,Cassidy Sullivan
66850,Derrick Thomas
48243,Jeffrey Hunter
30693,Angela Collins
30607,Karen Baker
23764,Alyssa Jones
55761,Vicki Dougherty
87117,Wendy Miller
60220,Bridget Snyder
53064,Kirk Moore
95860,Elizabeth Leonard
81442,Michele Woodard
12564,Brian Peterson
58793,Brianna Nguyen
61106,Justin Fitzpatrick
78626,Jason Lopez
84782,Janet Williams
38626,Tiffany Stevens
11514,Joseph Diaz
55995,Samuel Torres
58786,Allison Smith
69859,William Valencia
82553,Debra Baldwin
28256,Lucas Fuentes
69787,Benjamin Rogers
26217,Jennifer Macias
70345,Ellen Aguirre
91223,Glenda Villa
82551,Frank Diaz
57640,Laurie Chavez
64424,Linda Moore
90620,Mary Henderson
61925,Robin Edwards PhD
76857,Melissa Long
95134,Kimberly Bates
58923,Virginia Hansen
70527,Michelle Olson
48059,Haley Boone
85213,Anthony Vaughan
99011,Heather Coleman
89266,Elizabeth Graves
40183,Allen Collins
14182,Susan Stevens
27116,Monica Schneider
39993,Rhonda Hogan
75476,Barbara Johnson
28208,Nathan Garcia
52919,Julie Turner
14512,Robert Brewer
89101,Thomas Aguilar
62794,Robert Shaffer
41642,Gabriel Thompson
97802,Ronald Holmes
13096,Tiffany Castaneda
40852,Robert Case
29698,Craig Walker DVM
40781,Stanley Jones
84179,Melissa Lopez
27485,Brian Gonzalez
86451,Margaret Buchanan
58507,David Bailey
27522,Evan House
69029,Anthony Berry
18789,Amy Wilkerson
89387,Ronnie Gomez
46911,Edward Pena
90880,Anne Pugh
48462,Shawn Kelly
87167,Kyle Gordon
62303,Krystal Graham MD
40453,Kyle Nixon
52189,Lauren Mcmillan
80259,Jeffrey Wilson
21008,Mitchell Cruz
35576,Brittney Guzman
17566,Brett Howard
75038,Frank Santos
19432,Dr. April Johns
25402,Jesse Lee
84183,Sheila Hernandez
38262,Zachary Murphy
90764,Kimberly Mclaughlin
58421,Barbara Hanson
70990,Heather Guzman
44534,Debra Fields
36098,Janice Donovan
20477,Jacqueline Mitchell
83642,Amber Reed
52290,Ronald Oneal
89437,Erin Holmes
57257,Tony Lewis
35696,Joseph Barnes
41917,Denise Adams
51611,Francisco Robinson
31131,Tammy Watson
84600,Nathan Cruz
20280,Stacey Hodge
38141,Jenna Taylor
33187,Wayne Reyes
45574,Jason Larson
38636,Tim Gomez
87806,Alexandria Ward
89143,Douglas Day
80834,Karen Griffin
60624,Tammy Brooks
13378,Dr. Benjamin Davis
41863,Rebecca Garcia
35863,Justin Garner
53249,Ronald Norman
69596,Alexander Anderson
18847,Ronald Walker
43162,Angela Webster
43239,Sean Kim
40072,Chloe Gutierrez
19909,Donna Pitts
56025,Kathryn Tucker
72456,Norman Brown
62515,Lisa Ramirez
41897,Robin Spence
91499,Amy Stephenson
35039,Christopher Bullock
68305,Adam Patterson
47379,Anna Kerr
98719,Lori Weaver
39375,Adrian Fletcher
71765,Matthew May
73195,Olivia Bell
94393,Jonathan Mcintyre
17406,Lauren Lewis
40036,Amy Bailey
72169,Kelly Owen
30212,Carolyn Fletcher MD
34213,Nathaniel Johnson
18221,Anna Brown
77744,Courtney Costa
43383,Joshua Holt
48557,Nathaniel Hernandez
36932,Alan Evans
32425,Brian Welch
12181,Lauren White
95943,Stacy Oliver
72798,Cameron Sullivan
87859,Kimberly Smith
54967,Paula Williams
39108,Joseph Fritz
97159,Lindsay Burns
60309,Jose Robinson
88056,Regina Hammond
75982,Christine Rollins
88791,Michael Zimmerman
35627,Natalie Avila
48188,Antonio Stevens
19785,Jennifer Mata
42796,Cheryl Davidson
28808,Brandon Gregory
26416,Matthew Dennis
74496,Veronica Camacho
66773,Yolanda Miller
80591,John Hart
67963,Monique Howard
85023,Maria Phillips
51858,Nicholas Foster
14798,Daniel Perkins
28325,Bruce Hughes
86881,Joseph Camacho
33096,David Santos
54952,Sean Nelson
49195,Desiree Martinez
96934,Ronald Jackson DDS
49047,Christina Humphrey
39324,Robin Lindsey
78779,Lydia Mcdaniel
14984,Matthew Little
33561,Anna Barry MD
45112,Jacob Benson
61906,Donna Landry
63246,Christopher Fisher
70848,Chad Vincent
32975,Craig Guerrero
69068,Kathleen Ferguson
80908,James Douglas
30809,Denise Hawkins
40676,Chris Owens
43850,Timothy Waters
81855,Christine Glover
56453,Erin Rojas
55029,Bryan Benjamin
22582,Jillian Miller
24642,Kayla Little
30273,Gina Carlson
46187,Matthew Palmer
14456,Lisa Berg
77325,Natalie Montes
82769,William Hodges
29001,Christopher Hunter
51598,Nicholas Humphrey
45331,Christopher Parker
28864,Robert Pope
55442,Teresa Kennedy
31535,Mary Jefferson
37641,Ernest Hampton
32190,Megan Bell
11597,Dale Jones
77809,Kayla Moore
98207,Pamela Roberts
94329,Curtis Russell
55376,Kristen Evans
70708,Daniel Henry
97998,Paul Weiss
14944,Evan Lopez
65395,Kevin Hughes
23793,Robert Long
35438,Anne Harris
53300,Kayla Beasley
59313,Rachel Morris
79548,Samuel Green
57972,John Ruiz
97680,Zachary Hill
72772,Lawrence Ford
40269,Marcus Reed
78750,Travis Hall
32750,Alyssa Stewart
26235,Amy Rodriguez MD
26954,Rachel Mcdonald
91075,Desiree Foster
38160,Kerri Allen
56538,Meghan Johnson
65440,Laura Marquez
13895,Molly Dodson
23956,Sara Fitzgerald
54888,Steven Miller
10822,Lindsey Horn
16626,Joseph Ball
36158,Jennifer Ramirez
42494,Aaron Rasmussen
67776,Sharon Butler
17062,Dr. Sydney Robinson
96292,Eugene Thomas
30124,Debbie Flores
32627,Stephanie Flynn
15172,Jessica Wilson
41870,Austin Reed
87878,Matthew Salazar
31056,Connie Wilson
80676,Shirley Blake
50235,Tamara Gray
55891,Derek Mclean
82038,Logan Bell
18334,Manuel Escobar
82705,Sarah Stevenson
59794,Maria George
61651,Yolanda Peters
14142,Betty Ball MD
37376,John Cohen
40243,Justin Daniels DDS
53858,Krista Walker
70239,Anthony Shannon
45507,Christopher Casey
65783,Janice Hall
19778,Debra Porter
41489,Amber Gonzales DDS
26912,Patricia Wilson
13350,Sarah Stanton
57275,Jose Hoffman
52379,Chris Nelson
80197,Kimberly Johnson
18716,Samantha Reeves
51923,Mrs. Lauren Noble MD
89174,Megan Craig
44531,Adrian Henderson
56149,Michelle Miller
26880,Beth Brooks
94806,Lisa Gray
15584,Dawn Mcguire
23442,Kimberly Ray
25636,Miguel Hale II
77315,Sheryl Diaz
84616,Tara Alvarez
81894,Lisa Mclaughlin
52993,Christina Mills
12501,Jill Glenn
63658,Gary Schultz
36316,Victoria Gonzalez
95884,Gregory Dennis
59178,Jillian Gates
60157,Richard Fleming
41236,Whitney Dominguez
86000,Michelle Salinas MD
81541,Mario Blake
23400,Curtis Barber PhD
23414,Brooke Morgan
18521,Lucas Buchanan
16051,Tiffany Rose
23436,Amanda Hernandez
79553,Christina Alvarez
37951,Jordan Cox
98146,Daniel Walter
15176,Aaron Rhodes
49710,Linda Orozco
93790,Cory Jordan
54125,Sarah Rivers
48374,Regina Miller
86173,Dr. Daniel Hernandez
88686,Derek Stone
19736,Carly Mckinney
98176,Joseph Hamilton
48900,Lance Hicks
72223,Taylor Love
17937,Richard Porter
17630,David Jones
95701,James Jenkins
60070,Crystal Friedman
30085,Catherine Chen
37690,Bonnie Trevino
27982,Helen Chapman
52640,Gabriel Williams
69299,Dr. Leslie Horne
30331,Brandi Carpenter
64034,Morgan Bradley
91024,Tara Garcia
13482,Douglas Rose
83477,Mrs. Kimberly Davis
62304,Brittany Smith
16774,Amy Cox
45579,Donald Gallegos
90505,Edward Swanson
66678,Laurie Brown
99142,Gerald Nelson
13402,Kimberly Andersen
13735,Heather Russo
77970,Nicole Jenkins
25015,Michael Donaldson
39014,Jane Barnett
74708,Pamela Brooks
93067,Theresa Scott
80371,Christine Cooper
59857,Daniel Frye
21612,Brandon Compton
86228,George Mcclure
20247,Jeremy Cervantes
20081,Carol Hopkins
94516,Jennifer Hayes PhD
13528,Shawna Horton
80343,Felicia Rodriguez
24767,Andrea Miller
51560,Jennifer Swanson
65521,Katrina Murphy
37970,Lance Harris
40702,Sara Bates
10475,Martin Powers
39457,Colleen Campbell
29210,Thomas Nguyen
63065,Derrick Gardner
18573,Kevin Santana
99491,Mrs. Jessica Aguilar
60622,Jordan Page
78800,Marvin Fowler
55516,Jose Sandoval
55269,Patrick Robbins
75263,Peggy Zamora MD
79260,Kim Parrish
28894,Robert Lambert
59666,Kyle Pace
42087,Donna Cortez
98887,Barbara Watson MD
22771,Bryan Cox
19944,Ronald Torres
91806,Justin Jenkins
95760,Alicia King
96086,Amanda Roberts
52466,Jennifer Murphy
23925,Kevin Schmidt
76604,Charles Barron
20895,Jeffrey Gordon
58762,Leslie Griffin
28149,Bryan Cunningham
69172,Timothy Deleon
25331,Vicki Odonnell
14571,Paige Gonzales
92491,Melissa Clarke
72906,Alexa Ingram
41466,Stacey Sparks
39942,Lisa Meyer
26378,Erica Gutierrez
36149,Carol Carpenter DDS
22936,Diana Jennings
42992,Cynthia Thomas
73186,Matthew Conley
35133,Amy Alexander
25019,Matthew Taylor
95448,Christopher Bennett
65787,Paula Richardson
67796,Yvette Baker
24834,Adrian Castro
45617,Matthew Chase
20133,Tonya Berry
84436,Charles Walker
88016,April Nelson
46825,Wesley Wilson
45582,Rebecca Lawrence
25374,Lisa Barnett
58820,Alan Esparza
92924,Derek Young
55011,Christopher Horton
49072,William Kent
49083,Samantha Peterson
39830,Ian Nichols
69252,Linda Morrison
47158,Toni Lee
89379,Christopher Burton
93471,Pamela Jefferson
54946,Laura Walters
14681,Leah Baker
16727,Angela Thompson MD
14429,Jason Hamilton
98800,Andrew Cole
68273,Yvette Sheppard
76470,Henry Bowen
91508,Mr. James Merritt
42119,Todd Rasmussen
46580,George Little
61758,Andrea Bowman
64970,Sandra Collins
78804,Tamara Hudson
13984,Charles Mann
73287,Melissa Trujillo
34769,Christina Hunt
90269,Brittany Ruiz
61803,Mrs. Chelsea Lee
94355,Phillip Lee
64677,Brandy Welch
59519,Jeffrey Goodman
42233,Daniel Mills
28993,Shawn Kent
17615,Brittany Ali
39409,Alisha Garcia
83481,Alex Patterson
90380,Jessica Ramirez
37319,Roger Velazquez
28273,Jeff Watkins
35103,John Clayton
61299,Jason Aguilar
34853,Ricky Lewis
92248,Jessica Gibbs
76559,Dr. Ashley Bennett
59184,Alan Mcconnell
57223,Brianna White
75921,Danielle Obrien
49524,Mark Gamble
95308,Keith Andrade
41456,Aaron Duke
98384,Denise Wallace DDS
63333,Kathryn Green DDS
78125,Donna Hendrix
38468,Victoria Pierce
83807,Joshua Dennis
10393,William Holmes
43434,Tracey Cross
62077,Angel Davis
83514,Darren Daniels
28642,Marcia Peterson
61466,Molly Norris
57741,Marc Velasquez
66441,Taylor Shields
42799,Travis Malone
92940,Brittany Burke
89824,Richard Garrett
80099,Wanda Alvarado
51559,Thomas Jarvis
75706,Laura Nichols
16511,Philip Brown
63044,Joseph Mccoy
89939,Barbara Ashley
99220,Vincent Martin
12930,Kristen Lutz
72359,Mrs. Leslie Velez
78475,Hector Powell
26495,Charles Carson
59506,Amy Krueger
34457,Justin Ali
36323,Andrew Santana
85090,Lisa King
47788,Allison Newton
55992,Bethany Glass
30311,Shawn Warren
14424,Benjamin Hill
45687,Michael King
88588,Kristen Stephens
97575,Veronica Ortiz
50794,Mitchell Hood
32127,Daniel Hodge
16225,Christopher Roberts
32021,Scott Silva
29227,Daniel Dunn
16249,Eric Spencer MD
44451,Alexandra Townsend
74376,Tina Stokes
59298,Aaron Graham
46644,Jerry Roberson
36300,Amanda Walls
21948,Thomas Fritz
51694,Candice Nguyen
25873,Jeremy Thomas MD
97990,Virginia Johnson
95578,Gwendolyn Carey
17529,Samuel Nolan
21484,Mark Norris
36705,Jennifer Park
93339,Derek Martinez
58312,William Thomas
23560,Jennifer Kaufman
32810,Eric Hess
20225,Howard Murphy
25987,Matthew Crawford
15801,Robin Moore
30731,Willie Vance
85123,Theresa Andrade
97340,Bianca Gonzalez
37981,Lisa Lowe
18899,Mark Mccall
19046,Maria Murphy
42736,Sabrina Gregory
36244,Kathryn Weiss
68906,Gary Burch
19822,Allison Brown MD
33883,Bruce Hatfield
21438,Melissa Henderson
17103,Jill Gonzalez
33627,Emily Bentley
46279,Melissa Lam
60303,Joshua Glover
71951,Vanessa Henderson DDS
18522,Luke Bennett
50499,Christian Gutierrez Jr.
76406,Philip Madden
40135,William Norman
49013,Adrian Robertson
18568,Alexander Shaw
72719,Robert Rollins
94556,Brittany Warner
79629,Melissa Burns
19013,Candace Richardson
61015,Frank Farmer
71085,Corey Ward
96143,Jason Keller
37779,Alison Higgins
72918,Franklin Hernandez
16495,John Santana
56434,Sharon Bailey
19425,Dylan Stephenson
61221,James Romero
43952,Traci Terrell
61558,Bryce Hart
44646,Tonya Wise
70853,Scott Rojas
10829,Michael Bender
31788,John Hensley
97873,Brian Lewis
24204,Jason Diaz
98369,Carla Phillips
66619,Taylor Vazquez
68609,Ernest Anderson
71312,Tracy Kemp
71186,Michelle Long
19313,Alfred Kennedy
39821,Thomas Yates
40879,Cole Williams PhD
48152,Damon Williams
23558,Bridget York
40265,Kevin Tucker
52679,Stacy Elliott
16926,Katie Jackson
24966,Nicholas Flores
95436,Scott Gaines
26015,Eric Flores
61058,Rodney Whitaker
11262,Jamie Mcclain
92477,Samantha Benson
72692,Margaret Schwartz
95282,Brian Bray
75500,Christopher Collins
22353,Lindsay Lopez
90184,David Odonnell
83583,Gary Washington
26673,Kathleen Collins
28658,Daniel Randolph
63022,Mr. Brett Russell
62747,John Ward
58064,Scott Esparza
87020,Mr. Steven Brown
62864,Steven Holmes
27230,Jodi Robles
67026,Linda Lopez
86045,Heather Khan
53903,Debbie Taylor
50241,Sharon Gonzalez
14982,Peter Wallace
28303,Dr. Ryan Rodriguez
50547,Ryan Ray
82432,Kathy Clark
34227,Katherine Hunter
32254,Amber Yates
37522,Benjamin Reed
74471,David Deleon
17177,Courtney Johnson
36585,Elizabeth Chan
37186,Christopher Escobar
47934,Joanna Cole
23689,Robin Frank
81490,Paul Nicholson
63646,Brett Powell
54152,Kayla Robertson
86585,Christina Reed
34308,Shane Perkins
29162,Misty Roberts
25133,James Ochoa
45450,Elizabeth Rodriguez
76024,Mark Solis
73992,Janet Bond
58206,Joanna Simpson
68734,Theodore Anderson
76874,Erin Sanchez
43901,Susan Sparks
73039,Diana Patel
73475,Samuel Porter DDS
13162,Joseph Woodward
59390,Angela Goodman
17410,Destiny Leon
17120,Bryan Hogan
36702,Tyler Case
24810,Elaine Hines
46854,Tyler Jenkins
71769,Nicole Fowler
73997,Lucas Bryant
42682,Wayne Dalton
91645,Bradley West
56780,Emily Gonzalez
95698,Matthew Greene
90037,Gerald Greene
12948,Alec Crawford MD
93613,Debbie Garrett
86246,Dr. Gabrielle Allen
27330,Stephanie Patterson
57722,Anthony Powers
20994,William Cole
11124,Molly Lopez
91177,Terry Patterson
76924,Christian Singleton
67758,Marc Gray
99565,Lauren Weaver
31526,Yesenia Robinson
79183,Tanya Stewart
91884,Aaron Liu
59991,Keith Campbell
19847,Karen Baldwin
56851,Lisa Mills
84027,George Smith
68664,Jeffrey Branch
95899,Jaime Roberts
61247,Stephanie Moore
24946,Charles Butler
71215,Casey Hernandez
23261,Candace Conley
85701,James Cameron
42414,Adrian Johns
32847,David Ingram
46514,Yvonne Rivera
17311,Chase Lee
63176,Gregory Brooks
62835,Brian Sexton
18165,Beth Vazquez
44561,Ryan Massey
81637,Jesse Thompson
97298,Laura Lee
52670,Joseph Kelley
73081,Timothy Spencer
32462,James Fuentes
64917,Jeff Morgan
68776,Brian Tate
20680,Nicholas Fleming
37705,Pedro Walters
60943,Kendra Gonzalez
97951,Tonya French
36393,Carrie Beck
86895,Derek Nelson
95415,Joshua Deleon
88452,Samuel Evans
76287,Angelica King
78962,Robert Dillon
43479,Jeremy Ortega
26909,Tina Jenkins
50089,Edward Atkins
87870,Michael Mcpherson
35335,Bryan Fox
14701,Tyler Woods
61698,Bailey Stephens
34460,Heather Horn
76442,Timothy Collins
65453,Sandra Nguyen
48422,Christopher Monroe
78461,Leah White
26518,Cynthia Cook
98953,Michael Cochran
18329,Joe Shelton
60589,Nicole Mason
31935,Kathryn Hill
61439,John Garza
62235,Jessica Shepard
98570,Debbie Matthews
80970,Sarah Medina
88418,Crystal Mueller
21079,Jacob Rosario
35404,Alexandra Hamilton
36211,Carl Shaw
21729,Emily Hall
55766,Melissa Maldonado
73479,Samantha Wheeler
13264,Matthew Giles
49159,Stacy Gilbert
97563,Gregory Flores
37405,Kelsey Munoz
63090,Adam Robinson
36608,Theresa Le
91165,Jerry Reid
88753,Caitlin Gonzales
48700,Heather Lopez
70295,Deborah Delgado
98124,Paul Levy
52933,Kristina Stewart
86797,Cynthia Bryant
45734,Joseph Gutierrez
16471,Leon Bell
94135,Carlos Clark
61557,Spencer Reed
37706,Alison Gilbert
62067,Rachel Mccullough
27066,Kristina Gould
42638,Kimberly Shannon
20487,Jennifer Patton
62221,Margaret Edwards
13967,Ryan Moore
86744,Stacey Flynn
50223,Eric Roberts
73163,Virginia Moore
22439,Kevin Dennis
89367,Maria Richardson
63822,Theresa Rodriguez
97576,Angel Rivera
77574,Heather Moore
43084,Kari Mullen
12647,Henry Doyle
51946,Jessica Ford
89090,Lorraine Rice
81193,Michael Bradley
24419,Angela Shaffer
38867,Alicia Mitchell
66597,Lindsay Hall
48717,Adrienne Hendricks
14473,Aaron Sexton
61089,Mathew Davis
26137,Richard Roberts
46638,Joshua Love
30718,Tracy May
33660,Justin Ross
15209,Tara Carter
83395,Jessica Ashley
47905,Mark Hood
27047,Brittany Walters
10501,Tonya Scott
64926,Pamela Smith
61071,Shannon Bond
33303,Timothy Taylor
70970,Kyle Perez
92136,Darren Martinez
86770,Sandra Gonzalez
98087,Mark Stanley
64765,Andrew Villarreal
48649,Nicholas Harris
31479,Jaclyn Knapp
32900,Tonya Ellis
70005,Anthony Raymond
23780,Allen Johnson
97872,Trevor Collins
84057,Katherine Harris
33705,Luke Odonnell
92855,Jesse Rivera
26141,Alisha Nguyen
48528,Ellen Alvarez
37229,Isaiah Johnson
90932,Patrick Parker
13345,Yvette Hunter
60842,William Hayes
80331,Dennis Osborne
96128,Joel Watson
60932,Clinton Quinn
56612,Kathryn Williams
46277,Karen Cuevas
69344,Danielle Vega
26401,Jasmine Jones
57265,Cory Ali
40155,Dan Montgomery
92953,Sarah Andrews
88696,Brad Medina
26374,Gregory Davenport
81417,Mrs. Amy Hernandez
23326,Holly Davis
26948,Kelly Gonzales
84426,Billy Hernandez
54086,Teresa Pruitt
57017,Heather Krueger
54187,Jenna Jones
84617,Eric Evans
18582,Kimberly Henson
49050,Laura Maxwell
29193,Karen Burns
22568,Matthew Adams
37063,Andrew Martinez
37094,Tyler Schneider
56684,Jared Potter
77594,Timothy Farmer
82163,Olivia Long
10414,David Meyers
66649,Elijah York
57925,Pamela Thomas
38495,Cynthia Jenkins
47431,Andrew Singleton
42628,Cody Dominguez
86637,Robert Jimenez
34836,Carl Morgan
33119,Frank Warner
96595,Larry Drake Jr.
42392,Virginia Hoover
65636,Mike Thomas
60121,Denise Perry
10094,Christopher Arellano
87520,Cassandra Rodriguez
15230,Lauren Raymond
64493,Jeffrey Lawson
82974,Steven Pham
19066,Joshua Stevenson
55149,Joshua Watts
72436,Melissa Ward
36100,Robin Crawford
92083,Benjamin Cowan
71807,Taylor Gill
25655,Marcus Snyder
84046,Brandy Thomas
27662,William Barnes
52768,Richard Fuller
70287,Brooke Thomas
79301,Timothy Dickerson
92106,Laura Sharp
57128,Mary Richardson
16285,Timothy Monroe
59579,Kyle Browning
71916,Paul Manning
33374,Abigail Jones
13758,Aaron Lee
89278,Andrew Nichols
23543,Gabriel Elliott
11680,Louis Hansen
25704,Ruth Keith
19445,Amber Wolfe
56364,Stacey Bryant
96017,Eric Arellano
83994,Jonathan Doyle
56085,Raymond Gonzalez
15356,Kristi Fischer
62758,Benjamin Shepherd
69193,Mrs. Regina Phillips
94191,Eric Rios
54582,Sheri Harris
43708,Gina Hinton
54444,Phillip Brown
56110,Mark Dennis
18664,Joyce Woodard
92433,Cynthia Norris
28885,Paula Diaz
20878,Ashley Carrillo
95881,Amanda Christensen
45296,Billy Leonard
14171,Chris Rhodes
87783,Michael Hammond
74861,Brendan Thomas
54306,Brittney Wilson
17468,Julia Rodriguez
37580,Kimberly Brock
88283,Brian Sullivan
42753,Cindy Brewer
36140,Annette Grimes
32319,Stephen Palmer
85591,Misty Huff
73800,Lisa Roth
90026,Heather Rose
65775,Stacey Mccarthy
69223,Megan Rocha
13176,Terry Potter
19290,Mrs. Katherine Conley
33792,Angel Oliver
23702,Stephen Reyes
95642,Anthony Watts
86901,Danielle Price
87942,Brad Kramer
86826,James Garcia
18873,Jordan Krueger
39837,Heather Frederick
62377,Scott Williams
20422,Bill Walker
18364,Angelica Rojas
69201,Shane Callahan
61353,Katrina Maldonado DDS
33128,Lindsay Green
53392,John Baker
19111,Ricky Green
58960,Rachel Holland
97137,Angela English
48187,Anna Cruz
51833,Lauren Bridges
27101,James James
65955,Maria Schmidt
20734,Barbara Alvarez
55479,William Wilcox
64088,Mrs. Melissa Gray
79892,Randy Park
66448,Ronnie Webb
76058,Larry Nelson
40709,Cheryl Ross
90293,Brent Martinez
48416,Jose West
29011,Glenn Rodriguez
84143,John Allison
29460,Denise Meza
32996,Andrew Fisher
55806,Natalie Mendoza
69110,Lisa Frederick
19955,Steven Cook
26937,Timothy Cruz
47350,Erin Griffin
17970,Holly Murphy
83294,Gregory Gonzalez
57864,Robert Drake Jr.
87524,Rebecca Williamson
22034,Christian Carroll
99111,Wanda Henderson
44166,Rachael Taylor
66004,Leslie Vega
78964,Rebecca Palmer
66791,Tamara English
57278,Katelyn Wolf
12612,Amy Rich
35542,Heather Johnson
70114,Casey Navarro
74824,David Krause
46564,Michael Miller
23509,Thomas Mann
50743,James Watkins
35597,Leslie Baker
17170,Matthew Brooks
95040,Raven Brewer
29469,Diane Williams
25763,Bruce Hanson
38365,Dana Welch
21457,Jonathan Dunlap Jr.
52920,Robert Murphy
92166,James Thompson II
67775,Tami Bailey
67878,Miguel Wall
98171,Anna Wilson
30655,Michael Stafford
46726,Phillip Gallagher
61726,Fernando Crawford
55874,Carl Baker
14247,Sarah Nichols
31779,Craig King
88647,Faith Nichols
86056,Matthew Woods
44389,Brian Noble
94915,Kathleen Anderson
61122,Eric Diaz
51390,Molly Wolf
87821,Mitchell Nelson
77654,Heather Cordova
12214,Michael Rivas
92716,Manuel Foster
12969,Sarah Duncan
19613,Bruce Caldwell
14627,Darius Wilson
30486,Michael Hensley
22779,Alice Montgomery
74820,Angela Ellis
95149,Thomas Morris
83537,Jacob West
64670,Christopher Rose
27022,Mary Frye
17903,Ms. Darlene Jenkins MD
21099,Valerie Woods
38791,Casey Johnson
67272,Julia Jackson
80296,Kristen Peterson
77094,Sheila Cummings
42395,Valerie Jackson
20863,Gina Smith
34201,Bradley Watson
78496,Michael Solis
55697,Deborah Lucas
74187,Ronnie Smith
19727,Mary Dudley
29374,Joseph Barrett
58713,Mary Stevens
29967,Abigail Johnson
23979,William Chambers
81601,Joe Diaz
25857,Thomas Mendoza
77917,Maurice Porter
35973,Eric Sanchez
38122,Eric Lawson
12499,Alexis Hull
42653,Christine Choi
39589,Keith Davis
89743,Samantha Cervantes
53385,Brian Murillo
69568,Hailey Perry
47474,Charles Alvarez
20275,Matthew Mcgee
20232,Jason Moore
16999,Larry Drake IV
60468,Christina Stone
13544,Hayden Thomas
25612,Brian Chen
23362,Alexis Clark
97893,Laura Navarro
45564,Jonathon Campbell
50196,Lori Clements
73592,Christine Cole
14462,Diana Campbell
74828,Toni Smith
10832,Lisa Blankenship
39779,Susan Ford DDS
97750,Jaime Kim
39740,Tasha Rodriguez
65785,Mark Chen
87815,Nicole Perry
32577,Robert Haney
55871,Keith Wilson
83902,Matthew Bird
78882,Matthew Ramos
12237,Andrew Rivera
66453,Nicole Castro
28020,Nicholas White
90740,Donna Ramirez
83517,Joseph Sims
77187,Brandi Baker
71134,Lisa Doyle
21204,Andrew Huang
50436,Kimberly Garcia
13582,Christina Morales
45297,Michael Castro
36634,James Charles
19769,Sarah Mason
25108,Craig Solis
73958,Jennifer Davis
75966,Christine Tran
95505,Stacey Wagner
46893,Amy Porter
35473,Taylor Sweeney
25447,Victor Diaz
36843,Justin Buchanan
98191,Joshua Mccormick
67568,Jacqueline Cochran
59559,Jeffrey Martinez DDS
98740,Rachel Daniel
28589,William Bishop
72148,Autumn Mcneil
42570,Shannon Lopez
73683,Aaron Schultz
53826,Michael Collins
61543,David Hayes
88007,Jesus Hill
58877,Misty Saunders
90832,Micheal Wong
29657,Alexander Villa
72060,Dr. Robert Green DDS
73705,Alexandra Payne
41819,Ana Warren
94738,Lisa Hall
40504,Roy Williams
52288,Steven Jacobs
14177,Andrea Newman
44084,Jennifer Henry
25707,Cesar Armstrong
88046,William Smith MD
74060,Mary Holmes
59746,Brandon Mcknight
25564,Mrs. Diane Wood PhD
30664,Dorothy Jones
56209,Brandon Scott
57173,Debbie Patterson
92587,Mercedes Cisneros
26600,Frank Costa
16007,Teresa Wilson
55750,Mrs. Amanda Walker
65908,Shawn Cox
34541,Christina Knight
88295,Haley Charles
52321,Kathy Beasley
87826,Holly Summers
90454,Alec Morris
79728,Bridget King
67940,Dana Rangel
63133,Sarah Tran
96658,Brent Gay
46346,Richard Cole
39284,Allison Miller
48327,Douglas Mendoza
60904,Brandon Myers
76235,Patrick Thompson
43120,Michael Romero
58396,Angela Chapman
67214,Robert Sanchez
85569,Michelle Hart
73456,Emily Richardson
18668,Mrs. Brenda Smith
30474,Katie Case
98054,Steven Robinson
76397,Erik Tucker
10085,Thomas Wells
49658,Keith Brown
91862,Sandra Mccullough
45409,Darrell Wilson
71617,Diane Reyes
52821,Jennifer Burnett
81556,Joshua Ramos
38357,Nathaniel Walton
24528,Samantha Evans
15265,Connie Young
82957,Christopher Tucker
90666,Javier Hansen
66841,Jennifer Flowers
65937,Adrienne Carson
97445,Sheena Frazier
79513,Hailey Braun
39560,Terry Bush
36714,Cynthia Dickerson DDS
70811,Steven Hutchinson
51022,Stephanie Aguilar
44545,Alex Brown
79566,Amber Perez
54022,Fred Carney
36472,Steve Johnson
23527,Aaron Hernandez
41013,Donald Owens
74839,Kathy Myers
70956,Kristina Ellis
73306,Kelly Hendricks
21705,Kenneth Lawrence
28593,Ann Frederick
78605,Terri Reese
56320,Joseph Sullivan
87224,Kaylee Gardner
20868,Gary Nichols
99853,Daniel Phillips
30778,Alexander Hicks
56096,Michael Steele
31906,Jeffrey Simpson
20309,Nicole Berger
33736,Christopher Pollard
61427,Christine Owens
33620,Adam Evans
26580,Gerald Tucker
52497,Leonard Brown
84858,Cody Martinez
95151,Shelby Jones
92288,Leslie Jordan
91021,Aaron Oconnor
19008,Dana Williams
77027,Philip Li
98947,Devin Lewis
92639,Larry Wheeler
45530,Roger Garza
54347,Heidi Sullivan
51755,Tammy Murray
69733,Patrick Decker
61354,Kara Russell
12503,Victor Lopez
48550,Lauren Hicks
97054,Melissa Whitehead
93802,Russell Vance
85130,Glenn Everett
57527,Alexis Armstrong
34671,Sandra Mann
59966,Caitlin Chavez
35717,Carl Tanner
24263,Ryan Cowan
37764,Carly Carpenter
82883,Elizabeth Roberts
86023,Tyler Davis
17421,Sarah Conway PhD
25678,Robin Estrada
79554,Yolanda Edwards
27358,Jason Wells
76184,Tiffany Lee
57965,Anthony Tanner
45367,Alicia Garrison
28171,Tommy Case MD
86824,Lawrence Hernandez
96646,Nicholas Reyes
96186,Cynthia Anderson
84611,Peggy Stafford
22207,Jacqueline Martinez
57472,Kim Glover
17678,Luke Ramos
61047,Katie Hampton
34779,Michael Ward
27040,Melanie Flores
58750,Jody Powell
29846,Jacqueline Anderson
29510,William Meza
13024,Miss Rebecca Hall
54575,Elizabeth Flores
25446,Bethany Gordon
26455,Nicholas Fitzgerald
81189,Christopher Orr
81815,Ashley Barnes
37171,Cody Jimenez
80707,Elizabeth Hardy
21718,Zachary Johnson
93979,Katelyn Ramos
54598,Levi Baxter
60429,Jacqueline Singh
86446,Casey Thompson
41391,Aaron Klein
35577,Scott Flores
72271,Kyle Reynolds
76138,Ronald Moreno
98378,Lori Gilmore
39464,Erica Taylor
85623,Margaret Hardy
71507,Austin Jarvis
27908,Joseph Leonard
61084,Jeffery Holt
19952,Tara Gutierrez
79828,Walter Matthews
40405,Francisco Murray
74684,Gina Mitchell
57625,William Johnson
98253,Clarence Elliott
71451,Heather Bailey
84780,John Watson
51948,Rebecca Patterson
49466,Justin Cortez
92007,Laura Hanson
31335,Michaela Young
55166,Arthur Jones
24192,Angela Aguilar
61620,Jessica Cole
62647,Brooke Hudson
83578,Karen Jimenez
12878,Bobby Pruitt
16131,Melissa Fox
30360,Douglas Anderson
68865,Laura Thomas
75861,Kristen Matthews MD
23503,Brittany Carlson
72085,Melanie Bell
76346,Jonathan Brown
18595,Kevin Hill
82316,Connie Fry
97466,Patrick Rice
82381,Sheila Elliott
24658,Holly Hooper
96609,James Chandler
28611,Julie Haney
42611,Miranda Bradford
50857,Rebecca Hensley
82669,Dawn Waters
11438,Glenn Brown
39622,Lacey Rojas
86611,Nicholas Garner
85712,Carrie Martin
43500,Michael Carson
10805,Howard Howard
70451,Stacey Hunter
67525,Terri Jensen
89273,Joseph Ross
30063,Christopher Dudley
46836,Jerry Lambert
70519,Tracy Gomez
21345,Michelle Larsen
74023,Gary Nelson II
60855,Jason Graham
34913,Kenneth Winters
65398,Darren Garrett
54295,Shannon Sullivan
88054,Fred Morgan
65922,Katie Carrillo
13298,Robert Adkins
92647,Meghan Conrad
53980,Shelby Garrett
80494,John Sullivan
29321,Michelle Howard
46791,Michael Allen
40206,Pam Pittman
61165,Carly Taylor
55058,Scott Dawson
87129,Mr. Russell Copeland MD
68251,Lucas Wilson
48435,Matthew Love
23495,Taylor Tapia
53187,William Krueger
97927,Morgan Nichols
71564,Barbara Pena
23751,Justin Chapman
91290,Patricia Farmer
57488,Robin Espinoza
20236,Teresa Williams
77546,Erica Gallagher
84391,Kelly Hunter
51287,Maria Humphrey
88412,Brittany Hood PhD
27850,Sean Washington
15654,Laura Jensen
11236,Christine Weiss
92529,Crystal Reed
98600,Michelle Norton
35125,George Rogers
75282,Chris Barker
37773,Bill Gonzalez
94784,Brittany Greene
67306,Debra Powell
77759,Paul Cardenas
71826,Donna Mack
78376,Kenneth Sawyer
95638,Ryan Schneider
85596,Matthew Haney
82237,Nancy Smith
58344,Mr. Kevin Shaffer
80954,Mrs. Cheyenne Cortez
39468,Jordan Murray
74850,Amanda Kaiser
58353,Heidi Miller
13572,Desiree Cooper MD
45482,Jill Powell
81505,Andrew Haynes
91215,Karina Richmond
92967,Oscar Murphy
15593,Shawn Brown
99747,Kayla Spencer
52803,Kevin Case
19433,Kevin Nolan
55551,Miss Jordan Roman
61882,David Barnes
37485,Jeffrey Alvarez
97796,Donna Stafford
71348,Mr. Jacob Welch
16346,Eric Salazar
59875,Taylor Lewis
72117,Lisa Turner
94010,Amy Hogan
90285,James Patel
60727,Emily Grant
66363,Rachel Schneider
63197,Mr. John Hall II
93046,David Smith
63116,Madeline Skinner
71265,Gregory Boone
36152,Elizabeth Berg
56779,Rickey Mckee
54239,Terri Khan
68761,Katherine Reyes
65624,Courtney Alvarez
13405,Lori Bailey
41425,Teresa White
17736,Theresa Shaffer
47496,Rachel Ferguson
58053,Rodney Alvarado
80228,Rhonda Nichols
80057,Kelly Robertson
54613,John Owens
39578,Shelby Johnson
57336,Tonya Stanton
10754,Jessica Knight
23578,Sara Morgan
49427,Jessica Simon
57694,Troy Bell
46569,Casey Lynch
70794,Jeffrey Boyd
71518,David Whitehead
25024,Kyle Lee
76801,Craig Ortiz
24741,Preston Hernandez
83380,Deborah Shaffer
72345,Kevin Mccall
67183,Jaime Gross
38488,Stephen Johnson
83905,Kimberly Barnes
84398,Ms. Michele Sanchez
13555,Susan Gray
49464,Mary Johnson
20097,Erin Baker
17437,Thomas Stewart
33004,Andrew Munoz
51051,Tammy Foley
17039,Eric Hendricks
59750,Melissa Turner
48432,Ann Love
39085,Matthew Whitney
30568,Larry Phillips
67687,Lisa Zuniga
36919,Ashley Ryan
94598,Elizabeth Bennett
93261,Gabriela Davis
75206,Jeremy Freeman
22673,Edwin Young
96350,Jennifer Watson
63326,Jesse Hunter
82836,Jonathan Daugherty
15287,Chad Pineda DVM
24287,Greg Pruitt
97572,Tonya Dorsey
65944,Tracy Hall
31830,Derek Campbell
96170,Cameron Blake
77303,Kristen Gonzalez
73001,Don Marshall
26583,Corey Wilson DVM
82177,Ann Wu
78268,Chris White
53702,Alyssa Powell
27447,William Simon
32799,Kathleen Pineda
41967,Dalton Ray
53839,Frank Vincent
54430,Benjamin Brady
53128,Jessica Evans
23745,Alexis Hudson
23266,Abigail Chapman
33959,Sue Dawson
74681,Dakota Crawford
58635,Brian Rodriguez
30967,Brittany Cox
35699,Gregg Nguyen
24265,Lisa Miles
29176,Cynthia Burgess
19217,Elizabeth Perez
76063,Francisco Hart
70124,Alex Castillo
54294,Ashley Burns
61598,Justin Young
82726,Melissa Andrews
43395,Margaret Berry
44884,Sandra Berg
65193,Christopher Bell
49475,James Weaver
55452,Kevin Sullivan
18799,Emily James
91462,Margaret Campbell
32812,Kelly Huang
69777,Alexander Cantu
31786,Samuel Powell
97746,Jonathan Jimenez
21764,Jacqueline Lopez
29677,Eric Schmidt
25497,Arthur Mcdaniel
52504,Samuel Nixon
42085,Jeremy Sanchez
47957,Lauren Burke
22957,Brooke Scott
68125,Ms. Nancy Wilson
28433,Jeremy Morris
26466,Andrew Mullins
96370,Robin Bauer
89814,Adam Lopez
83868,Thomas Jimenez
71229,Jessica Gallagher
58113,John Wall
70341,Joshua Kelly
87451,Lisa Allen
33127,Patrick Orr
48865,Danielle Schroeder
64082,Elizabeth Kerr
98856,Maria Newman
10930,Jamie Jones
91036,Kelly Cross
68329,Anthony Crawford
14882,Cassandra Mcdaniel
20453,Michelle Romero
16935,David Richards MD
91369,Jonathan Terry
63348,Jeffrey Warren
97397,Kathleen Koch
55690,Morgan Johnson
81020,Lisa Williams
45948,Michelle Rodriguez
26570,Heather Schmidt
62628,Cameron Smith
48239,Mercedes Walker
24541,Carolyn Levy
42814,Susan Wagner
94788,George Wall
57202,Alison Jones
95832,Adam Miller
24840,Catherine Bryant
13037,Philip Phillips
39094,Tamara Bryan
88800,Shane Martinez
49128,Monica Turner
98237,Donald Parker
37064,Dr. Kenneth Gallagher III
69497,Andrew Hickman
85428,Matthew Lopez
73898,Adam Nash
83681,Misty Ramirez
19628,Jordan Kirk
42880,Todd Jackson
58211,Savannah Scott
71420,Mr. Charles Mack
87564,Terri Kennedy
28729,Jane Smith
85886,Mr. Steve Knight
75047,Desiree Boyer
10580,Megan Newman
88353,Kristina Clay
22003,Eric Perez
88272,Shelby Boyd
50329,Jacob Parker
20128,Mr. Kenneth Bailey
75019,Kristin Reeves
34121,Hannah Ramirez
56242,Frank Bright
83946,Jonathan Kim
48026,Jessica Gutierrez
49415,Cynthia Moore
89203,Aaron Drake
99858,Nicholas Frost
43611,Roger Long
22299,Marie Bernard
36544,Mark Stafford
76655,Catherine Deleon
71671,Tricia Meyers
52095,Deborah Wu
88894,Martha Harris
46533,Jason Watkins
99834,Sandra Benitez
81933,Valerie Arnold
23830,Connie Blanchard
20071,Kristen Brown
40118,James Brock
98351,Johnathan Rivers
28322,John Carpenter
24709,Lauren Malone
11504,Jessica Cruz
92409,Karen Brown
40815,Duane Perkins
17127,Tyler Moran
97234,Eric Reid
64507,Eric George
85269,Madeline Martinez
15935,Jacob Gomez
25030,Candace Lawson
40808,Julie Hamilton
34613,Meredith Thompson
61113,George Bailey
25467,Justin Russell
97025,Susan Evans
79372,Deborah Evans
97848,Richard Howell
35247,Nathan Phelps
70707,Stephanie Reed
96045,Ms. Patricia Byrd
10627,Devin Dalton
75392,Jared Gardner
48054,Eric Henderson
75132,Alexander Ramirez
29544,Mark Boyd
30151,Stephanie Rogers
48609,Kyle Baldwin
72137,Aaron Roberts
81961,Jorge Palmer
60126,Sean Davila
34964,Jeffrey Taylor
26055,Richard Calhoun
96944,Cynthia Brooks
41592,Larry Garcia
53144,Dwayne Franklin
80988,Samantha Orr
47482,Catherine Knox
34987,Gregory Ryan
34982,Amber Madden
88423,Shawn Roberts
61176,Dr. Steven Clark MD
19340,Shannon Rice
29053,Patrick Abbott
65101,Megan Hogan
45887,Jasmine Rodgers
68689,Juan Romero
46029,Angelica Beck
17790,Anne Smith
91919,Chelsea Fritz
69101,Rachel Serrano
23808,Antonio Patel
65790,Melissa Weber
85427,Bobby Morris
73779,Victor Robinson
41452,Rebecca Andrade
71855,Michele Mueller
17669,Katie Rhodes
95267,Caleb Alexander
18609,Melissa Arellano
72002,Olivia Miller
81075,Olivia West
53734,Tracy Mercado DDS
76720,Thomas Oneill
15186,Roy Duran
66866,Dawn Adams
43082,Patricia Forbes
62832,Robert Miles
67868,Beth Jackson
26976,Joseph Rodgers
49850,Crystal Lynch
93657,Nathan Ramirez
62474,Aaron Kemp
43498,Jennifer Ford MD
55582,Ebony Watson
13692,Dr. Rachel Martin MD
38040,Robert Weber
79755,Rachel Mcbride
95416,Robert Nixon
68252,Stephanie Tyler
12959,Mitchell Spence
72433,Isaiah Robles
74571,Stephen Whitney
73006,Lisa Hernandez
16710,Todd Howell
18646,Tina Griffin
33201,Amanda Yoder
84883,Steven Howard
48761,Isaac Porter
16714,Megan Juarez
49854,Tara Hernandez
70698,Douglas Lewis
71006,Brandon Whitaker
53375,Nathan Williams
71530,Joseph Burke
19953,Gabriel Conner
61338,Shawn Gamble DDS
80678,Joshua White
39131,Dominic Rodriguez
30056,Tina Guerrero
11733,Mrs. Elizabeth Scott MD
83841,Judy Murray
28288,Curtis Phillips
36096,Christine Mccoy
36081,Jonathan Stephens
12587,Dean Weber
84648,Cheryl Schneider
66558,Mark Higgins
90128,William Jones
91823,Amy Ellis
66723,Roy Bennett
52029,Joyce Hurst
80087,Daniel Gibson
82358,Brent Mendoza
73953,Stephanie Johns
95204,Shannon Gross
80043,Amy Rodriguez
44747,Anna Pitts
70384,Sean Cooper
64885,Shannon Nicholson
89695,Carolyn Mcmahon
57575,Frank Chavez
13181,Maurice Adams
64023,Anthony Castillo
16953,Mark Oneal
24800,Charles Webb
45661,Keith Gates
27299,Bridget Rodriguez
57711,Crystal Welch
46412,Larry Wright
26010,Natalie Stewart MD
41461,Mary Edwards
43311,Joseph Moran
23187,Maria Juarez
27028,Brett Evans
90715,Kurt Baker
36346,Gilbert Carr
54838,Jason Mccall
79368,Maria Diaz
34598,Alexa Bolton
74224,Megan Morton
42911,Kyle Glass
53499,Sara Mendez
72858,Diana Valdez
63831,Ashley Webb MD
78832,Thomas Kelly
98829,Yvonne Buchanan
39797,Todd Watts
11552,Kevin Kelly
79872,Cody Jackson
68623,Alan Collier
20600,Nicholas Long
81746,Dr. Paige Mcguire
36903,Sabrina Nicholson
80409,Troy Vaughan
11028,Zachary Lynch
15878,Pamela Harris
98111,Jennifer Mosley
40701,James Mckenzie
80150,Christina Bishop
34034,Aaron Kidd
29743,William Becker
67685,Emily Booth
95269,Kimberly Prince
54525,Michael Wells
73651,Gabriel Brown
82926,Katherine King
84104,Penny Lee
26711,Patricia Wallace
86116,Ricardo Murphy
76174,Peter Riley
17285,Adam Salazar
54213,Henry Griffin
32083,Anna Perez
30985,Jordan Baxter
96883,Jacqueline Ruiz
31447,Amanda Baker
46803,Lauren Hoover
84636,Charles Rose
33181,Allen Sanders
64683,Robert Mcconnell
70428,Nicholas Griffin
43044,Allison Harris
52021,Mark Rojas
66115,James Hodge
93737,Mark Novak
87784,Margaret Callahan
48677,Dana Estrada
19031,Jonathan Murray
17716,Angela Robertson
49655,Kelly Brooks
72636,Karen King
24586,Sarah Moody
49756,Bradley White
48820,Mary Walsh
46877,Lorraine Miller
90145,Jose Collins
33534,Lisa Wagner
90224,Tyler Scott
76694,Alexis Chavez
36299,Brandon Rivas
97418,Douglas Russell
59718,Joseph Reynolds
64266,Dr. Glenda Stanley DVM
81591,Dylan Brown
46451,Eric Padilla
45998,Mary James
11558,Sabrina Smith
59890,Jordan Wilkerson
86398,Laura Levine
19972,Karen Gonzalez
13163,Robert Kramer
59418,Bethany Sloan
44160,Jon Smith
57553,Lauren Hill
61756,Michelle Wood
47986,David Mcconnell
54103,Ashlee Moore
26980,Jessica Taylor
86716,Steve Martinez
18920,Charles Mitchell
40875,Jodi Washington
23127,Travis Mayer
45392,Brenda Hayes
68260,Elizabeth Moreno
66661,William Campbell
95011,Jennifer Vasquez
51292,Vicki Ferguson
90074,Steven Moore
46510,Andrea Brewer
20327,Vanessa Potter
20584,Nancy Medina
15815,Brian Castro
10249,Jessica Carpenter
57422,Ryan Reese
67044,Mr. Jose Kelly
75008,Lisa Coleman
55604,Mark Patrick
21956,Rebecca Odom
47085,Shelly Jones
47211,Gabriel Horn
65386,Destiny Pham
46686,Randy Miller
93114,Antonio Mcpherson
26677,Jackson Robertson
94159,Mary Waller
62005,Natalie Reed
34606,Jesus Scott
72045,Emily Armstrong
31261,Molly Simpson
32007,Cassidy Morrow
47985,Devon Swanson
79683,Peter Frederick
33894,Donna Hamilton
73426,Wesley Carter
71316,Ashley Russo
63597,Jeffrey Hooper
39672,Andrea Massey
97057,Jason Simmons
51673,Sandra Green
17723,David Moran
38604,Julie Davis
93424,Ronald Reynolds
21423,Christopher Santiago
72302,Michael Boyle
97451,Meghan Bennett
49299,Caitlin Walker
35230,Tony Gonzales
32529,Ashley Love
10150,Lorraine Johnson
20170,Eric Garcia MD
70950,Daniel Hughes
38386,Amanda Ortega
97692,Katie Phillips
55683,Nathan Wolf
53954,Bryan Hawkins
46177,Jason Daniel
28274,Bryan Dixon
65475,Brandi Wilson
52394,Melissa Watkins
17943,Zachary Hunter
63428,Ryan Hopkins
39038,Tiffany Anderson
72988,Stephen Mccullough
85949,Anthony Smith
77669,Miss Courtney Nelson
90419,Alan Gates
24242,Ronald Hodges
31426,Donald Lewis
50515,Matthew King
62876,Alicia Oneill
48533,Benjamin Brewer
55713,Reginald Duncan
23685,Heather Norris
79800,Thomas Lawrence
14412,Mary Gray
59364,Alexander Aguirre
89415,Joseph Fuentes
92553,Andre Garcia
42607,Kimberly Myers
81553,Joann Proctor
50681,Nicole Barber
19576,Jeremy Curtis
12170,Jeffrey Fisher
95209,Derrick Morgan
27260,Cory Brewer
43161,Jennifer Maynard
33084,David Parks
57364,Alexa Santos
43000,Melissa Hanson
46337,Tony Alexander
72153,Colleen Carter
92751,Laura Reed
49808,Leroy Hughes
65988,Mark Duncan
17761,Jessica Sullivan
19426,Richard Martin
35068,Laura Steele
34597,Tracy Maynard
13877,Kayla Hernandez
62534,Jeremy Doyle
43112,Shannon Simmons
32383,Carrie Baker
76696,Larry Mccarty
10483,Rebecca Ramirez
63169,Desiree Fitzgerald
77364,Carrie Thompson
70397,Carl Hansen
26699,Nicole Wheeler
64014,Tasha Hernandez
85604,Sherry Baldwin
56142,Nathaniel Thompson
45097,Taylor Payne
19805,Eric Harris
47238,Lindsay Rogers
23574,Derrick Murray
57042,Lisa Sweeney
44868,Kristin Warren
76344,Karen Fletcher
80147,James Bright
94258,John Castillo
80560,Brian Smith
77432,Dr. James Brown
50369,Lisa Ho
29084,Joseph Jacobson
26507,David Morgan
36478,Sarah Marks
44352,Jacqueline Braun
29842,Justin Garcia
63520,Kathryn Lewis
96680,Tracy Garza
21485,Samantha Christian
36614,Robert Garrison
41885,Douglas Stafford
11244,Cynthia Hardin
81428,Kristen Sherman
59350,Destiny Goodwin
87810,William Watson
70628,Christina Simon
48390,Autumn Smith
27714,Kathy Lee
71140,Amanda Kelly
62496,Jesse Chung
51942,William Mercado
96362,Laura Dodson
29982,Meghan Stone
89207,Brandi Ingram
93264,Kimberly Perez
57379,Kevin Chavez
69809,Karen Avery
65071,Justin Clark
29695,Brooke Smith
70477,Kevin Underwood
75964,Christina Chambers
61450,Mark Morrow DVM
48922,Alexis Benitez
45232,Amanda Gonzales
69941,Andre Smith
59728,Brian Villarreal
55822,Jared Henderson
64191,Ann Gregory
25860,Gary Craig
29603,Leonard Larson
34106,Benjamin Patton
86224,Kathy Cole
63346,Andrea Richard
85306,Stephen Cummings
76387,Denise Simmons
71485,Jason Ramos
16907,Kaitlin Harper
22316,Catherine Smith
55224,Mr. Robert Williams
84596,Gabriel Fox
83234,Eric Higgins
16600,Elizabeth Anderson
16586,Leah Odonnell
85088,Maurice Nguyen
25967,Nancy Simmons
39467,Adam Osborne
65694,Ann Conner
98249,Brian Powell
46404,Dr. Preston Miller
63147,Charlene Schmidt
42346,Joshua Black
38120,Becky Morales
54108,Ralph Sanders
49553,Douglas Jimenez
27041,Jonathan Stone
70839,Jaclyn Clark
30148,Kenneth Cross
34711,Paul Phillips
73187,Marissa Orozco
13732,Emily Hughes
65131,Nathaniel Garcia
63803,Crystal Brandt
65544,Earl Whitaker
40110,Edward Simmons
35460,Thomas Berry
19174,Darin Howard
89916,Beth Gray
60372,Jose Long
71245,Julie Bennett
12606,Juan Nguyen
36849,Sarah Ward
51985,Cassandra Walker
45919,Thomas Doyle
80229,Christopher Carpenter
69198,Tracy Santana
90439,Joy Harvey
22295,Carrie Soto
44676,Tammy Hammond
96005,Tonya Green
86377,Danielle Fitzgerald
81271,Ann Logan
58015,Melissa Dennis
84931,Meredith Nunez
55660,Katrina Gay
45531,Andrew Whitehead
49460,Robert Hamilton
36841,Mitchell Figueroa
95050,Patrick Escobar
66722,Mr. Michael Hernandez
91386,Natalie Olson
19248,Cynthia Burton
25893,Louis Richardson
27457,Lynn Pearson
53329,Matthew Wall
37730,Amanda Dunn
43303,Arthur Baker
65364,Sheila Chan
62231,Nancy Gomez
43528,Jennifer Jarvis
88946,Roberto Diaz
58961,Jesus Glover DDS
57813,Jamie Munoz
72254,James Lowe
55953,John Hayes
13263,Sandra Jones
77533,Robert Graves
95925,Jose Diaz
10025,Jeremiah Hicks
84234,William Wilson
40867,John Ross
96393,David Allen
17683,Kayla Patel
41448,Richard Fields
22083,Amy Thomas
22653,James Benjamin
32291,Margaret Castillo
97897,Manuel Castaneda
71938,Stacy Ryan
54826,Andrea Sanders
75704,Yolanda Roberts
57523,Jennifer Wagner
23163,Melissa Hart
91403,Mrs. Wendy Jones DDS
75231,Andrew Hall
50422,Hannah Suarez
32611,Phillip Hogan
62461,Carl Garcia
17625,Nicholas Garcia
67852,Allison Thomas
16984,Victor Williams
90209,Kaylee Jackson
80653,Drew Hobbs
48591,Jillian Payne
73260,Albert Mills
47528,Justin Henry
10407,Stephanie Wallace
56378,Joseph Young
35998,Michael Schwartz
52574,Rick Moreno DDS
56631,Lawrence Day
82892,Raymond Valdez
34442,Beth Cox
73764,Sara Ross
58889,Lisa Murphy
64892,Mary Watts
59247,Juan Collins
37679,Tyler Mcbride
54299,Dustin Hansen
86168,Ashley Sharp
70947,Charles Oliver
18590,Kimberly Massey
76797,Brian Tran
48791,Isaiah Mcintosh
17700,Kelly Everett
51688,Benjamin Benjamin
31474,Christine Perry
97389,Tony Wright
15470,Mary Bautista
87737,Jenna Church
48009,Joseph Huber
53194,Rhonda Blair
73879,Mr. James Griffin
36823,Karen Jones
73542,Debra Lopez
75830,Alexis Rangel
75590,Alison Cooke
97883,Robin Black
48314,Crystal Stewart
91999,Laura Hill
67983,Timothy Holland
21994,Lori Robbins
58388,Ms. Natalie Gibson
80906,Victoria Wells
55003,Amy Villa
79442,Paula Herman
47602,Erica Steele
92818,Shawn Green
21516,Kristen Marks
13998,Chad Owen
44280,Catherine Frey
45583,Melissa Collins
46018,Jacob Koch
31583,Vanessa Moses
91949,Haley Sanchez
40268,Shaun Robles
56523,Rose Harper
97714,Gabrielle Hall
72853,Jonathan Fernandez
33263,Donald Gutierrez
54763,Taylor Vargas
96868,Joshua Kirk
97824,Jake Schmidt
69922,Casey Chavez
82973,Matthew Estrada
25408,Jimmy Jenkins
42562,Sarah Sullivan
86015,Victor Nunez
35171,April Martinez
16831,Laura Carter
74333,Nathaniel Schaefer
70564,Adrian Murray
69162,Renee Davis DDS
10156,Bryan Jones
37879,Amanda Miller
33963,Margaret Hernandez
89630,Stephanie Berry
17694,Zachary Pittman
63752,Todd Escobar
68443,Diana Evans
90474,Robert Jordan
65041,Franklin Palmer
56101,Donna Holland
90295,Jennifer Mueller
34867,Vincent Payne
26996,Chad Lane
66440,Haley Branch
24720,Lisa Walker
84458,Christopher Wagner
83042,Stephen Todd
23882,Caleb Rangel
64848,Cheyenne Bush
23181,John Savage
71104,Ashley Kidd
65264,Crystal Spencer
85176,Bill Dixon
53664,Michael Roberson
22151,Ian Hernandez
34844,Gregory Kim
36352,Brady Cummings
18304,James Prince
63064,Derek Flowers
64775,Nancy Parker
47869,Philip Anderson
19536,Holly Freeman
25254,Stephanie Morgan DDS
21303,Paul Webster
90545,Samantha Bennett
99635,Jody Scott
74433,Peter Cain
71804,Hannah White
10205,Kyle Spencer
11909,Jeffrey Jefferson
19172,Robert Jenkins MD
71546,Evan Torres
61796,Mr. Stephen Stewart
85487,Anthony Pope
59191,Amanda Scott
82075,Sheena Wyatt
46444,Ronald Navarro
74977,William Vasquez
85497,Deborah Perez
36666,Alexis Carey
60159,Amanda Knapp
14027,Joshua Brown
46756,Jared Baker
44385,Julian Ryan
28502,Mr. Jason Snyder
12368,Adrienne Thomas
81258,Karen Fry
20113,Daniel Clark
37390,Rachel Sanders
23473,Ann Vincent
92377,Sherri Koch
84415,Andrea Perkins
80424,Stephen Graham
42249,Brenda Dixon
74300,Amanda Frederick
46955,Jesse Owens
90524,Alexandra Price
24596,Lisa Reed
60246,Eileen Robinson
17866,Susan Bowman
70310,Jordan Cherry
42439,Cody Taylor
55363,William Peterson
30157,Elizabeth Compton
52086,Kyle Hanna
22892,Joseph Owen
89518,Jessica Phillips
11529,Jennifer Mendez
35185,Cory Hill
71074,Mrs. Amy Berg MD
89905,Allison Jones
14573,Michael Liu
59617,Jacob Velez
34232,Peter Moon
35908,John Friedman
21967,Taylor Nguyen
61111,Natalie Mcconnell
64333,Isabel Gregory
64619,Michele Thornton
79130,Jason Mason
26623,Seth Carpenter
92739,Glenn Morgan
21487,Mitchell Jones
53545,Nicole Gonzalez
96502,Melanie James
62159,Isabel Diaz
11613,Matthew Ford
48408,Samantha Schroeder DDS
89094,Gary Dawson
15633,Bonnie Silva
88711,Brandon Mack
85210,Joann Bryant
56451,Theodore Cisneros
65053,Tyler Archer
91954,Alicia Guerrero
83112,Monica Lara
45680,Patricia Moore
11544,Maxwell Phillips
81433,Melissa Pratt
80176,Jamie Thompson
15612,Jasmine Wilson
92824,Trevor Peterson
44357,Autumn Mason
70684,Shane Mitchell
31815,Andrea Frazier
67403,Lawrence Woods
42720,Jason Garrett
62890,Melanie Rojas
30075,Lori Morgan
88140,Bradley Miller
89914,Gina Thomas
91213,Brandon Rios
53929,Nathan Daniels
77543,Matthew Hudson
48748,Phillip Hester
38612,John Roman
53514,Stacie Jones
13806,Katie Hartman
24808,Christopher Joseph
28100,Leon Mann
65655,Linda Page
64682,Mary Clarke
23568,Renee Roberts
82752,Michelle Maddox
33087,Patrick Ward
93407,Kathryn Pearson
10738,Kent Glenn
23006,Kevin Huerta
19020,Christian Holt
83336,Bryce Murphy
67431,Wendy Miles
23412,Dennis Williams
61298,Ashley Sanders
54565,Alexandra Richardson
89463,Raymond Miller
69877,Kevin Hernandez
78011,Terri Miller
91181,Alicia Brown
32654,Taylor Richard
12472,Shelley Porter
18072,Maria Morgan
66192,Monique Caldwell
55472,Phillip Chan
51516,Spencer Craig
95395,Dorothy Campbell
49076,Adrian Luna
41892,Roberta Cox
60482,Heidi Morgan
16879,Shannon Alexander
85171,Hannah Lewis
63425,Kimberly Chavez
36954,Nathan Wright
86463,Lisa Scott
13369,Thomas Marsh
30065,Sonya Johnson
95178,Michael Jennings
27334,Jason Santiago
62087,Mackenzie Barrett
38489,Tonya Lara
97123,Jaime Johnson
89495,Carlos Mosley
85889,Robyn Holland
61839,Mark Mullins
90984,Brandi Garcia
94618,Matthew Ramirez MD
54567,Justin Adams
76457,Lisa Vega
31026,Brianna Lewis
85662,Nicole Young
51577,Johnathan Rice
29213,Christine Hull
83901,Joy Jefferson
70917,Craig Allen
81224,Jason Howell
65847,Jessica Bradley
26857,Jeffery Thomas
40892,Mark Ferrell
90495,Mary Mccarthy
12326,Grace Green
47458,Kimberly Walker
16247,Latoya Gonzalez
13122,Joshua Hawkins
51728,Robert Benson
58131,Deanna Conrad
65945,Margaret Booker
47625,Denise Wolf
77613,Leslie Perkins
99997,Miss Kari Allison
64429,Michael Downs
16636,Amy Huynh
65566,Sarah Lowe
22335,Lori Meyer
15472,Christopher Sanchez
89347,Regina Ward
53188,Gwendolyn Kennedy
14566,Darius Moody
38420,Scott Hernandez
36023,Donna Rojas
89801,Erica Smith
83827,Lisa Morris
41181,Danielle Lee
71317,Keith Perez
95827,Joshua Reid
39207,David Horne
57193,Taylor Braun
82169,Debra Odonnell
15778,Andrew Berger
80972,Benjamin Cordova
66169,Paul Huff
95429,Cindy Bryant
72183,Wendy Watkins
92921,George Jordan
54161,Felicia Robinson
47600,Erin Madden
52796,Timothy Johnston
51632,Laurie Stark
50553,Ryan Gilbert DDS
99053,Arthur Diaz MD
14676,Allison Hooper
31702,Brian Gill
21507,Tina Sandoval
38536,Ralph Edwards
71418,Colleen Briggs
34601,David Moody
71950,Brett Mccullough
81848,Adam Bridges
90839,Curtis Poole
78714,Philip Mccarthy
75852,Ashlee Anderson
91100,Christian Reynolds
50856,Melinda Gordon
45434,Kyle Taylor
60237,Benjamin Baxter
66402,Christine Price
54012,Cassandra Kelly
31344,Courtney Miller
84316,Ashley Horn
51637,Roy Weber
93769,Amy Harper
74018,Anthony Scott
38837,Reginald Burton
42719,Dustin Nichols
74381,David Chen MD
73930,Anne Mueller
89670,Kimberly Murphy
79509,Samantha Chang
59988,Meghan Faulkner
19257,Marc Scott
97294,Ethan Gibbs
45813,Gregory Valenzuela
98536,Heather Reeves
14431,Isabel Matthews
56089,Jeffrey Parker
44727,William Dawson
60867,Jared Harris
23079,Walter Jackson
99018,Mary Stout
77942,Connor Preston
42900,Eric West
84403,Sherry Torres
82690,Katie White
43557,Judy Rhodes
15511,Keith Bryant
43758,Lori Carlson
95376,Adam Crawford
96167,Joyce Campbell
66573,Anthony Hunt
41020,Stephen Rodriguez
24726,Tiffany Park
60750,Jeffrey Wallace
63074,Susan Trujillo
28416,Kristine Wood
70504,Jasmin Hill
52673,Eric Kramer
46310,John Estrada
77232,Jeremy Mayo
53050,James Page
52450,Juan Dean
46193,Jeremy Yang
84404,Vanessa Brown
97614,John Smith II
34386,Mathew Ramirez
42684,Johnny Smith
76808,Monique Hopkins
68474,Anita Evans
79539,Monique Weber
35693,April Jones
64226,Lisa Carter
14907,Crystal Martinez
92435,James Cox
54914,Joseph Hines
50910,Julie Dean
63928,Nathan Singleton
65285,Kimberly Brennan
99158,William Moran
68280,Richard York
82006,Jeffrey Dawson
28923,Chelsea Campbell
61908,Jacob Lloyd
64431,Kerri Ruiz
99295,Megan Francis
36329,Monica Perry
94469,Valerie Edwards
51691,Tanya Palmer
89648,Ashley Clark
27217,Destiny Wong PhD
31070,Justin Guerrero
98038,Sandy Phelps
23510,Kevin Heath
68579,Paige Petty
24860,Matthew Morgan
23151,Alexandra Lyons
26668,Anthony Oconnor
50259,Patrick Sharp
59227,Paul James
25033,Nicole Ramirez
19087,Diane Moore
22985,Autumn Dougherty
33399,David May
50005,Katherine Franklin
99265,Robin Reed
31167,Janice Wilson
68282,Steven Mendez
46109,Jimmy Williams
38915,Mikayla Roberts
56268,Jon Fowler
23221,Brett Drake
56154,Christina Elliott
58672,Dawn Perry
13778,Julie Wilson
37532,Mary Duffy
81772,Monica Gibbs
76181,Christopher Boone
45007,Patricia Warner
49862,Mr. Christopher Medina
51486,David Moreno
86439,Aaron Bell
14458,Erika Hardy
94337,Cameron Zimmerman
94057,Melissa York
85453,Michelle Sampson
52688,Carla Huynh
41257,Christian Torres
30924,Joshua Sanchez
79590,Bonnie Hudson
21243,Renee Singleton
49403,Amanda Jordan
29619,Jeffrey Watson
96852,Mr. Troy Green MD
50772,Douglas Duke
65167,Karen Logan
11634,Kari Charles
35373,James Doyle
84631,Amanda Kennedy
63505,Amanda Armstrong
54131,Maria Schmitt
48034,Russell Shelton
14850,Valerie Mejia
66902,Elaine Burgess
34451,Tamara Myers
63677,Noah Riggs
78900,Ryan Peters
61997,Howard Vasquez
69347,Jeffrey Williams
47786,David Cardenas
35463,Melanie Mathis
83158,Leslie Holland
63029,Deborah Davila
89283,Katherine Porter
22374,Colleen Estrada
71249,Emily Anthony
46263,Steven Franklin
93174,Danielle Patton
35143,Barbara Brown
30694,Shannon Gomez
75535,Kayla Henderson
54730,Joy Montgomery
54639,Lauren Garcia
31158,Jeanette Lawson
22239,Connie Molina
83721,Christie Perry
84550,Brandon Hicks
56026,Elizabeth Hart
22237,Katherine Pierce
60946,Eric Joseph
38660,Kristina Johnson
12183,Jennifer Ellis
32222,Travis Hughes
14856,Christina Ramirez
53261,Kimberly Summers
20009,Brittney Morgan
70916,Brendan Lee
16407,Jessica Potter
46710,Ruben Wright
71812,Tamara Fletcher
47947,Scott Khan
44783,Joshua Morgan
35355,Christopher Mcmillan
51658,David Perez
68313,Catherine Acevedo
21640,Karen Cline
21677,Fernando Mcguire
58606,Shannon Garcia
67509,Christina Montoya
41896,Darrell Miller
59852,Michelle Green
74728,Lori Tanner
32867,Barry Garcia
67552,Mrs. Megan Wells DDS
13269,Cristina Bright
62328,Leonard Bates
68259,Jason Fisher
24297,Kevin Riggs
25719,Erik Dunn
99009,Elizabeth Booth
22811,Sara Marks
72941,Lindsey Knight
38885,Austin Perez
44263,Hannah Peterson
76626,Alexander Walker
68084,Frank Patton
34737,Jennifer Baird
51567,Alexandra Strickland
59879,Jim Mueller
54744,Tamara Cooper
98983,Christine Barajas
54745,Jacqueline Nguyen
55858,Susan Smith
39743,Amy Chavez
41274,Zachary Bruce
84819,Nathan Adams
65529,Barbara Martinez
13766,Andrew Dudley
26537,Alexandria Murphy
63429,Gary Santiago
60359,Lisa Ramos
12615,Lori Nolan
80855,Kevin Maddox
99133,Angela Taylor
45657,Elizabeth Baker
18900,Susan Russell
25855,Alicia Rodriguez
22810,Elizabeth Frank
48770,Catherine Erickson
50933,Brandon Wilkinson
62309,Sara Parker
22241,Victoria Howard
72110,Mrs. Susan Gibson
34531,Jennifer Salazar
69709,William Perez
37158,Travis Rivera
13645,Kevin Banks
44889,Micheal Scott
45709,Ronald Blair
86039,Sylvia Vargas
59336,Mrs. Barbara Leon
96708,William Cunningham Jr.
29389,Kristen Pope
97145,Ann Oliver
22267,Michelle Watkins
76102,Kelly Mckinney
73624,Joseph Hansen
11311,Adam Martinez
30822,Marcus Reynolds
87151,Karla Taylor
87828,Tamara Chan
24198,Nancy Curtis
76159,William Carson
83950,Benjamin Robertson
35528,Lori Rodriguez
28290,Ann Peterson
93080,Scott Gray
61936,Jillian Hodges
98865,Nicholas Edwards
74517,James Marquez
63979,Christopher Robinson
20452,Samuel Smith
51546,Sean Newton
29253,Jason Russell
87304,Jeffrey Alvarado
25590,Charles Patrick
93034,Gabriel Franklin
70243,Margaret Herrera
31104,Michael Moyer
66659,Shelia Miller
59764,Duane Cooper
21802,Leslie Johnston
53537,Raven Lee
33761,Krystal Young
60555,Nicole Collins
91930,Thomas Rogers
34146,Regina Alexander MD
14646,Michael Weber
58792,Jacob Smith
69214,Alexa Navarro
29539,Jeffrey Franco
51296,Christopher Marshall
33378,Trevor Russell
46189,Mary West
49320,Barbara Webb
40427,Lisa Lin
39220,Candice Roberson
56713,Shawn Cruz
31329,Jerry Rush
30968,Levi Smith
74411,Anthony Silva
12867,Joshua Torres
99942,Jesus Vega
39251,Alison Collins
46055,James Cole
92085,Andre Harper
26817,Mark Harmon
25420,Sabrina Rodgers
67886,Daniel Burgess
12232,Denise Obrien
57230,Mary Oneal
36249,Tyler Cisneros
53338,Lindsay Mccarthy
36079,Scott Marquez
74119,Frank Mcdonald
69290,Linda Thomas
38835,Joshua Neal
72789,Candice Mccoy
65433,Vanessa Baker
74299,Veronica Aguirre
83618,Amy Leon
30569,Terry Hernandez
97488,Mark Sanchez
22873,Tyler Stanley
27853,Daniel Gates
47664,Albert Aguilar
79089,Lori Manning
35252,Sally Pittman
69248,Caleb Smith Jr.
57461,Tanner Moss
18029,Danielle Kim
44596,Robert Craig
58146,Sonya Patterson
90705,Jennifer Jackson
99301,Paula Rivera
23727,James Jacobson
74416,Kimberly Miller
65463,Jorge Hill
31134,Jerry Weber
86131,Christopher Taylor
11359,James Hardin
42852,Mrs. Jeanette Barker
62327,Calvin Rivera
11141,Courtney Mcdonald
60213,Thomas Cole
98544,Micheal Schroeder
46999,Daniel Simpson
67419,Rachael Walker
35072,Meghan Odom
79175,Eric Brandt
35191,Kendra Meyer
96234,Donna Hoover
35246,Lindsey Fisher
66134,Kathleen Wiley
19210,Jamie Horton MD
94862,Taylor Wood
21324,Lindsay Dunn
20307,Tyler Escobar
92803,Teresa Gray
38316,Ashley Cain
31570,Dana Jones
97866,Erik Garcia
45330,Maria Wallace
86781,Raymond Robbins
66832,Megan Calderon
97374,Cody Rodriguez
43155,Tara Barrera
26387,Stephen Howard
12427,Julie Barry
36314,Gina Day
27418,Caitlyn Jones
11902,James Mercado PhD
27305,Jessica Garner DDS
51626,Mark Thomas
93171,David Davenport
59253,Hannah Martin
32197,Shelly Sparks
59110,Stephen Harris
42839,Harold Benton
99586,William Osborne
46671,Lynn Chavez
17408,Christine Martin
60585,Andrea Simmons
99742,Mark Yang
65000,Lydia Jones
19894,Christy Harris
48415,Nancy Hawkins
82226,Eric Hobbs
24102,Brandon Ruiz
78747,Phillip Cooper
34303,David Wallace
26691,Tracy Leonard
23074,Dr. Amy Arnold
20173,Mrs. Emily Norton
92006,Andrew Harris
87476,Nicholas Sampson
18344,Rhonda Mora
32999,Nicole George
29095,Carrie Green
53297,Joseph Allen
85246,Julia Anderson
24219,Taylor Houston
76473,Brian Barajas
88694,Linda Cummings
11614,Dr. Veronica Gonzalez
64382,Bradley Wilson
17435,Rachel Anderson
28908,Daniel Hamilton
62883,Jennifer Fischer MD
58462,Heather Duran
32914,Harold Cohen
54860,Edward Gilmore
90338,Sarah Neal
30707,William Fernandez
28069,Bradley Sims
68318,Tim Anderson
96088,Melanie Banks
55051,Alexandra Boone
60704,Linda Whitaker
21521,Brian Shepherd
81181,Jonathan Ellis
26868,Cynthia Hall
64956,Justin Burnett
35557,Derrick Liu
49127,Ricky Hart
20385,Linda Gonzalez
90394,David Mccoy
49665,Matthew Levine MD
58619,Jordan Hendrix
15248,Susan Huffman
81519,Holly Lopez
74205,Amy Oliver MD
23344,Larry Sawyer
37014,Jonathan House
51042,Molly Evans
78632,Angela Holloway
39124,Jennifer Shannon
33984,Dean Jackson
81299,Nathan Keith
36263,Angelica Garcia
87302,Catherine Miller
11989,Mrs. Christine Sanders DVM
65160,Julie Jacobs
55757,Sergio Fritz
51811,Ms. Jordan Weber
35035,Susan Quinn
73200,Kelsey Snyder
36187,Kimberly Irwin
97481,Peter Warner
97491,Molly Nguyen
49056,Bianca Hicks
20761,Elizabeth Mckay
62906,Kaitlin Walsh
54320,Natalie Martinez
30891,Wanda Duncan
69244,Jesus Rocha
84113,Alan Hopkins
73355,Tanya Gonzalez
58045,Michelle Kelly
79669,Rebecca Weber
91428,Stephanie Morales
40880,Mr. Dean Coleman
99305,Derek Brown
37891,Michael Kelly
44933,Ryan Khan
29037,Beverly Ortiz
52465,James Brooks
98314,Nicholas Patterson
84744,Lisa Orr
78051,Raymond Rhodes
41868,Juan Henry
68916,Eric Benjamin
17670,Jordan Pierce
67447,Hannah Miller
91558,Donna Matthews
93177,Sara Wagner
15281,Brittany Cunningham
39955,Christina Moses
41195,Anthony Carroll
15608,Annette Sanchez
47060,Dr. Charles Nunez
27378,Anna Black
87029,Erin Espinoza
57709,Melanie Allen
94030,Victoria Frederick
68701,Audrey Johnson
62929,Mr. David Hunt
69086,Connor Williams
56678,Jeremy Escobar DDS
90409,Stacie Cohen
15889,Joshua Kline
76526,Abigail Martinez
94394,Tiffany Mckay
29763,Jonathan Perkins
19837,Christopher Frost
38548,Larry Spencer
14242,Gerald Terry
96832,Patrick Smith
29571,Cathy Wright
36064,Melanie Rodriguez
79276,William Banks
59995,Albert Powers
95198,Calvin Cook
82801,Dakota Dunn
41771,John Fisher
38884,Samantha Thomas
32452,Lori Phillips
65952,Brittany Johnson
66052,Tiffany Taylor
94215,Joseph Reyes
68857,John Silva DVM
40231,Victoria Dennis
13927,Austin Garcia
17499,Christina Freeman
86736,Christine Burton
29491,Mckenzie Kline
38575,Mercedes Compton
44999,Kayla Bell
77616,Mary Knight
65993,Clinton Woodward
27652,Martin Russell
47459,Albert Douglas
35424,Aaron Perry
49530,Olivia Mcdowell
99612,Caitlin Lambert
10601,Alexandria Munoz
98179,Richard Dillon
87929,Chad Parker
96700,Jocelyn Martinez
66664,Jacob Hughes
35988,Eric Hardy
78118,Barbara Massey
86578,Antonio Dunn
75631,Mr. James Turner Jr.
63372,Anita Long
18425,Lisa Conway
80213,Steven Young
56285,Darren Wolfe
73720,Sergio Thomas
33158,Nathan Nichols
67365,Mr. James Wheeler
44003,Lauren Esparza
58007,David Mueller
50955,Sarah Fleming
61674,Jennifer Grant
25032,Aaron Terry
66502,Russell Barrett
34993,Micheal Yoder
26936,Kelsey Mueller
94507,Jason Walters
50468,April Park
31577,Kathryn Mckay
79601,Jennifer Bridges
18722,Carrie Turner
40469,Derrick Heath
72127,Patty Alvarez
90910,Sean Carroll
72572,Emma Jones
53131,Savannah Brown
89152,James Carpenter
13089,Cynthia Turner
16227,Gregory Woods
14800,Darius Lee
76453,Thomas Holmes
90239,Peter Hines
34273,Erica Gates
32921,Anthony Welch
12067,Cody Dalton
36599,Gerald Bender
45172,Jeffrey Tucker
75338,Kelly Sanchez
33701,Joe Hodges
84499,Jeanne Klein
56674,Jeffery Cruz
41132,Marissa Leonard
62025,Rebecca Robles
24393,Joseph Robinson
97400,Daniel Fischer
52040,Michael Lopez Jr.
96079,Carolyn Martinez
65830,Colleen Baldwin
79373,Scott Pham
34656,Glenn Gaines
99950,Jennifer Contreras
95915,Kayla Russell
14511,Kyle Garrett
37242,Nathan Evans
91877,Tyler Adams
75277,Joel Nguyen
30263,Brian Woods
39230,Mitchell Cannon
42990,Henry Singh
24450,Brendan Johnson
98259,Lawrence Waters
27398,Laurie Powell
43786,Ronald Walters
71318,Patrick Stewart
28680,William Proctor
41169,Mary Ramirez
37701,Harold Martinez
64925,Karen Thompson
41464,Phillip Middleton
91604,Jessica Santiago
21319,Christopher Gordon
95867,Annette Ibarra
14411,Ronald Johnson
31631,Caleb Taylor
22618,Laura Morales
80826,Erica Terry
55160,Cheryl Sutton
87729,Lacey Morales
81647,Julie Price
61232,Rhonda Miller
35760,Tara Barnes
80763,Samuel Cisneros
28496,Sherry Harmon
45915,Susan Shelton
65200,Amy Green
79483,Daniel Jacobs
53457,Jessica Davis
58874,Mark Dickerson
19141,Jonathan Martinez
30913,Andrew Phillips
35201,Dr. Thomas Johnson
75940,Julie Obrien
15755,Samantha Mcclure
34718,Kathryn Osborne
11818,Dawn Guzman
97303,Hannah Moran
68122,David Bowman
44708,Randall Bishop
40450,Beverly Brown
74934,Monique Cardenas
43757,Connie Farmer
66898,Wesley Perkins
78643,Miguel Smith
97139,Tasha Hill
27558,Shawn Henderson
52765,Alyssa Mccall
29921,Sara Griffith
33975,Rachel Ruiz
50548,Shane Williams
60840,Nathaniel Hill
58245,Dillon Campos
86755,Kari Davis
92563,Angela Turner
32227,Melanie Cantrell
87928,Mr. Bradley Davis
61771,Sarah Rodriguez
59706,Kevin Gill
16069,Logan Rush
93763,Stacey Fuller
92452,Christy Moyer
94100,Matthew Mcmahon
67562,James Kirk
87189,Kelly Garcia MD
54608,April Aguilar
78254,Jamie Ramsey
14209,Alison Marks
94790,Brenda Jones
83787,Andrea Mcdaniel
64002,Kristin Fields
65410,Jasmine Bates
51254,Stephanie Mitchell
76151,Timothy Johnson
27967,John Carr
20319,Dwayne Peters
46623,Sergio Mcdonald
46275,Morgan Green
64636,Rebecca Ray
64659,Daniel Evans
57476,Carrie Perez
84074,Robert White
87237,Frank Rice
15256,Dr. Jeanne Bean
13224,Reginald Hatfield
88167,Victor Martinez
31521,Kelsey Dunn
90299,Nicholas Villarreal
75113,Sharon Gibson
11200,Megan Brown
81370,Heather Parker
68317,Benjamin Ellis
90374,Cassandra Powers
81589,Nicholas Savage
43472,Kristin Zhang
39311,Veronica Adams
69997,Teresa Tucker
69104,Michael Johnson
32785,Julie Williamson
78465,Joseph Harvey
11247,Bryan Bowman
59922,Nicholas Avila
94515,Christopher Thompson
65042,David Johnson
55826,Christopher Garner
46195,David Osborn
12373,Joanne Valenzuela
88051,William Henderson
20839,Chad Ward
67215,Kristen Shields
95294,Shari Francis
41845,Victoria Armstrong
82304,Brittany Fry
74384,Raymond Banks
90329,Kim Johnson
51481,Melissa Benton
82021,Stephanie Jimenez
20471,Cheyenne Wallace
32248,Marissa Lewis
48366,Larry Anderson
64614,Lydia Myers
51708,Andrew Farrell
35467,Joyce Smith
54332,Anthony Atkins
26256,David Marquez
53673,Kara Mendez
86117,Amanda Jimenez
55162,David Stokes
29809,Yvonne Vincent
42643,Abigail Keller
65367,Tami White
12680,Thomas Woodard
66491,David Hubbard
31086,Emily Riley
35955,Olivia Chambers
14038,Tiffany Wade
68494,Monica Webster
85145,Cynthia Navarro
86357,Lori George
75795,Robert Yates
26660,Brenda Martin
51769,Hannah Mills
96611,Scott Hill
80096,Ralph Carter
50307,Amanda Adams
46094,Larry Ross
40218,Terry Zamora
90523,Carly Burton
46126,Christopher Santos
71086,Ashley Padilla
71686,Ronald Moore
57144,Emma Clark DDS
94079,Megan Ellis
78299,Howard Escobar
71900,Jonathan Crawford
71347,Ricardo Morse
13276,Harold Green
57742,Elizabeth Ramirez
84273,Jordan Morton
63957,Peter Williams
14139,Kevin Rodriguez
93278,Christine Butler
74873,Michele Martin
21653,Alexandra Sparks
46324,Kelsey Andrade
24119,Chelsea Stone
19477,Bradley Ramirez
38746,Debbie Everett
36125,Brandy Dean
40586,Elizabeth Nguyen
67348,Crystal Hampton
54509,Todd Harrison
23801,Bryan Nielsen
37946,Brandi Delgado
86261,Shane Galloway
51908,Ms. Maria Johnson
65546,Jeffrey Hale
55722,Billy Miller
50311,Lori Friedman
58324,Miguel Fox
75767,Matthew Wells
46302,Jason Mckinney
31639,Mary Marsh
68957,Timothy Gibson
96782,Katie Price
18278,Steven Andrews
77563,Dr. Elijah King
34064,Andrew Gardner
39854,Charles Fox
77982,Jason Martinez
32085,Troy May
93343,Jessica Roman
65659,Nancy Jackson
86489,Jane Rodriguez
85868,Brad Butler
61706,Jeremy Arnold
31932,Melanie Cisneros
76255,Trevor Prince
41117,Caroline Hobbs
49532,Ryan Gay
46122,Juan Gutierrez
85980,Jenna Glover
37599,Lisa Barr
71536,Danielle Parker
90343,Kelly Robinson
97499,Joseph Black
51900,Vickie Jones
59415,Christopher Oliver
86791,Barbara Warner
58593,Cindy Hill
19824,Shannon Quinn
46870,Deanna Merritt
59550,Justin Watts II
37239,John Jenkins
45620,Amy Johnson
62799,Carrie Peters
91128,Eric Castro
72992,Brandon Bennett
38764,Andre Lewis
90348,Dana Carey
28792,Mark Giles
39088,Charles Watson
96092,Shane Odom
49657,Sara Taylor
70797,Nathan Shelton
16358,Isabel Daugherty
53846,Rebecca Ward
84168,Justin Sanchez
96803,Melissa Garcia
84307,Austin Woods
42084,Jon Porter
69166,Kristin Collins
22926,Gregg Perez MD
87267,Sabrina Kelly
61693,Chad Harvey
85496,Jose Garrett
85365,James Little
94118,Kathleen Klein
36436,Larry Landry
70116,Paul Cox
60720,Daniel Cox
62179,Adam Barrera
26392,Mark Kane
82455,Sean Chapman
26586,Sarah Wong
86038,Hannah Small
72612,Leah Terry
72555,Steven Malone
22852,Michelle Logan
97495,Jenna Gordon
79067,Jesse Richard
38100,Jacob Huff
50909,Julia Grant
66707,Troy Mckay
56035,Zachary Owens
10661,Carlos Morgan
20217,David Whitney
88371,Christopher Webb
92013,Rebecca Thomas
35440,Joyce Cook
33742,Victoria Patrick
16619,Linda Black DDS
84815,Darlene Cunningham
71111,Claire Lawrence
89629,Laura Warner
64913,Brittney Miller
45812,Henry Ortega
24717,Stephen Miles
14370,Natalie Ross
94092,Karen Gray
35096,Christina Blankenship
31792,Matthew Hernandez
64398,Jorge James
60281,Roberto Harvey
58618,Mario Vaughn
13648,Sharon Wilcox
48968,Devon Gilbert
78887,Elizabeth Reyes
10613,Allison Sanchez
82808,Dr. Jason Nichols
57043,Kendra West
50965,Frank Price
63186,Daniel Floyd
35114,Blake Cole
34081,Ariana Clark
54661,Christopher Cowan
28903,Jennifer Case
85359,Robert Daugherty
86641,Mr. Dakota Herman Jr.
14342,Dr. Yolanda Sanders
18508,Curtis Middleton
95637,Karen Clements
86874,Deborah Nguyen
97846,Mitchell Williams
94194,Tanya Fowler
64867,Donald Clark
62981,Emily Gray
41474,Ryan Campbell MD
50395,Jason Pearson
72575,Alejandro Alexander
14164,Michelle Allen
41713,Amber Meyers
11385,Robert Ruiz
52977,Todd Williams
71725,Erica Wilcox
32678,Sue Powell
75021,Kelsey Lopez
31987,Sandra Wilson
71880,April Bond
39592,Gail Jacobson
23487,Brady Smith
74540,Laura Figueroa
16740,Tammy Gomez
83542,Ashley Schwartz
20046,Laurie Dalton
12478,Edward Sanders
23662,Kristin Hunter
12963,Jean Tucker
41213,Ronald Fuentes
35746,Tammy Jones DVM
94169,Dustin Stephens
79329,Geoffrey Dickerson
77996,Mrs. Diana Garcia
98875,Amanda Pierce
40470,Jessica Trujillo
70318,Shawn Contreras
59768,Diana Ellison
28369,Mario Humphrey
25310,Lori Hale
29733,Mr. Richard Munoz
51674,Dr. Peter Donovan
18709,Mary Austin
98860,Jennifer Rios
84434,Catherine Ramirez
72449,Patricia Lee
12295,Yvette Hale
89212,Rachel Greene
31821,Taylor Romero
51740,Michelle Bailey
75006,Carol Martin
58831,Allen Thompson
48446,Thomas Gross
38859,Bradley Norman
48693,William Murillo
81773,Susan Zimmerman
56043,Sarah Robinson
88118,Gina Brown
98543,Ellen Martinez
54796,Katherine Jordan
58147,Wendy Gonzales
23049,Jackie Martin
26156,Tabitha Suarez
20655,Timothy Kelley
40258,Joshua Owen
45975,Joshua Osborn
37284,Christopher Hernandez
12710,Abigail Kirby
89986,Terri Foster
71362,Justin Carter PhD
31338,Alice Garcia
77065,Jacob Craig
75715,Samantha Arellano
45463,Nicole Barnett
54832,Brittany Olsen
55245,Briana Cobb
60112,Julie Galloway
50126,Robert Kim
12775,Traci Brown
21429,Madeline Moreno
11281,Kevin Elliott
55291,Lauren Bolton
44185,Brenda Wilson
10740,Jasmin Hernandez
33105,Rachel Goodman
14555,Jacob Roberts
29470,Hunter Young
43238,John Kent
33411,Stephanie Wise
52961,Craig Cole
39500,Spencer Wolf
37294,Johnny Christian
64940,Raymond Ward
27528,Matthew Hendricks
74999,Jackie Hawkins
97016,William Skinner
93429,Mark Gross
38258,Jo Ortiz
79469,Jeffrey Downs
23530,Elizabeth Mata
50135,Carolyn Sampson
18047,Harold Sherman
83810,Isaac Phelps
63120,Jonathan Perez
23164,Carlos Mitchell
27259,Anna Ford
18184,Alexandria Thompson
11564,Denise Anthony
92567,Ashley Taylor
54093,Joseph Jackson
73885,Brent Carrillo
93109,Carol Hester
80966,Jacqueline Stewart
91300,Donald Woods
23611,Ryan Lambert
37819,Susan Strong
42922,Alexander Haas
11115,David Bennett
22287,Jose Allen
23862,Casey Morris
98638,Gail Prince
47971,Zachary Byrd
95468,David Porter
39550,John Kelly
40107,Heather Bates
24548,Joan Rivera
82150,Arthur Brady
55276,Travis Oliver
28466,Joshua Williams
14921,Todd Jones
69126,Jeanne Russell
84427,Tamara Mitchell
99510,Tracy Hatfield
32101,Victoria Anderson
42697,Stephanie Acosta
96463,Marc Cabrera
35229,Lynn Novak
30736,David Graves
78086,Alexander Shepard
53377,Isabella Underwood
11292,Rachel Powell
39858,Cheyenne Johnson
18071,Charles Kelley
67626,Michael Bates
79265,Angela Murphy
19272,David Fleming
55435,Sheri Anderson
14977,Lori Price
41752,Jesse Williams
64074,Justin Lucero
79314,Mrs. Misty Carr MD
91608,Ralph Roberts
79909,Adrienne Aguilar
31937,Belinda Terrell
61606,Mark Christian
98499,Belinda Lynch
97814,Kayla Mcdaniel
85920,John Barton
28310,David Owen
27128,Joseph Zamora
62035,Michelle Cook
40149,Victoria Johnson
22796,Caleb Henson
18553,Jennifer Patel
11158,Amanda Fischer PhD
83404,Carrie Thomas
55899,Joseph Roberts
41204,Douglas Navarro
27328,Christine Jones
47881,Tara Porter
14803,Kim Monroe
40603,Mia Kelly
62089,Cindy Smith
95678,Craig Owens
96474,Kim Fitzpatrick
72263,Lacey Bennett
25456,Joseph Rowland
68381,Jason Lewis
38547,Joseph Lane
74165,Gregory Ward
54755,Marc Richards
59155,Robert Guerrero
14754,Tracy Smith
80599,Jill Perry
21944,Jerry Gonzalez PhD
73615,Michelle Hall
21867,Tricia Harris
71517,Earl Fields
14529,James Swanson
91020,Mario Evans
34787,Ricardo Bishop
45008,Dawn Mason
56667,Nicholas Contreras
79858,Leonard Chase
81499,Kevin Conrad
17153,Samantha Arias
38857,Stephanie Crawford
21478,Rodney Mack
45324,Lauren Tate
96090,Marcia Williams
42152,Kimberly Wise
17795,Alicia Fisher
45155,Jamie Welch
28750,Justin Kent
20478,Jacqueline Fields
20749,Chelsea Scott
59946,Margaret Green
53461,John Carter
91382,Sara Hughes
65144,Jessica Chang
36233,Alicia Arnold
62857,Amanda Ortiz
99352,Adam Nichols
92897,Tonya Jones
84624,Bradley Paul
22529,Wayne Webster
10075,Terri Huang
88171,Melinda Dean
11657,Stephen Hawkins
61023,Cheryl Gillespie
24167,Alexandria Morales
87471,Amanda Hanna
47637,Sean Keller
48616,Amy Price
61416,Randy Chapman
11523,Ms. Taylor Smith
18190,Ann Garcia
79032,Dr. Renee Knight
64964,Mark Willis
71850,Jason Herrera
86286,Bonnie Romero
61079,Richard Martinez
24440,Nicholas Knight
64698,Brandi Phillips
16045,Mrs. Brittany Reynolds
81699,Tiffany Henson
85777,Jeremy Hanna
26636,Stephanie Williams
69614,Mr. Ryan Moreno DDS
88453,Natalie Hanson
98131,Heather Oliver
57329,Marcus Ramirez
49250,Kelly Hawkins
26751,Christine Roth
23803,Patricia Flores
52530,Autumn Briggs
70414,Nichole Mcdaniel
42040,Nicole Allen
23945,Hannah Smith
20638,Donald Cantrell
71983,Andrew Williams
17558,Cheryl Evans
20037,Lauren Peters MD
31007,James Murray
62489,Nicholas Anderson
20423,Leonard Williams
75010,Lynn Bridges
34628,Brett Jacobs
52529,Ricardo Johnson
54884,Jason Patterson
15204,Cheryl Vargas
44176,Marissa Miller
92638,Anne Wagner
66009,Nancy Ward
59722,Alyssa Johnson
82546,Kevin Diaz
97582,Amber Henderson
13074,Kiara Williams
43621,Benjamin Carter
20853,Mark Fisher
79825,Traci Fernandez
64998,Dennis Anderson
42376,Steven Manning
41711,Jennifer Maldonado
15496,Elizabeth Hood
95536,Jason Fritz
12700,Timothy Harris
27958,Jesse Gonzales
25388,Dawn Forbes
94072,Samuel Parker
17192,Amanda Sims
39970,Jeremiah Carr
15568,Carly Lin
11551,Martin Beasley
47447,Eric Wells
38870,Marissa Short
62953,Maria Riley
87262,Annette Christensen
22984,Jordan Christensen
54204,Mallory Williams
51395,Heidi Collins
27851,Ronald Simpson
29748,Wendy Johnson
93765,Connie Burns
77070,Patrick Blackburn
90899,Jack Webb
96190,Amanda Little
16484,Rachel Floyd
19213,Jennifer Carroll
30202,Amy Freeman
99553,Anita Jackson
65282,Anthony Clark
30925,Taylor Copeland
72372,Christine Martinez
94538,Roger Williams
79366,Paul Waller
92217,Dawn Cain
67203,Darlene Anthony
37257,Elizabeth Campbell
66270,Jeremy Moore III
27824,Vickie Stone
31849,Ashley Little
36749,Mary Schneider
58970,Richard Jenkins
80765,Debra Camacho
10448,Kelsey Wright
27017,Brian Lee
72480,Kimberly Haley
35290,Brenda Howard
48414,Terrence Kelley
33499,Stephen Gordon
23498,Karen Casey
16937,Sean Roach
56694,Nicole Zimmerman
72698,Janice Powers
61184,Jonathan Rhodes
84326,Mary Fitzgerald
88799,Chad Mejia II
42054,Victoria Thomas
10002,Bryan Green
15277,Richard Barnes
48073,Christian Mcdonald
58268,Briana Thompson
36567,Ruben Williamson
81575,Emily Kim
99924,Julie Brooks
52886,Tina Dunn
79682,Katherine Morris
13762,Evelyn Martin
94634,Abigail Arroyo
70171,Toni Brooks MD
28856,Ryan Welch
72838,Rodney Evans
93313,Tyrone Thompson
94384,Tracey Wilson
58334,Valerie Dominguez MD
41262,Gabrielle Ellis
18355,Jacob Nelson
69000,Susan Larson
53141,Richard Pierce
84683,Christian Grant
58217,Caleb White
36695,Donna Phillips
20598,Cory Nichols
96564,Rebecca Clark
24365,Seth Pacheco
43486,Teresa Roman
41909,Elizabeth Walker
29847,Andrew Walker
92914,Victoria Holmes
31000,Shane Clark
20488,Scott Hays
85887,Amanda Dean
17759,Jesus Baker
76577,James Flores DVM
66779,Aaron Ferguson
80338,Steven Price
88022,Natasha Hardin
65518,Jasmin Perez
30567,Kelsey Huynh
21695,Adam Duncan
28305,Melissa Duke
78405,Steven Dalton
35250,Travis Solomon
12236,William Gonzalez
57090,Sarah Bryant
63371,Matthew Flynn
44781,Bill Parker
96806,Samantha Lindsey
28243,Erin Schultz
28434,Ann Crawford
12043,Kayla Owens
31058,Rebecca Franklin
12728,Daniel Watkins
64833,Philip Khan
42382,Brandon Rogers
71636,Terri Goodman
26825,Joseph Riley
97161,Cameron Robles
84353,Tara Mcguire
57109,Cory Johnson
70694,Brian Knox
41404,Shannon Williams
81649,Adam Tran DDS
68302,Sean Ellison
83091,Maureen Becker
59242,John Ford
61916,Andrea Smith
65030,Jose Thompson
67191,Stephanie Dillon
32431,Tyler Wheeler
13812,Dennis Mcpherson
18376,Michael Hopkins
83922,Robert Martin
90934,Adam Clarke
67359,Gloria Estrada
46442,Eric Butler
32153,Ryan Burke
98756,Heidi Chambers
88962,Nathan Shaw
47148,Paul Vaughan
73155,Shannon Murray
55028,Kristin Jones
11898,Robert Garner
62896,Heidi Graham
19685,Hannah Rodriguez
93818,Jay Johnson
32794,Krystal Rivera
23023,Susan Figueroa
32215,William Benton
90853,Stacie Jordan
49202,Kenneth King
88195,Matthew Ortiz
17787,Thomas Flynn
64748,Krystal Clark
41891,Samantha Little
32008,Jonathan Kelly
79470,Christopher Estrada
11437,Jacob Carr
97023,Michael Greer
58326,Dakota Brennan
99912,Monique Jackson MD
97733,Dustin Morales
28435,James Sanford
95295,Alexandra Hoover
42918,Kathy Turner
53013,Jonathan York DDS
34434,Gregory Robinson
21716,Taylor Elliott
69327,Ethan Morton
50262,Mary Brown
14000,Kaitlyn Dyer
19113,Brandi Cobb
20953,Jean Mccann
68049,Abigail Davis
58659,Jorge Torres
97285,Johnathan Hernandez
18564,Nicole Roberts
14864,Melissa Rose
60334,Miranda Clark
26007,Brett Daniels
53709,Holly Garcia
63641,Brandi Marks
85537,Lauren Daniels
72717,Lisa Oconnor
80628,Kyle Nelson
20588,Valerie Ferguson
43971,Richard Guerrero
26194,Vicki Jones
90766,Christopher Meyers
30055,Destiny Mccullough
42047,William Morris
17549,Shelby Rivera
34397,Stephanie Morgan
26509,Randy Young
64253,Brian Cross
53381,Donna Williams
39875,Tyler Cook
74042,Devin Davis
53722,Amanda Barron
91789,David Sellers
30074,Brian Jimenez
62311,Jordan Kaufman
65294,Eddie Olson
13597,Alexandra Jacobs
62466,Patricia Chase
12577,Debbie Griffith
21090,Amanda Palmer
69510,Stephen Ramsey
11610,Andre Cortez
15296,Bonnie Mitchell
91476,Jacqueline Young
31204,Elizabeth Marshall
62015,Janet Mason
79389,Thomas Lewis
24138,Kimberly Jennings
91103,Christopher Hughes
40286,Linda Shaw
96166,Mr. Peter Morgan
57061,Jesus Wright
51422,Brett Peterson
31392,Anthony Waller
19126,Laura Li
35819,Brenda Fitzgerald
59662,Kathy Waters
21953,Veronica Johnson
95985,Michael Hawkins
94829,Joe Mendoza
47981,Jimmy Rodriguez
45534,David Hill
88298,Joshua Schaefer
51729,Paul Torres
10227,Sherri Stephens
20586,Priscilla Key
99262,Jeffrey Weaver
43575,Jane Watkins
81896,Ryan Aguirre
22263,Crystal Reese
15516,Tara Hunter
52852,Jordan George
86789,Alexander Harris
91557,Ronald Jones
92034,Frances Giles
36826,Heather Harris
56914,Katherine Collier
81987,Kevin Fitzpatrick
72661,Brian Evans
36318,Jeremy Ellis
75493,Martin Soto
88718,Jerry Marsh
79697,Michael Beasley
67621,William Zavala
22912,Claire Cole
72631,Jason Koch
68410,Kathleen Sampson
86664,Mr. Connor Carter
86607,Mary Callahan
14366,Leroy Soto
27449,Chelsea Rodriguez DDS
99603,Amber Roman
56406,Barbara Austin
31416,Michelle Espinoza
32789,Anthony Lane
36534,Jacob Holland MD
54003,Jason Berry
65376,Corey Rodriguez
59030,Barry Ray
74650,Scott Roth
84457,Kristin Martin
96771,Melissa Mercado
97583,Makayla Ramirez
94822,Stacy Howell
42818,Robert Bradley
99325,Betty Morris
34615,Katie Cox
32406,Jonathan Henson
62120,Hunter Martinez
51477,Ralph Chavez
83691,Rebecca Stewart
88430,Timothy Edwards
66725,Carol Terry
90305,Sara Fernandez
20121,Erika Gonzalez
96244,Derek White
72182,Kevin Martin
39125,Barbara Stewart
33846,Matthew Chan
78265,David Vega
52284,Kevin Romero
39723,Paula Shaffer
26984,Mr. Jimmy Garcia DDS
44564,Allison Powell
18504,Jennifer Estrada
88876,Dorothy Everett DDS
72186,Nathan Marsh
73544,Deanna Wood
81313,Rebecca Walker
25769,Robert Lynn
94967,David King MD
98292,Nathan Bradshaw
44499,Jamie Shelton
75107,Leah Gray
31952,Peter Maynard
54475,Ryan Taylor
45816,Randy Fisher
10410,Eric Rivera
18300,Ricardo Underwood
71984,Andre Weaver
90292,Rebecca Anderson DDS
15868,Wesley Parker
29320,Jacqueline Roy
65934,Mark Lopez
96749,Steven Simpson
86187,Ryan Watkins
11726,Danielle Charles
29549,Luis Gibbs
82499,Kelly Wagner
96059,Jason Stein
60491,Steven Boyer
32585,Mathew Jones
80797,Meredith Barker
22022,Ronald Young
63370,Gregory Gay
29445,Pamela Haney
47489,Teresa Mills
27335,Barbara King
12806,Dr. Thomas Martin
51835,Tammy Meyer
57121,Thomas Francis
36084,Kristin Powers
75251,Denise Lane
57347,Tyler Powell
38680,Bobby Rollins
21609,Roberta Alexander
94865,Kathy Ware
46985,Donna Harvey
83068,Andrea Marquez
83029,William Gross
41571,Javier Reyes
45655,Jay Harris
29267,Nancy Watson
41576,Jonathan Livingston
31022,Stephen Young MD
27582,Brad White
66612,Jose Jackson
41581,Rebecca Blackwell
44512,Taylor Dominguez
52719,Theresa Rivera
29474,Adam Ryan
21356,Sherry Fowler
35652,Chad Neal
99731,Dustin Gutierrez
79022,Kimberly Buckley
68915,James Campbell
68499,Susan Banks
47542,Heather Moses
58864,Alicia Conway
79419,Joshua Kent
46954,Casey Lewis
67128,Blake Anderson
86134,Alexandra Lucas
48752,Dana Gilbert
30261,Kathy Miller
45520,Melinda Summers
29569,Sharon Rivera
59570,Felicia Mckee
50517,Barbara Simpson
68983,Theresa Berry
60805,Carl Mcknight
96020,Christopher Gray
15785,Leonard Singleton
58849,Susan Webb
49711,Chris Mckay
14398,Kyle Smith
77511,Candice Johnson
24425,Felicia Ramirez
86337,Jon Bush
32882,Allison Douglas
88025,Samantha Perry
31433,John Weber
19883,Stephanie Hall
80750,Alexa Lopez
31174,Christian Chavez
92745,Sophia Thomas
31492,Crystal Harding
38345,Linda Hayden
75351,Jason Ramirez
26813,Luis Lopez
46681,Dr. Cathy Nelson
32188,Dominique Adams
46489,Alicia Murray
44149,Anthony Weaver
24127,Wanda Stanton
11755,Veronica Hall
89985,Charlene Anderson
30984,Raven Brown
78447,Nicole Case
48661,Matthew Delgado
74541,Katie Howard
80018,Danielle Ross
69445,John Reed
92898,Tara Taylor
65305,Sheila Cole
48674,Christopher Stevens
59286,Sierra Johnson
78156,Jacqueline White
45341,Shawn Griffin
89253,Mark Garza
94268,Joseph Long
99875,Lauren Chavez
64297,Donna Bennett
64262,Amber Holloway
36264,Maria Taylor
63875,Alicia Lara
49112,Alexandra Grant
23485,Amber Phillips
74355,Amber Miller
21582,Wanda Ramos
32830,Seth Jackson
59293,Ryan Moses
15267,Kathryn Johnson
89234,Danielle Williams
32277,Christian Bird
35628,Anna Gonzalez
16403,Joseph Reeves
23248,John Cobb
77591,Megan Watkins
78911,Tammy Gray
33567,Craig Adams PhD
46142,Ian Hayden
87598,Amber Andrews
16239,Jeremiah Grant
96241,Bill Harvey
87852,Emily Harris
33670,Kristopher Sweeney
64576,Kimberly Robinson
91083,Monica Edwards
35650,George Medina
44312,Amy Mercado
66685,Robert Vasquez
81863,Melissa Wilcox
99280,Tony Jenkins
62307,Sara Hurst
71346,Dylan Rivers
47848,Louis Williams
71102,Lindsay James
84530,Jerry Valdez
43853,Cynthia Adams
92062,Laura Cooper
52345,Misty Brown
85249,Jesus Dalton
15234,Juan Dickson
95495,Eric Pitts
98655,Stacy Hamilton
73379,Stephen Hernandez
76289,Katelyn Galvan
34158,Peter Zavala
69385,Barry Beasley
41884,Andrew Henderson
69851,Charles Lara
44362,Mary Glover
13920,Juan Ford
78782,Patrick Bailey
27979,John Hernandez
78776,Bryan May
99335,Jessica Livingston
12935,Anthony Pugh
39731,Kimberly Gilbert
50268,Theresa Hernandez
10098,Katelyn Duffy
25428,Benjamin Becker
71580,Michelle Charles
36311,Patricia Perry MD
17158,Keith Adams
74926,Judy Allen
48288,Alexander Powell
62044,Dennis Ramirez
32412,Sarah Cherry
75384,Gregory Mcguire
45949,Kelly Garcia
68937,Jordan Jenkins
19047,Barbara Taylor
94381,Maria Matthews
94999,Rachel Lewis
37588,Bryan Sheppard
48707,Darlene Hale
36333,Patrick Patterson
87902,Jeremy Schaefer
42292,Jasmine Gardner
36551,Matthew Stout MD
27083,Erika Lopez
96110,Zachary Wagner
24788,Tammy Wallace
17852,Bruce Davis
82313,Tiffany Vega
66633,Amy Rivera
51181,Denise Hopkins
23058,Anna Jimenez
49498,Crystal Moreno
47597,Jennifer Rodriguez
98493,Rebecca White
29689,Phillip Lopez
10120,Christine Daniels
99648,Mary Hudson
26025,Shawn Alvarez
38801,Chelsea Martin
13450,Jessica Richardson
54166,Leah Watson
21123,Tracy Gray
74547,Terrence Fisher
35369,Dr. Matthew Lee
66915,Kyle Ortiz
26354,Aaron Vance
33641,Kelsey Rowland
81266,Christopher Dixon
77658,Joe Henry
30616,Walter Roberson
12308,Edward Hansen
98673,Erica Turner
84525,Andrew Taylor
21748,Janice Spencer
64032,Benjamin Lewis
24402,Laura Henderson
30710,Sarah Gonzalez
50938,Heather Brock
88058,Brian Adams
25371,Mr. Brandon Klein
31816,Casey Miller
96027,Kimberly Walsh
53181,Brett Lawson
50160,Julie Schneider
77738,David Mcguire
92438,Alexandria Noble
31481,Stacy Baker
59387,Tammy Casey
97983,Molly Garcia
60419,Scott Long
19707,Tammy Nash
99993,Melissa Valentine
20537,Heather Barker
66170,Cindy Bradford
23352,Adam Blevins
52248,John Rivera
76733,Matthew Chapman
37752,Jeremy Romero
95852,Jordan Thornton
16481,Kayla Sullivan
11628,Kevin Gregory
87944,Theresa Oliver
91082,Christopher Chavez
94821,Laura Garza
52511,Cynthia Bowen
18735,Kelly Kirk
95337,Kathryn Fitzgerald
67298,Elizabeth Gregory
86905,Linda Daugherty
76529,Heather Benson
73150,Randy Gamble
23168,Dr. Cristian Frey DDS
22578,Francisco Miller
79051,Jennifer Gibson
71145,Rachel Blevins
73061,Eugene Lopez
47179,Mary Perez
38300,Cody Allison
71374,Rebecca Nelson
57382,Kimberly Orozco
87039,Debbie Dixon
19120,Nicole Herrera
52995,Heather Valdez
80992,Chad Cox
90229,David Chandler V
51837,Maurice Roberts
94235,Daniel Young
86723,Jeffrey Odonnell
60471,Gabriel Gonzalez
10356,Martin Espinoza
70336,Vincent Vasquez
69289,Michael Leonard
37955,Kiara Rodriguez
82701,Brent Nichols
56957,Christina Parks
52300,Sara Kelly
94819,Patrick Harris DDS
43787,Chase Colon
16445,Gilbert Hunt
55639,Johnny Jackson MD
19179,Mrs. Roberta Hayden
43841,Janice Brown
18552,Steven Bridges
88337,Mariah Schmitt
45775,Mrs. Amanda Beck
29941,Dr. Jessica Williams
60021,Judy Anderson
49049,James Ramos
62916,Ana Paul
39150,Erin Wells
36268,Fernando Hill
99596,Laura Lindsey
16171,Chelsea Mcintosh
77840,Heather Leonard
13002,Gabriel Fisher
40507,Ronald Jenkins
17927,April Walker
73311,Kimberly Knight
29540,Richard Crawford
31709,Jennifer Rich
14880,Laura Norton
22725,Jeremiah Martin
76830,Sara Webb
73023,Richard Summers
62963,Phillip George
96490,Andrea Rice
13458,Donna Marshall
33805,Thomas Romero
46229,Ryan Price
73395,Michael Wolfe
63983,Billy Jenkins
13302,Jose Wilkerson
38081,Jordan Suarez
29787,Todd Case
73717,Ronald Simmons
88532,Mr. Steven Stuart
35833,Tasha Finley
72242,Eric Cain
24088,Mrs. Carmen Holmes
40876,Debra Sandoval
73199,Rebecca Jimenez
95428,William Harrington
68661,Tracy White
33896,Rachel Huffman
18067,Jon Ray
54394,Mark Mitchell
24824,Caroline Turner
96315,Maria Mcfarland
99622,Robert Miller
62937,Amanda Wilson
42069,Spencer Kidd
66542,James Vang
87636,Natasha Miller
78226,Alexandra Sosa
47924,Barbara Williams
91937,Ashley Camacho MD
73330,Justin Maxwell
95764,Angela Phillips
64824,John Rose
45675,Tammy Singh
91786,Richard Robinson
89943,Barbara Wallace PhD
48539,Melissa Fowler
44309,Elizabeth Woods
23789,Hector Castaneda
37079,David Garner
55174,Aaron Lewis
25726,Katherine Ware
17535,Victor Frye
47340,Walter Andrade
14062,Haley Martinez
18772,Tiffany Miles
49869,Alicia Osborn
25436,Danny Russo
53283,Adrian Hunter
42665,Hector Conley
71531,Allison Carter
30410,James Robinson
45183,Andrew Gonzalez
79902,John Oconnell
77890,Judith Stark
10956,Martha Lewis
51218,Kirsten Clark
79154,Karen Gordon
88769,Alicia Sharp
96535,Veronica Schmidt
60607,Linda Simmons
39442,Sarah Wheeler
37957,Brian Hicks
30938,Justin Coleman
51839,Kathleen Mayer
66705,Joe Price
86999,William Noble
89499,Mr. Jeremiah Sawyer MD
71970,Marissa Hines
78529,Mrs. Patricia Rodriguez
83962,Brandon Harris
28205,Deborah Myers
70241,Kevin Porter
96405,Joshua Larson
23440,Roberto Daniel
78047,Wesley Ramsey
94508,Timothy Donaldson
85474,Tony Taylor
46528,Sara Watson
98145,David Holmes
82687,William Martinez
41693,Richard Hines
36179,Angela Scott
36151,Jamie Gray
37287,Dalton Mendez
34285,Vincent Williamson
31579,Kelly Reyes
73921,Kenneth Wells
98492,Laura Gentry
20115,Derrick Gonzalez
25449,Krystal Pierce
93390,Linda Lee
89002,Thomas Gonzalez
77433,Mrs. Rebecca Henderson
42613,Edwin Evans
22426,Teresa Luna
97270,Justin Copeland
20281,Cheryl Little
69627,Teresa Payne
98411,Kathleen Ward
68165,Christy Carr
76772,Sherry Quinn
46116,Alexandra Allen
83269,Felicia Welch
87495,Mary Lawrence
47084,Nicholas Harvey
36209,Alexandria Lester
20814,Joshua Keith
72426,Sophia Glenn
80185,Amanda Medina
26493,Bradley Fernandez
83671,Kelsey Warner
37507,Christopher Hogan
15841,Collin Rodriguez
75988,Daniel Clarke
70867,Julie Nelson DVM
67074,William Barnett
42904,Christopher Guzman
51752,Jerry Mueller
29896,Willie Edwards
24501,Carl Warren
19855,Richard Keith
82768,Keith Reid
67120,Robert Johnson
21702,Charles Wilcox
34772,Lauren Newman
34355,Tiffany Burton
40871,Samantha Mejia
14796,Nicole Burke
76258,Aaron Decker
69419,Matthew Phillips
66379,Ricky Weaver
86774,Karen Palmer
62046,Robert Patton
71553,Jessica Anderson
88664,Samantha Harrison
84875,Thomas Ramos
36880,Sara Russell
46876,Heidi Ryan
63987,Renee Kelley
37841,Emily Suarez
28985,Lisa Charles
59401,Diane Thomas
56718,Michele Chavez
75239,Theresa Hunter
59398,Lauren Sanchez
58847,Charles Davis
64934,Alvin Anderson
57928,Michelle Chavez
95425,Melvin Ayala Jr.
39998,Carlos Olson
13741,Erin Kent
20179,Casey Leonard
52332,Philip Orozco
13307,Judith Davis
63034,Jack Nielsen
57477,Brandon Torres
15018,Danielle Ryan
54000,Duane Gray
63311,Amanda Blankenship
80661,Jerry Nelson
83567,Alan Hahn
60379,Amy Mills
11531,Kevin Hudson
16742,Gina Howell
13680,Beth Clark
23531,Lauren Scott
82811,Kathleen Hawkins
30181,Julie Rivas
49059,Joshua Moran
94687,Antonio Reed
25603,David Velazquez
61256,Casey Mills
56437,Robin Sexton
99121,Thomas Estrada
27891,Edward Haas
58913,Edward Hudson
28287,Roger Hanson
95912,Alyssa Richardson
67772,Thomas Hall
42522,Steven Hansen
40131,Joseph Zuniga
12301,Cesar Newton
55371,Janet Johnson
85049,Toni Davis
52150,Tonya Taylor
13684,Cory Owens
63598,Nicole Alexander
36665,Haley Berry
22689,Mrs. Erin Holt MD
63638,Michael Eaton
88943,Thomas Daniels
58925,Brian Mullins
78396,Morgan Torres
94405,Angel Schmidt
84976,Tonya Sharp
82708,Cody Murphy
95142,Vincent Taylor
53526,Heidi Tran
86590,Jim Garcia
43627,William Ball
44970,Christian Williams
25260,Nicole Leblanc
84121,Kathleen Dunlap
13143,Curtis Gardner
43416,Amanda Curry
66970,Anthony Gay
37495,Vincent Alexander
43625,Brent Jones
49012,Phillip Novak
16721,Walter Nunez
35534,Jessica Wiggins
60834,Brian Conner
93185,Russell Mcdowell
23427,Michael Kline
32147,Jacqueline Dean
80960,Angelica Taylor
75158,Paula Hendrix
49606,Matthew Koch
50461,Adam Rhodes
28123,Christopher Banks
54116,Stephen Mckinney
56323,Michael Archer
22065,Jane Castillo
12686,Kelly Moore
60083,Sara Reid PhD
11342,Steven Barnett
81600,Brenda Anderson
16214,Emily Rogers
86350,Mrs. Alyssa Delgado
38760,Elizabeth Hernandez
87694,Susan Carroll
36742,Elizabeth Hall
33345,Jeffrey Tanner
50926,Mary Foster
11734,John Hopkins
85805,Andrea Wiggins
53030,Tamara Glass
68405,Matthew Santiago
32523,Christopher Chambers
50183,Aimee White
93304,Beth Davis
66861,Gina Parsons
72582,Martha Frost
49879,Dean Brady
90331,Raymond Lewis DDS
28505,Elizabeth Moss
43350,Charles Perez
38944,Christina Thompson
68847,Mark Richardson
29780,Brian Adkins
83065,Bryce Green
91620,Lisa Hicks
85742,Angela Riley
68291,Kathryn Fowler
40704,Brandi Macdonald
57110,Ashley Rios
45543,Casey Vazquez
42571,Jeremiah Bailey
74978,Sarah Mccarthy
45245,Nicole Yang
98092,Brady Jones
60531,Rebekah Jennings
50566,Janet Rodriguez
13105,Eric Rivas
75345,Jaime Patterson
80493,Kayla Lucas
42387,Juan Cisneros
34264,Ronald Nichols
58950,Devin Wilkinson
50612,Krista Horn
77551,Erik Simpson
20788,Arthur Newman
64846,Holly Taylor
78857,Cameron Reyes
99784,Edward Murphy
43014,Patrick Nixon
61751,Roger Munoz
46828,Christy Davis
35721,Nathan Horton
55698,Angela Huff
77370,Joshua Bernard Jr.
97164,Cassandra Ingram
91432,Michelle Robbins
91257,Denise Parker
45001,Christine Guerra DVM
40156,Robin Reyes
41334,Robert Russell
18210,Benjamin Cummings
28525,Sara Oliver
40050,Theresa Mcknight
83855,Stephen Thomas
67333,Christina Lyons
67135,Lisa Chavez
36604,Cindy Sanchez
98445,Carla Gray
93803,Timothy Vazquez
67322,Edward Rios
86951,Alan Allen
91314,Peter Burgess
30449,Elizabeth Snyder
24807,Angela Flores
92680,Paige Foster
82183,Gregory Beck Jr.
12303,Paul Sanchez
41011,Emily Henderson MD
87084,Bryan Johnson
88988,Brandon Durham
41623,Larry Simmons
95646,Latoya Ellison
96872,Nancy Williamson
71524,Sharon Briggs
54268,Jennifer Hudson
54449,Sarah Baker
81457,John Mathis
94094,Morgan Leonard
17100,Vincent Ramirez
70366,Teresa Daniels
17957,Justin Welch
55362,Jeffrey Figueroa
57363,Derek Kim
67070,Tasha Payne
75190,Jessica Wiley
35302,Kimberly Goodwin DVM
83927,David Gates
33720,Ricardo Parsons
72928,William Wilkins MD
87584,Christine Matthews
93207,Trevor Smith
11884,Robert Kemp
46949,Denise Lam
79953,Shannon Hardin
41727,Kyle Rodriguez
37296,Kristine Shaw
31173,Jeffrey Guzman
58376,Sandra Lawrence
25813,Nicolas May
16762,Adam Rojas
86588,Stephen Yates
92688,William Levy
25154,Lisa Fitzgerald
59546,Aaron Knox
73137,Gary Stewart
32860,Debra Luna
58176,Calvin Davis
51325,Eric Nelson
14912,Kendra Webb
49856,Nancy Allen
50204,Mary Hendricks
38901,Jonathan May
17005,Debra Hayden
36307,Melissa Austin
95133,Alexis Greene
14791,Kristina Mendoza
73044,Misty Simpson
63262,Tamara Riley
12743,Andrew Hill
25046,Cody White
72061,Susan Palmer
42360,Amanda Howard
29866,William Oneill
60974,Patrick Singleton
53182,Veronica Garcia
88324,Lonnie Richardson
60497,Steven Gilmore
43643,Caitlin Bailey
12415,Michelle Webster
58700,Ariel Holmes
95824,Sharon Graham
47272,Crystal Chen
37408,Jacob Forbes
23981,Christopher Curry
34178,Mark Wright
92227,Brent Ayers
39178,Scott Romero
54985,Erin Cobb
38761,Christina Carlson
99887,Jennifer Short
26748,Diana Frazier
36402,Emily Mcintosh
55704,Jonathan Tate
46903,Michael Ewing
73661,Ryan Warren
24919,Juan Berger
22613,Heather Sanchez
29972,Jeremy Jarvis
18916,Jennifer Myers
38954,Shaun Harris
70587,Jenna Khan
62679,Tammy Walker
34789,Amy Taylor
61158,Johnny Walters
11606,Sara Marshall
96399,Brooke Robinson
73388,Joshua Newton
57770,Christopher Murphy
64112,Victor Brown
37052,Haley Stone
11546,Holly Smith
34073,Matthew Berry
73507,Carl Davidson
39527,Jordan Osborne
88465,Eric Krause
66566,Allen Fisher
81825,Tyler Griffith
20753,Lance Poole
26758,Jason Bailey
23047,Thomas Franklin
34622,Logan Delgado
76035,John Henry
45160,Christopher Page
75105,Nicholas Conner
72228,Craig Murphy
47919,Steven Thompson
77569,Todd Hooper
35745,Michael Collier
57773,Jessica Brooks
46180,Barbara Ford
85412,Ernest Hoover
93944,Mr. Dylan Mitchell
35516,Hunter Landry
37776,Nathan Jones
86343,Kevin Bradshaw
12471,Crystal Clements
81717,David Taylor
94498,Judy Thomas
50850,Karen Mendez
54737,Julia Harmon
27336,George Jacobson
73743,Megan Lowery
40201,Richard Coleman
54797,Nicholas Price
72895,Charles Hall
36074,Scott Parker
55612,Nicole Bowen
37867,Devon Harris
21291,Omar Rogers
43681,Holly Hughes
38580,Denise Wagner
46047,Olivia Perkins
72428,April Combs
31469,Jennifer Richardson
62645,Alexandra Sanchez
12022,Benjamin Prince
81296,Cheryl Harper
59126,John Obrien
76486,Gabrielle Davis
19054,Daniel Reed
89014,Tina Hodge
69386,Rachel Glass
63216,Anthony Wise
51547,Laura Conrad
58024,Stacey Fernandez
54438,Leah Hernandez
18874,John Jacobs
27711,Christopher Huff
87019,Anna Arnold
89328,Sandra Reed
18485,Matthew Clark
51817,Jacob Duran
79885,Audrey Hahn
92832,Gary Ruiz
67324,Denise Collier
83409,Dalton Tapia
85539,Heather Webb
51871,Veronica Mccoy
36155,Michael Thornton Jr.
44490,Carly Sloan
30638,William Fitzgerald
74246,Kimberly Campbell
48184,Amber Weaver
67729,Jennifer Ford
91815,Christina Diaz
97079,Ashley Ramsey
65912,Nathan Warner
49229,Amanda Barton
85321,Jeffery Collins
87684,Daniel Frey
34150,Matthew Lane
42941,Ryan Petty
18550,Sean Freeman
52649,Elizabeth Travis
10942,Edward Reyes
47297,Emily Holt
43196,Benjamin Christian
21843,Aaron Sanchez
25659,Jason Jackson
56737,Dr. Sarah Pham DDS
68758,Kelly Moore MD
96293,Lisa Schultz
42515,Paul Juarez
45996,Erika Rhodes
67047,Victor Sharp
36997,Michelle Vega MD
79799,Sonya Summers
58101,Mark Ross
41304,James Vincent
26142,Lynn Diaz MD
83215,Vincent Weiss
65674,Jill Sloan
36700,Bethany Martin
12210,Madison Garcia
70308,Benjamin Orozco
73884,April Massey
25385,Regina Richard
37627,Craig Anderson
54087,Mark Warner
22830,Nicholas Sparks
78119,Stacey Green
65903,Julie Robinson
37805,Alec Brown
95112,Eugene Knox
86645,Tonya Vargas
33633,Luis Miller DVM
70776,Catherine Horn
86656,Jennifer Edwards
52875,Brittany Moreno
17444,Phyllis Mccoy
20646,Charlotte Huynh
96141,Dennis Thomas
80939,William Montgomery
20832,Jennifer Daniels
15940,Andrew Wilson
46315,Brandi Short
22417,Theresa Keller
36904,Jason Cruz MD
36455,Karen Martin
49774,John Delacruz
99724,Kristin Cardenas
77011,Dr. Barbara Cohen
58811,Linda Barnes
84885,Jack Evans
13934,Samuel Gonzalez
25910,Lauren Brown
31374,Lori Shannon
47553,Jacob Rice
78056,Sarah Gregory
46868,Shannon Young
99653,Craig Ward
52805,Melanie Morrison
27161,Bruce Long
67564,Elizabeth Whitney
53850,John Ray
20992,Curtis Ramirez
85357,Jodi Clark
40413,Patrick Summers
50507,Michelle Delgado
87965,Elizabeth Houston
86279,Jennifer Lopez
40052,Catherine Mejia
48823,Melissa Love
57143,Amanda Allen
16850,Kyle Benton
25561,Timothy Mosley
21311,Stephanie Rivera
26330,Mary Burns
35569,Ralph Leonard
46288,Ashley Wilson
69901,Alexandria Cole
98308,Vanessa Robinson
34837,Miss Tamara Baldwin
47406,Wesley Gonzalez
29806,Christopher Lopez
26871,Brittany Gross
62572,Matthew Munoz
83149,Laura Ballard
65765,Jennifer Evans
25115,Kristine Howard
69602,Douglas Henry
21398,Lauren Mayo
47751,Christopher Zavala
44550,Beth Stevens
99475,Stacey Armstrong
74077,Timothy Benjamin
40086,Brian Young
40796,Belinda Wilson
25740,Jennifer Little
80898,Gregory Sloan
13928,Samantha Cameron
88074,Elijah Jones
29223,Ricardo Salazar
75813,Erica Butler
79802,Andrew Myers
56258,Samuel Ayala
70793,Benjamin Allen
86110,Rebecca Pierce
64289,Tonya Abbott
63356,Danielle Foster
44233,Gary Eaton
90969,Miss Lori Miller
72040,Cindy Carter
41525,Kathleen Potts
35837,Dylan Leonard
42099,Mark Stewart
43017,Charles Burns
10996,Rebecca Wyatt
87702,Andrea Marks
52869,Angela Roberts
54121,Dr. Samantha Lopez DVM
26787,Craig Shaw
79612,Rebecca Valencia
79499,Paul Ellis
83582,Rodney Maynard
83492,William Sanchez
96142,Derek Hernandez
48532,Dr. Jennifer Maddox MD
41096,Kayla Carr
53805,Vincent Blackburn
18431,Sandra Webb
99637,Travis Anderson
54182,Megan Cuevas
51647,Kylie Mendoza
47718,Aaron Coleman
12304,Marissa King
94454,Gerald Hodges
85099,William Rios
58841,Darlene Jones
94512,Donald Abbott
61781,Dawn Villa
49565,Dennis George
36053,Andrew Macdonald
27491,Amy Woods
34024,Ms. Joy Murray
58293,Alyssa Byrd
97548,Kayla Horne PhD
33199,Brandon Knox
27820,Rita Padilla
91308,Lisa Stewart
39104,Tristan Bates
54136,Raymond Benson
89949,Kelly Buck
37354,Arthur Schmidt
92623,Brenda Torres
37001,Stephanie Burns
65205,Ashlee Wolfe
85142,Mr. James Edwards
20077,Karen Graham
18131,Nicole Pena
51473,Karina Mann
37662,Gabrielle Mills
18502,William Guerrero
27228,Robin Esparza
96040,Juan Paul
18973,Aaron Hanna
50175,Kayla Cuevas
58885,Stephanie Phillips
39872,Christina Lopez
88197,Jamie Wyatt
92594,Travis Vargas
19476,Stephen Garcia
47099,Melissa Carter
42612,Ian Moore
11485,Theresa Thompson
36109,Cynthia Franklin
61268,Seth Webb II
90437,Wendy Ruiz
82366,Andrea Vargas
91584,Jason Weiss
50265,Paul Yang Jr.
88397,Angela Tapia
85670,Jennifer Garcia
16492,Erik Perez
16159,Wendy Chandler
42976,Helen Conley
74134,John Dorsey
49978,Patrick Mcneil
19165,Amanda Love
82363,Thomas Henry
96854,Justin Ayala
37262,Amy Ayala
72340,Mr. David Russell
50242,Amanda Burnett
34957,Sarah Calhoun
53367,Anita Beasley
82442,Eric Horton
56229,Zachary Perry
13062,John Schneider
53170,Mr. Joshua Graves MD
16125,Dylan Powell
35782,Shane Rowe
65029,Jacob Curtis
80786,Kayla Jones
64638,Joseph Wolf
15993,Laura Williams MD
46806,Sabrina Marshall
54973,Samuel Nguyen
46167,Mathew Henry
98790,Phillip Krueger
13872,Leroy Rojas
51349,Harry Mills
83998,Judith Huang
55124,Jacob Harris
10456,Michael Grimes
51305,Sean Robinson
97838,Renee Miranda PhD
72213,Luis Hamilton
46224,Katherine Callahan
63025,Troy Guzman
72399,Ronald Jackson
40034,Austin Lin
41920,Jordan Hale
75482,Mr. Jason Bates
15201,Elizabeth Alexander
30141,Lance Sanchez
19266,Joshua Solomon
94234,Regina Kirby
96865,Vanessa Beard
71931,Eugene Brown
88820,Miss Anna Bush
32784,Brandi Williams
41704,Joshua Harris
86098,Mark Armstrong
76902,Sheila Young
64395,Nicholas Perry
59236,Alexis Keller
47799,Scott Brewer
85223,Ronald Glover
66989,Tyler Ochoa
90278,Audrey Nelson
27942,Nicole Wells
64327,Debra Nguyen
49312,Jonathan Villegas
63761,Kyle Martinez
79993,Martha Estrada
62951,Christopher French
91952,Travis Cochran
24328,Michael Jones
28168,Lindsey Gonzales
22907,Raymond Perez
18462,Bruce Fleming
68729,Justin Hill
54501,Holly Rodriguez
22062,Richard Austin
18339,Anna Clark
38265,Terry Hickman
61670,Craig Ali
18734,Austin Porter
38940,Kristi Nash
44793,Danielle Rios
66831,Sharon Blevins
20344,Rodney Johnson
76315,Stanley Bradford
21632,Jason Owen
61901,Joan Taylor
14169,Todd Baker
65177,Daniel Pierce
39633,Tasha Kelley
66410,Kayla Cannon
19267,Connor Howell
23085,Jacqueline Keller
54640,Sara Mccormick
84767,Jonathan Garza
61854,Jennifer Ingram
38860,Amanda Mullins
60167,Alexander Avila
80158,Ryan Noble
69013,Katelyn Perry
67296,Catherine Morris
66940,Erika Hickman
65409,Carla Casey
15206,Austin Morrison
12273,Justin Frost
65419,Maureen Peck
93562,Jeffrey Vincent
90000,Adam Carson
94312,Samantha Randall
61663,Barbara Ramos
93496,Brandon Walters
66459,Shawn Nichols
31951,Kyle Smith II
72601,Ashley Cole
26887,Douglas Jefferson
75257,Emily Adams
19772,Anthony Roberts
47655,Thomas Anthony
86088,Meagan Green
43319,Nathan Bennett
51252,Meagan Parker
44371,Donald Hubbard
39048,Scott Fleming
23184,Stephanie Sellers
39390,Carrie Atkinson
22588,Richard Carr
54318,Jeffery Gilmore
84020,Mark Meyers
42881,Shawn Nelson
22228,Yolanda Kramer
64826,Martin Moreno
78692,Valerie Park
81878,Kristy Sims
10633,Steven Stone
63788,Bradley Lynn
17778,Mrs. Jennifer Douglas
83311,Christopher Steele
50074,Jill Allen
19713,Charles Stevens
24056,Kevin Baker
72647,Amber Martin
68886,Dawn Roman
53944,Sharon Garrett
46331,Jordan Ross
93508,Brandon Robertson
73207,Diana Lewis
58902,Manuel Rogers DVM
54225,Diane Anderson
54883,Maria Davis
69600,Cynthia Perez
34649,Dana Wood
28272,Jose Gray
31155,Sarah Patel
37435,Mary Gonzales
60541,Raymond Hopkins
14746,Scott Burns
97384,Andrea Strickland
37112,Patricia Vasquez
33074,Kevin Martinez
47666,Priscilla Green
65330,Aaron Chandler
82480,Terry Santana
81399,Jennifer Goodwin
86082,Stephen Lowery
58375,Jerry Walsh
10293,Julia Phillips
52537,Elizabeth Meadows
82733,Natasha Silva
30442,Emily White
15282,Samuel James
82731,Michelle Carlson
37820,Tiffany Wagner
51263,Mrs. Allison Rivas MD
12951,Robert Wells
31145,Ashley Lane
85489,Jose Nguyen
12716,Donna Hartman
16966,Carrie Novak
13375,Dr. Paul Reed
44378,Adrian Francis
39775,Angela Jordan
87445,Randall Rangel
65716,Timothy Glenn
54424,Mr. Robert Green
99524,Sharon Wiley
58732,Richard Hutchinson
89988,Kathleen Mcguire
51127,Dawn Ramos
64635,Rebecca Trevino
17982,Amber Gonzalez
63129,Richard Evans
21649,Carlos Ramirez
92164,Alfred Wise
76888,Amanda Hudson
93649,Calvin Henry
23112,Adam Fowler
63416,Sean Day
97271,Kenneth Salazar
11117,Michelle Diaz
85711,Jeffery Scott
83706,Roy Garrison
10518,James Fields
14231,Benjamin Ruiz
36461,Robert Torres
92682,Roberto Gomez
18385,Michele Hensley
79225,Jorge Riley
51907,Jacob Olson
60401,Kari Clark
46784,Richard Wiggins
31763,Michael Mckenzie
29032,Matthew Craig
18120,Angela Johnson
46148,Robert Arnold
93794,Cynthia Garner
21231,Vanessa Duarte
15502,Jessica Guerra
15080,Erica Keller
67922,Patrick Mercado
64785,Dr. Stephen Hicks Jr.
61181,Michael Peters
72564,Bradley Wheeler
60343,Ethan Collins
39195,Christopher Hall
57590,Veronica Turner
29784,Zachary Bradford
41908,Christopher Gibson
59827,Michelle Fuentes
81569,Hayley Rollins
42700,Stephanie Stevens
25646,Zachary Burke
33022,Carolyn Anderson
39351,Veronica Kelly
27325,Melanie Moss
26806,Nicole Mendoza
72014,Tanya Wallace
76870,Edward Parker
77484,Jorge Leonard
46058,Angela Noble
21658,Timothy Jackson
82032,Mary Ayers
71222,Amanda Sutton
54241,Samuel Gray
82211,Christopher Scott
24293,Brian Cunningham
66148,Paige Peterson
93994,Sean Shah
92905,Clayton Ball
20593,Austin Walker
83482,Donald Ferguson
21939,Rachel Allen
64175,Robert Rodriguez
64651,Phillip Paul
12089,James Huang
59566,Shannon Parker
42268,Jennifer Reilly
22362,Mary Santiago
43403,Diamond Marshall
28835,Samuel Hall
27020,Casey Nixon
53485,Sharon Rogers
32917,Anthony Shaffer
64071,Jeanne Morrison
25568,Justin Torres
27873,Jonathan Mcfarland
22150,Rachel Mckenzie
91099,Andrew Adams
96071,Damon Wade
71934,Beth Walker
34489,Ralph Williams
68504,Matthew Luna
18531,Gabriel Wright
70760,Vincent Brown
94972,Kevin Griffin
20774,Molly Schultz
96921,Christopher Forbes
41220,Kathleen Frazier
27323,Michael Garcia
50740,Stephanie English
64967,Jordan Hall
96018,Steven May
62577,Ronald Beck
18349,Roger Lee
16726,Jack Baker
72325,Timothy Foley
26065,Stephanie Wall
83617,Mackenzie Hall
51424,Justin Ho
69565,Crystal Richard
33352,Daniel Holden
76975,Stacey Perry
13036,Alex Stone
57343,Elizabeth Mclean
18513,Rebecca Mcgee
98717,Christina Edwards
23415,Donald Morrison
71124,Matthew Simmons
43911,Debbie Evans
98132,Rebecca Swanson
16205,Morgan Jenkins
85407,Gregory Boyer
94088,Taylor Williams
33043,Thomas Thomas
53638,Sheena Reynolds
70785,Brittany Green
86971,Barbara Morgan
81373,Michael Boyd
54250,Shannon Diaz
94592,Angelica Johnson
69723,Melvin Sawyer
72711,Craig Perry
27569,Kaitlyn Malone
97811,Mary Padilla
48890,Kimberly Schneider
34043,Alisha Nelson
46146,Scott Bailey
66297,Aaron Thornton
53905,Lisa Wu
26953,Katrina Garrison
14245,Melissa Higgins
77602,Julian Richard
99817,Tommy Barnes
98419,Cassidy Alvarez
44737,Joe Ward
21277,Mark Reed
15975,Melissa Baird
99390,Jessica Brennan
39934,Steven Newman
87854,Derek Carrillo
74435,Ruth Martinez MD
45939,Heather Rios
53470,Joshua Foster
52541,Lisa Kennedy
19094,Kenneth Pierce
47680,Debbie Dennis
19180,Rebecca Gallegos
12142,Yvonne Stokes
41313,Kyle Ramirez
39804,Justin Stevenson
64801,Ronald Morales
20789,Steve Blake
13756,Lisa Gilbert
95019,Timothy Walter
42698,Victoria Bentley
78597,Michael Mills
84760,Dr. Jonathan Stanley
14135,Kenneth Guerrero
47476,Mrs. Penny Rice MD
58110,Charles Pham
53969,Darrell Klein
97748,Vincent Hardy
16761,David Guzman
13610,Kristin Austin
44860,Chelsea Clark
45230,Janice Adkins
69427,Kathy Powers
15425,Kimberly Stone
73325,Phillip Rivera
24373,Katie James
94206,Kenneth Mckay
86682,Carrie Simmons
69216,Martha Lee
40281,Meagan Thornton
26050,Paige Willis
13834,Jerry Bell
96747,Sydney Cruz
50301,Julie Riley
25664,Richard Myers
19148,Melanie Lynch
43973,Lindsay Johnson
52636,Tammy Joseph
76503,Monica Johnson
97122,Eric Sullivan
14759,Kimberly Owens
12151,Cody Pugh
38324,Robyn Page
22569,Dr. Debra Collins
52921,Jeanette Jones
91882,Jeffrey Harvey
34322,Kelsey Gillespie
45260,Nicholas Stevens
50264,Brandi Aguirre
50512,Richard Sanchez
43215,Andrew Marquez
16431,Garrett James
62931,Dustin Taylor
97227,Tammy Flores
65700,Melissa Gonzalez
82041,Leslie Henderson
21418,Chelsea Stanley
61844,Adam Wang
51683,Gerald Mcintosh
37755,Anthony Hendrix
53183,Elizabeth Keller
52776,Brenda Ford
22377,Randy Hernandez
85640,Amber Russell
47982,Joshua Simon
23230,Jermaine Mills
49991,Susan Frank
13471,Linda Ferguson
40638,Oscar Campos
88565,Mr. Scott Hoover
17257,Edward Leon
28485,Teresa Davidson
20897,Teresa Guzman
17213,Shannon Baker
69509,Jamie Carter
14312,Stephanie Khan
65929,Kyle Peters
99599,Rodney Tanner
54561,David Bradley
86992,Brandon Hurst
89750,Zachary Boyd
15728,Kevin Cox
96808,Shannon Patterson
34610,Jacqueline David
87213,Christy Kim
60850,William Sullivan
48433,Megan Ruiz
82590,John Castro MD
90780,Michelle Mcdonald
78007,Daniel Browning
69892,Christopher Graves
22281,Robert Douglas
24220,Anthony Evans
15167,Oscar Nash
66022,Alexandria Taylor
19564,Linda Berger
46384,Todd Kirk
28966,Maurice Jimenez
39250,Terrance Ritter
29103,Anne Price
99399,Jack Lang
27603,Amy Gould
53552,Thomas Newton
86432,Regina Gonzalez
27666,Levi Burnett
74706,Juan Mitchell
43312,Samantha Payne
54802,Monique Johnson
85439,Patricia Robinson
37281,Dawn Schmidt
43412,Rebecca Hamilton
74520,Matthew Rich
15323,Tamara Booker
97567,Ashley Allison
33217,Melissa Jordan
53002,Aimee Robbins
66828,Sean Castro
80464,John Wood
70094,Donald Hoffman
59557,Sandra Lozano
34750,Jerome Duke
88979,William Rose
32421,Joshua Hanna
14695,Carol Mays
17967,Paula Sherman
51069,Andrew Wu
66897,Aaron Copeland
33139,Joshua Ford
56532,Catherine Padilla
49750,Linda Webster
43514,Roger Meyer
26135,Mr. Samuel Nelson
95539,Sylvia Martin
65786,Adrienne Skinner
19483,Hannah Baxter
51618,Nathaniel Smith
19556,Sandra Nelson
26164,Vanessa Wiley
74475,Sean Jones
82489,Denise Mcintosh
84502,Shawn Jones
14905,Jason May
73672,Mr. Brendan Clements MD
39951,Susan Allen
32770,Jason Navarro
14765,Fred Shea
63135,Heather Salinas
89235,Jonathan Stevens
90162,Nichole Martinez
58637,Mrs. Shannon Ross DVM
79228,Steven Everett
76893,Aaron Carroll
53816,Kim Parker
36471,Joseph Murphy
44587,Jenna Contreras
96153,Amber Livingston
35212,Jonathan Barnes
76739,Matthew Jensen
76929,Gregory Davis
11227,Eddie Moss
92447,Andre Mckee
47480,Chad Carey
66431,Robert Sampson
75750,Jordan Burgess
61093,Jason Burke
64804,Justin Jimenez
14833,Joseph Underwood
21320,Brittany Reyes
55828,Melissa Robertson
89411,Tina Schwartz
68798,Elizabeth Davis
13202,Courtney Walker
25924,Amy Barnes
90466,Carolyn Green
29473,Phillip Garcia
30622,Emily Lawson
68673,Andrew Fitzgerald
60715,Nicole Wall
70231,George Miller
15607,Gabriela Johnson
52746,Geoffrey Salas
43885,Andrew Craig
66320,Austin Mills DDS
87494,Patrick Rose
83529,Anthony Shepard
50397,Brenda Franco
42325,Destiny Christian
51606,Jason Hickman
76638,Brandy Schroeder
33483,Aaron Sweeney
41753,Leslie Evans
24376,Diane Lawrence
52898,Cindy Harris
14999,Judith Brady
71034,Max Jones
21441,Charlene Coleman
85857,Haley Patton
11409,Ivan Garcia
36285,Diana Jimenez
18524,Jay Stevens
28727,Deborah Weiss
98842,Andrew Henry
32090,Audrey Burns
33672,Jessica Smith
38198,Angela Moore
17009,Amy Best
36818,Robin Craig
79784,James Thomas
96359,Dr. Debra Blankenship
56836,Carolyn Fletcher
46979,Alisha Burton
79533,Jennifer Reynolds
25400,Noah Hernandez
70075,Tommy Burnett
93329,Daniel Woods
76762,Cynthia Graham
46213,Marco Greene
91865,Sheila Munoz
21288,Amy Gomez
16119,Patrick Watts
44581,Monique Hernandez
73944,Jesse Taylor
85786,James Butler
38587,Ricardo Stanley
69616,Christopher Owen
45575,Gabriel Boyle
67751,Thomas Fitzgerald
34589,Thomas Herman
76071,Michaela Wu
26637,Daniel Schultz
94811,Anthony Schwartz
66230,Dennis Carrillo
48646,Ashley Allen
29567,John Barron
66621,Vickie Johnson
59379,Veronica Mason
33015,Shannon Beard
92372,Summer Jackson
21119,Mr. Michael Klein
75502,Marc Willis
60362,Kelsey Jones
83026,Theresa Stevens
78946,Beverly Jimenez
92752,Robert Gallagher
20581,Frank Kemp
75682,Nathan Ruiz
35561,Tanner Stone
61534,Rita Carson
33320,Alexandra Fields
94646,Adam Carter
89615,Amy Nguyen
28654,Roberto James
80237,Norman Smith
38023,Megan Rivera
87472,Glenn Hamilton
71687,Donna Sanders
55519,Laura Krueger
64107,Brian Delgado
91565,Alyssa Ali
38663,Angela Martin
52565,Morgan Harris
59549,Michael Hart
10440,Lisa Porter
99814,Raven James
20043,Katie Garza
70895,Christopher Vaughn
31470,Allison Kelly
76527,Shelia Walker
86720,Timothy Reynolds
82560,Jason Mccann
26527,Thomas Anderson
54578,Diane Walsh
10783,Monica Armstrong
68333,Leah Stein
32834,Collin Munoz
24926,James Clayton
94794,Luke Griffith
70542,Catherine Bradley PhD
40566,Darrell Chapman
13563,Autumn Khan
80136,Alexander Mcguire
99953,Jeff James
70696,Dana Huynh
87638,Jessica Garrett
52264,Virginia Gentry
56913,Nicholas Davis
29171,Peggy Smith
94975,Amanda Hull
20601,Mr. Harold Martinez
35581,Stephanie Spears
89516,Jeffrey Norris
62618,Michele Thompson
75258,Ariel Lewis
62227,Steven Mueller
45693,Tracy West
46198,Bryan Murillo
32165,Mark Brewer
33311,Susan Erickson
65459,Cynthia Barnes
45505,Derrick Beasley
47462,William Clark
38026,Linda Terrell
58717,Mandy Cox
91332,Shelly Baker
73109,Anthony Aguilar
50322,Patricia Richardson
22044,Erik Brown
87426,Derek Rangel
83780,Matthew Leon
57938,Marissa Kelley
11310,Jessica Reyes
60558,Antonio Hernandez
63237,Keith Holland
31840,Nicole Cruz
95441,Ashley Weber
37012,Eric Lane DDS
57496,Charles Huff
27692,Carlos Stewart
39799,Denise Ayers
98035,Charles Jones
58290,Maureen Griffin
45121,Kevin Dixon
87597,Kathleen Williams
35870,David Wolf
60423,Jason Huynh
12883,Timothy Silva
82571,Gina Harris
16901,Jeffrey Harmon
39162,Brent Ortega
16623,Kenneth Campbell
26708,Shawn Reeves
70777,Ruth Marshall
14073,Mr. Michael Jackson
98548,Deborah Rodriguez
24756,Travis Le
48723,Michele Klein
31911,Tyler Liu
24465,Andrew Lewis
20018,Stephanie Adams
52108,Kim Cole
38515,Erica Andrade
62936,Ricardo Ferguson
90059,Daryl Levy
98501,Nicole Ruiz
16013,Tracy Jones
10871,Travis Burton
67387,Brian Mason
56084,Destiny Nelson
98439,Jessica Montes
20414,Jill Scott MD
40748,Jason Richards
53394,Tiffany Vance
14702,Paul Cain
26385,Sean Hartman
86236,Debbie Gonzalez
30877,Amber Jensen
37979,Maria Mcconnell
65669,Eric Adams
11789,Nicholas Howard
52744,Andrew Larson
48419,Lindsay Roberts DVM
12171,Eric Holt
22945,Kevin Myers
24456,Amy Hammond
81371,Tammie Gibson
27744,Christina Hansen
28508,Tina Mcbride
43595,Brendan Hamilton
20339,Melissa Graham
26079,Cameron Potter
96311,Jenna Kemp
46546,Jennifer Marshall
38339,Sandra Shaw
70673,Whitney Paul
44228,Daniel Miranda
69914,Michelle Dawson
84505,Haley Keller
77099,Richard Davis
67738,Stuart Mcgee
68864,Patricia Mcclain
60424,Nicholas Lawrence
31440,Jerry Hood
38166,Adam Butler
65170,Benjamin Mullins
77451,Manuel Barton
83730,Yvonne Olson
26796,Vanessa Browning
63267,Jason Riggs
46859,Victoria Flores
14540,Amber Warren
24562,Alexander Doyle
69097,James Kelly
82356,Tina Livingston
78947,Cathy Taylor
31554,Haley Palmer
86148,Jeffrey Ortiz
37305,Justin Cook
39640,Terry Richardson
64828,Robert Ayers
54899,Jose Flores
22695,Dawn Sutton
83118,Katherine Chan
94020,Deborah Watts
47929,Carrie Mclaughlin
58289,Scott Caldwell
11350,John Collins
93409,Leslie Martinez
54597,Glenda Porter
45635,Rebecca Hurley
57628,Alyssa Jackson
68817,Charles Wagner
36223,Miranda Diaz
58183,Allen Burton
75484,Julie Walton
55377,Robert Turner
64796,Meghan Snyder
28763,Christine Brown
56752,Emily Carroll
23989,Edward Martin
83002,Cody Gonzales
25201,Wendy Bond
86842,Nathan Holden
41560,Robert Ward
73686,Debbie Estrada
97683,Diana Jensen
43257,Samantha Guerrero
28975,Christopher Mccarthy
71184,Lisa Castro
91955,Brandi Sutton
60457,Vickie Smith
50597,Carol Garcia
45466,Bruce Kelly
29224,Emily Martin
82526,Anthony Brown
67516,Brian Oliver
19891,Michael Bryant
38961,Sandra Atkins DDS
32815,Theresa Stewart
28882,Ann Davis
87754,Matthew Weber
26504,Charles Hill
44204,Sarah Cole
51812,Henry Edwards
99030,Blake Johnson
21182,Tonya Carlson
99385,Steven Blankenship
65306,Jasmin Johnson
79177,Katherine Peterson
32881,Mr. David Taylor
13823,Cheryl Diaz
40805,Caroline Miller
41846,Kylie Anderson
73301,Timothy Carter
81981,Haley Jones
74233,Christopher Rios
47909,Kenneth Morgan
83551,Michael Riley
90046,Brandy Bennett
48897,Debra Welch
22017,Tara Sanders
34592,Sheila Schmidt
62994,Maria Turner
12443,Susan Washington
13147,Sharon Holmes
83930,Jeffrey Hendricks DVM
18424,Joseph Wong
55726,Patrick Vargas
56194,Michelle Wang
55825,Lauren Galloway
28156,Dawn Rose
42863,Ryan Franklin
88463,Jeremy King
34849,Laura Hutchinson
34323,Holly Ashley
20212,Jaclyn Sweeney
57452,Justin Hester
61036,Cassidy Perez
80537,Mr. Anthony Owens
44401,Joshua Stafford
19522,Jason Williams
53935,Abigail Cannon
24751,Andrew Gomez
89502,Douglas Contreras
75672,Makayla Carney
84659,Shannon Clark
49692,Joseph Walters
57723,Samuel Benton
30889,Dana Johnson
99975,Brian Hobbs
67941,James Rowe
86573,Patricia Davis
65884,Rebecca Avila
38895,Monica Hart
63156,Carla Cisneros
36274,Troy Romero
73609,Diane Mitchell
10243,Morgan Wallace
33813,David Wilson DDS
15453,Joseph Hale
88676,Glenda Duncan
37034,Harold Bradley
51941,Tara David
10008,Janice Mckenzie
15001,Gary Thomas
95173,Randy Garcia
79239,Eric Rodriguez
35517,Valerie Dunn
43533,Joseph Neal
96246,Kathryn Garcia
56559,Gina Johnson
99022,Kevin Guzman
55567,Jeffrey Romero
10679,Joshua Wilson
49867,Jessica Bryan
89538,James Bush
56980,Courtney Savage
69806,Mary Barton
44862,Jordan Olsen
17309,Jerry Sutton
89640,Anne Schultz
19300,Brandon Patrick
12140,Reginald Benson
95421,Erika Newman
21692,Barbara Sims
15683,Linda Olson
84622,Timothy Shannon
63365,Jeremy Boyd
57080,Linda Davila
79788,Kristina Pugh
79040,Jacqueline Cummings
17360,Jennifer Chang
21871,Carrie Gibbs
11859,Rachel Ross
61198,Kathleen Henderson
29130,Courtney Wilson MD
17399,Angela Montoya
74589,Travis Fuller
80009,Lance Baker
56327,Susan Morrison
54877,Curtis Burns
50693,Isabel Zimmerman
94609,Nichole Munoz
14892,Shirley Marshall
73909,Donna Clark
50936,Joseph Ford
34223,Mark Ray
64952,Molly Willis
73913,Megan Mendoza
57243,Herbert Pruitt
71908,John Rhodes
20759,Christina Walker
37803,Mark Foster
98888,Mary Ramos
27588,Austin Serrano
89124,Tiffany Frazier
84290,Jessica Fitzgerald
17046,Jesse Davis
95948,Amy Bryant
13043,Danielle Le
54019,Dillon Olson DDS
39096,Angela Alvarez
93771,Samuel Diaz
85307,Eugene Porter
60508,Edward Mejia
17912,Gene Golden
41772,Rebecca Sanchez
40378,Scott Nichols
21172,Max Guerra
14026,Michael Todd
35415,Kaitlyn Hall
27427,Joshua Peterson
64187,Patricia Schmidt
38727,Nathaniel Mitchell
48217,Dustin Singleton
84638,Scott Diaz
68807,Amanda Krueger
80839,Tamara Harding
88892,Emily Nelson
87245,Donna Jones
71267,Bradley Hansen
12149,Jason Orozco
23608,Katie Shelton
22641,Luis Christensen
23785,Christopher Acosta
96458,Michelle Boone
38974,Maria Mcbride
70631,Beth Ruiz
76295,Rodney Hopkins
79396,Joyce Levine
24859,Joshua Moreno
28025,Edward Green
60968,Spencer Wright
40727,Ashley Smith
93745,Trevor Taylor
45953,Trevor Fuller
76097,Jennifer Schwartz
21325,Patty Sanders
56206,Ronald Fox
75031,Juan White
87200,Mrs. Kristin Watson
29033,Annette Brown
74755,Heather Kim
47481,Troy Malone
15578,Amy Jarvis
74717,Nicholas Scott
83798,Michael Wise
37492,Gregory Shelton
70832,Patricia Stephens
32559,Mary Brooks
60387,Amber White
96862,Miguel Reid
16390,Anthony Nelson
81365,Robert Hale
98396,Melissa Bowers
15194,Kelly Ingram
56039,Kathleen Terrell
91875,Caitlin Lloyd
55875,Kristina Roberts
82715,Joyce Ray
42556,Ann Mcguire DVM
36760,Geoffrey Wolf
49847,Monica Chambers
53169,Tiffany Strong
57148,Lisa Jenkins
46124,Brian Juarez
92892,Lori Wilson
51786,Kyle Clark
59469,Aaron Petersen
30282,Felicia Stewart
72138,Samantha Brown
32104,Austin Moore
43785,George Williams
72395,Christopher Baker PhD
58005,Kelly Chang
23901,Howard Ramirez
12161,Benjamin Wagner
81555,Robin Maddox
17111,Sonya Coleman MD
94961,Alexis Patton
72775,Lindsey Burton
87615,Ralph Jackson
31339,April Smith
57717,Helen Green
74863,Joshua Hancock
43927,Crystal Silva
60816,Mitchell Beard
55545,Jonathan Coleman
93922,Lisa Brooks DDS
77805,Kristine Moran
15455,Emily Moore
42347,Brandi Miller
90814,Andrew Boyd
68319,Nicole Terry
36122,Tony Williams
26239,Ms. Heather Powell MD
75511,Tasha Caldwell
92334,Linda Elliott
42539,Keith Vasquez
83106,Angela Lopez
84354,Chad Kennedy DVM
25061,Beverly Jackson
14034,Cheryl Moreno
16087,Clayton Hall DDS
26896,Beth Moore
38188,Nancy Green
12444,Laura Butler
19001,Emily Cain
62061,Alyssa Rojas
88223,Michael Newman
38475,Margaret Joseph
35078,Lisa Adams
88172,Guy Navarro
10221,Patricia Meyers
82630,Brandon Rodriguez
87363,Timothy Rogers
71503,Robin Shields
83697,William Kirk
48831,Courtney Mitchell
17022,Kimberly Oneill
39695,Bruce Ford
93826,Sean Flynn
53789,Joseph Elliott
66242,Stephen Rodriguez PhD
70781,Jasmine Rodriguez
88174,Miss Rose Mcdaniel
99793,Angela Keller
33356,Carly Olson
10897,Antonio Owens
83155,Brent Cooley
43344,Kelly Charles
23986,Jonathan Roberts
81726,Brian Watts
80873,Anthony Harris
95002,Dale Williams
26573,Adam Shah
22146,Mason Turner
98963,Paul Rodriguez
38757,Shannon Li
65201,Dr. Terri Sloan
99268,Chris Martin III
37642,Sherry Jones
80166,Mrs. Elizabeth Henry
54620,Elizabeth Brennan
90739,Raymond Lynch
64570,Laurie Wilson
28016,Charles Caldwell
11338,Bradley Hunt
59877,Leslie Fisher
55862,Tracy Montgomery
37541,Briana Matthews
57818,Valerie Sanford
24101,Tina Nelson
66348,Christopher Gilbert
97154,Brett Whitaker
27673,Russell Bowman
26865,Shannon Williamson
21928,Frank Pace
73420,Connor Reyes
46469,Mrs. Jessica Sanford
64906,Sarah Graves
77393,Mr. Gabriel Khan
80789,Kelsey Keller
34859,Kayla Johnson
65206,Malik Wilkins
99284,Krista May
52515,Daniel York
70884,Breanna Crawford
97898,Amanda Phillips
77897,Joseph Frazier
20161,Melinda Donaldson
89528,Frederick Wood
89505,Jeffrey Jackson
42417,Pamela Manning
88068,Benjamin Anderson
36982,Wesley Turner
10125,Tyler Winters
35307,Michael Joyce
45098,Lisa Lozano
11621,Alison Harrison
67675,Jennifer Riggs
21007,Kyle Moore
72688,Megan Morgan
72760,Ray Leonard
17101,Beverly Davis
16788,Barbara Weaver
66239,Sheila York
47958,Tammy Charles
75363,Lori Gardner
93781,Diane Davidson
92178,Kathryn Bishop
82870,Tiffany White
62813,Ms. Jasmine Allen
33216,Charlene Davis
92451,Victoria Ellis
10136,Bryan Hodge
49614,Cameron Patterson
21769,Frank Long
17429,Alexander Shelton
30069,Amber Harrell
71544,Ralph Dalton
55354,Holly Nelson
57935,John Myers
32532,Cameron Reyes DDS
11399,Brandon Grant
79356,Jennifer Hobbs
45327,Michele Lee
37510,Alexis Wallace
55985,David Mcgee
93144,Vanessa Murphy
55879,Beverly Barton
71563,Rebecca Burton
67813,James Fry
91383,Sarah House
75148,Christopher Ellison
81963,Jeffery Hansen
19205,Cheryl Long
63320,Ashley Watts
87050,Russell Beard
15246,Terrance Anderson
24115,Jacob Allen
51856,Dillon Palmer
45037,Selena Reid
32824,Amber Bartlett
92500,Jeremy Henry
93414,Mary English
50914,Mary Green
87300,Brianna Rios
37650,Leon Jackson
27287,Danielle Perez
68038,Rebecca Montoya
48732,Marc Warren
51128,Alejandro Peterson
76106,Erin Weiss
54573,Vicki Meyers
35917,Todd Mcbride
50435,Mrs. Kristen Lozano MD
14964,Thomas Valenzuela
78195,James Tanner
14191,Andrea Mcclain
52358,Jennifer Allen
39686,James Berger
79141,Aaron Cohen
31073,Holly Schwartz
74731,Michele Ford
59548,Nicholas Adams
11489,Blake Montoya
18081,Rebecca Decker
33625,Rachel Sherman
57602,George Lewis
20233,Rachel Fleming
86865,Marissa Roberts
15021,Christina Yates
34722,Erik Wood
91732,Daniel Morrison
76223,Joseph Santana
49007,John Cardenas
88468,Melody Hart
91101,Mr. Austin Martinez
55289,Heather Nichols
92602,Kathy Parks
51290,Jessica Alexander
19382,William Lam
79477,Alicia Bates
67301,Dave Perry
31306,Frances Smith
39420,Jonathon Carr
65389,Michael Cox
65645,Luis Hughes
60414,Seth Myers
93209,William Carter
83834,Monica Morris
39522,Adam Reed
85022,Lindsay Smith
50251,Kathryn Adams PhD
69938,Michael Stewart
19216,Nicole Hamilton
33086,Rhonda Stewart
88956,David Espinoza
76833,Bethany Mcgee
82729,Jacob Wilcox
71758,Brandon Wyatt
35128,Chad Ho
94689,Megan Bryant
84794,Natalie Simmons
28385,Ricky Lucas
37941,Mackenzie Edwards
15808,Tyler Clark
23276,Angela Martinez
70080,Corey Villarreal
16568,Amber Foster
57827,Erica Pierce
21451,Timothy Kemp
10598,Martin Parks
59463,Sandra Smith
54747,Lauren Miller
68813,Jonathan Russell
96627,Jim Collins
79493,Brian Sims
76715,Monique Peters
18979,Randall Smith
74838,Benjamin Hall
59505,Christopher Golden
74773,Christian Chan
29887,Samantha Robinson
97412,Richard Hardy Jr.
42279,Jesse Carlson
64924,Kelly Nelson MD
15238,Sarah Hammond
45272,Greg Diaz
70424,Sean Rogers
31950,William Morales
36374,Jack Wilcox
93663,Megan Mccoy
42315,David Perry
38210,Ryan Hendricks
43034,Mary Mayer
55384,Lisa Blake
52889,Sharon Richards
82157,Daniel Erickson
81096,Stephanie Villanueva
73059,Danielle Ramsey
58424,Jordan Hensley
29425,Chelsea Rangel
38736,Grace Hill
87983,Evan Wright
64447,Albert Ruiz
25484,Keith Page
85850,William Gentry
43320,Dr. Lisa Jordan
28936,Elizabeth Wade
80994,Adriana Walker
98677,Kenneth Nunez Jr.
12100,Dominique Rivera MD
72268,Kayla Gay
46188,Andrew Watson
56114,Rebecca Cobb
27773,Monica Doyle
21744,Margaret Rivas
65434,Ronald Harrison
24213,Dennis Coleman
46812,Sean Fitzgerald
99024,Cassandra Fuller
25322,Morgan Reynolds
10807,Judy Mcneil
84345,Randall Ali
92830,Jessica Lee
79021,Allen Baker
90737,Jeanette Bradford
56520,Jay Carson
15814,Joseph Smith
43470,Nicole Joseph
12355,Janet Reid
54836,Brianna Wang
58325,Denise Davis
65753,Timothy Norman
14852,Jordan Meza
47384,Ricardo Jacobs
66800,Kristine Rodriguez
16778,Rebecca Nolan
60434,Jonathan Ingram
49821,Catherine Cook
38948,Gregory Mckinney
32643,Lisa Hayes
22247,Lisa Harris
70948,Scott Marsh
23609,Derrick Nelson
35439,Steven Garrett
30112,Michelle Martinez
33079,Mason Mccarty
16531,Paula Simon
91449,Becky Caldwell
28262,Stephanie Pierce
88076,Alexis Green
41795,Jeffrey Patel
67176,Craig Carrillo
89299,Noah Newman
81586,Bruce Golden
52865,Stefanie Rodriguez
46685,Adam Hoover
95651,Brian Turner DVM
42252,Matthew Rangel
59203,Nicole Cunningham
57688,Nicholas Farmer
98313,Danielle Patterson
80227,Aaron Dickerson
70875,Michael Spencer
92418,Thomas Newman
66422,Dr. Gary Rodriguez
57913,Alyssa Gonzalez
73991,Vanessa Aguilar
77208,Matthew Cervantes
30018,Steve Mcintosh
98200,Mrs. Jennifer Rodriguez DDS
68483,Matthew Nolan
56475,Richard Aguilar
76545,Melissa Pitts
34904,Gabriel Shaffer
84523,Allison Ramirez
50994,Christina Mendoza
69754,John Young
10165,Alexis Shelton
13679,Kayla Martin
37304,Alexander Martinez
72274,James Horton
41415,Gregory Hess PhD
15088,Alexandra Wilson
11698,Matthew Martinez
44831,Tara Morris
11191,Seth Padilla
17175,William Jackson
48560,Vanessa Greene
81090,Veronica Anderson
71751,Patricia Spencer
73205,Arthur Villegas
59032,Andrea Little
34896,Adam Gillespie
52999,Michael Henderson
31354,Lindsay Shaw
69021,Julie Roberts
60892,Whitney Hutchinson
27498,Candice Day
86706,Corey Hart
64905,Anthony Hoffman
64689,Denise Camacho
65963,Larry Snow
79006,Vincent Armstrong
73746,Valerie Martin
66218,Karla Byrd
57107,Ronald Ford
76965,Brittany Wood
89940,Tammy Hartman
96888,Jose Craig
68598,Rachel Jacobs
31270,Amanda Nguyen
68326,Abigail Cruz
43676,Donna Hernandez
48459,Julie Ryan
90154,Megan Henson
10630,Michelle Lin
25665,Alexandria Knight
17159,Melissa Lester
18142,Billy Davenport
11291,Debbie Howell
86937,Elaine Baldwin
60907,Jamie Davis
85626,Amy Ramos
90805,Wendy Reed
11811,Brandi Wagner
53275,Crystal Wade
49682,Kenneth Blevins
10769,Sean Espinoza
78844,Dr. Lori Eaton
84995,Claudia Carter
57624,Kyle Hayes
83971,Shannon Meyer
83658,Henry Gibson
58743,Eric Gonzalez
49971,Wendy Hudson
80601,Leroy Levy
36175,Steven Peterson
52124,Nancy Burke
25009,Jacob Ball
42644,Dr. Pam Moore
77488,Ronnie Hernandez
93076,Mr. Bryan White
46823,Lisa Johns
56702,Tamara Ortega
99361,Joseph Golden
58728,Nancy Russell
21161,Monique Diaz
46691,Randy Benitez
88700,Nicole Lewis
93715,James Greene
59173,Jordan Mckenzie
98557,Brianna Lyons
83928,Joseph Bailey
24315,Connie Rodriguez
21552,Emily Price
12310,Keith Robinson
68298,Rachel Noble
53100,Kimberly Ward
31248,Kevin Wagner
64900,Kyle Lin
31342,Mr. Jackson Gonzalez IV
57283,Eddie Burke
54327,Anthony Snyder
57531,Paul Walker
51491,Matthew Dougherty
11376,April Hebert
26258,Lisa Chung
93591,James Jackson
84606,Lawrence Diaz
52617,Angela Washington
64922,Michelle Solis
42793,Heidi Rodgers
21990,Kelly Henderson
25647,Michele Fry
75732,Robert Haas
79743,Nicole Myers
28062,Jesse Porter
20172,Jordan Hernandez
15994,Dawn Saunders
20035,Danny Stewart
31974,Randall Gomez
39053,Russell Lewis
13218,Thomas Rosales
72478,Ronnie Yang
12001,Joseph Little
71775,Randy Mason
68557,Randall Hamilton
18147,Christopher Hopkins
28712,Hannah York
65455,Michelle Cameron
65579,Martha Graham
61290,Bruce Hogan
91626,Laura Price
96499,Jim Ballard
14235,Kayla Long
86819,Judith Greer
33890,Samuel Bryant DDS
77172,Gary Chavez
27322,Nicholas Barnes
39897,Tracey Davis
84651,Sharon Kirby
26204,Olivia Thornton
30504,Susan Martinez
32386,Brittany Bryant
31710,Brianna Finley
85153,Wendy Wilson
67511,Sean Wright
23322,Tonya Morales
72628,Kathryn Pope
83867,Christopher Wilcox
52245,Samantha Bowman
18697,Alexander Johnson
76373,Matthew Meyers
60091,Lawrence Johnson
14308,Veronica Hudson
84795,Nathaniel Ellison
78642,Courtney Robles
68064,Christopher Hawkins
14261,Crystal Graves
66499,Teresa Smith MD
79121,Keith Mccullough
45262,Kathleen Weaver
19693,Thomas Barber
66672,Joel Lawrence
88358,Heidi Snyder
43446,Micheal Hanna
34799,Shane Sanchez
23851,Mary Medina
96076,Paul Gregory
16319,Alexis Thomas
81820,Darryl Hernandez
46327,Madeline Richardson
71792,Kenneth Hamilton
27831,Cassandra Warner
88002,Daniel Graves
74463,Maria Estrada
44717,Sierra Davis
14509,Adam Stanton
59926,Matthew Gross
35666,Stephanie Gallagher
59630,Mr. John Wells
79496,Danny Lopez
27700,Jessica Hawkins
10014,Lisa Rivera
95417,Danielle Reilly
57859,Shawn Trevino
59274,Susan Robinson
96677,Helen Medina
77454,Cheryl Rhodes
62195,Andre Gonzalez
20492,Alison Howard
23643,Bruce Marks
69163,Larry Rodriguez PhD
26324,Stacy Jones
39917,Kelly Howard
78303,Anthony Mathis
90146,Michelle Case
37127,Lori Solis
55055,Sylvia Bryan MD
26942,Laura Ward
20866,Ashley Gilmore
20135,Mary Barron
24858,Steven Vargas
76124,Mrs. Tabitha Greer
44121,Christine Williams
97260,Angela Hubbard
27973,Alexandria Neal
67402,Gabriel Cox
83361,Carolyn Velasquez
46483,Ann Hays
34783,Sharon Wilson
32936,Anthony Coleman
77197,Lauren Page
12185,Wayne Lee
45206,John Holland
31184,Michele Gutierrez
56590,Krista Lopez
25854,Mr. Michael Perez
30941,Nathan Rose
25397,Tanya Warren
95058,Christopher Wilkerson
85353,Jonathan Short
42258,Connie Thompson DVM
21275,Michael Sharp
53000,Denise Burke
77754,Jeffery Patterson
82582,Paul Castillo
91245,April Morales
95225,Jason Freeman
68873,Dana Bradley
41695,Corey Stewart
95379,Michael Jackson
68809,Kristen Morales
23760,Regina Wheeler
46713,Joel Jones
10194,Katelyn Weber
30589,Jodi Holland
13530,Robert Allen
58456,Cassandra Keith
85836,Clayton Mccoy
71407,Seth Johnson
96652,Thomas Chapman
13890,Brittney Mccoy
67118,Susan Barrett
14692,Jessica Baker
90592,Jacob Brown
55043,Theodore Soto
62969,George Espinoza
27370,Amanda Reed
84011,Zachary Rosales
68106,Anna Santos
78774,Devin Collins
97744,Brooke Barber
68062,Ryan Mcclure
18574,Tammy Rios
68134,Ariana King
69332,Jackie Singh
38334,Kristen Arnold
29978,Stacey Schroeder
79930,Whitney Olson
54924,Melissa Bauer
27032,Steven White
88808,Kristina Friedman
71901,Erin Johnson
55342,Donna Ruiz
51160,Karl Snyder
44279,Jeanette Lowery
37164,Meghan Ayers
10130,Edward Clark
71174,Cassandra Vargas
56376,Samantha Lara
62313,Bonnie Spears
69990,Debra Berger
62740,Emily Mercado
77831,Deanna Tran
52560,Jason Murray
13267,Melissa Castaneda
84937,Jennifer Ryan
84213,Pamela Baird
87958,Crystal Ward
51982,Steven Branch
17482,Mark Hoffman
59952,Dalton York
77405,Shelby Hunt
27315,Kristine Martin
72830,Garrett Williams
76341,Jonathan Freeman
72707,Brian Mcneil
20038,Curtis Randall
25773,Brian Ross
67113,Monica Dunn
54841,Adam Norton
53438,Ian Marshall
98652,Alexander White
41698,Christian Snow
11615,James Hoffman
50316,Kayla Cox
44265,Glenda Wilson
70177,Susan Farley
81432,Bonnie Harding
23783,Aaron Mendoza
52606,Colleen Smith
50835,Carla Gilbert
67653,Kathy Larson
38571,Jonathan Sanders
45838,Adam Brady
68791,Tina Cruz
98840,James Graham
57779,Sean Riley
25549,Steven Morales
47115,Stephanie Clark
15592,Scott Horn
55872,Connie Davidson
22505,Daniel Hale
15377,Wendy Banks
75611,Allison Richard
95778,David Frazier
65652,Adam Pena
73040,Jasmine Baker
70347,Joan Daniels
86093,James Armstrong
75211,Brandon Blevins
84849,Sean Dyer
65942,Anthony Willis
74332,Taylor Marshall
49107,Julie Williams
93686,Autumn Miller
62190,Elizabeth Jordan
70385,Michael Farrell
93406,Valerie Williams
22850,Kimberly Chambers
51476,David Leonard DVM
94948,Rachel Randolph
25444,Gary Lawson
11988,Joanna Stewart
56857,Alexander Harrell II
33781,Deborah Morales
71232,Paul Beasley
40711,Judith Garza
34543,Adam Gilbert
87525,Jacob Wright
94952,Darlene Owens
81602,Jean Fernandez
61407,Bobby Schmidt
51405,Emily Bradley
80045,Dr. Anthony Johnson DDS
70214,Eric Rivas MD
50171,Kristen Russell
76690,Darius Strong
47566,Ashley Garcia
38581,Laura Arnold
95772,Timothy Rodgers
64003,Kelly Hart
32919,Larry Kelly
24396,Timothy Lowery
70061,Mary Soto
29249,Sean Zimmerman
15188,Jared Obrien
34670,Allison Beasley
91464,Emily George
99350,Douglas Blankenship
53215,Michelle Crane
49452,James Soto
80365,Gary Hooper
99249,Lisa Franco
67799,Ann Lee
26556,Anthony Dickson
72968,Derrick Newton
84310,Hannah Young
29129,Joseph Foster
93277,Lee Sanchez
99433,Natalie Mitchell
80361,Sara Coleman
22669,Colin Mcdowell
74703,Sabrina Campbell
59600,Angela Parker
75723,Peter Morgan
21539,Rhonda Perkins
74833,Sherry Greer
91886,Colleen Mitchell
24865,Seth Owens
75449,Katherine Good
13446,Jacqueline Porter
94741,Manuel Fitzgerald
72927,Joshua Davis
52052,Erik Lewis
54156,Ashley Collins MD
81033,Jeffrey Holmes
21413,Lance Thompson
80142,Jacob Zhang
83280,Tom Castro
62219,Gina Weeks
18112,Kirk Gregory
91484,Kim Murillo
39374,Blake Donovan
75164,Erin Cox
80258,Robert Atkins
62858,Eric Bowman
88063,Jamie Grant
44417,Carrie Rodriguez
29157,Michael Martinez
62992,Donna White
92243,David Roberts
24344,Don Smith
59607,Danielle Brown
44129,Craig Davenport
11813,Raymond Kirby
92532,Crystal Beasley
17652,Edward Cummings
78075,Blake Ford
22802,Clifford Lindsey
98601,Renee Foley
68358,Andrew Black
78871,Caitlin Thomas
52452,Nathan Dillon
41697,Holly Johnson
32397,Rebecca Richardson
86954,Jeffrey Perry
50341,Deborah Castillo
62709,Douglas Mccarthy
78151,Timothy Harrison Jr.
41205,Hunter Daniels
16698,Dr. Miguel Haley
56106,Crystal Mckenzie
31630,Joshua Terrell
91385,Jessica Mahoney
78379,Dakota Gonzalez
45165,Darlene Chen
12738,Jordan Long
88527,Monica Mejia
65842,Zachary Harris MD
59644,Mark Brennan
17295,Mr. Kevin Campbell
67238,Jared Garrett
43037,David Koch
62023,Rebecca Roth
64168,Amy West
67286,Jodi Cooper
72353,Teresa Johnson
94109,Thomas Gutierrez
60713,Christopher Weber
35948,Jessica Curry
28663,Christina Smith
61642,Christine Hammond
15702,Jon Davidson
84040,David Banks
37915,Douglas Watts
83631,Mrs. Shannon Ellis MD
18328,Michael Carney
36672,David Lee
60331,Brenda Mcintosh
61116,April Velez
53822,John Fitzpatrick
90916,Lisa Johnston
91969,Stephanie Bryan MD
40894,Janice Gibson
89108,Sherry Davis
39446,Samantha Newton
89186,Marie Adams
50375,Ryan Cook
54458,Carrie Howe
37202,Elizabeth Dalton
60790,Alexander Taylor
91762,Randy Patel
29119,Mary Wagner
22530,Gabriel Perez
15842,Regina Perez
48237,Brandi Jones
21495,Dana Werner
68121,Angela Edwards
17560,David Dickson
87054,Alexandra Austin
75621,Charles Wilson
83773,Kevin Estrada
12083,Sierra Parker
54275,Erica George
26372,James Guzman
84778,Karen Lopez
56482,Anthony Ward Jr.
87450,Tanya Roberts
34607,Frank Hunt
96061,Bryan Ward
76107,Kathleen Bradley
17235,Steven Fernandez
25936,Ricky Smith
38856,Emily Figueroa
43846,Kristina Jimenez
57592,Victoria Cain
74691,Peter Rocha
42898,Katherine Reese
28929,John Morton
98642,Hannah Davis
17452,Jennifer Taylor
47508,Jeanette Byrd
21327,Kelsey Mckenzie
71918,Michael Gregory
90410,Brandon Carpenter
17481,Carlos Ruiz
22759,Kenneth Vega
54766,Jacob Carter
45624,Kayla Adams
15880,Chad Blake
63594,Amy Bennett
38117,Melissa Walker
15413,Jessica Atkins
17656,Valerie Ramirez
62761,Michael Mcintyre
11118,Regina Stone
22506,Julie White
63900,Jody Ward
65007,Manuel Hatfield
97204,Eric Alexander
42743,Jennifer Bell
44668,Tammy Torres
87583,Jeremiah Waller
30167,Jennifer Green
36458,Mitchell Gibson
28184,Henry Hutchinson
54123,Belinda Adams
80549,Mary Elliott
19200,Brandy Oneal
56017,Paula Lopez
59585,Johnny Long
53744,Patricia Garza
38911,Nancy Martinez
91259,Brian Kennedy
95853,Mr. Marco Aguirre
65696,Ashley Johnson
99856,Katherine Lee
62462,Phillip Jones
62715,Wesley Dorsey Jr.
92782,Paul Dennis
67611,Johnathan Schwartz
87676,Michael Larson
85073,Sheena Torres
54580,Melissa Erickson
42424,Kristen Compton
49757,Darlene Whitehead
33431,Jonathan Mack
80214,Heather Kennedy
50037,Dan Love
21481,Deborah Mcclure
46135,Melinda Stephenson
54135,Bruce Ryan
88980,Kenneth Pratt
82763,Virginia Holland
38794,Jennifer Holland
38284,Dale Wagner
75000,Joe Hayes
37586,Wyatt Booker
57135,Deborah Taylor
22461,Mrs. Bonnie Baxter
44654,Carol Davis
17704,Cynthia Delacruz
62031,Eric Moore
26544,George Frederick
18516,Randy Fletcher
59789,Jordan Hoover
12042,Rhonda Moss
70953,Felicia Kemp
56654,David Woodard
33993,Brett Smith
75472,Taylor Clements
72778,Morgan Sexton
40141,Robert Simon
42707,Andrew Joyce
49150,Vanessa Braun
54078,Jessica Eaton
72741,Carrie Woods
44255,Jay Sanchez
27087,Sharon Brown
74353,Jordan Campos
43492,Danielle Black
28153,Randall Barrera
68690,Crystal Strickland
98609,Nicole Cantrell
94294,Crystal Jackson
14780,Philip Patterson
18872,Derek Tucker
61837,Walter Simon
19974,Peter Phillips
61471,Wendy Li
96274,Robert Lynch
83965,Jonathan Taylor
59056,Daniel Norton
59455,Johnathan Peters
60778,Robert Hess
26087,Rachel Hernandez
40134,Bryan Padilla
44021,Tina Thomas
26026,Lauren Mosley
69694,Corey Krause
19118,Matthew Burke
23207,Ralph Blackwell
58272,Cassandra Smith
94669,Shannon Cruz
17296,Jessica Sanchez
70179,Joy Clarke
49620,Valerie Miranda
71119,Seth Hernandez
76396,Joshua Wolf
96853,Crystal Casey
52238,Gloria Riddle
73028,Diane Ruiz
26864,Brandon Hamilton
56700,Stacy Thomas
24757,Brittany Ellison
35436,Brandon Howard
67451,Dustin Patel
72431,Andrew Parsons
25640,Sarah Sanders
69420,Lori Mitchell
77698,Shane Mullen
59698,Bradley Price
21054,Bonnie Mcdonald
45454,Daniel Christensen
63037,Darin Williams
66867,Christopher Schmidt
61270,Donald Herrera
18585,Frederick Powell
36413,Jonathan Sullivan
53616,Jason Charles
14633,Matthew Powell
56255,Lisa Pratt
59327,Steven Summers
47533,Angela Garcia
14319,Henry Russo
81873,Austin Holden
84039,Cole Holloway
15405,Erin Butler
42493,Theresa Gordon
96745,Christina Knapp
80872,Melinda Rice
89264,Jamie Grimes
35769,William Moody
43285,David Harvey
51175,Sharon Haynes
12599,Austin Rollins
31071,Christopher Hood
97847,Henry Wilson
43895,Sharon Harris
20747,Alicia Salazar MD
36557,Michelle Navarro
92266,Megan Hamilton
33497,Sandra Petty
49733,Sarah Morse
35225,Rachel Weeks
72000,Nicholas Hall
18456,Jeffrey Morgan
62093,Jessica Grimes
13810,Evan Wilson
44842,Timothy Brown
54115,Peter Cantu
62818,Madison Burke
62529,Kimberly Yates
93754,Brian Williams
21304,Erik Callahan
98263,Charles Harris MD
25715,Heather Mccarthy
82756,Carl Sanders
96095,Samantha Leon
19484,Janice Murray
80425,Anne Campbell
19817,Anthony Goodwin
18380,John Pineda
79041,Lisa Patel
90135,Tina Day
63984,Gregory Mann
25793,Kenneth Gonzalez
19601,Robert Edwards
28949,Michael Mccoy
22760,Carl Good
58813,Michelle Woodard DDS
11341,Yvonne Hunt
69972,Alexander Bell
37192,Anthony Owens
98728,Jonathan Kramer
13537,Lee Brown
97880,Wesley Short
33413,Michael Singh
43440,Briana Elliott
92282,Jeffery Brown
13079,Eric Cisneros
65612,Cameron Adams
41111,Adrian Frazier
76164,Connie Terry
17477,Gregory Johnson
74288,Lisa Haynes
42478,Curtis Smith
34731,Gregory Buckley
96228,Joanna Harris
45612,Ms. Angelica White
46028,Kimberly Villegas
78851,Heather Reynolds
92512,Denise Adkins
66024,Nancy Brown
45824,Robert Gibson
85695,Ashley Hayes
97185,Jennifer Reyes
54703,Crystal Alexander
38724,Megan Miller
71305,Anita Banks
36416,Kristin Pope
38358,Michael Fitzpatrick
49615,Caitlin Howard
88994,Megan Andersen
55187,David Silva
33110,Matthew Hart
52892,Matthew Bell
29646,William Hudson
90999,Sergio Miller
24582,Anthony Yoder
54092,Courtney Vazquez
65715,Stephanie Kelley
30743,Amy Jenkins
92521,Matthew Davis
71210,Joanne Jones
31999,Randy Edwards
32441,William Hobbs
79901,Brandi Guzman
19708,Erik Ramos
74071,Janet Oneill
55619,Matthew Russell
28372,Cheryl Mcdonald
31172,Denise Johnson
63042,Jeremy Morrison
84881,Roger Owen
52543,Daniel Mckee
82624,Patricia Calderon
74186,Pamela Martinez
85912,Dominique Morris
57718,Melissa Joseph
79706,Raymond Brown
28189,Ms. Jennifer Klein MD
21247,Evan Lee
81931,Megan Jensen
83006,Brian Melendez
51889,Steven Montoya
44150,Danielle Walker
58318,Amanda Rodriguez
93300,Joshua Tyler
89876,Shane Bell
29363,Nicholas Greene
58712,Tiffany Watson
27951,John Riley
35558,John Bowman
86591,Mason Oneill
16963,Bernard Jenkins
23268,Karen Holt
90747,Kylie White
91500,Christopher Cole
85233,Jillian Mccormick
51685,Stephanie Bentley
64615,Rebecca Bradley
43204,Emily Larsen
59959,Anthony Wagner
64975,Cameron Harris
40579,Carla Olson
93593,Sheryl Lee
92474,Daniel Mccoy
18107,Andrew Douglas
24662,Brandy Rose
92543,Troy Becker
33992,Melanie Atkins
25730,Travis Camacho PhD
50509,Alison Cannon
79052,Raymond Ashley
30156,Andrew Mann
98281,William Boyer
38033,Whitney Smith
87001,Jessica Alvarez
20286,Justin Jones DDS
91086,Connie Andrade
59773,Jenna Maldonado
54803,Anthony Rodriguez
33614,Anna Herrera
13922,James Serrano
89377,Brooke Solis
76917,Melissa Chang
27955,Casey Skinner
10331,Dylan Potter
46439,Jacob Ramos
33224,Daniel Alvarez
97197,Kimberly Levy
40455,Eduardo Williams
33437,Michael Stout
88721,Bonnie Rodriguez
91273,James Crawford
24905,Angel Allen
11396,Christina Green
50147,Julia Richards
43494,Christopher Bryant
16562,Henry Mckenzie
85041,Mark Price
93324,Cynthia Vaughan
46709,Karen Manning
90061,Ms. Rhonda Gilbert
11203,Chelsey Williams
76349,Joshua Todd
88211,Melissa Solis
41293,Ronald Sanchez
69774,Brandi Strong
74137,Erica Clayton
53140,Robin Walters
98927,Julie Sullivan
60616,Angelica Richardson
85070,Daniel Swanson
62484,Monica Taylor
57593,Samantha Lane
54282,Susan Morgan
59476,Ian Hunt
13040,Ashley Cummings
77822,Benjamin Richard
60210,Jerry Walton
34890,Jennifer Carpenter
60729,Maurice Mcbride MD
43406,Toni Miranda
48617,Maria Jackson
43124,Bobby Wilkerson
17253,Gary Reynolds
33600,Noah Garcia
49385,Brian Graves
75832,Aaron Flores
66424,Edward Rice
33088,Frederick Manning
90467,Grant Miller
59132,Janet Townsend
72783,Susan Black
29889,Tonya Mercado
41483,Joshua Hunter
58042,Raymond Rose
74801,Amanda King
36212,Steve Thornton
68050,Robert Briggs
58610,Walter Finley
29578,Joseph Li
69158,Charles Mcneil
90257,Steven Harris
24577,Christopher Valdez MD
79283,Melissa Barker
95817,Ronald Freeman
98016,Joshua Taylor
71962,Paul Morris
73774,Jeffrey Clark
76093,Mary Colon
38997,Xavier Spencer PhD
28173,Bryan Reynolds
24564,Noah Price
62020,Joseph Lawson
39532,Tasha Anderson
53565,Corey Myers
25691,Marcia Carpenter
26538,Michelle Dennis
48680,Kenneth Estrada
22268,Samuel Morris
57612,Christopher Rosario
17179,Ann Ray
10187,Johnny Tran
75457,Jessica Stanley
89819,Kathryn Armstrong
83333,Joshua Noble
68239,Cynthia Simpson
38558,Patricia Love
96156,Shawna Boyd
29246,Donna Carroll
81810,Karen Sloan
57481,Savannah Wilson
34465,Kristen Merritt
98572,Michael Frank
55449,Jacqueline Thompson
27371,Henry Owens
54216,Amanda Ward
53266,Bethany Gilmore
58529,Lisa Hendrix
34228,Paula Mcgee
85081,Elizabeth Perry
20687,Joel Holland
45476,Matthew Davenport
22623,Lauren Snow
55474,Dylan Zimmerman
39283,Frank Sloan
78466,Jamie Buchanan
53166,Jason Martinez MD
18964,Devin Mora
39355,Taylor Smith
58483,Mrs. Casey Mann
27390,Amanda Lyons
98994,Troy Reynolds
92463,Alicia Barnes
85719,Anthony Norton
58261,Mrs. Holly Johnson
28480,Kristina Cook
75166,Denise Hurst
34743,Whitney Turner
87559,David Zamora
77434,Laura Short
24449,Micheal Young
56525,Elizabeth Lopez
65613,Robin Davenport
84269,Patricia Bullock
73826,Dawn Russell
65801,Jasmine Welch
44315,Sarah Johnston
47128,Mark Hancock
52364,Mrs. Lori Smith MD
12980,Brianna Henry
16642,Mary Davis
15102,Anna Hernandez
43851,Mike Fisher
59923,Emily Werner
71864,Dr. Angela Brown
66771,Amber Floyd
12007,Michael Estrada
49690,Mary Sims
83695,Joseph Barker
85251,Glenda Foster
93198,Denise Newman
52812,Christopher Torres
62591,Derrick Morrison
70918,Angie Stout
64369,Shelley Baird
86244,Stephanie Richards
32077,Taylor Deleon
68963,Peter Mason
38183,Katelyn Yates
17096,Rebecca West
89609,Justin Camacho
89112,Madison Green
63895,Denise Anderson
16269,Courtney Schmidt
98671,Debra Cortez
58953,Darlene Dixon MD
98902,Barbara Knox
43317,Kevin Fields
44298,Kristy Cook
55614,Paige Contreras
77662,Donna Gutierrez
81654,Richard Nichols
31019,Jordan Schultz
80110,Kelli Chavez
22219,Brooke Keith
20517,Rebekah Wright DDS
69111,James Ayers
67456,Glenn Castillo
32194,Brandon Moss
33777,Gabrielle White
22348,Karen Rivera
39185,Heather Garza DDS
74600,Carolyn Duffy
98502,Tyler Bowers
13075,Jerry Taylor
42242,Tamara Blanchard
12791,Nicholas Warner
99868,Michael Howe
60908,Peggy Jones
58863,Sarah Davis
81834,Jeremy Fry
89389,Cody Guerra
81789,Lori Ramos
97929,Mr. Aaron Armstrong
76299,Christopher Schneider
89165,David Hogan
31696,Paul Mckinney
66150,Joanna Zamora
73920,Philip Porter
43296,Rose Gray
40836,Dr. Jessica Todd
65247,Carolyn Rivers
45044,Jeremy Williams
45739,Julia Wilson
69265,Katelyn Hess
70390,Arthur Gill
30770,Earl Brown
70814,Rebecca Walters
32986,Samuel Michael
25520,Dr. Denise Andersen
11743,Joshua Greer
34115,Brandy Sawyer
16897,Ashley Schneider
97739,Mark Ferguson
68823,Charles Green
17489,Kenneth Cobb
14185,Crystal Butler
33520,Jose Taylor
82566,Corey Rios
58511,Juan Coleman
52547,Angel Dominguez
40859,William Moss
57805,Stanley Andrade
71078,Laura Walker
46145,Patricia Cox
82338,Lauren Carter
73699,Joshua Allen
17776,Kristina Castillo
68184,Betty Alvarez
40188,Patrick Martinez
73801,Shane Romero
31565,Marcus Ortiz
44225,John Browning
68726,Andrea Joyce
25932,Jessica Fletcher
61658,Courtney Sharp
26177,Dr. Douglas Holmes
88121,Jeffrey Buchanan
74397,Cindy Martinez
45526,Ashley Soto
92277,Bill Lewis
49210,Daniel Shaffer
46607,Phillip Bennett
54945,Rebecca Moore
54963,Karen Snyder
33198,Jared Martinez
26716,Julie Ramirez
59958,Gwendolyn Allen
75554,Corey Flores
33747,Daniel Moody
45623,Ryan Jensen
88175,Timothy Burgess
76763,Mark Evans
89947,Mrs. Amy Mcgee
80355,Patricia Ortiz
72410,Rachel Turner
38784,Michael Estes
55597,Michael Daniel
62982,Jennifer Bailey
29947,Gail Solis
36011,Tony Harper
29691,April Cordova
93632,Joseph Cole
84332,Amber Gray
24933,Savannah Rasmussen
36906,Michael Holland
70455,Kevin Williams
63902,Edward Henry
90804,Denise Perkins
41429,Alexandra Myers
95404,Sarah Long
50918,Corey Pineda
76650,Elizabeth Kim
62991,Denise Vasquez
22857,Jacob Cross
65538,Walter Byrd
21523,Karen Sanchez
97946,Janice Mclaughlin
82212,Tiffany Bennett
17739,Anne Green
40100,Jamie Lewis
65198,Emily Chambers
47246,Mrs. Sandra Jackson
70930,Daniel Ramirez
75553,Heidi Berry
65458,Alicia Nichols
78022,Derrick Zavala
20854,Charles Campbell
36021,Briana Parks
54412,Daniel Hunt
36250,Sandra George
16849,Denise Carlson
74464,Randy Carter
98791,Andrea Tran
26821,Ashley Kirby
19698,Roberto Conrad
87977,Terry Gilbert
51379,Cynthia Hubbard
67334,Mr. Robert Clark
29433,Jessica Ramsey
14025,Felicia Gonzalez
61516,Eric Wright
19816,Marisa Miller
30565,Kayla Black
86192,Michael Woods
59702,Joseph Howard
22235,Donald Weaver
58778,Alicia Harris
12095,Bradley Brown
39319,Kevin Garcia
77378,Warren Schroeder
16535,Alisha King
75124,Jaclyn Taylor
89088,Stacey Lara
12943,Bradley Poole
20580,Tammie Rivers
52051,Tara Fletcher
60273,Marcus Franklin
93937,Jimmy Ho
99708,Travis Reynolds
90669,Keith Hardy
60204,Joel Young
98893,Louis Brown
48984,Lori Scott
77801,Benjamin Wallace
96271,Lisa Day
24407,Sherry King
51172,Jeffrey Austin
78406,John Lane
44053,Carrie Martinez
41147,Emily Graves
67327,Angela Walker
56166,Lynn Hamilton
10209,Robin Jones
51852,Brittney Dawson
60394,Marcus Mcdaniel
30396,Joshua Pacheco
40338,Timothy Hendrix
93898,Madison Bell
57353,Kaitlyn Freeman DVM
32283,Ann Weaver
95075,Lori Ryan
64290,Mrs. Sarah Huang PhD
64660,Briana Alexander
48802,Kyle Fischer
50203,Mrs. Felicia Vargas
85448,Gary Rodriguez
51380,Jill Prince
57865,Grace Padilla PhD
46943,Jody Hall
83022,Michelle Collins
88261,Luke Gonzalez
34430,Mr. Jeffrey Hansen
85781,Jasmine Davis
10801,John Green
56990,Christopher Buckley
61912,Nicholas Branch
33332,Karen Morales
53725,Danielle Barker
83956,Gina Owen
18129,Allison Simmons DDS
38013,Lacey Clark
27106,Peter Braun
35403,Roy Parker
15012,David Harrell
47035,Samuel Foley
82475,Meghan Watson
17808,Courtney Sutton
84722,Heather Mitchell
70809,Patrick Burnett
17687,Zoe Bailey
11996,Jeremiah Huffman
30729,Evan Mann
93866,William Vargas
45601,Eric Holloway
19250,Raymond Hamilton
84366,Michelle Price
99172,Howard Bailey
79162,Timothy Nelson
75775,William Galloway
48951,Ashley Jordan
41453,Joseph Harrison
12871,Daniel Cruz
76253,Cynthia Perry
14920,Joseph Henry
14203,Jordan Hughes
83387,Kelly Meyers
10038,Jonathan Fields
85305,Sarah Hayes
45549,Steven Huerta
95469,Sarah Hawkins
32050,Morgan Herring
60087,Michelle Ball
94976,Carl Hernandez
92703,Ashley Schmidt
53951,Megan Wilson
56815,James Moore
70747,Jessica Boyd
31505,Bobby Shannon
60134,Cody Evans
35659,Clayton Morris
58674,Brenda Roy
92879,Lori Taylor
42416,Kelly Kelly
25656,Darren Barnett
52686,Kimberly Newton
17000,Claire Blake
95598,Matthew Hanson
63047,Lynn Kirk
26112,Ms. Dana Vasquez
42206,Emily Beasley
59411,Marisa Stevens
93075,Kevin Murray
42499,William Baker
12102,Tyler Rodriguez
21972,Alan Haynes
35682,Brian Reed
55565,Joy Sheppard
13359,Scott Singh
93323,Brittany Allen
92376,Jose Lin
58033,Anne Hart
19406,Kyle Callahan
53224,Robin Matthews
75780,Amy Cook
31257,Jamie Santos
14356,Rebecca Williams
40606,Tanya Douglas
69137,Dr. Abigail Wheeler
89911,Mark Bender
32774,Cynthia Williamson
99044,Madison Anderson
60115,Benjamin Reeves
49537,Andrew Goodman
55054,Bryan Reeves
15506,Jack Alexander
70838,Howard Smith
37856,Nicholas Macias
27852,Jason Buchanan
66741,Sydney Johnson
90655,Robert Rios
78932,Michele Hayes
68709,Michael Moreno
54732,Brandi Alexander DVM
73957,Megan Herman
37051,Shawn Payne
49405,Cody Pennington
38905,Ann Wood
94839,Dr. Phillip Miller
11132,Seth Curry
68095,James Diaz
41756,Stephanie Mckenzie
51138,Allison Love
32709,Jodi Fox
63111,George Keller
25336,Eileen Bright
59195,Kevin Jones
89452,Gerald Stevenson
20375,Timothy Chan
70067,Tamara Rojas DDS
87709,Shane Hoffman
15660,Dawn Campbell
17415,Mariah Pacheco
96235,Paul Jones
15565,Kevin Woods
79660,Leslie Martin
30600,Mario Little
83742,Julie Roman
85995,Thomas Larsen
88130,Kyle Davis
96839,Pamela Davis
96487,Jeffery Murray
44473,Jason Ward
45502,Michael Terry
54863,Tiffany Fisher
54660,Caitlin Leonard
86124,William Garcia
14097,Jorge Miller
43823,Mr. Jose Rojas DDS
99897,Lisa Fernandez
46104,Monica Wolfe
20514,Phillip Haas
10645,Robert Cameron
91863,Thomas Chase
22729,Kimberly Morrow
12816,Lori Potts
95388,Jermaine Hoffman
27564,Michael Sandoval
70489,Robert Banks
66903,Anne Bradley
30904,Joseph Schwartz
73871,Edward Johnson
93750,Sara Jennings
94510,Jill Navarro
83740,April Kennedy
98134,Breanna Perez
80208,Timothy Dorsey
47420,Colleen Ayala
85033,James Perez
75679,Todd Walker
86555,Karen Lara
74993,Mark Olson
56517,Kayla Burton
48234,Megan Gamble
17896,Roger Jackson
48342,Richard Flores
27913,Tracey Robinson
12635,Joy Sullivan
53373,Darlene Mccall
68007,Brittany Hodges
23425,Kimberly Ramirez
26038,Mitchell Wood
65750,Rhonda Ross
28927,Jonathon George
91241,Bryan Richardson
96204,Amy Mcintosh
54591,Brian Gutierrez
81229,James Rodriguez
42464,Donna Price
43999,Ian Ryan
80115,Ashley Hanson
17236,Tiffany Perry
58179,Chad Rodriguez
40864,Wendy Dean
69880,Tina Keller
46274,Bobby Walker
62768,Travis Walker
67302,Jerry Olson
28233,Bob Robinson
22649,Ashley Perry
98742,Jasmine Nguyen
32245,Cindy Bauer
72500,Amanda Olsen
47830,Cynthia Price
65740,Nicholas Gibson
45593,Russell Rodriguez
61987,Kristina Black
83352,Wendy Nelson
98773,Tina Duncan
15695,Erica Phillips
42596,Michelle Sharp
78671,Marc Jones
61502,Andres Tran
26575,Anthony Walker
42066,Brenda Wyatt
11296,Barbara Beasley
67778,Samantha Ballard
22005,Heather Gomez
40179,Darren Rodriguez
12087,Joshua Guerra
56587,Christine Sandoval
37948,Susan Dixon
17673,Nicole Bryant
57246,Elizabeth English
42074,Daniel Soto
65560,Angelica Davila
41825,Johnny Palmer
20976,Crystal Matthews
44614,Brian Zuniga
58264,Paul Webb
95774,Victoria Zimmerman
61235,Brian Pitts
37978,Ryan Ross
80490,Adam Fox
16217,Adam Stark
56235,Jenna Martinez
92609,Terry Williams
78661,Natasha Mcpherson
63453,Veronica Warren
60978,Jeremy Page
11092,Barbara Leonard
42751,Robert Watson
20271,Teresa Martin
24502,Terry Martinez
73252,Ashlee Welch
83743,Kelsey Dixon
75308,Matthew Guzman
40158,Mrs. Barbara Hall
86389,Oscar Willis
47073,Lori Johnson DVM
36832,Jessica Malone
88349,Lori Moody
71736,Angie Garrett
92392,Stephanie Reynolds
81851,Abigail Cervantes
92760,Rebecca Mayo
99359,Ashley Moss
56959,Laura Bates
36900,Terry Johnson
30154,Shane Davila DDS
59014,Mark King
92401,Mr. Andrew Mann
55990,Ms. Taylor Kane
42627,Rodney Wagner
91734,Gregory Burgess
68802,Amber Evans
78770,Ethan Johnson
78537,Thomas Richards
42421,Valerie Moore
32303,Alexandra Nichols
13169,Barbara Lawson
25099,William Francis
23431,Andrea Mendoza
20099,Teresa Wiley
88385,Kevin Andersen
97080,Mary Howell
95997,Misty Young
82361,Donald Dodson
23827,Heather Young
10266,Mrs. Rebecca Kim
68479,Caleb Guerra
89724,Garrett Campbell
40298,Jesse Garcia
39152,Rebecca Barnes
80363,Kayla Perry
18534,Patricia Estrada
12808,Danny Barnes
72536,Colleen White
89674,Diane Washington
13729,Nicole Walters
70476,Brittany Ray
92922,Charles Blevins
80644,Kimberly Watkins
12069,Michelle Hernandez
63702,Vanessa Lewis
82889,Emma Miller
33012,Kyle Wolf
20315,Dakota Peters
66812,Maria Vargas
81022,Chad Rojas
91041,Manuel Smith
87626,Carrie Olson
73254,Justin Olsen
73841,Brandon Ellis
68866,Willie Fischer
20995,Tamara Pham
34425,Brenda Thompson
87032,Benjamin Gomez
43420,Jason Mcpherson
40976,Paul Fernandez
99490,Steven Rios
97911,Jonathan Rodriguez
41765,Daniel Mccormick
60776,Mary Dunlap
58714,Jason Taylor
94636,Kyle Garcia
91053,Alexandra Young
42138,Joy Watts
21754,Brendan Wagner
81970,Wayne Marshall
83343,Jennifer Lewis
39920,Ashley Archer
24719,Robert Moore
81341,Chad Boyd PhD
16331,Susan Carter
28921,Jon Bright
73607,Christina Dean MD
65620,Teresa Nelson
70558,Joshua Hart
89153,Cristian Gray
78335,Sean Bradley
97763,Brenda Hayden
65769,Michael Fletcher
58823,Michelle Anderson
80562,Eric Vargas
82945,Trevor Garcia
54373,Richard Scott
18466,Jennifer Meadows
79156,William Hamilton
19127,Anthony Dunn
25166,Erin Carter
41526,Zachary Norris
87558,Jacob Lee
51867,Sean Hicks
85598,Deborah Frazier
45278,Alexis Flores
31745,Amy Vincent
66439,Kathleen Woodard
40621,Brianna Griffin
78456,Kristi Pierce
35232,Jeffrey Huff
66065,Aaron Ross
38470,Barbara Huynh
22398,Tyler Guzman
60443,Sandra Espinoza DVM
79170,Kristin Savage
18239,Tanya Morgan
66998,Jacob King
37344,Bradley Rojas
93433,Brad Everett
26453,Victoria Davis DDS
87430,Casey Williams
47721,Andrea Edwards
71440,Peter Hicks
71327,Patrick Mann
32078,Patricia Ruiz
47863,Cynthia Waters
14910,Amber Lawson
96492,Raven Schmidt
77121,Debra Sweeney
33856,Richard Davenport
18554,John Frost
11299,Thomas Chavez
60404,Howard Walker
67676,Joel Mcintosh
51640,Amy Bender
81037,Timothy Moore
77850,Laura Bell
85318,Mark Valencia
84730,John Velez
33422,Jacob Bell
46941,Meghan Freeman
93828,Jonathan Patrick
75896,Angela Maldonado
56870,Kayla Taylor
27678,Tyler Hendrix
70238,Stephanie Choi
63768,Ryan Allen
19380,Jonathan Fleming
49738,Thomas Dalton
35243,Peter Horn
53022,William Herrera
95109,Michelle Wright
79719,David Rivera
64787,Tara Larsen
59902,Melissa Townsend
25473,Danny Mcconnell II
45042,Alexis Brown MD
87454,Jordan Mathews
92340,Garrett Barnett
87825,Danielle Singh
72075,Rebecca Meadows
22100,Jason Powers
15590,Crystal Lopez
97752,Olivia Hill DVM
42914,Carolyn Smith
72727,Tiffany Phillips
25134,Theodore Schmidt
22045,Scott Taylor
42187,Brandy Matthews
46652,Denise Watts
76889,Mark May
31557,Angela Brown
79420,Brian Peck
18962,Melissa Wallace
44891,Jim Miranda
86067,Jasmine Petersen
56919,Mallory Nichols
26296,Natalie Fox
59544,Taylor Jones
26424,Gregory Murphy
50628,Briana Morton
72467,Wesley Hale
88921,Devin Austin
85823,Diane Foster
68979,Stephanie Lopez
65784,David Douglas
72226,Kelly Rhodes
66025,Cindy Mckinney
62914,Katelyn Gonzalez
16371,Robert Goodwin
13835,Angelica Anderson
88992,Robin Flynn
12632,Darren Kelly
43799,Erica Hunt
93112,Angela Davis
57108,Eddie Glenn
73812,Kenneth Garcia
94119,Caitlin Gardner
59532,Amy Black
17587,Dennis Ruiz
82592,Austin Brown
30223,Adam Hall
57685,Tamara Richmond
29515,April Arnold
43919,Michele Lambert
76729,Casey Walton
26935,Michael Yoder
91534,Timothy Kent
43020,Brandy Schmidt
74321,Steven Villa
47851,Natasha Bartlett
49558,Eric Rogers
40078,Diane Roberts
73089,Jenna Owens
51216,Elijah Phelps
23777,Joseph Chambers
20928,Rebecca Frank
73217,Jill Burnett
26359,Donald Underwood
99688,Laura Hughes
89330,John Hawkins
82463,Brian Turner
82367,Haley Rodriguez
13039,Christina Mccoy
50603,Stephen King
20952,Alicia Wallace
45478,Donald Ingram
28876,Nicole Bell
39386,Tyler Daniels
75779,Katie Ellis
84265,Alan Jackson
14371,Melissa Perkins
50035,Deborah Donovan
15977,William Wright
43369,Rebecca Romero
98104,Cindy Hall
49886,Hailey Reynolds
66790,Kara Lopez
71973,Brian Becker
16793,Sandra Hartman
67284,Jonathon Barrett
52033,Justin Mendez
67615,Jessica Neal
34458,Pamela Schroeder
79478,Julie Curtis
85234,Jerry Harrell
66259,Melissa Franklin
81126,Crystal Lee
22610,Jason Shannon
75728,Thomas Moss
50246,Donald Jensen
79535,Lawrence Martinez
66876,Eric Singleton
49198,David Herrera
29924,Christopher Downs
11658,Maurice Smith
12135,James Durham
38809,Amanda Watts
62955,Chris Jones
91536,Julie Baker
41598,Lisa Clark
89211,Pamela Mckee
61017,David Fritz
21165,Patricia Thomas
19038,Samantha Burns
23773,Timothy Webster
80718,Brian Aguirre
84825,Paula Nguyen
41101,Andre Murphy
62243,Jeffrey Cole
19244,Jean Brown
12753,Amy Leonard
44497,Lindsay Jordan
47685,Andrew Foster
44055,Pamela Potts
33602,Marissa Hodges
49780,Sean Wilson
62689,Margaret Ramirez
89503,John Warren
67976,Colleen Bailey
34113,Shirley Robinson
54777,David Kennedy
39237,Ashley Lara
96340,Jill Chandler
75758,Nancy Combs
31267,Kenneth Vazquez
69138,Mr. Keith Murphy DDS
43538,Jerry Robinson
21166,David Carter
13334,Debra Byrd
48298,Timothy Harding
68048,Stephen Cross
22869,Brent Flowers
97507,Tyler Boone
63355,Laura Mendez
43978,Charles Chavez
16401,Alyssa Nguyen
43531,Matthew Lutz
59070,Jeffery Warner
75887,Christopher Roach
40202,Justin Weaver
84003,Shelby Huffman
46323,Eric Weeks MD
84010,Roy Cook
62819,Brian Johnson
53794,Olivia James
99642,Mrs. Ashley Phillips
14470,Mr. Jason Patel
73087,Sherry Reed
60676,Kathryn Poole
44494,Anthony Williams
82331,Caitlin Miller
16758,Amanda Marquez
14809,Patricia Mercer
43007,Ann Kennedy
26994,Dakota Leonard
22523,Jenna Matthews
80544,Amanda Wu
35884,Cameron Gallagher
95170,George Thomas
73435,Rita Gordon
70650,Kenneth Leonard
76271,Tom Cooper
95322,Richard Washington
75532,Brittany Stewart
57290,Joseph Johnson
32279,Mr. Ruben Schmidt
54824,Ashley Obrien
13363,Brittany Davenport
51435,Alexander Flores
97979,Mr. Cameron Steele
76003,Barbara Nelson
92606,Courtney Owens
66588,Victoria Middleton
36297,Amy Jennings
83665,Jose Chang
82410,Wayne Cooper
68725,Riley Torres
15441,Ruben Porter
83981,Lydia Bennett
71600,Christopher Dyer Jr.
10026,Eric Robinson
41025,Jennifer Silva
20595,David Howard
43754,Cassandra Gutierrez
27997,Chad Schaefer
70878,Susan Young
84423,Vanessa Hoffman
25353,Thomas Henderson
16612,Sharon Lindsey
89521,Ryan Hall
62528,Jacob Pineda
28139,Bradley Fischer
11272,Thomas Coffey
66063,Allison Moore
57781,Melissa Peterson
94505,Autumn Barker
82900,Natasha Petty
52691,Christine Dunn
32380,Mr. Marcus Wall
40741,Justin Rivera
40127,Samantha Mueller
10268,Ms. Amanda Mcguire
71398,Melissa Frye
94576,Kelly Carpenter
75033,Aaron Owens
67398,Lisa Romero DDS
97962,Anna Ball
38208,Jackie Hernandez
52753,James West
94261,Becky Donovan
50923,Lindsay Cox
67810,Michelle Dean PhD
70843,Terri Hoffman
77966,Robert Carr
70182,Thomas Oliver
30639,Curtis Sampson
49141,Bryan Ibarra
17371,Kathleen Moreno MD
28178,Bradley Holmes
54034,Sheryl Burns
73816,Robert Donaldson
76367,Samuel Pugh
41421,Jacob Love
26665,Danielle Bush
70591,Aaron Richardson
30041,Amanda Dawson
62779,Crystal Adkins
67482,Michelle Haynes
48866,Donna Brown
96468,Gregory Ray
17447,Pamela Phillips
35826,Natalie Steele
98667,Brandon Hensley
51490,Robert Colon
59650,Sandra Barr
73422,Amanda Hodges
36768,Ashley Chaney
59009,Gary Flowers
61982,Tricia Pearson
86153,Brian Swanson
59420,Barbara Burns
84064,Joseph Cruz
54784,David Wong
48043,Ashlee Smith
25279,John Soto
48691,Sarah Clark
13824,Tiffany Stone
43959,Brittany Sanders
24938,William Young
89079,Steven Edwards
59504,Virginia Hall
78097,Stephanie Davidson
59356,Marissa Dennis
60938,Daniel Cortez
77967,Juan Velasquez
12117,Glenn Waller
10561,Derek Vasquez
14271,John Long
16654,Jordan Martin
25511,Chad Snyder
43012,Alan Shelton
37769,Nicole Evans
54199,Timothy Espinoza
18321,Timothy Rivers
22165,Rebecca Joyce
36258,Kristina Perkins
63856,Tony Robbins
50824,Latoya Clark
72112,Joshua Baker
88327,Tracey Kidd
96764,Monica Mcgee
28236,Dana Price
20781,John Phillips
17142,Chelsea Underwood
33741,Henry Elliott
96913,William Yang
16146,Gail Ibarra
92821,Raymond Wright
50859,Tanner Weaver
76892,Nathan Barber
44131,Jean Banks
62638,Mckenzie Wagner
82968,Bradley Stone
93893,Rachel Riley
74067,Mary Cruz
14336,Kayla Fisher
61948,Michael Logan
37038,Christopher Vasquez
25036,Jeremy Collier
88887,Oscar Armstrong
33680,Mathew Vaughn
19735,Tommy Young
91725,Laura Love
36815,Franklin Williams
92344,Christopher Gonzalez
95216,Teresa Castro
85265,Timothy Clark
87115,Martha Morgan
93120,Alicia Scott
50028,Deborah Norton
65292,John Moore
41325,Anita Christian
84161,Marvin Mcgee
48401,Donna Sharp
43436,Ashley Haynes
17068,Sheila Henderson
80002,James Rhodes
52078,Benjamin Huff
64460,Nicholas George
14960,James Obrien
55177,Joe Martin
72273,Tiffany Stokes PhD
45075,Julie Tapia
37430,Edward Soto
41536,Rebecca Montgomery
38609,Heather Medina
25419,Kevin Morgan
60439,Lisa Taylor
20033,Alan Macias
55603,Jerome Waters
62136,Justin Lewis
80665,Kevin Osborne
43571,Garrett Holmes
69203,Amanda Cline
30582,David Lyons
62109,Terri Bowman
49755,Anthony Hill
39806,Eugene Perez
33312,Kimberly Berry
32924,Ricardo Jimenez
91791,Marco Smith
18111,Jessica Carr
38583,Amber Carter
86274,Ian Cole
83919,Lauren Bowen
52786,Kenneth Norris
23435,Walter Nguyen
25485,Jose Porter
57296,Jennifer Larsen
65533,Kathy Johnson
23559,Dana Anderson
89668,Priscilla Mcbride
59376,Mary Kim
17356,Amy Stout
43540,Robert Conley
84973,Trevor Cooper
61818,Jessica Andrade
44392,Timothy Bell
83659,Theodore Jacobs
79688,Susan Miller
62681,William Gonzales
10872,Christina Henry MD
24730,Matthew Aguilar
76493,Nancy Garcia
94951,Kara Foster
30812,Angela Kim
50759,Michael Cross
25395,Daniel Haas
29610,Margaret Adams
10909,Derek Jones
93880,Suzanne Vega
37914,Janet Dean
27769,William Randolph
90356,Renee Doyle
27199,Catherine Mason
64501,Nicholas Booth
56476,Mrs. Alison Clark MD
90282,John Bright
47166,William Roberts
34026,Connor Jacobs
28955,Eric Odonnell
82130,Michelle Baker
57641,Ronald Powell MD
75230,Nathaniel Henry
18602,Kyle Griffin
54530,Andrew Contreras
39822,Joshua Cook
19015,Lee Savage
75279,Alexis Li
45268,Elizabeth Howell
90042,James Cervantes
61961,Hector Gaines
86114,Kayla Williams
61027,Martin Cruz
46922,Tara Braun
81638,Frederick Smith
95259,Daniel Maddox
84396,Shane James
21780,Bruce Gonzalez
41664,Jerry Rodriguez
82127,Sarah Haynes
94850,Derek Nunez
36177,Samantha Juarez
64405,John Gallagher
95262,Eric Waters
68416,Larry Tucker
39476,Dennis Page
82168,Tamara Taylor
45369,Elizabeth Fitzgerald
29922,Andre Blanchard
67871,Sarah Griffith
69458,Linda Jennings
67936,Courtney Williams
66919,Valerie Jimenez
49487,Sharon King
75318,Caroline Baker
33880,Stephanie Sanchez
64927,Denise Shaffer
26650,Jacob Baker
29848,April Bell
56626,Gary Cook
21859,Kelly Moreno
35778,Sara Sweeney
33076,Donald Tran
82324,Samuel Mcbride
33755,Andrew Flores
56356,Paige Lester
51427,Brandy Gordon
72980,Michael Pope
61222,Sandra Whitney
63944,Leroy Henderson
71766,Kenneth Brown
92578,Alexander Christian
71323,Luke Moore
75503,Jeremy Meza
75531,Vanessa Waters
40366,Jonathan Esparza
80460,Morgan Jackson
94011,Jacqueline Weeks
75288,Christine Eaton
52342,Christina Lawrence
67996,Angela Anderson
50731,Yvonne Cortez
33908,Kayla Barr
21352,Allison Nguyen
58301,Tina Gonzalez
33916,Darlene Smith
14455,Antonio Davis
69815,Timothy Hampton
47878,Cynthia Kent
47530,Donna Hayes
90476,Wayne Lawrence
18679,Joe Romero
70279,Andrea Brown
23329,Melissa Pearson
74151,Tiffany Hill
49740,Dustin Myers
91894,Kristina Jones
41672,Kerry Bryant
95803,Heather Chambers
93911,Martin Rodriguez
27828,Kristin Hays
55092,Gary Martin
40439,Ashley Rivera
30348,Michelle Tucker
60664,Jordan Garrett
58430,Lisa Martinez
51983,Angel Braun
11950,Morgan Malone
61470,Jim Cline
57285,Shawn Davidson
11732,Daniel Peters
43398,Ricky Garcia
53288,Michael Leon
45851,Samuel Anderson
16128,Curtis Sanchez
87064,Mr. Phillip Perez
90508,Billy Monroe
74345,Frank Bowers
49204,Cindy Roy
81816,Rachel Harris
55252,Judy Butler
36294,Stephanie Mcclain
97853,Jill Johns
83640,Cynthia Reid
97134,Kenneth Allison
16532,Shane Bryant
52931,Anne Mcfarland
33676,Kenneth Woods
84714,Johnny Scott
19721,Gary Cruz
98507,Erin Carroll
21048,Ashley Pratt
29904,Paul Lee
19196,Daniel Tucker
67262,Heidi Jones
73866,Joel Henry
65146,Mr. Juan Edwards
79465,Jo Kirby
78711,Jeffrey Dixon
57468,Cheyenne Duarte
46099,Steven Nguyen
58377,Danielle Scott
51949,Sherry Bass
30509,Joshua Howell
35681,Amanda Alvarez
49197,Mary Henry
58384,Brenda Middleton DVM
52297,Dr. Melissa Dougherty DVM
11858,Angel Jones
21258,Nicholas Hanson
24640,Christopher Baxter
69311,Anne Daniels
37375,Nancy Warren
23180,Regina Lam
34015,Bradley Phillips
61809,Jacqueline Miller
31051,Jared Powell
75213,Jeremiah Beard
33468,Cassidy Parker
12601,Miguel Wright
41663,Timothy Wilson
84863,Robert Pearson
11039,Michael Rodriguez
21276,Michael Adkins
83462,Alyssa Jenkins
94330,Austin Myers Jr.
95323,Jason Wilson
95424,Julie Rivers
64681,Kevin Mccarthy
86322,Rachel Robinson
72632,Jeffery Owens
83097,Mark Holloway
96347,Jessica Watts
14932,Kyle Skinner
66478,Jennifer Wilkerson
11461,Joann Rowe
29769,Michelle Marquez
12145,Dylan Jones
32331,Juan Curtis
81893,Teresa Smith
65335,Kathleen Mosley
26445,James Buck
31676,Zachary Weeks
98670,Nicholas Douglas
93001,Tina Ford
28012,Gilbert Soto
14098,Janet Nelson
25382,Dorothy Miller
84542,Erin Welch
30344,Jessica Young
46387,Carl Finley
23399,Lisa Lam
10531,Michelle Small
85394,Nicole Simpson
59348,Jeremy Harris
97426,Chelsey Baldwin
84663,Heidi Burns
29706,Robert Foster
20181,Emma Yang
35978,William Graves
44501,Jane Owens
67366,Cody Frank
61899,Laura Barnes
62390,Corey Estrada
70583,Mrs. Taylor Hansen MD
87860,Robin Mclaughlin
84133,Katrina Henry
45891,Jessica Soto
56849,Susan Key
35105,Jeffrey Logan
99201,Natalie Mahoney
55441,Taylor Barr
28282,Justin King
31833,Elizabeth Luna
85807,Timothy Powers
80379,Taylor Buckley
91553,William Fritz
88119,Tyler Beck
67399,Eddie Silva
45452,Crystal Rogers
49849,Tricia Ferrell
68784,Matthew Frazier DDS
56037,Jeffery Bowen
44577,Michael Ellison
40106,Steve Lynn
38799,Nancy Gilbert
33502,Arthur Lane
73512,Linda Jones
25241,Paul Johnson Jr.
46175,Patrick Gonzalez
73226,Dana Ferguson
14895,Catherine Johnson
19819,Jacqueline Kerr
29136,Katelyn Turner
69253,Brandon Young
40612,Ryan Anderson
67328,Alexander Nguyen
94603,Erica Serrano
77060,Terry Faulkner
91767,Tracy Curtis
28840,Terri Wilson
85144,Holly Johnston
71609,George Ayala
30388,Russell Mays
58186,Dr. Brenda Williams
65199,Maria Kelly
86712,Jessica Cantu
75905,Jennifer Cabrera
61325,Kenneth Frazier
87376,Beverly Sweeney
98663,Kimberly Flores
54553,Jonathan Hunter
31983,Courtney Hernandez
90433,Wendy Perkins
56688,Jonathan Johnson
91893,Matthew Perry
96208,David Melton
18249,Christina Russell
46141,Savannah Jacobson
31968,John James
28639,Zachary Wallace
83196,Abigail Glenn
91008,Ashley Glover
38170,Laura Howe
41961,Melissa Delgado
72013,Olivia Allen
64902,Edward Orr
42441,Jennifer Sutton
49154,George Chaney
95240,Brenda Casey
61032,Meredith Moore
15923,Michele Jones
69481,Sharon Elliott
69159,April Hays
24929,Antonio Harper
64292,Lisa Palmer PhD
71742,Amber Martinez
63572,Ms. Sharon Rhodes MD
55838,Richard Vasquez
52910,Ashley Hines
90131,Erin Adams
71059,Alicia Herman
93115,Ronald Christensen
67788,Jodi Sanders
66510,Lauren Merritt
30896,Heidi Kim
99987,Cynthia Edwards
82942,Sergio Campbell
57070,Anne Miller
84369,Heather Page
47162,Michael Trevino
28759,Dana Roberson
66971,Colleen Lopez
82570,Sean Erickson
34320,Donna Velasquez
62731,Dr. Laura Butler
24761,Andrea Rodriguez
30016,James Vasquez
58645,Ronnie Thompson
36747,Dorothy Dixon
18928,Barbara Lewis
90652,Alexander Mcdaniel
32700,William Kelley
95659,Melissa Cunningham
75215,Curtis Green
68486,Sandra Lee
10088,Robert Beasley
85907,Patrick Day
85343,Holly Ford
61262,Stephen Rosales
75643,Christina Fuller
78991,Mrs. Diana Holland
65616,Eric Patterson
76541,Theresa Cunningham
56973,Kaitlyn Todd
92226,Angela Rhodes
39480,Brian Olson
25551,Adam Barrett
35494,Mr. Robert Moore
70013,Rebecca Hall
78484,Justin Graves
61202,Jeffery Nguyen
73464,Rachel Jones
65641,Amber Stephens
77019,Michael Blackburn
45249,Elizabeth Brown
76491,Courtney Benton
24688,George Andrews
97560,Angel Murray
89488,Mr. Adrian Graham
89704,Mike Church
69785,Mark Hicks
58542,Randy Wright
66019,Gabriel Randall
28907,Emily Wade
22385,Cheryl Morris
64350,Greg Huang
99832,Kimberly Cohen
52726,Joanna May
62521,Francis Willis
32937,Mrs. Laurie Stein
76770,Regina Dixon
42951,Daniel Walker
61095,Charlotte Bailey
57298,Ryan Swanson
68046,Kaitlin Mckenzie
82132,Jeffrey Barnett
52298,Steven Castro
85443,Shane Michael
71162,Richard Morris
45033,Ronald Mckinney
81001,Patrick Weaver
58225,Dylan Parker
54498,Taylor Tucker
55968,Peter Burke
91898,Kimberly Rodriguez
58630,Valerie King
21344,Aaron Williamson
43129,Ryan Hernandez
50361,James May
53710,Eileen Harper
15849,Sharon Jenkins
48235,Richard Wood
48764,Dr. Gabriella Foley
16343,Desiree Lopez
23446,Chad Brown
57302,Kimberly Baker
34732,Matthew Parker
48210,Spencer Saunders
55099,Angela Lucas
65618,Emily Dawson
67565,Seth Cantrell
67945,Mark Sloan
88438,Nicholas Smith
91253,Felicia Moore
90714,Shaun Peters
85014,Larry Gibbs
95994,Todd Green
14122,Jonathan Moon
56343,Kaylee Wells
30308,Mr. Scott Riley
83948,Alexander Hayes
17254,Harold Gardner
34626,Dr. Christina Meyers
55295,Tammie Howard
61428,Deborah Foster
93290,Andrew Scott
98258,Caitlin Ingram
22231,Terri White
86803,Leslie Weaver
63409,Jessica Burns
14488,Katherine Hernandez
42329,Mr. Robert Alvarado Jr.
23036,Dorothy Lang
19941,Ryan Tanner
69472,Jennifer Reed
89548,Carrie Lee
27266,Kevin Bryant
20689,Jill Hansen
19519,Janet Jones
91628,Christopher Adams
88960,John Jensen
61254,Craig Schneider
90310,Sandra Hall
97411,Natalie Carrillo
62348,Peter Martinez
50983,Mr. James Benson
41515,Jill Key
75627,Christina Perez
12610,Brian Fleming Jr.
89964,Nathan Stevens
70110,Justin Townsend
68459,Kyle Page
10310,Theresa Best
82846,Bobby Gonzales
40151,William Moyer
14067,Jeffrey Yates
97014,Susan Perez
85593,Alexander Smith
57774,Tamara Rogers
35238,Thomas Ortega
89583,Tanya Perez
32231,Amber Bryant
36499,Bryce Henson
56068,Darren Johnson
15621,Tamara Wells
22838,Jacob Moore
85831,Kendra Hansen
86644,Charles Parker
71587,Cristina Foster
61745,Jay Miller
74099,Nancy Brock
47644,Michelle Underwood
34634,Julia Yang
48324,Kristy Diaz
72864,Darius Gonzalez
30934,Douglas Pierce
81982,Danielle Becker
33454,Mindy Singleton
78731,Christie Lee
17838,Erica Fletcher
17341,Tina Barker
91697,Brandon Wall PhD
97257,Barbara White
49605,Sean Friedman
18797,Amanda Davila
63288,Mary Mathis
70932,Ian Black
47207,Dawn Murray
74393,Michael Fitzgerald
72370,Keith Thompson
38353,Gregory Fuller
10658,Victoria Jacobson
20917,Tiffany Bautista
52420,Michael Joseph
24711,Patricia Pierce
76395,Kimberly Porter
40574,James Webster
32262,Kristin Mullen
36870,Sonya Jackson
76267,Cindy Dean
61537,Samuel King
71430,Hailey Johnson
78437,Ricardo Davis
15187,Kristin Scott
62384,Erica Morgan
51571,Charles Nelson
11442,Jeremy Fitzgerald
42012,John Edwards
55646,Erin Rosario
65484,James King
25323,Linda Taylor
78449,Shannon Robertson
61861,Angela Williamson
61392,Angela Duncan
74091,Mrs. Teresa Simpson
10280,Philip Roman
63268,Whitney Davis
29940,Luis Vargas
89641,Terry Hubbard
61840,Ronald Sims
44207,Mary Jenkins
71000,Mark Perez
38932,William Gillespie
83895,Deborah Bailey
13216,Jeffery Gonzales
76100,Chad Garza
22508,Donald Reyes
45435,Monica Henderson
68706,Mr. Jose Gamble
68215,Andrea Wolfe
74370,Deanna Hodges
30043,Sierra Larson
66481,Ronnie Bell
15721,Jeanne Taylor
71309,James Anderson
91826,Christopher Wall
73840,Joe Medina
83693,Barbara Stevens
77762,Gregory Murphy III
28592,Colton Bryan
69305,Amanda Thomas
11690,Samantha Ingram
98882,Teresa Sloan
85274,Chad Brennan
48521,Casey Perez
13259,Matthew Gomez
39418,Tiffany Nelson
75225,Gloria Wright
10371,Kimberly Roman
58391,Calvin Woodard
97465,Emily Li
35588,Amanda Henry
42448,Ellen Hoffman
91248,James Baird
93256,Maurice Pena
22953,Matthew Chavez
51464,Beth Glover
39025,Jose Zhang
48933,Brandon Wilson
41374,Phillip Shaw
65744,Karen Ortiz
68513,Mark Guerra
19186,Chad Finley
67184,Hector Martinez
92307,Taylor Benson
48447,Timothy Wise
34395,Franklin Erickson
50634,Rhonda Clark
91839,Tracey Russell
78904,Stanley Pruitt
59518,James Hill
94016,Caroline Roach
48582,Kimberly Banks
32107,William Reynolds
92398,Heather Stark
50763,Tonya Moses
44690,Alexandria Hanson
53750,Desiree Edwards
98910,Christopher Ray
96928,Lucas Ortiz
74379,Ethan Peters
36703,William Fisher
95785,Heidi Vaughn
92197,Thomas Rollins
16542,Brett Rosario
86287,Michael Wilson
66059,Blake Hurley
16475,Evelyn Chavez
14994,Lauren Marshall
17860,Kenneth James
52422,Samuel Harrison
35089,David Bridges
51366,Gary Hicks
91277,William Grant
51671,Erin Guzman
58553,Morgan Harper
23931,Brian Ryan
80795,Christie Smith
55256,Danielle Cruz
11536,Tyler Ford
11890,Joshua Kennedy
73029,Nathan Shannon
57914,Phillip Freeman
88342,Stephen Simmons
77995,Sarah Hoffman
27135,Christina Schwartz
15893,Mary Cox
74275,Daniel Daniels
71411,Fernando Robertson
88525,Jordan Snyder
82859,Jamie Boyd
42779,Kelly Kline
14267,Joshua Morales
46366,David Lane
29829,Amy Howard
12004,Sarah Meadows
67681,Valerie Cortez
59215,James Raymond
39462,Joanna Campos
21845,Kaitlin Barnett
30444,Earl Grimes
11691,Janice Henderson
26271,Antonio Howard
83154,Angelica Richmond
97657,Mackenzie Hernandez
84392,Miranda Castillo
57459,Stephanie Moreno
44286,Joseph Ramsey
73791,Tony Patterson
12225,Joshua Vincent
93913,Brooke Walker
72794,Elizabeth Butler
92180,Jonathan Yang
27669,Rick Williams
76789,Sean Reyes
69978,Nathan Gibson
48588,Martin Matthews
41082,Nancy Harris
94713,John Brooks
32703,Jessica Sharp
75945,Nicole Knight
77287,Diana Rodriguez
33271,Julie Lewis
67392,Vincent Gallegos
69337,Rebecca Wheeler
58737,Nina Henderson
79404,Jamie Ferguson
10281,Jamie Miller
66446,James Dixon
88845,Elizabeth Simpson
14391,Dr. William Murphy
49525,Victor Howard
39325,Dakota Lopez
42034,John Christian
79467,Casey Turner
39842,Austin Singleton
80744,Robert Smith PhD
51199,Ashley Ortega
52864,Kelly Simmons
53659,Adam Thompson
45826,Christine Bentley
34757,Ryan Gibson
82417,Susan Wallace
99882,Linda Martinez
68955,Gregory Weber
26876,James Warren
21107,Crystal Love
58532,Jose Mccullough
16800,Savannah Leonard
92765,Adam Goodwin
87759,Crystal Reilly
73438,Michael Bullock
30390,Cheryl Pierce
44621,Shane Shelton
66665,Dana Brock
32039,Jeffrey Wade
14916,Tina Hudson
62394,Lucas Morgan
39958,Beverly Anderson
34947,Joel Walker
61004,Joel Webb
10496,Natasha Kim
89393,David Wood
94283,Christine Bennett
84187,Anthony Daniels
16877,Catherine Morgan
76967,Daniel Francis
99270,Debra Howard
90924,Lisa Waters
67522,Valerie Greer
34056,Kathleen Rodriguez
47141,Lauren Ruiz
33827,Charlene Bridges
47170,Mike Phillips
88920,Tara Greene
84100,Eric Ross
52703,Natalie Harmon
66381,Jesse Nunez DDS
26123,Marc Shelton
72507,Mark Horn
98924,Matthew Conner
96010,Mr. Gregory Klein Jr.
94661,John Ball
49394,Rachel Brewer
62403,Daniel Pitts
32138,Dawn Arnold
86526,Michael Pace
74203,Christopher Matthews
21261,Robin Snyder
86608,Dr. David Richards
40393,Duane Thomas
14778,Scott Scott
10993,Debra Bender
85100,Gina Wallace
67567,Carlos Martin
96552,Roberta Sanchez
90177,Connie Garcia
57089,Wendy Wolfe
96318,Karen Bailey
91593,Nicole Mckinney
31057,Paige Wilson
21817,Natasha King
97276,Carla Fischer
52065,Michael Lyons
10147,Joe Rivera
41694,Evan Pratt
30076,Evan Johnson
81215,Sandra Benton
76829,Chase Wilcox
83717,David Valdez
82514,Andrew Byrd
78617,Michelle Alvarez
33961,Thomas Shaw
33774,Justin Guerra
85328,Susan Villa
22465,Cory Salas
16687,Christine Lee
69218,Anthony Vargas
13097,Andrew Wells
14837,Kimberly Jordan
66803,Elizabeth Green
17831,Aaron Hughes
91496,Amanda Hart
69655,Michael Warner
83675,Savannah Conway
53034,Matthew Brady
10507,Veronica Robinson
81807,Michael Hughes
54447,Sara Burgess
82098,Donald Rivera
23967,Mandy Harris
46259,Mary Acosta
76359,Miss Mary Reyes
52653,Linda Lloyd
39924,Anthony Marks
13127,Matthew Scott
36535,Sharon Hall
66733,Lisa Castillo
83176,Elizabeth Pratt
84880,Michael Gates
49792,Tracy Stafford
81395,Alicia Soto
68808,Anita Johnson
91722,Norma Hansen
74383,Vanessa West
32517,Nichole Sanchez
16271,Mr. Christopher Small
42543,Billy Martin
48909,Shannon Hernandez
22757,Anne Rivera
36048,Ashley Martinez
21652,Bryan Ramirez
76417,Nancy Clark
45339,Kayla Nguyen
54520,Haley Bailey
27434,Cheryl Sanchez
89994,Suzanne Dawson
88538,Erin Dillon
72154,Zachary Simmons
31689,Rose Lane
68801,Jeffrey Castillo
53641,Ricardo Torres
46530,Makayla Smith
90401,Derrick King
21281,Michael Mcneil
40762,Wesley White
99071,Andrea Clark
31706,Dr. Daniel Curtis
46804,Thomas Mooney
33304,Jeffrey Hardin
97818,Mrs. Tammy Nguyen
92868,Joseph Copeland
63814,Alexandria Chavez
58367,April Wells
37298,Austin West
19050,Douglas Davis
28164,Christopher Mooney MD
24799,Victoria Acosta
61366,Theresa Morris
25027,Paige Robertson
67312,Sydney Jenkins
38480,Rebecca Hines
31707,Christopher Figueroa
51726,Lauren Nicholson
87225,Nathan Lee
71979,Jade Rodriguez
36834,Guy Mueller
45081,Billy Rogers
42010,Veronica Lucas
88793,Kerry Jacobs
10029,Danielle Moran
29760,Adam Ayala
39459,Leah Johnson
20207,Deborah Carter
21913,Angela Velez
85174,Austin Dawson
32874,Gregory Lam
34129,Nathan Lawrence
93131,Mark Mcdonald
66744,Bradley Hutchinson
86740,Wanda Matthews
95540,Karen Smith
13277,Rebecca Rivera
45289,Patricia Compton
11905,Maria Johnson
22344,Robert Wong
83755,Dr. Gina Rowe
81580,Amber Daniels
16375,Alexis Rogers
41880,Clinton Stewart
15497,Dillon Carr
95667,Robert Green
33942,Christopher Werner
17952,Danielle Mora
99903,Tracey Beck
84418,Michelle Prince
23910,Lauren Myers
53352,Chris Brooks
47453,Christopher Solis
25929,Alyssa Wiggins
71400,James Barron
86490,Hailey Griffith
37526,Matthew White
93306,Stacey Graham
49490,Melissa Cannon
64184,Casey Brown
25787,Edward Hopkins
17110,Marc Ramirez
37795,Monica Green
48014,Brenda Blair
31376,Colin Garza
81800,Kelly Fuller
10373,Andrew Green
49252,Stacey Cherry
16174,Tami Cooper
72808,Tammy James
17720,Amy Fowler
61168,John Silva
48259,Jacob Sharp
55467,Theresa Ferguson
78185,Zachary Carter
39494,Sonia Pratt
35479,Donna Frank
61890,Amber Sexton
51706,Matthew Hampton Jr.
71733,Carolyn Clark
25948,Paige Butler
13858,Thomas Kim
77705,Lauren Mcgrath
39046,Amy Dominguez
83260,David Griffith
71649,Dennis Gutierrez
23596,Kimberly Davis
42746,Jaime Gibson
70467,Eric Palmer
45196,Katrina Hughes
24148,Nicole Jordan
58412,Cameron Jacobson
80492,Jennifer Poole
87289,Joseph Price
44226,Michael Glass
92987,Roger Shaw
95498,Wesley Morgan
68537,Jennifer Sanchez
74986,William Phillips
68539,Ana Page
21714,Kelly Alvarado
33386,Joshua Hall
96510,Aaron Wang
48346,Richard Clarke
78914,Luis Finley
40671,Melissa Bryan
49188,Lisa Valencia
87018,Christopher Lewis
79236,Lisa Lopez MD
30240,Carlos Klein
32430,Tony Anderson Jr.
61597,Diana Mclaughlin
25830,Cynthia Drake
44689,Carla Rios
58537,Amy Hunter
42361,Megan Marquez
48789,Joshua Martinez
73718,Claudia Cook
70215,Melissa Clements
33572,Betty Brady
40995,Sharon Hodges
47342,Isaac Hines
53982,Joyce Miller
57998,Elizabeth Vasquez
39214,Roberto Martin
83929,Christopher Allen
87508,Danielle Travis
82396,Lindsay Grant
24087,Ms. Jeanne Gentry
47745,Rebecca Finley
32773,Ryan Woodard
99391,Nicholas Johnson
44931,Courtney Gibson
32652,Nancy Grant
96488,Christopher Fitzgerald
77524,Erin Walker
93378,Henry Clark
69257,Shelley Harrington
39666,Amanda Figueroa
27489,Nicholas Riley
28632,Laura Stewart
66908,Peggy Rodriguez
29926,Scott Massey
63632,Timothy Harvey
19234,Laura Charles
37268,Susan Rangel
41364,Erica Howard
38792,Tanner Ferguson
27542,Shawn Reed
11357,Corey Moore
16688,Dr. John Diaz DDS
29589,Erin Howe
16365,Lisa Daniel
88705,Andrew Barrett
41353,Eugene Oliver
13203,Andrew Riley
31758,Bruce Brown
35317,Joseph Obrien
94316,Christopher Palmer
65565,Vicki Parrish
73892,Daniel Carter
37240,Thomas Jefferson
78766,Christopher Jennings
71368,Karla Keller
89494,Stacy Stone
77132,Timothy Lewis
78878,Ryan Wright
66279,Alex Schneider
77924,Katelyn Daniels
32103,Gregory Martin
14102,Kirsten Welch
47432,Dr. Wayne Buckley
61519,Jay Fernandez
76072,Thomas Buck Jr.
81111,Leah Rogers
80114,Christie Bowers
74053,Patricia Green
19301,Tammie Harrell
35377,Alyssa Davis
36368,Daniel Ellison
49674,Jesus Jackson
35963,Amber Collins
51245,Ian Cowan
26890,Albert White
92545,Sarah Cervantes
94722,Julia Salazar
76747,Aimee Moon
67473,Elizabeth Cole
81579,Eric Rivers
63093,Monica Buck
99336,Danielle Morgan
94291,Nathaniel White
51015,Tina Wright
97612,Sarah Reeves
53558,Deborah Romero
66275,Molly Sullivan
76656,Brandi Gomez
49569,Sharon Kelley
80753,Mrs. Renee Morgan
44345,Scott Jordan
20516,Allen Clay
23755,James Strong
32157,Tracy Patterson
13201,Martha Green
39233,Jordan Cuevas
41198,Kaitlyn Smith
24910,Miss Elizabeth Stewart
71360,Patrick Townsend
18301,Dr. Brian Ramirez
72301,Richard Miranda
40015,Stephen Fields
74627,Angela Frost
52646,Brendan Gross
85335,Ashley Werner
85913,Angela Burns
96295,Misty Reid
35321,Erin Freeman
16685,April Davis
44368,Mrs. Amanda Smith
14108,Cassandra Thomas
56776,Robin Price
10443,Amanda Kent
25699,Jacob Bautista
95947,John Peterson
25897,Kristin Anderson MD
41980,Matthew Carroll
71989,Drew Hayes
89404,Randall Brown
92407,Brenda Johnson
11192,Brandon Garcia
30652,Norman Gaines
44010,Douglas Joseph
75227,George Berg
77150,Lauren Wilson
15331,Joseph Haynes
70553,Marvin Thomas
75405,Samantha Wright
62825,Gabrielle Lynch
29344,Erik Johnson
60492,Kelsey Thomas
49543,Shane Chase
16154,Antonio Garcia
37024,Michelle Lester
57306,Mason Roberson
84584,Richard Barron
13811,Katie Bruce
65476,Susan Shaw
49342,Nicole Robinson
91453,Peggy Farmer
33070,Jeffery Paul
24895,Stacy Hall
69522,Steve Thomas
22658,Susan Hernandez
92375,Tommy Tanner
75560,Patricia Casey
76553,Jeffrey Ray
52371,Katrina Hines
86780,Stacy Espinoza
84036,Colleen Duncan
53186,David Robbins
94173,Travis Pugh
51274,Danielle Webster
42604,Andrea Williamson
43684,Allison Thompson
93606,Heather Lawson
57234,Carrie Bowen
63239,Mary Mills
54943,Cheryl Pham
71701,Paul Petersen
45957,Sarah Walton
89021,Michelle Fitzgerald
66781,Crystal Ramos
16300,Maxwell Diaz
90615,Gary Martinez
82656,Darius Taylor
84026,Robert Lowery
42086,Beverly Archer
33247,Gregory King
93980,Jason Molina
22988,Jorge Sharp
86178,Courtney Rodriguez
60807,Hannah Salazar
24791,Anna Cordova
22967,Derek Barrera
95979,Jessica Marshall
65105,Keith Lambert
60202,Kathleen Smith
48804,Christopher Riley
56962,Eduardo Bradford DDS
49724,Brian Nelson
45616,Jerry Summers
91699,William Larson
76576,Jason Weaver
74901,Jacqueline Forbes
84812,Heather Mcconnell
87113,Christian Norman
69147,Caroline Watson
11029,Rachel Brown
17512,Patrick Bates
55834,Gary Robertson
22820,Brandi Kelly
53007,Aaron Lopez
67239,Mrs. Sarah Fernandez PhD
63302,William Greer
53184,Bradley Williams
11771,Peggy Stevens
49795,Marc Murphy
82147,Denise Bean
36462,Jo Peterson
51947,Edward Myers
31621,Megan Allen
13460,Marc Mccarthy
38873,Roy Yoder
47727,Lee Davis
68512,Brian Thomas
79812,Chad Sanders
97269,Peter Tran
85535,Douglas Luna
35034,Andrew Davidson
85934,Emily Ford
32184,Colleen Howell
76409,Brandon Underwood
45886,Matthew Hoffman
27943,William Harper
94943,Noah Martin
42348,Cynthia George
80118,Eric Nunez
97768,Joshua Pham
15676,Suzanne Escobar
69081,Jonathan Reynolds
42512,Troy Garcia
97322,Leonard Lee
80575,Cheryl Gibson
13586,Natasha Church
40117,Victor Patterson
98568,Maxwell Miles
44045,Leslie Mccarthy
31380,George Thompson
21503,Stacy Rowe
63488,Cory Levine
52461,Connie Leon
94052,Stephanie Morrow
41900,Patricia Acosta
39008,Jacqueline Garcia
77604,Tyler Warner
42353,Jason Downs
95684,David Bauer
55547,Hayley Christensen
43928,Jackie Barry
91942,Paula Vang
54069,Blake Williams
78769,Gerald Richardson
96237,Jorge Rocha
66038,Margaret Baker
36643,Amanda Ramos DDS
83261,Keith Rocha
82805,Dr. Tyler Ortiz
82584,Kevin Hendricks
45896,Mr. Jonathan Diaz
20156,Michael Blevins
12725,Tamara Frazier
53124,Connor Kelley
31641,Pamela Marshall
59103,Makayla Moran
30800,Michael Bowen
84163,Kyle Williams
16909,Steven Ruiz
76610,Mary Douglas
27365,Mary Rocha
75208,David Dunn
15724,Dr. Stephanie Taylor DDS
75181,Tiffany Hernandez
68075,Denise Warren
27745,John Mccall
48935,James Levy
13353,Cynthia Gomez
56115,Donna Anderson
87299,Sara Wilson
25856,Hannah Huff
64764,April Hooper
86370,Natalie Terry
79899,Caitlyn King
34815,Kristopher Mccarthy
92036,Melissa Barrett
38233,Matthew Fuller
25765,Lisa Myers
33970,Timothy Vaughn
77564,Thomas Freeman
96671,Heather Castillo
90675,Kaylee Coleman
43354,Douglas Nelson
48923,Anthony Hughes
66178,John Roth
78168,Suzanne Allison
61282,Darrell Little
38755,Arthur White
10983,Sarah Gibson
75301,Scott Cain
14586,Douglas Hampton
77728,Philip Taylor
93653,Mario Bolton
50070,Ashley Warren MD
55692,Kelly Reed
66126,Karla Elliott
70254,Jordan Banks
61267,Todd Morton
25935,Kelly Serrano
45590,Justin Rodriguez
26344,Aaron Lynn
64029,Angela Hunt
34825,Thomas Contreras
25523,Megan Ortega
30296,Joel Olsen
25744,Lawrence Moody
11639,Cynthia Phillips
73228,Marvin Walker
20809,Kelsey Hernandez MD
28455,Angela Haynes
29582,Logan White
80829,Jackie Edwards
88910,Tara Acosta
89699,Terry Wood
91566,Billy Cook
61195,Diana Sweeney
98813,Jill Tate
48698,Amy Wilson
32727,Stephanie Klein
45663,Taylor Cox
41934,Rhonda Padilla
92624,Becky Gonzales
87875,Donald Boyd
53344,Emily Matthews
88156,Gina Berry
90680,Karen Gonzales
19722,Ruth Price
29234,Timothy Fry
89255,Susan Mahoney
77380,Joel Oliver
78381,Eric Hebert
10763,Tiffany Rasmussen
81884,Courtney Smith
14453,Brittany Farrell
11172,Amanda Berger
88493,Kathy Kim
70900,Jesse Watkins
98676,Mark Beasley
12990,Mr. Eddie Bennett II
22574,Kerri Anderson
34349,Eduardo Rowe
18925,Ryan Reyes
54008,Kelsey Weiss
72342,Marcia Lewis
46450,Chad Austin
85131,Janet Hernandez
82913,David Benton
83559,Eric Wang
63904,Mr. Dennis Hernandez
33859,Sonya Stewart
44480,Lynn Jennings
82530,Eric Khan DVM
94038,Diane Jackson
72354,Darlene Dalton
36110,Angel Clarke
76076,Mrs. Nicole King MD
40003,Michael Mckinney
55039,Bryan Williams
90097,Regina Mejia
95518,Nathan Ramsey
16867,Tina Cooke
17050,Rhonda Mcdonald
14959,Johnny Kramer
78421,Dennis Hart
55393,Elizabeth Cox
49288,Matthew Galloway
97727,Sandy Burns
21894,Kelsey Carr
73344,Ashley Summers
85688,Timothy Schneider
78741,Shelby Larson
60402,Patricia Rios
27547,Kelli Welch
44807,Jill Benton
50017,Megan Pearson
28167,Claudia Powell
85106,Shawn Blanchard
96664,Daniel Richardson
51914,Chris Mendoza
98042,Kristi Martinez
33120,Alexandria Christian MD
14951,Mr. Michael Hoffman
83183,Nancy Hernandez DDS
63050,Mary Spears
89362,Erica Henry
32418,Rachael Kline
48168,Julie Contreras
13796,Jennifer Pruitt
60515,Jacqueline Washington
53899,Kimberly Meyers
66894,Raymond Davis
26775,Katelyn Garcia
24770,Michael Blair
25607,Jimmy Brown
49016,Daryl Best
34785,Michael Clark
51561,Kevin Taylor
48231,Karen Bean
53058,Beverly Watson
69320,James Mathews
94868,Todd Luna
75495,Corey Navarro
29595,Ashley Santos
72565,Miss Jessica Mccoy
47782,Melanie Ayala
58247,Veronica Boyle
12923,Julie Brown
67816,Randy Nichols
27026,Ashley Craig
20391,Joseph Coleman
61790,Ann Clayton
17006,Bradley Parker
85689,Brittany Elliott
67595,Joshua Russo MD
85476,Rebecca Ho
78948,Renee Medina
99809,Daniel Flores
45913,Pamela Jones
67016,Chase Reyes
24108,Peter Wiley
60396,Angie Hernandez
83224,James Clark
98607,Jason Watson
45311,Bianca Li
78748,Amy Wilkinson
65149,Teresa Phillips
98906,Kayla Craig
28811,Russell Jordan
49371,Melanie Hooper
64448,Jasmine Gibson
23224,Morgan Wood
23017,Hannah Spencer
49280,Jonathan Robles
75283,Ryan Buchanan
63804,James Nguyen
58785,Robin Rodriguez
81950,Krystal Lambert
59814,Sherry Palmer
81062,Penny Singh
76796,Jose Barber
30641,Megan Delacruz
51768,Donna Lloyd
62684,Bradley Koch
35880,Dr. Sandra Irwin
66245,Jeffrey Hernandez
71995,Christy Rodriguez MD
34544,Edward Dominguez
25067,Tony Crawford
97180,Alexander Richardson
76613,Amy Calhoun
19754,Dr. Vanessa Dennis PhD
92090,Elizabeth Mendez
57955,Rodney Ruiz
46928,Matthew Gray
40531,Nicole Harris
91217,Mrs. Jessica Lopez
45051,Jessica Cooper
59440,Jennifer Johnson
55811,Caroline Ray
48024,Andrea Vega
13468,Erin Maxwell
88895,Dominique Hendrix
88381,Paula Fernandez
15183,Carolyn Shaw
89517,Barbara Reese
54050,Jillian Anderson
25535,Jacob Wall
77336,John Gomez
87312,Miranda Long
68103,Lindsey Baker
42985,Lori Cochran
61149,Dr. Whitney Jackson DVM
77292,Jason Cardenas
48454,Michael Bridges
56911,Amy Watson
52689,Alexandra Soto
19334,Michael Harper
75597,Nathan Miller
84748,Bobby Osborne
72603,Kevin Massey
51511,Erin Liu
72473,Brian Chavez
84294,Bianca Carter
11007,Angela Clayton
56595,Debra Krause
20713,Tyler Hicks
33804,Sheila Brown
31886,Eric Kelly
72486,Kathy Rich
11636,Amanda Gonzalez
67904,Zachary Young
46079,Elizabeth Juarez
90078,Alan Watkins
67205,Laura Thompson
28999,Mark Terry
84419,Gregory Scott
11927,Kayla Wilson
56360,Melissa Fletcher
85639,Michelle Weeks
29525,Michael Lin
29140,Katherine Holland
96178,Katie Aguirre
95074,Jerry Wells
97654,William Cortez
87413,Paula Jacobson
96255,Allison Wallace
19927,Craig Dennis
39157,Christina Johnson
10670,Joseph Glass
78810,Isabel Jones
20051,Beth Cross DDS
23305,Tyler Velez
27604,Shane Peters
52025,Megan Walker
16357,Krystal Obrien
74171,Mark Flores
83980,Regina Jensen
63264,Brian Coleman
30115,Mr. Tommy Mora
46842,Mrs. Sara Parker
67459,Molly Paul
27076,Nicole Garrett
92731,Eric Gray DVM
59040,Brittany Holmes
28419,Thomas Jennings
55850,Jaime Brewer
12293,Thomas Moyer
52041,Ms. Terry Johnson
86484,Lisa Boyd
95687,Joshua Brock
17780,Marilyn Fox
48812,Catherine Salazar
63293,Dr. Anthony Griffin
34730,John Walker MD
22166,Joshua Gutierrez Jr.
38953,Stephanie Brown
48313,Michael Jefferson
26413,Victor Smith
92640,Mr. Michael Vega Jr.
42210,Christopher Wyatt
53957,Bryan Lewis
62439,Daniel Hogan
46571,John Cook
40498,Kristen Williamson
32562,Denise Snyder
28436,Karl Colon
37493,John David
27654,Heather Bass
32508,Tara Harper
96330,Mrs. Jane Erickson PhD
29645,Valerie Myers
96559,Luis Ferguson
61632,Caitlin Morse
97275,Patricia Walker
87681,Troy Wilson
46260,Anna Horne
98175,Amanda Keith
40710,Heather Robles
21794,Brian Savage
96450,Jeremy Mcdonald
99555,Amy Castaneda
39044,Carl Nelson
36894,James Walker
94156,John Solomon
32068,Joshua Burns
41431,Cameron King
58639,Benjamin Lyons
25474,Cristian Hill
67018,Samuel Mccoy
61206,Bradley Sellers
95458,Holly Reeves
21611,Brandon Nicholson
76635,Brian Hanson
71026,Shane Murray
94547,Brendan Ward
66838,Johnny Baldwin
37074,Ian Fitzgerald
71753,Amy Garcia
80098,Jeffery Palmer
60995,Brittany Ballard
66066,Roberta Newton
63343,Monica Watson
90190,Kendra Shea
39060,Diana Powell
20610,Nancy Petersen
84823,Zachary Santos
96479,Lynn Tran
28200,Brenda Villegas
56935,Kelly Ruiz
76099,Natalie Hammond
25578,Mary Holland
35809,Bryan Abbott
12757,Thomas Richmond
60579,Megan Thomas
32072,Gregory Nguyen
82884,Erica Fleming
58058,Cheryl Allen
51183,Kimberly Diaz
88082,Andrew Hayes
18000,Michelle Pugh
10292,Judy Hudson
23947,David Gonzalez
11534,Anne Ingram
44159,Christopher Klein
41490,Cassidy Harris
76155,Kayla Woods
22478,Mary Harrison
29041,Steven Reid
22823,Aaron Turner
68020,Chelsea Brown
50567,Candace Berg
25117,Alexandria Mccann
92702,Mary Alvarez
18445,Phillip Davidson
44466,Deanna Ingram
18164,Miguel Chavez
82184,Rodney Spencer
92849,Danny Poole
98602,Kyle Palmer
15576,Wesley Wright DDS
99161,James Wallace
85406,Michael Kramer
60178,Amanda Buchanan
24600,Nicholas Wright
66742,Kayla Barker
68936,Mitchell Brown
36013,Maria Rivas
72583,Raymond Lam
12467,Maria Wise
14863,James Ward
82083,Margaret Patel
27869,Scott Lewis
80764,Tara Rios
74055,Manuel Moreno
65076,Alicia Crawford
63437,Susan Douglas
88492,Samuel Khan
68839,Justin Rice
44898,Frank Morales
82393,Nicholas Larson
55942,Christopher Holt
69536,Anthony Wright
55237,Denise Bryant
39840,Tamara Whitney
98506,Jeremiah Miller
36605,Tiffany Parker
33318,Maurice Ortiz
32159,Deanna Cox
86319,Dawn Maynard
95569,Kathryn Woods
17015,Dean Lee
98777,Briana Harvey
47857,Jason Kaufman
99789,Mark Chan
92181,Jennifer Obrien
90900,Jerry Shea
90183,Caitlin Sharp
39211,Peter Reese
10902,Dr. Kristina Sutton
55805,Samantha Lewis
82762,Victoria Hines
10914,Dean Vaughn
25165,Mr. Kyle Lewis
75585,Charles Barr
83457,Laura Neal
44777,Samuel Sanchez
59076,Nicholas Ritter
76167,Kyle Torres
27957,Jessica Mckay
51682,Nicole Hill
58410,Patrick Jackson
73652,Michael Walker
73358,Abigail Krueger
83936,Andrew Stewart
60040,Laura Wagner
67446,Pamela Nichols
83195,Joel Garza
90270,Daniel Williams
73119,Marissa Scott
16752,John Andrews
72700,Zachary Morgan
28523,Diane King
34446,David Mclaughlin
88995,Mr. Nathan Martin
21292,Jared Campbell
15135,Tara Martin
50797,Dr. Austin Lewis
28360,Amanda Rivas
55261,Keith Green
28252,Brenda Huynh
50774,Mrs. Samantha Russell DDS
51136,Ronald Lewis
30106,Samantha Medina
33248,Aaron Ramirez
45346,Stephanie Poole
31573,Christopher Herman
53635,Samantha Miller MD
33505,Sheila Patton
27664,Roberta Keith
48144,Carlos Berg
98622,Mallory Smith
50153,John Reynolds
53622,Matthew Morrison
54195,Colin White
65213,Leslie Koch
19184,John Meyers
19116,Alice Hardy
45809,Curtis Kim
81666,Kimberly Simon
74361,Julie Hart
18821,Gregory Hart
93776,Tonya Gonzales
30684,Christopher Bauer
78129,Kristen Branch
31856,Susan Lowe
61725,Pamela Pearson
86724,Alexander Torres
35931,Laura Richardson
43543,Jane Weaver
52878,Nicholas Pierce
96655,Sarah Mclean
77650,Catherine Sanchez
39829,Terri Nicholson
55911,Deborah Benton
19428,Donna Wells
52484,Melissa Craig MD
64819,Luke Taylor
36812,Stacy Walker
27625,Michael Holmes
72843,Stephen Allen
30224,Megan Cannon
20450,Sean Lawrence
22630,Amanda Freeman
84721,Carolyn Reed
36946,Teresa Warner
52470,Jerome Moore
65372,Danny Glass
44726,Allison Reyes
83156,Anne Hill
90822,Alexandra Martin
76803,James Ortega
12474,Donald Thomas
60577,Timothy Moran
97556,Jessica Reed
22117,Victoria Mcdonald
20860,Benjamin Marshall
36687,Lawrence Turner
92650,Katelyn Sanders
47960,Christopher Watson
27347,Isabel Moore
61614,Andres Mckenzie
21385,Scott Allen
13386,Scott Simmons
88575,Lindsay Nelson
21825,Bryan Moran
76753,Andrew Gutierrez
76061,Michael Jacobson
97497,Denise Shaw
29803,Joanna Hall
69911,Rebekah Lee
44489,John Walsh
49289,Elizabeth Frazier
21532,Cory Brown
58658,Charles Lloyd
18225,Jacqueline Savage
54900,Nicholas Hampton
79335,Kevin Holmes
29828,Manuel Brown
74447,Sean Davis
30439,Brian Bell
58736,Lauren Donaldson MD
80788,Rachel Wagner
47930,Erika Waters
79735,Melissa Frazier
23328,Mario Farley
62909,John Shelton
33438,Warren Brooks
32464,Maria Campbell
95047,Joseph Fernandez
37306,Jack Miller
38241,Jackson Davis
15313,William Lopez
50400,Joshua Whitehead
83796,Heather Clark
20536,Erica Gibson DVM
29642,Debra Morris
36673,Kristy Graham
17325,Karen Gomez
11149,Matthew Mueller
38377,Jim Hunter
66301,Donna Reese
34888,Kelly Valdez
88085,Curtis Logan
26977,Roberto Lynch
37472,Rebecca Harmon
63691,James Nielsen
43379,Jonathan Simpson
40314,Lauren Lopez
23144,Phillip Marshall
67970,Kevin Stokes
69291,Eric Pollard
24668,Shannon Hill
20159,Nicole Michael
52386,Frank Archer
50654,Susan Adams
83259,Evan Swanson
86182,Christopher Frank
23799,Harold Garrett
22928,Sarah Houston
52133,April Butler
52308,Stephen Wang
57383,Laurie Gonzalez
95627,Jesse Osborn II
13360,Levi Sullivan
55631,Justin Turner
83422,Joshua Moss
29259,Sheri Lopez
11577,Kara Orr
46201,Tony Smith
65360,Robert Greer
92453,Stacey Williams
89321,Elizabeth Clark
78990,Eileen Miller
31527,Ryan Hughes
87341,James Dawson
86880,Jordan Mosley
46640,Jason Thompson
66068,Kenneth Turner
86018,Dana Molina
25002,Frank Scott
85069,Andrew Dixon
11758,Jonathan Mitchell
44712,Rebecca Cordova
71558,Jesse Chavez
58938,Amber Rios
77138,Gabriella Barnes
28937,Molly Stevens
18767,Kimberly Contreras
44093,Amanda Anthony
61943,Kathy Smith
52169,Christopher Colon
95526,Mallory Jones
80869,Justin Murillo
15606,Dr. Melissa Williams
85708,Bobby Wilson
25347,Veronica Perry
30222,John Stone
54434,Kristy Lara
85590,Harold Carson
87592,Sarah Scott
26919,Mr. Kelly Flores DDS
25398,Kathleen Wright
18929,Miguel Rodriguez
27171,Timothy Cohen
27156,Denise Rasmussen
83082,Julie Wilkins
91597,Michelle Fritz
17955,Christine Collins
73612,Rachel Conley
31972,Gary Ramirez
57385,Brian Perkins
34726,Kevin Pena
72852,Daniel Hall
69226,Robert Holmes
62385,Renee Martin
68970,Holly Wagner
36041,Todd Giles
79747,Amanda Herrera
15986,Marilyn Williams
37635,Edward Roach
97419,Jaime Hinton
96048,Brian Ortiz
20096,Brian Espinoza
66100,Mr. Brett Alvarez
77596,Mr. John Morton
17463,Billy Carpenter
29709,Trevor Hunter
28445,Nathan Anderson
34735,Jerry Black
27290,Alexis Kelly
94706,Derek Robinson
42068,Kristen Higgins MD
56769,Monique Byrd
90324,Joshua Lam
41553,Andrew Page
37289,Sue Mendez
14428,Kara Ortega
41611,Alison Welch
77109,Gene Rodriguez
86784,Christopher Mullins
85879,Dorothy Lopez
31088,Brianna Marks
12077,Glenn Evans
56239,Peter Carroll
80065,Michael Martin
92950,Steven Maldonado
28214,Joseph Spencer
81100,Manuel Wheeler
59935,Jason Hudson
80564,Emily Mclaughlin
18781,Omar Hardy
94630,Nicole Nelson
31881,Danielle Vazquez
83914,Jason Clark
19243,Jason Young
59641,Amber Williams
53972,Timothy Brooks
85095,Leah Hardy
80322,Craig Brown
93665,Megan Wood
75017,Amanda Guerrero
37843,Ethan Jones
83416,Ann Alvarado
16258,Scott Fisher
56608,Julian Smith
35169,Teresa Maynard
79145,David Buchanan
75848,Katrina Mann
62343,Tiffany Simmons
87021,Kelly Reynolds
17208,Megan Curtis
32516,Nicholas Petersen
69392,Justin Larson
38705,Ronald Hart DVM
23157,Dawn Curtis
74855,Marvin Winters
99943,John Petty
56846,Karen Ford
27993,Janet Alexander
23119,Melissa Boyd MD
25205,Caitlin Ferguson
85273,Ethan Chapman II
68978,Kristin Cordova
25824,Wanda Jenkins
18223,Rita Williams
16376,Toni King
42871,Sean Harris
16178,Edward Morris
49221,Nicholas Perkins
70245,Amanda Cook
58239,Donald Yang
62445,Todd Martinez
91660,Theresa Wilson
50673,Matthew Johnston
65535,Jason Cox
79232,Sabrina Alexander
95135,Catherine Aguirre MD
96258,Lindsey Brown
53487,Denise Sanchez
79456,Stephen Walker
27099,Brooke Whitaker
23323,Justin Wallace
13641,Brandi Gonzalez
33334,Felicia Barnes
31253,Joseph Martin
67413,Jacob Khan
35949,Nicole Diaz
81740,Larry Kim
95245,Ronald Woodward
82541,Brandon Cole
32488,Samuel Glenn
45119,Deborah Harmon
52861,Mario Pierce
86833,Justin Porter
59433,Austin Thompson
51621,Amber Dennis
84207,Kara Luna
84370,Rebecca Bell
68331,Patricia Barnes
26329,Billy Berry
99151,Cindy Curtis
65702,Tammy Hamilton
90838,Lauren Bush
91749,Jesus Poole
89114,Holly Copeland
61464,Jacob Diaz
57054,Andrea Barker
76126,Sara Grant
65110,Jason Peterson
35259,Daniel Powers
72156,Lisa Crane
86437,Harold Dunn
26317,Jill Rivas
49345,Joseph Park
44922,Anna Brady
28457,Julie Fields
73669,Sarah Bishop
79544,Cindy Velasquez
65673,Jason Serrano
34199,Eric Richards
33575,Cindy Steele
25335,Kelly Foster
77914,Steven Dominguez
55164,Jamie Williams DDS
62411,William Villarreal
95037,Nicole Donovan
67586,Caitlin Johnson
48638,Kenneth Garrett
80807,Jennifer Wolf
37023,Gabriel Tate
38603,Nicholas Weber
65229,Brittany Warren
62399,James Daniels
57391,Joseph Becker
34144,Taylor Gordon
99829,Preston Villanueva
53959,Kimberly Kelley
33162,Robert Fletcher
60592,Evan Rose
68977,Eric Hayes
83916,Tanya Knox
66963,Jill Mendoza
27025,Anthony Gonzalez
14793,Ariana Collins
79659,April Ortega
16816,Ruth David
13667,Shawn Griffith
65158,Paige Anderson
86847,Christopher King
95374,Sydney Miller
76554,Cassandra Caldwell MD
35132,Angela Brady
74415,Jane Moss
68172,Nancy Vazquez
64449,Nicole Patterson
52894,David Reeves
13492,Brandon Collins
77130,Colleen Hunt
11944,Michelle Nicholson
60707,Albert Morales
18879,Ronald Wright
20325,Larry Johnson
78494,Amanda Guzman
51533,Megan Sanchez
56093,Laura Cannon
47992,Gina Gallegos
90049,Brian Reeves
85984,Samuel Rice
21326,Kevin Gibbs
15290,Tiffany Curtis
57932,Kevin Cameron
27717,Rebecca Edwards
91594,Jenna Lane
61947,Kathryn Ward
55684,Todd Johnson
57607,Heidi Klein
70680,Stephen Pineda
71945,Deanna Lewis
97101,Samantha Martinez DDS
46606,Shane Rivera
62329,Garrett Hall
30879,Janet Gilbert
70380,Mr. David Smith
40559,Joshua Parsons
88367,Amanda Roth
18549,Mr. Brian Reynolds
55542,Deanna Young
68599,Hunter Smith
20277,Stephanie Parker
27062,Dustin Freeman
92365,Susan Mckenzie
44408,Monica Sherman
81695,Tracy Mclean
34317,Jeremy Vasquez
31228,Devon Horton
46750,Ryan Rodriguez
92691,Susan Wiggins
52279,April Oconnor
62705,Aaron Merritt
57991,Ann Raymond
55653,Kimberly Anderson
87248,Scott Blair
92228,Ashley Robertson
94774,Katrina Turner
65227,Richard Mack
15580,Peter Snyder
68785,Kayla Montoya
43550,Christine Woods
24920,Mr. Ronald Harris
43751,Joel Dalton
61376,Catherine Turner
19973,Louis Terry
10771,David Vaughn
82848,Bobby Jensen
25488,Nicholas Hale
27097,Frances Frazier
52064,Brandon Sosa
56292,Jeffrey Booth
50030,Jeremy Leon
45938,Jacob Norman
37312,Jacqueline Barker DDS
59199,April Nichols
57279,Shannon Cannon
47029,Devon Johnson
95506,Kim Jimenez
97031,Austin Sanchez
14976,Beth Chapman
48359,Pamela Allen
47562,Kristopher Ross
37232,Charles Zuniga
74170,Darren Hutchinson
59968,Anne Frank
61135,Adam Manning
84259,Julia Schmidt
71404,Jessica Murray
95844,Emily Turner
51644,Sandra Braun
45472,Brent Riley
35153,Blake Patel
37077,Brandon Daniel
42536,Wanda Frazier
78734,Victoria Bryant
81670,Steven Johnson
71181,Heather Colon
47290,Christina Sanchez
97440,Cathy Ramsey
82100,Brenda Patel
13662,Erin Nichols
12329,Joseph Rice
39080,Jorge Fowler
33966,Rebecca Carter
29357,Marcus Thornton
83125,Meghan Martinez
13707,Douglas Drake
87396,Tony Kelley
42667,Joshua Park
33923,Howard Schmitt
41716,Andre Morrison
30380,Anna Richards
15732,Leah Jackson
19285,Emma Wood
63759,Adrian Miller
73725,Linda Eaton
89928,James Miller
31933,Jessica James
86929,Christine Patton
59621,Joy Baker
43576,Kevin Dominguez
65780,Robert Harper
63392,Rodney Thomas
64153,Kurt Weaver
16233,Crystal Daniels
75705,Jodi Garcia
64509,Andrew Juarez
76959,Rebecca Dixon
59571,Luke Thomas
21450,Hannah Levine
33815,Monica Le
23398,Anthony Mueller
64504,Bradley Jones
45124,Jennifer Grimes
57236,Matthew Patterson
73313,Jessica Hodges
24070,Robert Mcdonald
62985,Danielle Miranda
26114,Tiffany Schmidt
18471,Erica West
80122,Dr. Brandon Ramirez Jr.
77530,William Serrano
60893,Susan Clark
84175,Cynthia Roberts
65492,Troy Morales
61065,John Murphy
37738,Laura Williams
71322,Seth Richards
58776,Samantha Lucas
83548,Kristin Jackson
51810,Rachel Taylor
59223,Heather Berry
90694,Melissa Herrera
43219,Johnny White
91771,Mr. Matthew Mcneil
79400,Teresa Lee
63530,Sandra Medina
81655,Amy Morgan DDS
35750,Sandra Taylor
29495,William Lane
88300,Kimberly Price
14153,Jessica Arellano
45363,Raymond Bowen
41996,Christina Ward
18905,Frederick Pollard
57519,Kimberly Callahan
86014,Amy Burgess
32911,Charles Harris
41911,Jason Pittman
52415,Tracy Reed
18087,David Manning
28732,Mario Sampson
79484,Mr. Brian Beasley
50462,Devin Daniel
24040,Jason Phillips
53649,Cindy Yoder
28785,Rebecca Cisneros
22920,Laura Mercado
78993,Jason Morton
38393,Donna Perez
54995,Christopher Phillips
85878,Angela Wyatt
39075,William Higgins
52554,Wyatt Buchanan
58159,Mark Casey
69640,Karen Sawyer
88629,Dr. Abigail Wood
56817,Amy Knox
12460,Christopher Ferguson
56682,Raymond Thomas
68334,Krista Johnson
51790,Jamie Estrada
28166,Ashley Herrera
98912,David Carroll
23342,Michael Macdonald
55446,Brandon Barajas
28655,Tamara Ross
27910,Nicholas Camacho
86284,Carolyn Ramos
53056,Devin Newman
31866,Kenneth Jordan
76245,Sara Anderson
85679,Trevor Edwards
37403,Brenda Schultz
87544,Hannah Norman
82172,Natalie Phillips
59006,Dawn Clark
57342,Dominique Becker
29292,Katie Campbell
41645,Julie Holmes DVM
44237,Jennifer Holmes
55802,Beth Green
96288,Tammy Alexander DDS
81574,Melissa Chavez
47620,Jason Rogers
46308,Melissa Leon
75349,Vanessa Castillo
83493,Tracy Carter
15840,John Ramirez
12219,Ethan Hunter
74841,Mr. Jay Ruiz
40992,Cameron Dean
97476,Juan Aguilar
21538,Michael Merritt
31333,Louis May
15688,Joseph Hodge
46174,Diane Sosa
26415,Christopher Dunn
78014,Alex Franklin
77497,Mr. Jonathan Nelson DVM
63469,Sharon Mckee
31288,Jessica Bishop
80526,Elizabeth Johnson DDS
40148,Victor Moore
13025,Angel Smith
48052,Mary Robertson
98401,Frances Burke
27812,Stephanie Fleming
96312,Victoria White
68627,Mr. Ricky Day
11947,Nancy Wu
26989,Robert Wood
82111,Rhonda Jackson
45704,Christine Wilson
73729,Alicia Martinez
64111,Virginia Bennett
87707,Stephanie Luna
29090,Tiffany Anthony
10729,Alice Mccoy
20186,Denise Cooper
23211,Sierra Gonzalez MD
89727,Walter Allen
59162,David Hughes Jr.
82106,Edgar Potter
49807,Denise Howard
14134,Mr. Tom Flores Jr.
25326,Aaron Munoz
18782,Anna Rivera
68832,Steven Graves
97000,Brandon Hale
13223,Colin Horton
56074,David Frank
69232,Heidi Williams
39547,Steven Green
96720,Jessica Mason
55652,Dr. Kari Faulkner
54793,Dr. Ashley Brown MD
12611,Samantha Cannon
58429,Clayton Rogers
99813,Roger Bell
11653,Tyrone Ramos
44236,Andrew Aguilar
61595,Teresa Casey
55087,Joshua Freeman
87380,Brandon Barnes
71991,Maria Malone
66350,David Bruce
89449,Brittany Juarez
43826,Frederick Warren
20266,Mary Farrell
31124,Henry Ray
21338,Amy Wright
92866,William Rhodes
18934,Melinda Barnes
70327,Jessica Harris
52327,Alexandria Alvarez
45011,Elizabeth Berry
53217,Deanna Murray
44422,Debra Harris
63072,Jill Warren
22200,Robert Schultz
45444,Michelle Johnston
94371,Bernard Greene
38861,Bonnie Dominguez
31875,Lindsey Garcia
82123,Lisa Harrison
93240,Raven Perkins
11408,Linda Frederick
41247,Mrs. Brandy Berry MD
97349,Anna Smith
50927,Philip Ward
98775,Jessica Simmons
11217,Katelyn Foley
16807,Billy Anderson
38471,Danielle Stephens
46788,Juan Hudson
58765,Marcus Lane
28090,Eduardo Schroeder
93072,Zachary Munoz
31365,Jesus Fields
49562,Louis Carter
20387,Maurice Carrillo
99166,Jodi Bolton
44011,Stephanie Bailey
33368,Amy Frazier
63364,Steven Bryan
18126,Tamara Christian
82809,Scott Gordon
84848,Janet Sanchez
49389,William Owen
95839,Keith Braun
78144,Donna Davis
25770,Crystal Watson
85076,Tina Hernandez
54977,Kimberly Bowman
64128,Ralph Phillips
87226,Colleen Johnson
99442,Jason Brooks
29436,Mary Todd
94253,Julie Sims
23454,Jacob Boyd
39395,Christopher Frazier
58059,Laura Parker
19142,Jared Skinner
28209,Jacob Bentley
73095,Christopher Ortiz
56140,Brett Sullivan
59337,Jeffery Price
25451,Jackie Williams
10881,Kelly Cole MD
39333,Vincent Powell
60759,Dr. Christine Scott
20278,Kevin Hutchinson
43864,Bailey Roberts
17029,Jessica Ellison
79653,Jillian Clark
95281,Jeffrey Vaughn
71293,Joshua Higgins
70493,Betty Lee
87242,Frederick Alexander
85746,Danielle Chang
20965,Melissa May
79685,Trevor Foley II
63618,Sarah Meyers
79189,Jessica Estrada
26480,Zachary Mitchell
19076,Edwin Huber
46487,Mr. Michael Garcia
54678,Patrick Gordon
26262,Kenneth Douglas
16461,Scott Warren
23681,Matthew Potter
49986,Adam Kim
16430,Antonio Mosley
38914,Amber Smith
48178,Theresa Garcia
67264,Francisco Cannon
36464,Angel Parker
71047,Matthew Shaw
84599,Rachael Rodriguez
33521,Jill Newman
53792,Melissa Carey
88814,Jonathan Colon
33835,Darryl Smith
58381,Maxwell Guzman
44469,Stephanie Young
95739,Derek Figueroa
83865,Tiffany Gillespie
86653,Krystal Collier
25075,Teresa Williams MD
14690,Jimmy Huff
30164,Stephen Anderson
41831,Pamela Franklin
42116,Karen Sampson
29065,Catherine Reynolds
19729,Robert King
74312,Kathryn Moyer
87065,Nicole Parker
32609,Nicholas Morales
51825,Jose Ball
67741,Denise Morris
31193,Roger Simmons
45173,Teresa Fleming
53807,Kristin Howard
42948,Nicole Thomas
15384,Alicia Perry
97521,Amanda Mcintosh
65582,Sally Hughes
79494,Danny Lamb
64566,Brittany Schmidt
35615,John Beasley
66255,Tyler Beasley
65854,James Boone
74996,Sarah Hall
65118,Jesse Kelly
59712,Jason Paul
50335,Danny Fisher
46111,Ralph Torres
23334,Valerie Martinez
10107,Jeffrey Davis DDS
74092,Katherine Cervantes
81332,David Schaefer
93991,Christine Anthony
42572,Glenn Watson
29207,Carl Young
60923,Bradley Lang
61652,Donna Morales
40236,Alan Kirk
12667,Lori Woods
94563,Daniel Malone
40099,Michelle King
58946,Carolyn Wilson
89450,Tonya Rubio
38937,Robert Aguilar
72376,Brian Odonnell
75245,Nathan Watts
42039,Tonya Evans
10810,Cassandra Cole
76546,William Haney
64978,Mary Gordon
39847,Patrick Barber
50281,Jennifer Cox
91390,Lynn Stone
83725,Jonathan Oneill
93770,Anthony Knight
51666,Madeline Holt
17541,Jeanette Bradley
30678,Kelly Ford
92686,David Jimenez
66224,Mr. Ryan Jones
11100,Amanda Hardy
52430,Meredith Schwartz
13497,Dustin Nguyen
19886,Lisa Herrera
69569,Jonathan Bauer
89628,Cindy Watson
93392,Matthew Carlson
33664,Barry Irwin
89398,Marcus Bird
40718,Anthony Castro
22667,Christine Bowen
75122,Patrick Valentine
29909,Lindsay Gonzalez
97656,Kimberly Alexander
14552,Donald Mcguire
92778,Cynthia Henry
67761,Jacqueline Mcintosh
45592,Robert Solis
91570,Melinda Holmes
95228,Miss Kelly Martinez
98050,Katrina Ortiz
19642,Thomas Wong
14187,Nancy Hernandez
78114,Connie Morales
66121,Sandra Terrell
19211,Sherry Henderson
40651,Deanna Cooley
13362,William Garrett
15480,Alexandra Reid
96307,Jose Ramirez
69828,Mark Shepard
42631,Kathleen Noble
16671,Adrienne Patterson
21038,Jennifer Booth
32716,Antonio Thompson
58041,William Davis
65977,Lindsey Lopez
29632,Corey Duncan
21064,Julia Maldonado
90519,Andrew Perez
15967,Rebecca Lopez
44251,Mathew Norton
31512,Jose Reed
49791,Michael Mcdonald
23991,Jacqueline Barnes
68355,Gary Fleming
23500,Joseph Ho
96995,Trevor Brown
11775,Brooke Mclaughlin
70592,Teresa Ritter
72788,Carlos Hall
29597,Richard Mercado
20758,Elizabeth Harper
80778,Mary White
19091,Amber Hardy
97278,Richard Hood
98218,Vicki Tucker
17616,Vanessa Meyer
52721,Nathan Castro
16759,Jeremy Walker
84342,Amy Gonzalez
89702,Thomas Camacho
14783,Steven Wallace
30377,Jacob Mccarthy
72816,Lindsey Booker
49428,Elizabeth Boyd
76057,Laura Conner
66904,Dwayne Garza
46383,Dr. Sara Campbell
89804,Austin Brewer
77156,Abigail Hunter
38585,Kayla Brandt
97921,Shannon Campbell
76040,Lauren Anderson
50217,Albert Aguirre
83622,Wesley Willis
58580,Julie Carey
16198,Rose Vang
33607,John Lee
35526,Erin Stewart
61954,Gwendolyn Mcgrath
85501,Brittany Spears
68154,Kathryn Drake
36442,Adam Haney
83783,Sherri Myers
30254,Steven Armstrong
12536,Elizabeth Harris
98675,Christina Perry
53146,Christopher Schroeder
14290,Morgan Carr
61488,Jeff Guzman
26841,Laura Hernandez
40330,Rebecca Vaughn
42504,Alexandra Blankenship
38068,Mallory Hampton
44865,Kimberly Simmons
45393,Austin Pena
89180,Erik Cameron
19510,Gregory Cooper
25443,Elizabeth Figueroa
33358,Jody Herrera
98118,Julie Mitchell
85921,Randall Jacobson
94335,Christine Lamb
80828,Mrs. Regina Martinez
11616,Trevor Gibson
29486,Alexandra Howard
48296,Barbara Walker
89773,Nathan Strong
96276,Amanda Meza
27051,Nancy Edwards
83222,Fernando Simpson
81529,Elizabeth Cummings
31929,Stacy Santiago
30197,Stephen Church
74318,Marvin Oconnor
44932,Mr. Robert Meyer
54633,Cory Kirby
94908,Oscar Mendoza
70417,Kimberly Hubbard
50767,Jason Hicks
57901,Julie Vega
57478,Julie Rowe
64396,Tammy Oliver
96909,Rebecca Reyes
57630,Louis Young
11563,Walter Mcneil
47058,Mary Smith
77334,Brittany Lawrence
97722,Steven Mcgee
65571,Priscilla Dudley
55870,Ashley French
31997,Helen Oconnell
78852,Margaret Rodriguez
70619,Yvonne Richardson
41505,Nathan Stephenson
12412,Elizabeth Holland
47810,Michele Hall
40087,Sean Spencer
30221,Bonnie Cuevas
51831,Michael Robbins
33144,Melissa Cobb
78603,Brittany Long
33794,Anthony Meyers
24290,Andres Scott
12011,Marie Hardy
57147,Andrew Underwood
35136,George Best
52050,Patrick Bruce
60147,John Graves
87658,Lisa Miller
11477,Justin Watts
70264,Angela Mathews
18400,Mark Brooks Jr.
13886,Jeffrey Tyler
35565,Catherine Blair
54238,Lisa Newman
63628,Mr. Victor Diaz PhD
17250,Tammy Stokes
55341,Paul Collins
57975,Lauren Santos
77194,Timothy Avery
19453,Debra Beasley
34921,Steven Sanders
96372,Abigail Guerra
37007,Laura Vincent
33714,Katrina Black
60921,Jeffrey Webb
89884,Susan Turner
86347,Dr. Wayne Young Jr.
95098,Dr. Margaret Williams
67706,Shannon Hopkins
11288,Nicole David
89764,Gina Jensen
86907,William Prince
88656,Troy Lewis
59419,Courtney Rodriguez MD
49146,Matthew Bray
48716,Maria Green
30935,William Franklin
94569,Katherine Mcclain
61538,Linda Richardson
27572,Maria Morrow
15160,Kyle Brown
81116,Nicole Fitzpatrick
29590,Kimberly Wood
60520,Andrew Weber
32560,John Mcdonald MD
18871,Alyssa Freeman
14595,Chris Lane
15398,Andrew Garner
54767,Emily Flores
70933,Thomas Fowler
62038,Darrell Armstrong
93220,Alexis Ferguson
77010,Michelle Parrish
65550,Michelle Dunn
62324,Victoria Jacobs
52351,Christopher Marks
30435,Gabrielle Lopez
86468,Andrea Tanner
33580,Krista Hernandez
41122,Elizabeth Ford
50077,Brian Walter
52046,Brian Silva
40067,Angela Vance
40923,Gina Garcia
52158,Paula Powers
26136,Krista Sherman
77051,Yvette Mathis
41328,David Fuentes
31685,Drew Mack
29169,Leroy Jackson
32025,Casey Glass
11676,Angela Rangel DVM
27052,William Reyes
44414,Victor Ayers
74761,Jason Ford
48566,Paul Carter
14531,Michelle Thomas
78314,John Rios
89594,John Gilmore
55670,David Wells
98358,Janet Little
72295,Justin Moreno
62766,Peter Cox
86358,Zachary Haas
41192,Shawn Andrade
44273,Norma Barker
22289,Casey Pope
95529,Walter Green
27223,Courtney Herrera
52154,Jeremy Salas
25833,Martin Moody
65717,Angela Mcbride
57888,Stephen Wilkins
30523,Linda Miller
87342,Jennifer Arroyo
20404,Mark Woods
53770,Nicholas Turner
63154,Connor Hendrix
21482,Gary Brown
43433,Edward Fleming
16327,Alexis Ross
52366,Amy Doyle
68666,Alexandra Fitzpatrick
59554,Laurie Roberts MD
65957,Dean Wood
88400,Derek Charles
41098,Mark Dickson
63809,Carla Thomas
58799,Frank Ward
89922,Michael Sloan
84587,Catherine Sandoval
79164,Laura Jordan
66753,Taylor Munoz
74347,Jennifer Roberts
59287,Courtney Simmons
57124,Rachel Pacheco
55585,Emily Kelly
13342,Anthony Jackson
12953,Kyle Jackson
36942,Alisha Cole
98529,Dustin Rosario
91981,Monica Evans
70154,Samantha Hood
39941,Charles Brooks
36633,Kenneth Howard
76112,Amanda Mcmillan
30533,Kevin Campbell
92238,Travis Munoz
80061,Traci Kelley
37000,John Harmon
60108,Phyllis Townsend
93669,Kathleen Gay
12059,Virginia Flynn
71001,Sandra Perez
24885,David Peterson
53870,Jermaine Jones
64759,Anita Patterson
26364,Sheila Roberts
34212,Ray Mclaughlin
38054,Ronald Lee
86715,Johnny Snow
30139,Amanda Bell
97005,Dr. Don Ward
98277,Jared Navarro
42603,Pamela Wu
59894,Jacob Owens
75980,Angelica Watson
14815,Katherine Dixon
45026,Leslie Landry
82196,Tony Stanton
19892,Steven Baker
97068,Ryan Hooper
29573,Jeremy Flores
79764,Brett Scott
42925,Joseph Giles
64890,Jennifer Miller
21436,Katherine Hill
34209,Cameron Lee
50356,Victoria Obrien
60954,Diana Murphy
80915,Luke Shaffer
94848,Cheryl Kent
89405,Katherine Jones MD
24132,Angela Jackson
50599,James Mathis
49777,Aaron Robertson
30695,Samantha Morgan
16607,Caitlyn Barker
52837,Kelsey Floyd
17662,Francisco Rodriguez
43809,Joshua Benitez
80859,Heidi Nolan
53354,Susan Werner
58781,Laurie Calderon
95580,Elizabeth Lee
65799,Lee Evans
72292,Michelle Parsons
38782,Shawna Brown
83844,Samantha Hansen
64277,Kimberly Waller
63523,Tyler Mendoza
29523,Courtney Lawrence
19706,Travis Ward
22414,Marcus Farmer
53358,Carol Rivers
63971,Bethany Thomas
87048,Joshua Craig
81173,Andrew Clayton
44194,Katherine Lewis
50221,Anita Curry
77764,Brenda Rogers
83667,Jason Scott
67535,Charles Johnston
27150,Anthony Wells
93352,Brittany Kennedy
42931,April Ray
53341,Michele Moore
39846,Edward Thomas
45576,Sandra Mendez
94081,Michael Padilla
13675,Jessica Escobar
35547,Sydney Hamilton
77527,Sean Berry
49272,Kevin Gilbert
27157,Mark Hull
69686,Margaret Montoya
91666,Mr. Michael Duncan
29722,Ashley Doyle
19781,Jenna Dennis
95632,Lindsay Lee
84764,Anne Lester
52295,Marc Robinson
21330,Natasha Woods
95917,Emma Baker DVM
48507,Jennifer Gonzales
82104,Erin Ramirez
33157,Amanda Rose
55845,Dennis Herrera
39349,Craig Humphrey
78401,Brittney Haley MD
48119,Brent Tran
93615,Lawrence Henderson
82786,Sara Hanson
26228,Alexa Chung
52026,Elizabeth Mcdowell
57951,Deborah Craig
69161,Tommy Morris
87920,Steve Holmes
71454,Danny Snow
13380,Sarah Hill
20771,Gina Ball
37455,Denise Delgado
84159,Danielle Osborne
12045,Priscilla Williams
28199,Jenna Freeman
43605,Sheena Kim
15891,Michelle Hicks
84351,Susan Fletcher
67011,Rebekah Blevins
23294,Ashley Carter
36308,Brandon Burns
27804,Ronald Thomas
67601,Jennifer White
18555,Lisa Lewis
99180,Kerri Wells
42406,Pamela Daniels
39001,Richard Roy
62614,Brandi Robinson
86564,Allen Maynard
65341,Heather Walter
70369,Roger Scott
40208,Michelle Dixon
73926,Nicholas Blake
50340,Douglas Wilson
97152,Bruce Fisher
62194,Megan Ray
71678,Michelle Olsen
38454,Christopher Mann
54669,Joel Hampton
27705,Stephen Parker
15407,Eric Hoffman PhD
10010,Stephen Smith
30635,Katie Lynch
63700,Faith Blackburn
51698,Kyle Mason
30531,Kristen Smith
97218,Mr. Perry Jones
52630,Darren Pacheco
90800,Theresa Reed
70376,Kyle Young
34586,Douglas Santos
69421,Jeremy Dunn
93419,John Bullock
23672,Erica Charles
31200,Jeffrey Watts
94786,Allison Garcia
55793,Amber Moore
61540,Barbara Nunez
24852,Christina Thornton
96833,Dale Price
51215,Adam Holder
13243,Nicole Davidson
91783,Barbara Lee
18718,Katherine Molina
99601,Jacob Perez
30149,Jacqueline Cooke
73241,Carolyn Elliott
74637,Robin Macdonald
75876,Rose Schmidt
73389,Paula Leon
36364,Chelsey Anderson
37100,Erin Allen
49778,Renee Yates
52521,Tom Ross
38179,Bradley Tucker
67635,Tina Jones
45495,Paul Palmer
34780,Katherine Howard
67422,Marcus Ward
81776,Jacqueline Morales
66933,Cynthia Ford
83219,Carolyn Hatfield
42426,Elijah May
76149,Bradley Murphy
33156,Dan Barnes
54353,Tammie Wood
17613,Daniel Murphy
71618,Teresa Coleman
43983,Mckenzie Mitchell
57825,Tammy Buchanan
97050,Jessica Hughes
60338,Karina Mack
54938,Kelly Bailey
70993,Kaitlyn Underwood
27399,Cynthia Allison
97424,Carolyn Stewart
75568,Lindsey Williams
21930,Barbara Rosario
77804,Earl Melendez Jr.
48060,Justin Ramirez
53564,Michael Tucker
97681,Mr. Stephen Pollard PhD
67779,Jennifer Fernandez PhD
35455,Brent Norman
67220,Gregory Esparza
98495,Laura Moore
71273,Clinton Brown
84508,Gregory Calhoun
35761,Christina Adams
69741,Victor Burnett
20955,Dr. Matthew Miller
74695,Brian Church
68197,Jacob Moon
35445,Kristine Ramos
23068,Richard Burgess
69823,Scott Fox
90243,Virginia Hill
81099,Randall Hendrix
86270,Michael Ortiz
86308,Sharon Adams
63521,Curtis Cox
58628,Raymond Black
35176,Derek Edwards
94729,Patrick Price
66028,Mark Allison MD
79307,Johnny Wolf
28645,Annette Simmons
37370,Jaime Anthony
31823,Erika Powell
86249,Jordan Ward
34219,Tracy Harrison
61995,Henry Lee
22685,Julian Fuller
19977,Megan Martin
52442,Walter Fleming
14483,Jackson Jones
99962,Kimberly Morgan MD
18536,Elizabeth Petersen
81019,Jerome Riley
15395,Kristin Ballard
86625,Shelley Hamilton
50229,Laura Stephens
82008,Brandi Hoover
29500,Bethany Nelson
25764,Whitney Miller
99928,Whitney Bailey
77265,Amber Marshall
44671,Deanna Hahn
95025,Angela Johnston
15257,Jamie Hayes
92304,Matthew Finley
40882,Jerry Harris
24696,Joshua Burnett
15686,Larry Fuller
56659,James Browning
38129,Joshua Walls
63698,Jacob Hoffman
13370,William Carroll
79158,Julie Moran
96421,Melanie Frederick
31296,Roy Herrera
48201,James Montgomery
62775,Wendy Mclaughlin
83321,Kenneth Thomas
15902,Eric Castillo
74569,William Solis
26439,Matthew Patrick
21366,David Garza
74886,Heather Huerta
47939,Anne Ramirez
94940,David Jennings
88817,Joseph Morgan
39791,Ivan Graham
97799,Kellie Alvarado
11431,Nicole Blackburn
67725,Jeremy Murphy
56756,Steven Silva
86477,Lori Thompson
70420,Sara Warren
65254,Kendra Waller
51265,Matthew Lamb
49892,Michael Harvey
10640,Christopher Beck
70863,Shannon Hubbard MD
48635,Jimmy Walters
62173,Kerri Murray
32334,Troy Young
42704,Kelly Hurley
34946,John Kaufman
20291,Brandi Barnes
96481,Joshua King
23091,Joseph Brewer
35186,Michael Marshall
11793,Patricia Hawkins
92257,Jonathan Henderson
36049,Eric Scott
20502,Nicholas Benson
74172,Ryan Perez
28557,John Montgomery
86920,Karen Fox
38162,Rodney Chandler
78255,Alexa Bryant
93666,Meredith Cox
73881,Sydney Becker
24097,Richard Valdez
26971,Ryan Sharp
96533,Samantha Bradford
28085,Frank Odom
63046,Barry Elliott
73687,Monica Briggs
54021,Megan Jennings MD
88409,Courtney Lewis
88079,Patricia Jones
85349,Kimberly James
22693,Lauren Williamson
29973,Veronica Garner
58419,Gina Jackson
45594,Kevin Mcdaniel
32391,Andrew Blanchard
74033,Barbara Garcia
96768,Joshua Roberts
66936,Jennifer Pierce
63605,Laura Foley
25139,Brandon Hudson
19936,Phillip Figueroa
23917,Robert Collins
37378,Luis Wade
70596,Becky Turner
39802,Nicole Serrano
36161,Charles Adams
18414,Veronica Lang
61359,Sue Roach
23167,Jenny Roberts
17167,Kristin Gonzalez
60514,Elizabeth Ruiz
46261,Mrs. Shannon Benjamin
87661,Anna Maxwell
64026,Todd Stewart
79591,Jermaine Page
39928,Patricia Brady
67534,Amy Petersen
79204,Melanie Douglas
46425,Randy Taylor
91897,Karen Ferguson MD
26882,Amy Ross
57320,Mary Howard
68719,Jonathan Dean
63426,Levi Curtis
13348,Gregory Drake
53600,Savannah Reynolds
54178,Sarah Fisher
66780,John Christensen
26961,Roger Weber
16560,Greg Williams
22905,Laura Zimmerman
62667,Anna Odom
83090,Jessica Allen
23106,Jonathan Harris
46464,Carla Bailey
55848,Cory Williams
40550,Cynthia Barrett
71019,Derek Ortiz
60695,Daniel Long
29170,Darlene Reeves
97967,Devin Harris
41284,Joshua Valencia
64809,April Blair
33559,Ricky Brown
30458,Casey Carson
78794,Hector Pierce
47708,Michele Allen
90030,Ryan Glover
99484,Paul Macias
78725,Shannon Harris
39056,Stacey Larson
95123,Nicole Sullivan
57507,Ryan Ramirez
85872,David Lopez
38543,Joseph Munoz
32093,Nicholas Harrison
43650,Renee Ward
87578,Thomas Collier
77768,Miguel Herrera
27591,Adam Sparks
12779,Douglas Hamilton
20241,Samantha Cabrera
13042,Terrance Combs
14494,Rachel Armstrong
11062,Melissa Burnett
84469,Evan Smith
89937,Nicholas Morgan
27836,Brenda Jacobs
27760,Jordan Weaver
26766,William Barron
39722,Stephen James
10066,Lisa Brooks
88323,Tamara Dean
96770,Sandra Doyle
11435,Joanne Pratt
89837,Adam Brown
49592,Christopher Costa
31873,Jeff Robertson
67942,Walter Davis
68803,Erin Frye
83788,Heather Rhodes
87773,Paul Griffin
48961,Dr. Richard Lutz
13596,Justin Roberts
80851,Wendy White
28647,William Bartlett
97331,Jonathan Miranda
75291,Christopher Howell
20764,Leonard Rivera
98599,Calvin Barrett
63006,Timothy Adkins
21121,William Rush
86381,Curtis Lee
76143,Devon May
69121,Chad Paul
94759,Mary Garza
82581,Regina Mcdonald
27801,Sean Hernandez Jr.
70683,Ronald Davenport
88227,Noah Chambers
51447,Katherine Higgins
96344,Steven Delacruz
25807,Erica Pacheco
39853,Justin Solis
68861,Scott Savage
15666,Ryan Peck
65631,Michael Patel
18615,Brianna Johnson
24738,Sharon Gross
28235,Robyn Solis
11917,Thomas Sampson
63258,David Stephens
35416,Amanda Thomas MD
31018,Tamara Green
25629,Keith Hancock
93554,Julie Vaughn
98185,Justin Smith
51327,Sheila Reed
67735,Melissa Ramos
10449,Karen Harris
17172,Elizabeth Coleman
78604,Denise Snyder MD
16863,Jessica Winters
34344,Michele Baker
30841,Amber Porter
65869,Darren Cox
53328,Kathleen Mullen
15856,Anne Mcmahon
61575,Dr. Andrew Davis Jr.
23486,Christopher Mccormick
20533,Sara Singleton
47584,Monica Cortez DDS
15319,Nicholas Joyce
62364,Melanie Brown
63290,Alicia Davis
45538,Megan Lopez
98481,Brooke Powell
31277,Dawn Bailey
53784,Michelle Nguyen
74510,Francis James
72766,Miss Christine Williams
18817,Carolyn Schmidt
28253,Denise Ford
42071,Allen Burch
24372,Michael Cunningham
54382,Mrs. Lydia Rasmussen
30665,Beth Garcia
18491,Ian Bell
92154,Kevin Fitzgerald
41614,Kristie Mcdonald
85802,Richard Price
49207,Daniel Middleton
21819,Angela Boyer
37481,Kathy Adams
46011,Julie Morrow
68116,Thomas Monroe
99796,Danielle Wilson
13905,Derek Osborn
19078,Sarah Ross
58292,Michael Cooley
86685,Evan Zimmerman
53425,Frank Lam
28804,Glenn Wilson
17275,Mark Young
76552,Michael Dunn
11339,Danielle Nixon
62653,Rodney Lee
20724,Felicia Lane
18410,Brianna Jensen
41087,Joanne Lucero
83553,Roger Ayers
57029,Allen Ward
79113,Dr. Casey Christensen
74089,Mark Duran
59820,Lance Smith
34411,Anthony Murillo
87913,Carrie Gonzalez
88545,Frank Simpson
45825,Emily Hoover
56805,Sharon Little
49201,Jillian Stafford
11142,Laura Brown
54662,Zachary Garcia
57627,Gina Garrison
81829,Wendy Gibson
54500,Lisa Jackson
10311,Lindsay Henson
22952,Patricia Blackburn PhD
87249,Dr. Andrea Cruz
18186,Jennifer Rubio
30681,Larry Lara
87188,Anthony Thompson
18976,Susan Alexander
55696,Amber Stafford
10461,Kristen Sullivan
92949,David Richmond
49754,Kimberly Townsend
92579,John Rosales
95716,Gabriela Jones
42703,Juan Lee
11625,Tiffany Schmitt
88146,Carly Murphy
25141,Timothy Ramirez
29688,Krista Griffin
37799,Olivia Jordan
32195,Melissa Rogers
17238,Brian Martinez
52846,Melissa Clark
64129,Alexander Hebert
49163,Brittany Hutchinson
62273,Rhonda Scott
62954,Timothy Tran
18101,Luis Lowe
74324,Debra Anthony
50849,Nicole Winters
82720,Elizabeth Griffin
37595,Kimberly Morton
93318,Ann Parker
93764,Amber Mcguire
28427,Donald Lopez
14740,Alyssa Delacruz
80529,Justin Riley MD
87922,Corey Collins
61422,Michael Riddle
25090,Dana Cooper
56411,David Lawson
45256,Laura Haynes
20951,Matthew Rogers
48754,Bryan Price
43725,Kelly Bishop
64086,Matthew Foster
63932,Sharon Torres
46715,Alexis Sellers
57182,Sherry Anderson
18673,Brandon Stewart
49573,Peter Price
59413,Autumn Hobbs
46735,Willie Bass
64170,James Mills
61081,Edwin Huang
68550,Alan Ewing
21725,Lynn Freeman
91448,Steven Phillips
15682,Lisa Hunt
76669,Jonathan Morales
64694,Leon Nelson
74736,Ricardo Smith
48800,Kevin Watson
72637,Dean Garcia
56703,Andrea Walker
73878,Robert Blevins
44877,Kathy Scott
32534,Rhonda Brady
24274,Jamie Mckinney
48255,Matthew Perez
73797,Jennifer Washington
56513,Mr. Alex Lopez DDS
65032,Eric Vaughn
66113,David Jenkins
26642,Maria Saunders
41167,Ashley Ruiz
63494,Mary Tran
80189,Paul Bishop
48736,Paul Bell
29891,Chelsea Ramirez
50898,Barry Guerra
85360,Daniel Russell
87126,Carolyn Miller
34526,Roy Page
88658,Kimberly Baldwin
40163,Jose Woodard
91287,Hannah Mata
36121,Angela Weber
69903,Joseph Rangel
43871,Kelly Mitchell
60808,Mr. Tanner Rodriguez Jr.
53449,Sabrina Conway
19104,Ricardo Jordan
36769,Matthew Bradford
45584,William York
53360,Nina Bailey
80094,Lisa Montgomery
69730,Terry Robertson
12454,Sally Rocha
61319,Cody Crawford
42128,Morgan Vasquez
34060,Casey Rice
70104,James Stone
29132,Heather Wells
41610,Martin Lin
71859,Deanna Fox
26900,Jon Bell
37797,Brendan Meadows
61981,Makayla Johnson
74079,Kristina Brock
86613,Alexandra Marshall
15376,Thomas Butler
83873,Matthew Cruz
45850,Daniel Howard
45419,Allison White
61361,Lisa Butler
45577,Bradley Hampton
61956,Jared Johnston
22141,Allison Blair
27661,William Compton
40505,Tyler Larson
53149,Daniel Weaver
70338,Clifford Hicks
96408,Daniel Craig
69632,Kayla Quinn
57982,Dana Scott
21685,Janet Brock
61327,James Bridges
86572,Austin Alvarez
70443,Jeffery Smith
85503,Julia Garcia
17511,Kathryn Mason
74603,Emily Sampson
36347,Aaron Roach
52105,Maria Jennings
45174,Joseph Short
78894,Joshua Hogan
80327,Kenneth Matthews
73093,Harry Campos DDS
70892,Angel Thompson
82359,Neil Suarez
85403,Brenda Cox
90632,Valerie Suarez
40392,Andrea Schneider
26750,Lisa Torres
86460,Yvette Fuller
79656,Gwendolyn Snyder
43437,Dean Robinson
78369,Mary Williams
11670,Kyle Cole
81044,Mark George
61616,Dr. James Goodman
80019,Justin Bowers
88834,Alexandra Mitchell
10793,Sarah Crawford
72111,Keith Contreras
46063,Sandra Ferrell
71035,Laura Smith
61449,Miranda Sandoval
98000,Richard Lowe
85156,Brett Foley
57402,Ethan Vega
35368,Erica Jones
85239,Justin Armstrong
69542,Tracey Kline
73244,Barry Gomez
72945,Kirk May
73510,April James
17762,Benjamin Harris
69918,Amanda Sparks
88964,Ricky Anderson
21726,Jessica Schultz
83497,Justin Arias
81526,Joshua Fischer
85202,William Fischer
92424,Jeremy Jones
37984,Anne Wright DDS
35181,Lauren Hood
36008,Jay Tran
49140,Cassandra Walsh
39676,Allen Hughes
36913,Heather Krause
21637,Sarah Hahn
23444,Ronald West
18037,Monica Haynes
73229,Nathaniel Long
63835,Stephanie Meyer
78325,Susan Payne
34754,Catherine Garrett
69825,Denise Carter
39109,Mrs. Tara Wilson
61618,John Hayden
57381,Briana Martin
51943,Robert Lawson
36508,Caitlyn Taylor
53608,Juan Valentine
63883,Stephanie Chapman
52451,Bradley Perkins
53046,Paul Wood
86123,Timothy Fisher
27368,Justin Luna
29621,Miranda Andrade
35361,Erica Beck
15442,Steven Taylor
77368,Brittany Brock
72965,Caleb Moreno
56234,Henry Armstrong
40754,Tyler Reed
41210,Sydney Mcdonald
44956,John Carroll
68749,Morgan Moreno
56361,Jason Burgess
76722,Erica Cline
52408,Nicole Greene
61763,Kevin Simpson
23876,Amber Cox
56574,Pamela Cortez
36062,Jill Rodriguez
62103,George Graves
58814,Benjamin Erickson
89951,Stanley Little
66865,Tammy Brown
37932,Lee King
66111,Julie Black
21891,Heather Kelley
77776,Erica Jefferson
21622,Erica Sanchez DVM
47873,Carmen Lara
92317,Gabriel Clayton
49085,Chelsea King
23338,Alison Peters
14013,Terri Wood
73900,Jacqueline Brown
62480,Daniel Cisneros
72082,Connie Rojas
31017,Larry Kemp
90276,William Petty
99879,Maureen Howard
96316,James Hall
67971,Dawn Mercado
61950,Bradley Morales
82403,Robert Kerr
19858,Brittany Quinn
43714,Jonathan Haynes
10622,Linda Carter
20367,Angela Hughes
11760,Brandon Beltran
94900,Melissa Steele
23175,Matthew Campbell
46370,John Jackson
33702,Anthony Morrison
80423,Keith Gilmore
79785,Andrew Cross
36848,Bobby Hunt
48879,Dennis Mcbride
20743,Samantha Hudson
52594,Frederick Myers
47536,Ashley Dixon
91529,Alexander Michael
50816,Ryan Spencer
20632,Jasmine Livingston
92020,Heather Boyd
81396,Patrick Franklin
40778,Kimberly Cooper
17376,Heather Cross
73503,Thomas Jackson
75067,Jeffrey Marks
16725,Jacob Mccullough
64591,Stacy Davis
39509,Ethan Dixon
93326,Jean Butler
34123,Carol Leonard
46694,Tammy Evans
70244,Amber Mitchell
51956,Jeff Sweeney
82394,Brittany Adams
48629,Douglas Villa
57255,Kimberly Moran
55904,Sabrina Barrett
49367,Ann Sawyer
46230,Jonathan Burgess
76788,Laura Diaz
11520,Dorothy Brown
22011,Tyler Stewart
90327,Kevin Knight
24381,Miss Sarah Golden
26845,Noah Thomas
13634,Joanne Garcia
36501,Perry Perez
49709,Christine Thompson
89734,Alicia Murphy
43728,Charles Hodge
82508,Robert Larson
89632,Nicole Garrison
47822,Nicole Lara
95188,Karen Wood
22122,Bruce Cunningham
58669,Gary Lee
31097,Aaron Thomas
99039,Becky Davis
99655,Amanda Lewis
30702,Heidi Martin
85208,Rebecca Wolf
57549,Kiara Parks
17193,Blake Wong
31948,Connie Mason
90428,Nathan Castillo
96829,Danielle Golden
88615,Ms. Kathryn Miller
89185,Erik Byrd
96159,George Morgan
61785,Melanie Edwards
64285,Phillip Cook
64362,Ronald Church
79168,Robert Stevens
91419,Shelby Knight
52005,Edward Allen
28081,Rebecca Powell
45995,Mr. Jason Cook
86557,Rachel Mccoy
55776,Billy King
47383,Christine Estrada
90549,Brooke Adams
77593,Angela Adams
41494,Molly Hanson
99345,Brenda Cabrera
78740,Jennifer Alvarez
36562,Cory Chavez
89044,Desiree Brown
96583,Emily Perry
12245,Elizabeth Navarro
80840,Brad Owens
42794,Heather Nguyen
89810,Megan Ingram
42469,Daniel Love
59522,Ana Martin
36992,Mason Glover
97749,Jamie Robinson
87814,David Aguilar
33152,Timothy Scott
88433,Miranda Kennedy
19865,Michelle Garcia
36795,Jennifer Ferguson
82148,Richard Donovan
48179,James Lam
63175,Amanda Romero
11627,Patrick Brewer
87004,Monique Miller
83856,James Gaines
99258,Brandon Bates
21144,Tracy Vasquez
22243,Shawn Mcdaniel
20602,Ann Hill
33401,Jacob Taylor
58080,Timothy Keith
88203,Sheila Allen
11605,Deborah Medina
31939,Jason Wolfe
18389,Debbie Jimenez
76904,Bryan Branch
38902,Teresa Campbell
89552,Mary Leonard
53471,Christine Jimenez
73063,Mr. Grant Lopez
17118,Bryan Henderson
98178,Sandra Dixon
13721,James Murphy Jr.
77005,Jeremy Conner
16436,Jeffery Wood
23914,Olivia Fernandez
85101,Jeffery Garcia
43090,Jeremy Johnson
95171,Casey Patterson
63615,April Phillips
36301,Ashley Montoya
35329,Angela Stewart
16429,Natalie King
97701,Julie Hurst
40032,Connor Price
63556,Madison Lopez
36842,Kathleen Price
17088,Suzanne Patterson PhD
12063,Sue Burgess
17349,Linda Garcia
79781,Kelsey Hernandez
88244,Mathew Kerr
52242,Samantha Zamora
76160,Lee Webster
32309,Todd Banks
33913,Antonio Gutierrez
58694,Jill Lee
30183,Kimberly Neal
23173,Aaron Mcdonald
91890,Adam Phillips
26906,Brandi Nichols
35806,Diane Henry
20509,Suzanne Ortiz
13052,Matthew Singh
52395,Justin Miller
78709,Jacqueline Mcgee
10545,Michelle Abbott
79599,Travis Johnson
67091,Paul Silva
32888,Gloria Grimes
61946,Mr. Christopher Williams DDS
14311,Virginia Morrow
99696,Nathan Moore
57322,Michael Marquez
23692,Christina Pham MD
44008,Richard Adams
44591,Latasha Roach
86867,Charles Barry
29912,Megan Wallace
67242,James Freeman
99800,Jenna Roberts
72041,James Mack
68378,Raymond Mckinney
36213,Donna Fisher
49610,Kelly Carroll
64794,Lisa Delgado
61600,Alejandra Tran
80200,Mr. Leslie Anderson
34569,Jessica Ibarra
78432,Paul Scott
45892,Virginia Smith
63848,Jessica Harper
31953,Garrett Shea
47034,Laura Leonard
25142,Eric Payne
51675,Joseph Holland
62202,Jennifer Price
92509,Lee Allen
45720,Erica Bell
99995,Brittany Dickerson
12825,Ashley Figueroa
10215,Bobby Hall
21937,Kristine Garcia
10587,Jennifer Mcdowell
72162,April Hicks
83527,Mark Hunter
29413,Joshua Gutierrez
80703,Rebecca James
12112,Dr. Kristina Frank
73980,Leslie Willis
37366,Caitlyn Ellis
99460,Suzanne Walker
46587,Jacob Zamora
99854,Sergio Cook
85401,Kenneth Lewis
95122,Angela Mccall
84267,Phyllis Mccormick MD
76900,Suzanne Frye
51995,Johnathan Decker
74518,Savannah Green
29295,Mitchell Cuevas
76364,Rachel Jacobson
45225,Joanne Parrish
68202,Jonathan Armstrong
57561,Todd Sloan
92819,Chad Martin
48037,Kimberly Galloway
36889,Harry Wilson
82579,Edwin Reilly
65486,Rose Steele
76754,Nathaniel Moran
51047,Andrea Graham
29822,Gregory Aguirre
89332,Kevin Turner Jr.
59512,John Wells
59267,Jordan Trujillo
72926,Dean Woodward
59631,Jacob Ferguson
29879,Shannon Alvarado
40449,Mathew Mays
91279,Douglas Glass
31717,Nathan Riley
35571,Stephanie Morrison
30191,Kent Clark
58964,John Spence
68489,Andrew White
87736,Carrie Burton
73471,Donald Smith
47571,Katherine Chen
47807,Leslie Wong
78284,Michelle Davis
75542,Donna Smith
61077,Alicia Elliott
89794,Todd Bailey
80456,Renee Hayes
71861,Kaylee Johnson
24896,Joseph Stephenson MD
28187,Katherine Turner
73148,Tammy Wise MD
62581,Phyllis Myers
86498,Sabrina Haas
46320,Dean Lopez
38972,Jeremy Rice
46228,Christopher Newton
76805,Jason Pineda
32307,Carolyn Baker
50182,Jacob Woodard
63969,Ashley Rogers
91676,Joy Stein
55469,Jason White
60534,David Woods
34981,Lindsey Brooks
92574,Desiree Gray
52359,Steven Martin
93509,Gary Bolton
14056,Tiffany Brown
71847,Rachael Ferguson
72031,Kevin Cummings
37343,Martha Rosales
75401,Anthony Adams
23438,Linda Short
71295,Roy Morales
36496,Justin Bryant
37057,Melinda Hines
39818,Becky Andersen
95169,William Allen PhD
67248,Daniel Wells
17835,Tammy Goodman
19375,Rebecca Dorsey
95511,Riley Wagner
41531,Cindy Carroll
46959,Victoria Young
50642,Michael Fleming
62870,Mr. Alan Walker
48021,John Drake
77756,Elizabeth Gonzalez
56778,Jonathan Cannon
81460,Isabella Price
32467,Karla Edwards
65286,Henry Arroyo
38224,Michael Winters
15970,Robert Smith
78704,Michelle Stout
21022,Kayla Garcia
12390,Natalie Baker
69046,Kaitlyn Garrison
94300,Kyle Bailey
23287,Jeffrey Medina
99502,Sandra Barker
77852,Jose Hernandez
90446,Mr. Daniel Harris
99419,Nicholas Mercer
62349,Frank Cooper
40529,Stephanie Haley
35951,Ryan Neal
70536,James Beard
20295,Brittany Miller
32641,Kiara Oliver
92642,Andrew Horn
11193,Kenneth Rose
30643,Timothy Grant
63112,Kristi Sheppard
96767,Andrea Peterson
48615,Maria Wright
12890,Geoffrey Galvan
25159,Sarah Moore
24750,Heather Atkinson
25616,Bridget Snow
50172,Sean George
71136,Jesse Wilson
98412,Tiffany Blankenship
80606,Carolyn Brown
95890,Joe Cruz
57371,Sandra Terry
72375,Chris Chavez
36929,Courtney Brown
37715,Ashley Fowler
28974,Douglas Washington
81135,Benjamin Sanders
38695,Lisa Leblanc
54042,Erik Brady
16782,Justin Taylor
37933,Jennifer Miranda
37632,Belinda Long
96802,Jerome Mccall DDS
88597,Aimee Mcmillan
65425,Julie Johnson
47606,Felicia Pierce
34721,Brenda Phillips
19507,Matthew Stewart
40007,Donald Casey
59459,Peter Medina
67141,Carlos Bryant
60036,Cynthia Shaffer
17797,Holly Fry
69923,Darren Reed
66101,Alyssa Cox
64291,Heidi Arnold
82688,Sarah Sanchez
88437,Jay Wilson
61396,Donna Brandt
47253,Jerry Thompson
67689,Nicholas Carpenter
50063,Ronald Murray
45774,Stacey Hanson
12895,Amanda Stark
34406,Maria James
41848,Terri Pope
66021,Joshua Dunn
59077,Michele Brown MD
92628,Colleen Richardson
26644,Kerri Walker
54809,Jeremy Pacheco
68670,Lisa Keller
66207,Steven Bryant
93183,Shari James
41271,Alejandro Hicks
89375,Brian Mercado
33919,Erica Weber
67581,Kristen Flowers PhD
54367,Eric Crawford
68432,Lindsay Perry
26173,Teresa Garza
31855,Courtney Hart
65061,Maria Walker
89179,Regina Key
70293,Danielle Shaffer
59318,William Marsh
74104,Maria Carr
54628,Kelsey Wagner
46831,Jason Ruiz
28224,Keith Patton
26160,Lori Watts
55281,Tracy Mendoza
15749,Anna Mccarthy
66518,Jacqueline Herring
18884,Luis Garcia
90038,Jack Wright
38613,Andrea Baker
33432,Shannon Atkins
11129,Nathan Young
67108,Jaime Chung
91035,Morgan Fisher DDS
43868,Brett Garcia
49805,Megan Mcmillan
85825,Margaret Lee
72092,Troy Thompson
10347,Daniel Walsh
49396,George Bean
59359,Michele Gonzalez
89476,Blake Howard
57764,Christine Frost
50118,Molly Lewis
64221,Manuel Evans
59782,Taylor Atkinson
85867,Jamie Walker
61868,Joseph Meyers DVM
56190,Maria Martinez
54711,Sheila Solis
75154,Bianca Lane
57616,Joseph Wade
95286,Dr. Tanya Edwards
50649,Paige Russell
45473,David Mcdonald
63382,Richard Miller
91079,Christopher Morton
43355,Ashley Nichols
66599,Linda Wiley
38946,Sandy Murphy
95750,Oscar Wells
74611,Rebecca Rhodes
59233,Erika Graham
96823,Benjamin Hernandez
38286,Leroy Harrison
58383,Melissa Moss
94769,Steven Farley
75240,Veronica Mcconnell
47499,Sherri Madden
41750,Pamela Johnson
53082,Dr. Colton Howard
79157,Elizabeth Merritt
60066,Timothy Torres
15932,Rachel Chandler
86250,Mr. Jon Campbell
96238,John Fowler
52712,Gary Dixon
20103,Misty Thomas
91025,Teresa Bush
22252,Sara Spencer
28029,Caitlyn Holmes
86756,Dylan Ruiz
77579,Brandon Roth
57701,Christina Hawkins
66202,Harry Jones
31864,Lisa Jones
86747,Kyle Wood
73987,Alexander Myers
86005,Lisa Fernandez DVM
97052,Sarah Richards
31925,Christine Sanchez
90913,James Barnes
99487,Debbie Gonzales
11073,Scott Yang
57209,Max Gonzales
95210,Kenneth Atkins
83073,Donna Castro
11655,Shelly Orozco
20938,Tiffany Mcgrath
60496,Joanna Brown DDS
24614,Crystal Mcneil
36090,William Russo
52849,Jordan Schroeder
68032,Rebekah Quinn
18162,Tyrone Evans
28534,Joshua Reyes
70174,Benjamin Kerr
16658,Melissa West
15107,Kristy Patel
58657,Charles Diaz
76413,Kenneth Miller
16836,Mrs. Kristin Miller
32631,Ruth English
16055,Dustin White
16583,Preston Stephenson
71196,Kylie Manning
63166,Gregory James
43387,Jennifer Flores
19604,Luke Campbell
86171,Krystal Mckay
59058,Melissa Bryant
12644,Tammy Martin
96425,Jill Jones
98201,Scott Green
22709,Joseph Miller II
75687,Eric Reed
82414,Caitlin Hunt
50790,Shawn Perkins
83556,Sheila Cross
87057,Brett Humphrey
17540,David Barron
62381,Clinton Caldwell
78760,Tom Davidson
49101,Barbara Marquez
29197,Gina Young
29931,Dwayne Weaver
84942,Sandra Adkins
93567,Jason Chambers
95301,Jean Marsh
74452,Melissa Obrien
62829,Karen Fisher
83686,Malik Kelley
82500,Donald Mcdonald MD
10233,Sierra Ware
45904,Jamie Maxwell
36674,Kimberly Conner
44009,William Mcpherson
18005,Tina Long
34765,Joseph Duran
56825,Patrick Griffin
40756,Jessica Adams
16588,Mary York
27080,Terry Anderson
10172,Sandra King
15373,Kelly Fuentes
20718,Jordan Bradley
86725,Anne Williamson
20524,Martin Parker
52816,Manuel Richards
31227,Darren Willis
59357,Ashley Hanna
15031,Matthew Davidson
43546,Stephanie Blackburn
86729,Meghan Murphy
17391,Rebecca Johnson
38947,Sherry Hill
30161,John Adams
75950,Michael Frye
86127,Margaret Khan
99137,Nicole Owens
70456,Cindy Walker
52996,Adam Silva
47995,Tami Watson
42322,Jonathan Sanchez
15034,Erin Poole
67683,Carlos Graves
75637,Alexandra Wells
42928,Jeffrey Allen
41717,Ronald Graham
46133,Russell Adams
84903,Christine Stein
39541,Megan Price
59115,Sydney Dixon
19273,Meghan Hurley
58857,Jamie Johnson
56010,Phillip Stevens
64904,Cynthia Dixon
94956,Donna Johnson
97334,Edward Gutierrez
57661,Jasmine Barnes
87294,Richard Burch
20661,Glenn Jackson
52134,Sandy Weaver
73280,Steven Cox
82300,Debra Conrad
84007,Marissa Wiley
74126,Randy Trujillo
86394,Mr. Travis Carroll
34402,Dawn Hudson
80825,Dr. Amanda Parks
78733,Bob Moore
82218,Sharon Jones
71569,Amy Keller
89475,Bryan Brown
94108,David Snow
53669,Ashley Bryant
67206,Jason Cruz
65342,Ricky Ryan
84140,Brandon Ray
89221,Kristin Alvarado
91797,Cristina Rose
65859,James Mooney
81709,Cory Carter
11583,Nicole Warren
72160,Heather Perez
14246,Jerry Rodgers
13003,Rhonda Davis
12931,Bryan Dixon MD
54044,Aaron Kelley
24445,Desiree Banks
22259,Jessica Long
72501,Kristie Fleming
55458,Ms. Lisa Jones
65417,Carmen Ellis
12074,Chloe Smith
48270,Katie Harris PhD
49247,Daniel Edwards
30868,Alejandra David
62823,Michelle Smith
51052,Lauren Douglas
14136,Angel Ponce
50363,Sarah Maldonado
44863,Sharon Lane
95175,Thomas Mcmillan
96560,Jeffery Kidd
61418,Chad Bryan
93362,Dana Wiley
32503,Kaylee Mcbride
41021,Shannon Salinas
79193,Michael Owen
37683,Angela Sandoval
24214,Nancy Sherman
54316,Matthew Allen
16720,Matthew Bryant
46130,Stacie Flynn
67582,Kristen Jones
77612,Joseph Horn
99893,Mckenzie Macdonald
25190,Anthony Potts
60873,Joseph Clayton
11869,Rodney Silva
82069,Gabriel Ritter
54579,Gary Rose
44867,Kristopher Payne
95847,Daniel Benson
79402,Stephanie Kerr
63415,Amanda Martin
94899,George Stevens
62155,Christine Richardson
27036,Ryan Hurst
91219,Scott Forbes
61199,Kenneth Rios
99226,Rebecca Crawford
94399,Loretta Edwards
84555,Troy Ramirez
93822,Donald Holmes
96834,Annette Harvey
50683,Carmen Friedman
47488,James Morris
69447,John Robles
96988,Rebecca Espinoza
87427,Rebecca Hubbard
35896,Elizabeth Cruz
12322,Amy Brooks
82732,Christina Garcia
83242,Destiny Valdez
37047,Heather Gordon
75126,Frances Morales
55504,Richard Vang
51624,Stephen Munoz
41280,Melissa Stokes
24068,Kimberly Wallace
70983,Susan Cooper
95278,Amy Harrison
66546,Sydney Davis
75851,Karen Graves
83377,Veronica Ferguson
60821,Elizabeth Jensen
95335,Amanda Sherman
60693,Joshua Herrera
25454,Jaime Ellis
14254,Gwendolyn Foster
19803,Nathaniel Garcia MD
30615,Morgan Simmons
94202,Alexandra Faulkner
96778,Dennis Lee
53468,Jill Lopez
20361,Jason Mack
65436,Lisa Compton
16920,Alexandra Chung
66578,Sheri Allen
86694,Austin Green
94520,Amanda Morgan
30907,Jeremy Gaines
22946,Barbara Keith
79704,Erika Armstrong
91224,Kenneth Nielsen
32220,Timothy Sparks
50875,Julie Carroll
73836,Angela Patton
92556,Jennifer Sparks
17436,Daniel Ross
95115,Julie Anderson
16891,Jesse Hernandez
47517,Brandon Morris
55138,John Lewis
67716,Derek Contreras
19041,Debra Kennedy
14387,Eric Frey
10772,Ryan Miller
90526,Katelyn Flores
74407,Amy Faulkner
47374,Philip Johnston
19279,Jacqueline Jenkins
19195,Jessica Kaufman
50655,Terry Wall
33921,Michael Diaz
49631,Kelsey Rodriguez
58352,Hannah Horton
92363,Angela Castillo
31878,Mr. Tyler Clark
53135,Ethan Simpson
86549,Patricia Miller
70016,Robert Ramirez
43035,Kendra Taylor
50608,Dr. Karen James DDS
63012,Yesenia Mullins
48097,Regina Gonzales
75065,Samuel Bishop
54253,Shannon Caldwell
76612,Mr. Kevin Lopez DVM
72525,Taylor Bates PhD
47348,Natalie Thomas
68685,Thomas Meyer
78004,Todd Larsen
50334,Jason Garcia
21353,Theresa Lewis
41301,Douglas Hansen
83199,Clayton Benton
67688,Manuel Hernandez
44191,Anna Russo
49106,Amanda West
82693,Taylor Kidd
89661,Mr. Nicholas Bailey
46927,Erin Hensley
30432,Julie Ortiz
47102,Grace Patel
63387,Christine Rush
12597,David Fletcher
27058,Anthony Richard
38121,Daisy Jones
75990,Damon Taylor DVM
35419,Edward Anderson
93860,Rachel Morrow
40196,Monique Lewis
87893,Tracey Oliver
53940,Brianna Delacruz
58088,Margaret Reed
69274,Emily Davis
39698,Charlene Copeland
26768,Marcus Singh
80889,Daniel Stanley
14996,Andrew Duncan
44369,Tracy Orozco
85871,Matthew Fitzpatrick
51084,Jonathon Davis
16150,John Nixon
95940,Michael Ray
83920,Bradley Avery
10552,Bradley Brock
17113,Emily Baird
62830,Ronald Mccullough
54939,Jared Flores
29434,Mia Young
42676,Dennis Schultz
55810,Christian Burnett
24441,Laura Russell
80722,Catherine Rivera
99428,Brent Santana
62673,Joseph Snyder
54964,Robert Chavez
31459,Kathryn Travis
62877,Janet Melendez
85946,Jason Warren
24539,Roberta Graham
58624,Amanda Smith
97311,Lee Stokes
71200,Laura Campbell
60654,Dustin Kelly
67594,Corey Jones
75790,Tiffany Conway
87952,Brandi Hogan
59665,Tiffany Vaughan
26734,Kimberly Carlson
57187,Michael Marsh
42100,Louis Boyd
21386,Cassidy Henry
46512,Teresa Miller
56820,Joshua Chavez
85323,Vanessa Avery
40175,Alicia James
31034,Joseph Nguyen
64500,Joseph Gallegos
31691,Donald Howard
46772,Jody Garcia
38620,Michelle Carroll
91269,Judith Parker
58587,Dawn Rogers
30253,Chris Garcia
28569,James Scott
96683,Lindsey Riley
77845,Amanda Moore
68449,Johnny Sosa
87173,Jennifer Cunningham
30950,Curtis Duran
64028,Tammy Diaz
51930,Mrs. Janet Carr
67930,Cindy Moore
44060,David Gibson
65852,Gabrielle Murray
32839,Brian Greene
38615,Teresa Jensen
99389,Kristin Cummings
46626,Yvonne Anderson
24405,Andrew Estrada
45578,Brandi Thomas
71308,Andrew Shelton
25094,Patrick Cochran
51792,Patricia Cline
16444,Martin Campbell
98380,Nichole Weber
55185,Patrick Brooks
29629,John Leblanc
92678,Michelle Harris
30547,Vincent Francis
20386,Cynthia Ortiz
20707,Shawn Barker
20244,Rodney Crawford
39256,Jonathan Wilson
34120,Kelly Nelson
84174,John Payne
20608,Kurt Holmes
10122,Hannah Haynes
30858,Bryan Stephens
48640,Jamie Garcia
70518,Terry Ferguson
81307,Mark Wilson
25252,Joseph Ortega
16649,Kevin Miles
67207,Daniel Klein
33190,Jonathan Anderson
96419,Todd James
80614,Valerie Dean
22848,Emily Orr
25022,James Shelton
58197,Patrick Mueller
98318,Steve Preston
60678,Dustin Woods
89051,Lisa Hodge
31666,Micheal Stevenson
50775,Robin Wood
27783,Alexis King
66783,Melissa Mathis
79876,Kimberly Sampson
89924,Matthew Rasmussen
95208,Heather King
34163,Joseph Stewart
47999,Chelsea Park
58771,Jamie Rosario
47846,Elaine Marshall
44077,Alison Carrillo
73530,Scott Serrano
97255,Carlos Collins
47839,Valerie Anderson
39782,Melissa Blair
22009,Lori Walker
85794,Joel Dunn
46915,Mrs. Lisa Scott
85257,Adriana Holt
56915,Randall Bailey
80521,Eric Cole
99403,Martha Taylor
73962,Jonathan Mccormick
73605,Mrs. Jessica Riley
41371,Christopher Blake
21268,Eric Fox
19005,Jonathan Vaughan
42963,Dr. Tanner Edwards
82263,Robert Gonzales
51599,Vanessa Walls
19676,Keith Oliver
49091,Julie Edwards
50868,Bianca Love
43830,Jeffrey Vance
20822,Samantha Huff
42844,Diana Mcconnell
59074,Connie Stanley
94780,Barry Kirby
94743,Edward Munoz
54487,Chelsea Warren
58556,Mrs. Patricia Schultz
78737,Gabriela Garcia
32429,Andrew Moon
18741,Erin Campbell
15981,Vanessa Day
83053,Charles Buchanan
64283,Daniel Cook
34934,Alyssa Todd
28415,Christopher Harrison
29975,Shelby Doyle
91701,David Alexander
29488,Rachel Rodriguez
71740,Alex Marshall
83074,Bobby Anderson
51240,Leslie Patel
31907,Chelsea Hernandez
65676,Katherine Medina
52808,Theresa Dyer
15165,Hannah Brown
50814,Jeffrey Barrett
65931,David Bryant
77712,Alec Houston
25805,Jeremy Henderson
43746,Melanie Carroll
72606,Jacob Shields
65851,Emily Fleming
99937,Brendan Sheppard
58382,Erika Mcpherson
38896,Ricardo Mendoza
25552,Matthew Benson
52100,James Figueroa
10387,Eric Banks
12896,Kimberly Young
53430,Nicholas Abbott
95246,Martha Pham
35525,Justin Gordon
44089,Kim Powell
97652,Andrea Cannon
22697,Victor Ruiz
62902,Kristin Lee
35372,Ashley Baker
16509,Ashley Frost
50469,Kelsey Bishop
68738,Joyce Aguilar
69225,David Reed
59595,Melanie Young
43113,Dana Schneider
77251,Theresa Johnson
31076,David Blair DVM
60793,Nicholas Thompson
11159,Gary Sanchez
71421,Mark Benitez
24561,Ashley Marshall
60891,Brian Sutton
77601,Monica Holmes
98916,John Robinson
18786,Julia Cherry
18313,Christopher Mills
42241,Christopher Kim
10219,Nathan Reed
19352,Paul Mcgee
34326,Brooke Waters
72400,Angela Ford MD
43198,Tonya Griffith
53041,Steve Wagner
88142,Destiny Garza
88098,Jade Martinez
93353,Sarah Keith DDS
35773,Angela Morse
70023,Timothy Carpenter
83187,Michelle Lewis
43209,Terry Perkins
48686,Daniel Vasquez
58174,Brittany Evans
95688,Angela Mills
20318,Michael Long II
97224,Brittany Perez
39282,Marie Gonzales
96914,Lisa Watkins
28076,Elizabeth Rivera
13543,Kathleen Morgan
67900,Anna Wright
77912,Darryl Thomas
10398,Barbara Maldonado
63905,Joseph Arroyo
99383,Mariah Howard
15433,Christina Santiago
97366,Lisa Russell
68717,Nicholas Nguyen
94186,Jeffrey Moore
62892,Sarah Campbell
20538,Stephen Adams
77189,Mathew Palmer
76562,Alison Gonzalez
99756,Daniel Barajas
80502,Mrs. Amanda Lopez
77571,Craig Barry
76188,Alexander Shea
41584,Thomas Moreno
68427,James Martin
51555,Jonathan Patel
67154,Lisa Benson
56277,Thomas Ramirez
10848,Jeremiah Murphy
49802,Andrew Santiago
91859,Courtney Hansen
33712,Krista Osborne
62085,Jason Hughes
88829,Carla Garcia
34389,Nicholas Logan
94914,Trevor Ward
28754,Matthew Evans
85157,Kevin Anderson
42199,Kenneth Martinez
66087,Philip Hayes
60380,Tommy Webb
59472,Alan Scott
23439,Linda Caldwell
60088,Tyler Hernandez
77683,John Yates
98863,Keith Scott
93952,Austin White
63574,Kevin Ford
10241,Dennis Johnson
98603,Sherry Willis
57885,Stephanie Hays
16796,Robert Norman
95980,Ashley White
86967,Bobby Morgan
36736,Rachel Powers
93229,Amy Baker
36145,Scott Mccarthy
34109,Kathy Carpenter
45840,Jacob Ochoa
61617,James Hawkins
63434,Brianna Graves
80080,Brittany Santiago
14849,Alfred Murphy
64156,Nicholas Jones
70481,Diana Bush
12979,Chad Collins
22208,Teresa Leach
66152,Vanessa Hogan
50674,Meghan Graham
19354,Faith Brown
45050,Ruth Strong
43541,Dawn Dalton
84737,Monica Andrade
76208,Megan Salinas
96033,Natasha Figueroa
39980,Gabriel Nichols
96750,Jamie Sanchez
22286,Carolyn Hoffman
51372,David Atkins
67756,Mark Ramos
56095,Phyllis Adams
34835,Jodi Armstrong
43856,Roberto Harris
43755,Tiffany Stephens
32235,Patricia Reynolds
83279,Lisa Bauer
45569,Bianca Jensen
91985,Ariel Wilson
19336,Amanda Ramos
32736,Richard Holt
29206,John Tran
93344,Marie Everett
20819,Joseph Garcia
35309,Nicholas Stewart
59152,Daniel Obrien
55814,Terri Bates
88224,Brittany Castillo
30047,Michael Savage
26159,Shannon Castillo
27279,Jordan Peterson
58220,Jimmy Fischer
69983,Erika Clark
66829,Lydia Dalton
30594,Jesus Barajas
62907,Alejandro Banks
58243,Tammy Lewis
58235,James Russell
83360,Robert Stanley
85811,Taylor Lopez
79221,Denise Young
51602,Crystal Miranda
94366,Philip Bond
49399,Barry Stephens
93679,Derek Durham
12676,Sophia Smith
83326,Edwin Brady
21310,Vanessa Henderson
70516,Justin Hoffman
20138,Susan Mckee
45413,Casey Bowman
46267,Kathryn Martin
48851,Nicole Bartlett
21237,Shelia Harris
57811,Heidi Perkins
83964,Krystal Kramer
72303,Jesse Reynolds
18650,Charles Stone
56705,Cheryl Parker
88825,Lori Hill
10312,Shelley Hunt
78949,Gary Macdonald
36611,Kendra Phillips
15278,Mrs. Eileen Boyd
21409,James Dickson
95192,Jason Harrison
70578,Christopher Graham
45561,Kimberly Henry
17055,Sharon Sweeney
67085,Krista Martin
18992,Cathy Simon
33033,Jonathan Morgan
27137,Yvette Nicholson
19407,Jessica Parks
53860,Holly Phillips
33244,Alyssa Cunningham
40339,Emily Hogan
63538,Michele Brooks
54057,Jeffrey Lynn
84378,Ruth Sanchez
94033,Allison Allen
85135,Tonya Ballard
56079,Brent Wagner
62495,Eric Mcknight
34065,John Schwartz
64751,James Guerra
57479,Maria Curtis
49417,Patricia White
45797,Sarah Carroll
39095,Tonya Mahoney
38419,Joel Cox
35754,Jennifer Lawson
26872,Lisa Gomez
46304,Alan Martin
42876,Tara Coleman
57735,Gabriel Mccormick
62368,Michael Hoover
12382,Kimberly Novak
21887,Matthew Thomas
72068,Kimberly Williams
80079,Lawrence Mcguire
41806,Terri Johnson
66037,Tiffany Browning
67831,Stephanie Harrison
20857,Ms. Kimberly Ross
82009,Alyssa Fisher
70871,Thomas Schmidt
23478,Brittany Gonzales
45374,Lisa Lutz
77115,John Hutchinson
41215,Danielle Sanchez
44849,Brandon Burton
22205,Latasha Daniels
76501,Alexandria Obrien
12614,Julie Crawford
55943,Justin Obrien
93708,Laurie Williams
72833,Antonio Jackson
12121,Sean Jacobs
48423,Nathan Hall
47486,Erin Choi
52225,Warren Smith
40959,Susan Zamora
28962,Jacob James
15730,Tiffany Kaufman
14401,Victor Mcdonald
89719,Sara Bell
31753,Dr. Rachel Cummings
61740,Keith Harris
11220,Deborah Glass
61799,Carla Brooks
87134,Kelly Arnold
46001,Dr. Justin Potts
91868,Wendy Parker
83910,Karen Melendez
74427,Emily Jones
21679,Joseph Chandler
42635,Henry Middleton
72677,Angela Watkins
90898,Julia Kim
71764,Jordan Bennett
37402,Kelly Sanders
49087,Bruce Pierce
83524,Jill White
50247,Katherine Jackson
19369,Melissa King
19579,Brian Mendoza
42714,Kenneth Waters
23367,Rachel Gregory
28334,Ronald Hernandez
65233,Tammy Coleman
40289,Kathleen Wong
80671,Kyle Cervantes
90058,Charles Reynolds
68089,Kevin Haas
37823,Gerald Jackson
34098,Andrea Wagner
98034,Brianna Velazquez
13514,Christopher Richards
15412,Denise Gray
24673,Sydney Powell
87199,Pamela King
30328,Nancy Martin
55096,Jonathan Evans
19468,Dylan James
85564,Kelly Osborne
39024,David Boyle
42968,Nicole Wood
20892,Dennis Lopez
54202,Nicole Brown
15229,Chad George
16004,Phillip Jarvis
17281,Martin Gates
82894,Allen Alvarez
27920,Nicholas Nicholson
27952,Lori Turner
73696,Connie Shepard
58577,Christine Jackson
55493,Kelly Pearson
17332,Stephen Pham
96263,Christopher Mckay
73732,Robert Perry
28403,Suzanne Holland
41488,Daniel Anderson
84364,Brandon Williams
92044,Kimberly Olson
92116,Matthew Rodriguez
61413,Andrew Rivers
20768,Jodi Suarez
71830,Lisa Macias
18459,Steve Miles
27622,Victoria Bennett
95679,Thomas Villanueva
96454,David Butler PhD
31518,Jordan Schneider
47917,Amanda Johnson
21412,Jeffrey Nelson
81995,Joseph Pena
82611,Robert Mendoza
46377,Donna Leon
46435,Michael Cordova
62346,Brittany Patterson
45653,Chad Peters
57163,Dylan Young
82854,Jill Wilkins
55792,Emma Gonzalez
31116,Darryl Bell
42089,Kylie Callahan
90964,David Suarez
71177,David Hall
25916,Mrs. Felicia Gibson
89932,Isabella Collins
59568,Morgan Miller
37096,Reginald Smith
48579,Tiffany Smith
32968,Melissa Fischer
73870,Derrick Wilson
86676,Kimberly Lambert
34691,Shawn Parsons
24530,Robert Savage
96074,Jackson Thomas DDS
68600,Jimmy Morgan
93905,Monique Armstrong
14909,Sheila Lamb
49889,Jonathan Gillespie
77878,Mr. James Tucker
42666,Roy Anderson
61128,Patrick Vincent
59707,Rebecca Bender
68437,Ian Johnson
11942,Jim Velazquez
65841,Tracy Stevens
32040,Sonia Bentley
87359,Emily Fox
89717,Ashley Pacheco
75673,Richard Rush
42017,Charles Richards
55041,Janice Vaughn
28760,Dr. Yesenia Macias PhD
63292,Rebecca Smith
94003,Matthew Rojas
32935,Sally Hanson
97975,Benjamin Cain
80373,Felicia Allen
53686,Daniel Levy
30268,Dale Cochran
52427,Nicholas Ward
42964,Mrs. Molly Jones MD
91987,Ashley Vargas
90725,Christina Johnston
60916,Betty Lewis
56197,Kevin Fowler
29230,Evelyn Mitchell
32910,Kimberly Morales
25357,Kara Powell
67050,Gail Fowler
78808,Andrew Massey
88372,Amy Jones
71557,Michelle Oconnell
44022,Michelle Morris
31520,Richard Mejia
30391,Christopher Alvarado
94274,Lauren Richardson
63617,Tara Davis
97500,Eddie Martinez
13629,Hannah Gregory
74369,Lisa Edwards
70877,Toni Bowers
18406,Regina Stanley
21664,William Romero
46541,Elizabeth Reed
57058,Phillip Graham
48763,Linda Marshall
32524,Francisco Wells
71910,Michael Nguyen
59075,Kevin Ruiz
49957,Jesus Wong
47964,Carolyn Garcia
70629,Peter Gates
52438,Justin Mcdowell
11573,Casey Oneill
57794,Abigail Perry
84581,Gloria Sparks
65446,Tamara Anderson
89230,Evelyn Williams
63611,Marc Duran
77918,Jason Vasquez
77870,Kendra Fitzgerald
29355,John Baldwin
49337,Ian Anderson
90536,Dr. Jeff Curry
76336,Melinda Edwards
63654,Eduardo Carter
32804,Tyler Chang
82081,Terry Wallace
62512,David Mayo
94628,Laurie Blair
12535,Beverly Wilkinson
42664,Kathryn Nelson
45874,Christopher Grimes
94340,Ian Caldwell
19363,Andrea Anderson
81998,Jason Hardy
43675,Taylor Kerr
39662,Michael Lang
33927,Kevin Foster
52170,Katherine Johns
64547,Rebekah Price
16948,Courtney Morton
92038,Kevin Brown
10203,Nathan Campbell
43325,David Andersen
89564,Ryan Harrington
46470,Sarah Arnold
24308,Erica Barry
93094,Amber Phelps
15291,Joseph Horne
18202,Marcus Moore
68947,Melissa Chambers
67660,Luke Novak
30023,Ashley Rojas
96078,Brian Fletcher
75309,Angela Green
63257,Sara Osborn
13031,Raymond Hayes
23824,Joshua Zhang
89407,Katherine Todd
90027,Amy Lee
69563,Nathan Hines
30290,Brandon Wade
28817,Lauren Case
77176,Corey Jensen
71189,Anthony Paul
42937,Robert Ryan
77344,Cheryl Taylor
62436,Kim Costa
21947,Veronica Ryan
62382,Michaela Chan
36844,Judy Hart
72348,Ryan Yates
84201,Taylor Frederick
30960,Rebecca Delgado
40483,Alyssa Frazier
21950,Kristina Ryan
14414,Terri Murray
92557,Katrina Moore
72216,Clinton Thomas
87846,Kyle Jordan
49675,Aaron Knight
62129,Laurie Martin
21510,Jessica Byrd
72972,Michael Carrillo
10701,Norman Barry
29455,Carolyn Robinson
18918,Kathleen Lester
78160,Kaitlin Kline
18141,David Bates
56771,Jerry Williams
29493,Austin Anderson
92809,Ryan James
57473,Jackson Gross
68119,Mr. Robert Moss
30255,Holly Cox
85457,Amber Richardson
71871,Amy Valdez
37916,Angela Meadows
28093,Peter Lawrence
69974,Virginia Diaz
23140,Ronald Swanson
66636,Erik Hines
72535,Mr. Anthony Perkins Jr.
79568,Linda Ortiz
96160,Glenn Baker
76844,Jim Olson
20149,Keith Banks
66498,Albert Moreno DDS
15162,Nathaniel Hughes
84951,Willie Perez
25593,Jose Arnold
36934,Kenneth Fuller
89061,Carlos Stanley
16978,Mary Turner
82504,Dennis Mitchell
68421,Sandra Moss
40192,Meagan Gonzalez
47399,Robert Andrews
82290,Jonathan Patterson
11295,Susan Nguyen
93834,Christina Contreras
75162,Keith Johnson
93100,Stuart Soto
54140,Christopher Pittman
40807,Frederick Hicks
53713,Joel Johnson
44347,Craig Roberts
72598,Joseph Sanchez
24301,Trevor Garner
47445,Mr. Brendan Bridges Jr.
57940,Kelly Kelley
69982,Katie Kennedy
82090,Joseph Taylor
68568,John Bryant
98854,Kathleen Hammond
54217,Ann Marks
38304,Brandon Patterson
23940,Vickie Brown
66622,Brianna Scott
93420,Valerie Carr
49226,Emma Martin
71805,Jason Cunningham
22940,Courtney Curry
11537,David Campbell
72645,Kevin Perez
62234,Melanie Smith
55424,Paige Sawyer
73893,Erica Jackson
85884,Derek Cross
26560,Gary Johns
28468,Andrew Warren
56883,Daniel Lee
39241,Carl Patrick
82962,Samantha Gonzalez MD
84689,Jeffrey Manning
60138,Timothy Arellano
47024,Michael Oconnell
29345,Sabrina Frazier
87898,Curtis King
60374,Jordan Berry
49459,Ryan White
58922,Kaylee Martinez
95909,Virginia Davis
88533,Brent Kline
71237,Lori Stokes
82629,Robert Bryant
32470,Vincent Davis
39365,Cynthia Fleming
52981,Sandra Carr
28601,Brian Bennett
42679,Katherine Smith
12333,Elizabeth Bates
78630,Mark Jacobs
96795,Billy Park
37126,Ashley Green
38317,Kimberly Hudson
44063,Mary Chambers
35757,Mrs. Melissa Cline
45395,Caroline Glover
77278,Christopher Jackson
47389,Connor Shaw
97694,Mrs. Deborah Lee PhD
40970,April Arias
39450,Carlos Carter
79792,William Reeves
66864,Donald Russell
97938,Deanna Wiggins
26153,Andrea Gonzales
59953,Wayne Owens
62301,Barbara Smith
83139,Todd Rhodes
88684,Chloe Phillips
83969,Victor Goodwin
70359,Christopher Arnold
61098,Kelly Castillo
44247,Dr. Andrea Thomas MD
72278,Philip Elliott
58330,Mallory Wilson
94339,Matthew Doyle
72694,Joshua Evans
42757,Kevin Alexander
90358,Roy Rodgers
74148,Mr. Jeremy Hansen PhD
13270,John Hancock
35811,Deborah Jenkins
21580,Shawn Berry
87554,Nicholas Herrera
63406,Larry Patrick
59345,Joseph Shepherd
64339,Terrence Brown
74029,Taylor Kelly
11505,Joshua Collins MD
25332,Kelly Thompson
97315,Michaela Cortez
86481,Eric Parrish
68988,Alexis Lloyd
40114,Courtney Finley
54366,Valerie Scott
49730,Deborah Mason
55325,Lisa Patton
62131,Todd Daniels
20686,James Mitchell DDS
94701,Anthony Wong
63227,Amanda Quinn
24195,Sara Miller
50404,Michael Webb
98738,Patrick Golden
84045,Mallory Porter
79959,Penny Mejia
44874,Marc Barton
85723,Richard Callahan
30315,Ryan Navarro
14477,Tina White
87954,Angela Trevino
87749,Nicholas Austin
11018,Oscar Lane
66763,Steven Brewer
75514,Kim Massey
88472,Jaime Brown
27630,Victoria Bishop
23661,William Burns
13300,Nicole Mitchell
65219,Bradley Ryan
32539,Carol Morales
76388,Kristi Wilson
96320,Steven Roberts
71685,Joy Price
26566,Matthew Carter
65925,Diana Crawford
33948,Jennifer Warner
63183,April Burton
76783,Richard Young
27271,Wendy Sellers
11607,Alexandra Hampton
24690,Katherine Richmond
18854,Elizabeth Clarke
50803,Aaron Owen MD
44504,Christopher Poole
58934,Whitney White
39497,Joel Guzman
10624,Lynn Turner
16942,Katherine Collins
63033,Adam Mejia
97150,Cody Wilson
89841,Frank Bush
97790,Miss Kathy Miller MD
12915,Deborah Bruce
26736,Mary Everett
32313,Luis Jackson
85292,Jennifer Eaton
10372,Stephen Ramos
99730,Teresa Elliott
63076,Alexis Murphy
83011,Erika Ho
39918,Makayla Ross
95895,Craig Miller
28133,Patrick Lewis DDS
93969,Benjamin Rose
76098,Randy Collins
27294,Dustin Hernandez
68727,Victoria Brooks
74528,Cynthia Smith
44997,Timothy Walters
82930,Roy Hamilton
21977,Aaron Ritter
65404,Benjamin Kaufman
22874,Kevin Cunningham
84317,Megan Adams
77169,Ryan Holland
62651,Zachary Harris
76179,William Frost
32144,John Stewart
49945,Stephanie Jackson
90483,Gloria Briggs
86696,Natalie Day
22668,David Soto
39499,Brian Moreno
82792,James Hardy
71218,Lindsay Oneal
14605,Alexander Barry
97630,Travis Rodriguez
12598,Christina Black
69945,Michael Foster
78842,Laura Alexander
97253,Philip Payne
93736,Kenneth Wheeler
55046,Melinda Duncan
23965,Carol Payne
50274,Bryan Morton
96613,Luis Moran
68582,Brandy Anderson
38445,Michael Greene
45068,Holly Duncan
75694,Daniel Boyd
24296,Alex Owens
84444,Ethan Gonzales
93805,Jeffrey Hicks
59245,Kayla Young
74591,Lance Johnston
69735,Richard Murphy
83258,Joyce Cross
55981,Nicole Deleon
24795,Kristina Briggs
88188,John Hudson
29557,Mark Bowers
54246,Alexis Delacruz
12517,Sara Clark
48881,Jenny Carter
31962,Samuel Hayden
80364,Melissa Wright
53333,Donald Stephens
78111,Willie Dougherty
98083,Brittany Trujillo
19133,Laura Henry
98789,Shawn Rush
36271,David Good
70048,Jason Mccarthy
67807,Holly Miller
70289,Joshua Shaw
86013,Timothy Kramer
11914,David Maynard
19404,Darrell Johnson
94921,Rodney James
61403,Manuel Soto
27741,James Stevens
11175,Annette Kelley
64865,Carrie Myers
64808,Annette Bradley
47208,Tiffany Montes
51064,Maria Luna
16424,Beth Sutton
55213,Shannon Schroeder
10950,Elizabeth Sandoval
60071,Anna Lara
99081,Anthony Becker
43190,Eric Rowe
53535,Ryan Bailey
17343,Shelby Phillips
53159,Devon Smith
99126,Michelle Pineda
11232,Lacey Ford
58570,Devin Morgan
34214,Donna Thompson
65876,Michele Stevenson
98206,Darren Roberts
18251,Brian Hughes
31377,Lucas Ferrell
75343,Abigail Ruiz
49075,Annette Espinoza
65564,Joy Mcknight
32276,Connor Richard
99127,Pamela Barker
64719,Jeffrey James
88886,Autumn Floyd
18866,Cindy Hatfield
51121,Ryan Curtis
20090,David Munoz
53024,John Morales
39808,Cathy Lewis
12082,Juan Hodges
14452,Renee Bailey
85187,Peter Spencer
98874,Erica Cardenas
42194,Tammy Henry
74352,Mary Torres
84945,Kelly Chavez
55473,Dr. Jacob Foster
21760,Daniel Mckinney
14843,Ms. Sandra Larson
51407,John Keith
49718,Lisa Nelson
19403,Joseph Wright
30688,Lauren Lara
52056,Allen Rice
56602,Linda Norman
96066,Amy Kerr MD
66613,James Ward DVM
47426,Christopher Kidd
60735,Luis Conway
37928,Sharon Curtis
92761,Devin Smith
34132,Bethany Davis
40568,Travis Berry
68705,Donald Sheppard
39558,Stefanie Garcia
47349,Cheryl Sexton
13763,Anne Bond
61042,Joshua Hurst
97864,Christopher Davis
31152,Richard Robertson
45264,Johnny James
32009,Brandy Thompson
59797,Miss Mckenzie Jenkins
51767,Benjamin Wright
47016,Matthew West
45314,Bradley Mccall
22989,Samuel Buchanan
10078,Daniel Randall
94389,Nicole Dominguez
91468,Sherry Griffin
46432,Aaron Fitzgerald
82976,Megan Best
90431,Dr. William Chavez
74544,Anna Houston
47976,Tara Faulkner
69234,Jill Curtis
17827,Hannah Reyes
89902,Bridget Gallegos
60815,Joseph Morales
28788,Katrina Jordan
27592,Jennifer Banks
33204,Ashley Dennis
50606,Victoria Foster
49446,Kenneth Yates
62837,Tyler Murphy
88154,Laura Ball
29247,Dr. Michael Hunt
79510,Derek Simmons
30730,Pamela Wilson
91632,Albert Rivera
26679,Sharon Banks
57511,Monica Anderson
68376,Billy Nguyen
36922,Marilyn Holloway
66882,Theresa Hudson
23012,Tiffany Martin
47425,Timothy Cain
68577,Krystal Velasquez
70098,Jennifer Roth
87187,Joseph Wolfe
23341,Jessica Perry MD
36773,Kimberly Moses
65387,Kimberly Warner
23000,Kristen Harris
11512,Michael Bishop
90823,Dwayne Martinez
16628,Belinda Hansen
35156,Madeline Gibson
70851,Connor Moore
68030,Karl Freeman
73846,Michele Nelson
11603,Savannah Jones
56120,Allen Owens
19032,Latasha Morgan
66727,Gerald Anderson
97114,William Vance
98018,Lance Mullen DDS
67099,Tracey Schaefer
48702,Judith Bishop
32667,Christopher Cochran
50121,Jonathan Lewis
52350,Holly Mata
95165,Scott Anderson
57282,Karen Hill
21790,Gabriel Randolph
19002,Jennifer Greer
75766,Steven Pena
37110,Kim Thomas
31456,Deborah Hughes
80979,Thomas Wagner
64534,Desiree Gibson
12101,Peter Kim
20660,Jesse Carter
87211,Adam Valentine
86205,Destiny Brown
86222,Cathy Malone
85170,Andre Joseph
85634,Debra Estrada
66413,Benjamin Singh
13284,Riley West
46409,Tracy Castro
74326,Anne Lowery
57315,Christina Barrett
17333,Melinda Miller
79452,Jack Houston
44875,Steven Davis MD
82152,Tanya Moore
18982,Russell Contreras
31956,Justin Simpson
57923,Zachary Daniel
11877,Rodney Medina
57854,Andrea Harrell
79397,Amanda Stein
25896,Brian Parks
65478,Jonathon Stanley
42259,Rebecca Perry
47475,Nancy Gordon
79605,Jonathan Pratt
33258,Darlene Barr
47435,David Montgomery
34596,Kristen Stevens
74431,Kathleen Henry
31986,Dr. Rebecca Good
23302,Jennifer Beard
38302,Andrew Roberts
78256,Bobby Gould
37544,Javier Flores
82312,Mr. Tanner Davis
64195,Lisa Holloway
94651,Steve Lopez
55801,Jeremy Zuniga
67655,David Ross
18711,Debra Flores
38735,Erik Long
85420,Jessica Ellis
87231,Victoria Garcia
70040,Melissa Keller
78167,Heather Simpson
72832,Sarah Young
34590,Charles Stewart
23635,Katie Matthews
54300,Tracy Williams
20227,Kathleen Johnson
52285,Jason Barker
48921,Jeremiah Snow
15558,Robert Fitzgerald
49190,John King
79547,Charles Vargas
18605,Angel Rodriguez
22512,Anthony Conley
35839,Derek Gay
99831,Lori Chavez
15237,Robert Suarez DDS
80047,Nicholas Meadows
49737,Gabriela Harris
58957,Teresa Valdez
48598,Nicholas Alvarado
30365,Spencer Malone
93559,Scott Wagner
23325,Kristen Morse
60792,Danielle Hart
60982,Matthew Christensen
17853,Brandi Logan
24225,Matthew David
84130,Melissa Schneider
17972,Taylor Parker
25598,Tiffany Hartman
30215,Russell Baker
58054,Jared Carson
27030,Corey Hawkins
92246,Nancy Wood
67343,Christopher Olson
53764,Jacob Rogers
81669,Tyler Norris
22282,Adrian Calhoun
89223,Ariana Lee
66953,Vernon Moran
92852,Justin Ross DDS
63018,Ryan Leonard
28304,Robert Bowers
38836,Heather Terry
35947,Terry Powers
15158,Jessica Beard
35793,Isaac Smith
54801,Robert Owen
36215,Jennifer Stephens
75809,Rachel Perry
78264,Jessica Hancock
27249,Isabel Chen
53510,Tommy Bailey
19674,Tracy Lee
27922,Mark Sullivan
28575,Steven Wells
22770,Russell Parker
35722,Carrie Tran
89893,Jason Smith
61535,Desiree Hill
30064,Jeremy Tran
15628,Eric Mckenzie
48287,Douglas Thompson
91983,Jonathan Mata
46033,Brenda Ramsey
99113,Dylan Hood
60795,Laura Patton
57380,Adrian Bird
28207,Shane Brown
62216,Robert Hill
18388,John Cannon
26407,Anne Mccarthy
92496,Travis Brown
14886,Ryan Bullock
93975,Fernando Harrison
67709,Barbara Baker
56730,Sonya Hammond
39707,Haley Atkinson
55036,Jennifer Villa
55118,Ashley Davis
94517,Michele Abbott
80545,Jon Roy
18057,Brian Robinson
18857,Nicole Gibson
34083,Laura Cunningham
89326,Jacob Frazier
28676,Aaron Johnson
39625,Michael Wu
12026,Alexander Wright
36637,Dr. Antonio Moss
72527,James Juarez
97324,Jessica Owens
93030,Brian Taylor
43262,Anthony Parker
25081,Paul Beard
52608,Joshua Anderson
78833,Jesse Ortiz
54214,Mary Beck
71520,Michelle Barker
57489,Samantha Stokes
54124,Brittany Richards
49017,Natasha Stone
57139,Christine Nguyen
30192,Ashley Mcneil
55630,Oscar Bell
71825,Brandon Franklin
45261,Caitlin Le
22546,Shannon Charles
43021,Joanna Walker
26259,Bryan Mccarty
93497,Dan Wong
49966,Mitchell Wells
47642,Jason Ray
79308,Heather Ortiz
18261,Jennifer Vincent
13333,Edward Hall
93173,Deborah Ward
91158,Deborah Wright
24989,Richard Torres
11736,Debra Schneider
18494,Mr. Adam Pacheco
37910,Virginia Gallagher
67746,Jeffrey Ford
15754,Steven Baird
62506,Paul Moore
66380,Brandon Bradford
56075,Derek Simpson
23197,Jennifer Valenzuela
48551,David Chavez
18907,Jesus White
89030,Mike Rios
99086,Michael Zamora
69258,Brian Christensen
83268,Melissa Cantrell
27345,Wendy Brown
88695,Katrina Jensen
63010,Sharon Donaldson
63073,Randy Richards
19409,Stacey Moore
10556,Taylor Hopkins
43151,Wesley Johnson
63671,Brent Lewis
27302,Manuel Miles
71256,Leslie Hamilton
99597,Allen Grant
55476,Scott Morales
65141,Shannon Baxter
55753,Wyatt Wallace
53930,Joshua Beard
80538,Marie Murray PhD
93677,Emily Austin
28606,John Ali
25469,Louis Hicks
80117,James Holmes
17441,Dakota Martinez
50867,Christopher Bentley
69904,Cody Lindsey
77618,Brian Johns
58389,Breanna Collins
26483,Richard Malone
11668,Samuel Cox
70651,Brenda Wallace
88495,Peter Adams
69302,Sandra Henry
26457,Erika Conner
14954,Jesus Mercado
82525,Maria Edwards
39187,Edwin Todd
20483,Robert Combs
22833,Andrea Butler
71093,Jason Massey
22446,Jennifer Ramsey
79506,Tracey Mcclure
36076,Kathleen Tucker
44636,Shawn Bailey
50106,Lawrence Raymond
86731,Ana Juarez
42351,Raymond Smith
58880,Robert Byrd
67329,Christina Travis
41974,Eric Short DDS
65795,Kelly Miller
96476,Taylor Thomas
69418,Ashley Harper
62455,Tammy Moore
86342,Andrew Collins
13704,Alicia Riddle
72795,Charles Grant
42734,Donald Cooper
36914,Ryan Mccarthy
40296,Clarence Reid MD
13038,Mr. Stephen Melendez
31246,Michael Hull
39405,Carla Lewis
27787,Stacey Mueller
56061,Raymond Duncan
41554,Jordan House
79713,Joseph Avila
14084,Elizabeth Glass
59783,Willie Crane
33888,Nathan Davis
10781,Brendan Hart
43551,Shawn Donovan
99370,Aaron Henderson MD
56826,Robin Hale
84148,Travis Trujillo
49904,Sierra Robertson
63109,Ellen Wu
62627,Randy Serrano
14888,Robert Sheppard
41921,Ronnie Francis
65428,Terry Berry
27672,Julie Floyd
97546,Curtis Rivera
33608,Brandon Bray
67881,Jim Li
90550,Jeremy Bowman
68862,Scott Ray
91867,Javier Stewart
77843,Mrs. Hailey Jones
44558,Suzanne Richardson
70926,Stephanie Brooks
18565,Dr. Pamela Fox DVM
49554,Eric Campbell
92946,Tyler Medina
76172,Amber Grant
39944,Veronica Watkins
45279,Hayley Medina
51932,Mark Harvey
78754,Adam Greene
79256,Bethany May
85885,Adam Sullivan
53620,Gregory Washington
75139,Norma Wong
99206,Joseph Curry
75589,Alex Mccarty
79057,Michelle Bennett
45071,Holly Salazar
64427,Adam White
73741,Richard Allen
40554,Steven Mathis
41970,Juan Roth
39163,Kenneth Hernandez
12277,Joseph Russo
75403,Cassandra Norris
69399,Angel Ho
57293,Tyrone Hale
22659,April Valentine
45749,Timothy Hamilton
41602,Rachel Benson
94995,Sean Roberts
94420,Paula Gomez
31752,Daniel Silva
39612,Jason Tucker
18977,Janice Sherman
70444,Mary Moore
80804,Dr. Jennifer Foster
72950,Laura Coleman
80347,Christian Little
19295,Erica Watkins
90188,Sara Smith
36349,Justin Houston
66724,Kathleen Suarez
21448,Angela Irwin
31795,Bobby Cruz
21030,Bradley Walters
58321,Randall Harris
45017,Leslie Bryant
45447,Joshua Kelley
21996,Jordan Underwood
72996,Debbie Cole
68976,Shawn Gross
41707,Richard Sawyer
89712,Mr. Andrew Ruiz
25363,Wendy Gutierrez
28819,Tammy Salazar
67504,Michael Howard
45469,Dawn Bush
26879,Eric Brown
78488,Janet Bautista
85965,Jorge Boyer
43926,Tamara Phillips
43028,Allison Buck
80509,Phillip Bryan DVM
90908,Maria Gonzalez
67078,Billy Jones
83977,Amanda Gay
75419,Bryan Powell
67434,Kayla Fernandez
99748,Brian Gibson
97889,David Day
28853,John French
42953,Gene Jenkins
58695,William Cook
54518,Melissa Villa
60388,Beverly Hobbs
51935,Brianna Maldonado
91266,Stephen Haynes
57551,Gina Barrera
54849,Eric Lynn
95813,Tiffany Moreno
57086,Taylor Owens
91959,Traci Nichols
38664,Natalie Carpenter
62730,Karen Rice
76165,Kenneth Wolf DDS
30657,Elizabeth Herrera
98845,Mr. Christopher Hernandez
71458,Harry Kim
61820,Michelle Tran
93680,Mr. Dale Joseph DVM
96532,Amy Sims
17649,Christina Miller
99363,Frank Hubbard
50064,Dr. Alexander Valentine
68849,Alicia Chambers
71877,Gabriela Caldwell
99684,Robert Hunt
55372,Roy Smith
38560,Brenda Hall
98188,Frank Rodriguez
56021,Jeffrey Rogers
26230,Timothy Mcdonald
87295,Lindsay Galloway
28561,Angela Fuentes
35237,Ashlee Brown
22085,John Chang
11168,Melissa Palmer
76020,Julie Gentry
54276,Heidi Roberts
35718,Taylor Snow
59817,Kiara Smith
40368,Adrian Glenn
89360,Adam Gomez Jr.
78135,Nancy Singh
27578,Brandi Richardson
84941,Nathan Flowers
57395,Elizabeth Hicks
19853,Monica Dean
44902,Bradley Crawford
80412,Bryan Dean
83490,David Hanson
47421,Patrick Lee
72648,Cory Roth
36099,Vanessa Walters
85319,Brenda Thomas
11152,Danielle Cisneros
83859,Ronald Richards
45751,Pamela Perez
16182,Lori Lopez
33842,Nicole Benitez
93425,Jonathan Griffin
47201,Frank Phillips
98457,Amy Richardson
80651,Mark Shaw
20290,Molly Higgins
21125,Caitlin Russell
74206,Gary Olson
16458,Thomas Rocha MD
24082,Darren Young
25180,Bradley Lin
54782,Stephen Ritter
41760,Teresa Brock
90892,Tina Henson
79888,Brandon Jones
74885,Brandy Cole
67211,Dr. Angela Garcia
33106,Nicholas Duarte
27206,Ethan Zuniga
86840,Melissa Stewart
62765,Tina Gonzales
42710,Cassandra Cunningham
52303,Brandon Crosby
67560,Richard Love
88950,Mary Mccullough
67793,Danny Nunez
69065,Erik Jenkins
52239,Mark Sosa
68453,Andrew Huff
75140,Shelly Barber
87046,Kathryn Barr
51743,Scott Brown
25049,Mr. Larry Cross
96518,Janet Anderson MD
68927,Ricky Knight
71051,Zachary Olson
93788,Mark Weaver
21497,Leslie Hawkins
65883,Dana Ramos
92576,Justin Parks
70584,Elizabeth Wood
59036,Melissa Mcgrath
33725,Sarah Mccullough
70487,Linda Reeves
62362,Connie Davis
48061,Blake Hunt
83323,Jessica Morris
30147,Cody Powell
29819,Katie Rodriguez
50378,Tammy Lin
70546,Alexandria Ford
75785,Richard Beltran
82503,Lisa Dunn
13943,Javier Morrison
80438,Kimberly Roach
89746,Stephanie Bush
12692,Jeffrey Mathis
64020,Allison Espinoza
63778,Emily Schwartz
75916,Danny Martinez
46924,Michael Sanford
61132,Tracy Christensen
45003,Julie Hill
38849,Nicole Nichols
16141,Elizabeth Scott
64206,Emily Anderson
15446,Travis Ford
59606,Stephanie Duncan
74017,Claudia Johnson
52716,Tiffany Christensen
43894,Jennifer Saunders
50541,Michael Manning
59048,Darrell Stout
83805,Joseph Nunez
46898,Daniel Duke
65218,Leslie Gibson
69848,Kristi Collins
48326,Jake Nicholson
89785,Mrs. Olivia Anderson
45772,Theresa Martin
54751,Jennifer Henderson
43375,Karen Campbell
38608,Seth Bennett
43795,Alexander Castillo
33738,Amber Jimenez
69609,Nicole Rasmussen
66154,Christina Peck
93815,Juan Waters
66143,Brian Hull
46197,Samantha Parrish
56287,Roy Barker
93360,Denise Melendez
62755,Megan Payne
32042,Brandon Owens
16613,Duane Espinoza
90867,Gregory Adams
24104,Peggy Elliott
83709,Valerie Velazquez
51645,Sherry Henson
63039,Jacob Shelton
26596,Michael Frazier
86649,Dr. Emily Jones
23514,David Weaver
78644,Gloria Dominguez
23955,Crystal Mora
64995,Matthew Miller
37068,Ashley Kennedy
90198,Madison Thompson
22206,Brian Richmond
77359,Michael Butler
84633,Ashley Nunez
60353,Jessica Salinas
51573,Brian Odom
65745,Tara Dennis
22999,Robert Arellano
89710,Karen Newton
65260,Heidi Weber
79424,Lori Navarro
81854,Roy Sanders
80947,William Foster
57125,Kathleen Atkinson
88806,William Chung
37468,Laura White
44530,Debbie Butler
42450,Ryan Burch
23810,Melody Myers
65432,Denise Gonzalez
77887,Kimberly Howard
84109,Anna Hammond
95148,Gregory Schmidt
16063,Dakota Garcia
38299,Larry Reyes
64678,Lauren Henderson
91682,Jenny Solis
55150,Bradley Robinson PhD
24034,Todd Gutierrez
13540,Tony Bryan
48510,Donna Gill
96473,Michelle Wilson
83277,Victoria Jenkins DDS
67873,Allison Taylor
87243,Mark Allen
92239,Edward Gonzalez
54435,Christopher Wade
65587,Jill Kim
24904,Michael Khan
47722,Jacqueline Abbott
61624,Rachel Warren
67303,Doris Weber
53095,Andrew Hahn
37036,Sarah Prince
28982,William Cisneros
97095,Alan Sims
93633,Anna Romero
19689,Erica Best
89789,Thomas Short
78386,Stephen Clark
79831,Patricia Leonard
79921,Jerry Howell
91773,Sean Garcia
83436,Douglas Perry
99867,Lauren Taylor
42218,Marc Thornton
12933,Christopher Jordan
22008,Jennifer Martin
76049,Thomas Hawkins
72209,Laura Long
46996,Jessica Watson
45744,Alison Peterson
99579,Matthew Hooper
15773,Michael Brooks
83319,Alicia Fleming
80762,Casey Gibson
26552,Jeremy Blackwell
33338,Mr. Randall Keller
35392,Luis Rogers
82188,Anna Gillespie
74503,Vicki Torres
72432,John Carter MD
95387,Amanda Gilbert
61804,Andrew Diaz
96726,Nicole Conrad
60747,Juan Ortega
77424,Peter Green
10938,Debra Harvey
80815,Brooke Green
76813,Taylor Luna
35595,Mr. Robert Black
33735,Linda Watts
49297,Justin Allen
75455,Kathryn Perkins
72991,Jennifer Oliver
77491,Thomas Patterson
58893,Zachary Morales
82910,Eric Sampson
87201,Elizabeth Stafford
79374,Teresa Bennett
67897,Jennifer Moreno
63854,Kimberly Kent
70943,James Thornton
65465,Marc Hall
22998,Dr. Marissa Moore
72925,William Downs
70821,Terri Sanchez
60014,Derrick Bridges
30204,Zachary Hanson
91609,Mary Salazar
72759,Alexandra Collier MD
11333,Jonathan Goodman
75955,Michael Hale
76326,Tracey Mason
29164,Gina Thompson
26064,Audrey Ross
74532,Mrs. Andrea Jones
51103,Jamie Yates
15869,Robert Gilbert
76365,George Perez
78210,Preston Mckenzie
79000,James Taylor
61958,Priscilla Mendez
24697,Robert Mcgrath
13394,Christopher Fletcher
19486,Aaron Silva
40475,Andre Harris
35106,Virginia Alvarez
18717,James Fowler
87066,Nicole Hodges
78266,Ernest Escobar
36240,Colin Young
55050,Lisa Kelly
48019,Brad Dean
81507,Amanda Price
71513,Victoria Park
95556,Jennifer Ross
75954,Natalie Smith
10408,Jessica Doyle
34076,Candice Kemp
16434,Holly Arroyo
86726,Samuel Cherry
69431,Wendy Benton
87421,Donald Richard
60519,Andrew Mullen
62032,Matthew Roy
35952,Jose Campbell
31515,Kristen Cortez
38039,Jacqueline Moore
61146,Kaitlyn Fowler
27681,Erica Gardner
11127,Robert Nelson
95568,Mandy Moore
34276,Geoffrey Stevenson
62260,April Green
71724,Zachary Gonzalez
69053,Peter Castillo
34441,Lucas Salazar
68897,Carrie Vega
93941,Stephanie Hamilton
90236,Jimmy Delgado
77091,Bonnie Williamson
99590,Matthew Mathews
63410,Nicholas Matthews
61994,Brian Wallace
94241,Carmen Graham
65188,Anthony Lyons
16801,Samuel Johnston
36523,Anthony Sherman
65800,Matthew Parks
42172,Trevor Jensen
46398,Keith Collins
73862,Melanie Garrett
56610,Marcus Figueroa
40562,Elizabeth Mccarthy
84796,Marissa Harrison
97033,Sarah Peterson
24587,Jack Smith
84908,Todd Nelson
64287,Michelle Sheppard
76709,Maria Alvarez
61527,William Doyle
66118,Paul Barton
44299,Kimberly Gonzalez
85771,Maria Hinton
90494,Scott Cobb
15218,Matthew Moon
96410,Derek Davis
64482,Kathy Dominguez
74120,Mr. Richard Hansen
12774,Andrew Hernandez
29477,Bradley Fitzpatrick
36432,Gary Williamson
35145,Michelle Brown
21722,Tina Jackson
95643,Samantha Hicks
49380,Lauren Wong
36060,Jon Johnson
39297,Misty Christensen
48081,Ryan Vasquez
66712,Valerie Barrett
88003,Robert Ramsey
88982,Eileen Harvey
63432,John Neal
10118,Ryan Mayer
31405,Lucas Jones
89410,Kim Roberts
29758,Sharon Padilla
19071,Joshua Owens
67427,Casey Green
19198,Jamie Mitchell
92357,Benjamin Coleman
92582,Jacob Sullivan
48199,Denise Greene
17710,Michael Thompson
86099,Adam Thomas
64232,Samantha Wang
64898,Stephanie Glenn
10978,Jenny Rios
18763,Jeanne Rodriguez
99344,Christine Barrett
80952,Kari Allen
44526,Anna Price
42359,Matthew Cohen
52411,Micheal Davis
29092,Gary Navarro
52183,Kelly Barber
95329,Joseph Lyons
20792,James Khan
17601,Susan Garcia DDS
67848,Catherine Parsons
39735,Jodi Cole
35729,Nancy Harrell
48697,Christie Herring
14326,Laura May
92514,Brendan Kim
77667,Erin Fry
56526,Benjamin Solis
17063,Micheal Thomas
11925,Jessica Ayala
66364,Steve Williams
65932,Katherine Powell
64929,Joshua Meyer
81311,Erica Sullivan
20741,Diane Bonilla
20086,Trevor Haley
61239,Gabriella Mathews
44407,Carrie Hendrix
24158,Jon Sanchez
87695,Austin Perkins
46199,Kimberly Villanueva
27093,Jessica Chambers MD
77523,Vincent Morton
22849,Jodi Thomas
37577,Megan Berg
25584,Lawrence Lewis
63766,Dalton Warner
31455,Haley Oliver
64896,James Reed
96602,Caleb Bauer
20426,Jeffery Holland
21420,Ashley Velez
87238,Danielle Long
62086,Denise Brennan
94568,Michael Decker
72012,Kevin Webb
52283,Amy Austin
25528,Laura Harmon
88669,Kim Chambers
16158,Samuel Hawkins
44484,Dustin Ferguson
56561,Teresa Lewis
62344,Michael Young
25425,Thomas Roberts DDS
70441,Raymond Contreras
64250,Jennifer Walker
35885,Joseph Yates
88570,Beth Mendoza
47512,Mike Gonzales
66079,Sharon Ball
72227,Melinda Green
48973,Caitlin Ferrell
91533,Wesley Miller
58461,Jessica Yang
37699,Daisy Hill
31129,Robert Pacheco
55668,John Lopez
87838,Julie Martinez
57699,Curtis Cameron
69680,Michelle Shepherd
11701,Mrs. Anne Howard
24713,Kim Cohen
90265,Donald Figueroa
31091,Howard Crawford
34497,David Kelley
22602,Anthony Taylor
41883,Andrew Haley
33097,Erica Herman
28512,Mark Bowen
82151,Dr. Michelle Alvarez
66058,Nancy Lee
57666,Danny Walker
26812,Alison Small
44321,Charles Welch
99830,Jenny Kramer
16321,Cody Goodwin
63897,Barbara Doyle
15744,Molly Roman
30053,Amanda Richards
37467,Tracy Chung
99976,William Mason
75676,Eric Wilcox
23208,Meghan Espinoza
85173,Cynthia Rodriguez
10913,Trevor Jones
50353,Samantha Murray
89775,Johnathan Sanchez
31130,Evan Campbell
14693,Gregory Roberts
65885,Lawrence Zhang
51958,Kim Gomez
48494,Reginald Martin
97295,Ronald Stewart
83213,Roberto Ali
84619,Julie Simpson
43724,Hector Pham
23117,Patricia Meyer
68325,Alicia Edwards
78514,Robert Collier
17338,Lisa Robbins
23828,Christina Clark
88975,Holly Mcknight
62269,Jeffrey Combs
96818,Lorraine Le
36979,Kelsey Armstrong
51686,Valerie Cooley
91827,Alexis Torres
60620,Derek Murphy
48145,Jennifer Combs
71602,Bonnie Gutierrez
15495,Kenneth Palmer
77075,Russell Thompson
64531,Ashley Wong
94664,Kathleen Hill
58047,Brandi Crawford
23132,Michelle Gilmore
81146,Amber Bowers
29943,John Goodman
93071,Tabitha Mitchell
26823,Brittany Garcia
47874,Rebecca Johnson DVM
58485,Kimberly Vega
69554,Shannon Valdez
64877,Bryan Morrison
81702,Noah Matthews
47258,Adam May
82782,Lynn Thompson
24254,Allison Bradford
74779,Laurie Frye
19505,Isaiah Wright
52883,Amber Cannon
62117,Rebecca Farrell
92850,Jennifer Dixon
70304,Meagan Hensley
25662,Dana Brown
74003,Andrew Marks
38151,Mr. Gabriel Robles
33592,Krystal Villa
31125,Crystal Jones
11963,Steven Simmons
56231,Krystal Miles
23365,George Mckinney
25047,Tina Lin
19064,Claudia Barnes
16490,Jill Weaver
95790,Wesley Randall
30177,Stephanie Krause
51780,Valerie Cook
95205,Adam Wood
22691,Katrina Gutierrez
37877,Dana Walton
91579,Lori Kerr
82509,Zachary Wood
48035,Lauren Swanson
87747,Marc Rogers
31637,Pam Williams
18188,Sarah Martin
40301,Justin Gutierrez
11955,Sara Collier
73618,Zachary Duran
43114,Corey Smith
73527,Laura Reyes
81724,Tracey Montgomery
14285,Larry Ponce
90488,Rose Graves
78471,Jeffrey Jones
86382,Joshua Zavala
73041,Anne Anderson
46221,Chris Green
25853,Randy Morrison
68704,Greg Gonzalez
44798,Felicia Khan
49411,Cynthia Miller
82164,Danny Cobb
88361,Molly Williams
58171,Dr. Michael Ramos
15092,Brandon Glenn
17392,Sherri Tran
51373,Adrienne Smith
14442,Daniel Ballard
57210,Mrs. Jennifer Garrett
79350,Rhonda Ray
37905,Sarah Williams
64335,Carolyn Schneider
55661,Robert Barnes
96173,Carol Barrett
12148,Amanda Tapia
13746,Angel Clark
24969,Cole Murphy
95221,Frank Stein
67572,Kathleen Hernandez
50765,Adrienne Harper
17788,Justin Suarez
61765,Crystal Patrick
89329,Elizabeth Garcia
62336,Mark Moody
96565,Jennifer Sellers
66605,Kevin Vaughn
30499,Anthony Lewis
12511,Raymond Bullock
83283,Seth Banks
75391,Caitlyn Mcfarland
71645,Maurice Bell
85741,Justin Warren
85064,Olivia Gonzalez
26272,Laura Acosta
23580,Paula Perkins
53578,Melissa Ball
50697,Tyler Anderson
35979,Makayla Romero
82223,Mary Snyder
47815,Jay Roberts
51410,Christopher Peck
27802,Annette Potts
29317,Rodney Roberts
11258,Casey Bernard
21715,John Ayala
82048,Jesse Barnett
25468,Jennifer Gutierrez
66012,John Martinez
62098,Donald Brown
89401,Kevin Hartman
15807,Randy Lopez
43907,Carolyn Curry
44390,Kimberly Esparza
65808,Danielle Smith
96863,Donald Burton
47066,Nancy Parks
71263,Andrew Conrad
27082,Joshua Buckley
57851,Brad Lin
97344,Jacob Schmidt
54773,Darryl Campbell
72651,Shane Ware
60375,Christopher Shah
23511,Arthur Bernard
40584,Amy Schneider
33316,Annette Hancock
25303,William Horn
33388,Melissa Miller
85341,Lisa Fuller
62391,Nicholas Schroeder
83626,Lisa Smith
23561,Linda Nielsen
43250,Mary Ruiz
22707,Cynthia Taylor
15620,Tiffany Palmer
73316,Mario Rodriguez
86763,Jacqueline Diaz
36998,Curtis Rocha
51463,Bryan Donovan
20705,Rick Hampton
22996,John Sellers
69275,Douglas Mason
13752,Timothy Rose
78959,Allison Tate
80109,Linda Brock
56597,Joshua Hernandez
50671,Matthew Washington
69192,Eric Woodard
66847,Krista Moore
31683,Nicole Anderson
61979,Jesse Wallace
86046,Dawn Caldwell
18404,Carrie Molina
92276,Tracey Garcia
34084,Johnny Davis
65027,Alex Lawson
47672,Dwayne Taylor
11920,Jennifer Morgan
17206,Alexandra Lopez
94446,Luis Wiggins
28454,Nathan Atkins
76443,Mariah Valentine
29717,Stacy Mercado
57831,Melanie Johnson
23409,Michelle Goodwin
56898,Cody Fisher MD
12317,Diane Love
48627,Michelle George
38397,Andrew Reyes
59372,Caitlin Webster
73447,Richard Clements
41718,Kathryn Chen
76110,Christopher Hahn
40841,Heather Martinez
99455,Scott Robertson
78122,Gary Abbott
41952,Samantha Warren
27682,Barbara Wiley
21488,Sara Gallegos
94207,Brad Warren
27907,Katelyn Padilla
82670,Sandra Garcia
28830,Daniel Fuentes
46844,Michelle Ware
77629,Shelly Townsend
18024,Amy Wagner
52991,Dawn Hobbs
50491,Felicia Powell
36755,Brittany Rivers
31550,Allison Hawkins MD
73517,Kimberly Andrews
42373,Miss Paige Dickerson DDS
66365,Daniel Griffin
11568,Nancy Barnes
38107,Denise Roberts
53902,Tony Bender
46951,Hannah Jackson
72503,Melissa Browning
41263,Thomas White
16632,Cassie Miller
41343,Daniel Baker
96765,Terry Benson
59675,Veronica Taylor
20510,David Winters
91667,Roy Flores
22314,Jeremy James
86900,Amanda Harmon
17609,Casey Lutz
84420,Margaret Schmidt
26934,Brandi Hunter
91294,Matthew Li
94242,Jay Bryan
59165,Lisa Weaver
11953,Sheri Ward
31272,Molly Strong
76984,Brent Stevens
79425,Bruce Sanchez
46974,Dr. Scott Garcia
97721,Tamara Williams
74961,Zachary Jennings
58661,Justin Davis
27254,Kelly Howell
43280,Arthur Martinez
24742,Jaclyn Manning
51570,Alexandra Hoffman
39770,Linda Carroll
37563,Joseph Manning
69977,Renee Lang PhD
37592,Andrew Hendricks
49968,Terri Zavala
52171,James Shields
18133,Amber Jones
38205,Cameron Potts
92026,Brent Henry
40108,Sharon Stone
31087,Ryan Wilkins
59914,Lauren Duncan
47402,Laura Padilla
75658,Lisa Higgins
27738,Rebecca Gonzales
51031,April Brown
92541,Frank Parker
65855,Gregory Evans
25348,Laura Hoffman
61468,Mercedes Ortiz
91126,Robert Delgado
41246,Courtney Montes
52519,Tony Welch
10842,Katie Hernandez
64199,Michelle Lee
99040,Alexander Medina
57879,Emily Johnson
60647,Holly Richardson
73094,Larry Armstrong
97909,Eric Smith
21433,James Lucas
39810,Tyler Lyons
67990,Sharon Hawkins
31498,Angela White
50958,Jasmine Hawkins
77735,Lisa Barry
42026,Logan Kline
86414,Sara Williams
65810,Ross Stanton
91637,Tiffany Evans
85669,Angela Matthews
61216,Mrs. Brenda Young
73658,Frederick Gay
85042,Mallory Cooper
97719,Diana Fisher
48352,Shannon Scott
65840,Jose Caldwell
95353,Karen Lamb
57254,Annette Lucas
81539,Eric Lewis
89904,Andrew Velez II
58216,Valerie Rogers
53549,Brandon Guerrero
96792,Robert Thompson
30317,Brittany Griffith
98125,Travis Ortiz
13398,Judy Johnson
53753,Justin Avila
80362,Haley Morton
84904,Mary Cabrera
15426,Patrick Morris
39603,Daniel Callahan
40053,Brandon James
91730,Tyler Mcclure
64987,Derek Atkinson
78249,Stephanie Ortega
97784,Alicia Matthews
62442,Mario Randall
66296,Michele Hooper
48643,Kirsten Hogan
60832,Allison Hernandez
51654,Laura Lewis
47037,Shannon Spencer
80590,Lawrence Herman
35743,Sara Mayo
53387,James Gutierrez
10234,Laura Booth
20190,Holly Chan
75696,Randall Price
28630,Dana Wilkins
78935,Dr. Julie Herrera MD
92857,Kimberly Blanchard
55574,Joel Shaw
21175,Willie Flores
70908,Gary Jackson
85917,Michelle Chase
65862,Andrew Donaldson
95419,Jodi Reid
59977,Jack Savage
46351,Cindy Farrell
40525,George Simpson
13700,Alexandra Campbell
17992,Tyrone Martinez
84049,Henry Johnson
16992,Tyler Morrison
37624,Matthew Kelley
46659,Diana Thornton
97402,James Cannon
97600,Marcus Miller
16868,Tara Johnson
88847,Charlene Martinez
63396,Blake Rodriguez
13336,Joan Harvey
83926,Jeffrey Thompson
90600,Joshua Johnston
86111,Stacy Diaz
20732,George Mahoney
28546,Erika Day
23316,Lawrence Mckee
41648,Erika Donaldson
12496,Zachary Lopez
65302,Randy Jones
19513,Corey Page
78923,Kevin Reyes
12380,Mr. Patrick Beck
87818,Robin Scott
70266,Carol Rush
47500,Karla Bennett
22266,Dominique Cardenas
92865,Cory Allen
38269,Jonathan Watson
77340,Susan Jordan
94254,Alicia Valencia
86073,Mrs. Rhonda Kim
44373,Emma Hammond
94849,Scott Walker
32666,Andre Acosta DDS
31652,William Ruiz
36638,Stephanie Singh
54439,Dr. Bryan Boyd DVM
38103,Brianna Hamilton
79736,John Walton
36530,Jeremy Todd
12843,Jessica Kelly
45484,Rachel Alexander
36881,Christina Craig
60257,Cheryl Santana
51152,Marcus Davila MD
33099,Lindsey Todd
78972,Brandy Robinson
18589,Gwendolyn Johnson
89915,Brett Jimenez
83108,Thomas Thornton
53475,Justin Lindsey
63537,Angela Dunlap
66757,Mallory Dickerson
94672,Virginia Flores
14935,Jeffrey Sanchez
38987,Scott Harris
86175,Michael Morris
91458,Jessica Riley
55167,Darlene Pugh
85140,Kathryn Reyes
56708,David Byrd
32114,Bernard Patton
60150,Samantha Jefferson
91154,Erin Sweeney
62140,Beth Carter
24841,Zachary Fowler
10839,Ashley Chase
48137,Colleen Chang
57057,Robert Luna
37987,Tiffany Herman
66747,Annette Tapia
75420,Alyssa Velazquez
62498,Michelle Hartman
18452,Lisa Whitehead
38579,Vincent Carr
78311,Brenda Burnett
22788,Lydia Snyder
16070,Dawn Schultz
90801,Jeremy Perez
68503,Erin Morrow
13309,Casey Campbell
47891,Edwin White
49269,Jessica Barnes
53719,Renee Randall
31544,Lindsey Collins
37119,Monique Wagner
81414,Sara Freeman
76994,Wayne Gonzalez
13879,Tyler Atkinson
86604,Donna Leblanc
64709,Amy Jefferson
88185,Matthew Parsons
62558,Randy Eaton
55868,Larry Willis
64240,Chad Valenzuela
51083,Tyrone Kennedy
52677,Mary Wallace
97651,Bonnie Wells
51789,David Mclean
23474,Billy Mitchell
62781,Ann Gutierrez
59761,Vincent Mills
56408,Kelly Logan
62186,Mark Gutierrez
51050,Bryan Daniel
57450,Gina Webster
75772,Brittany Vasquez
65321,Tony Carter
54688,Tyler Miller
19881,Steven Morris
85241,Dorothy Guzman
58721,Brenda Vasquez
78827,Evelyn Miller
72095,Gregory Barnes
45144,Vincent Allen
62414,Mike Lopez
33616,Alan Bryant
73733,Beverly Richardson
78744,Kaitlin Collins
53987,Michelle Fields
63082,Joshua Mcmahon
96182,Christina Coleman
22450,Gloria Ellis
33200,Eric Wolfe
21660,Adrienne Jones
19037,Catherine Neal
26198,Thomas Wise
92790,Deborah Patel
45059,Kevin Small MD
10691,Kristin Brown
58244,Maria Robinson
19563,Valerie Bradley
52099,Cassandra Espinoza
47335,Darlene Reyes
27998,Julia Gray
86378,Jenny Harris
14299,Adrienne Lewis
15288,Molly Clark
24023,Reginald Schmidt
76440,Christopher Swanson
13854,Richard Meyer
14099,Kayla Barnes
90532,Gina Carpenter
42687,Joseph Hunter
10903,Haley Alvarez
96573,Jennifer Morrison
94691,Cassandra Howard
56726,Jennifer Mills
88957,Sarah Patterson
88216,Rick Miller
53981,Maxwell Griffin
41151,Sarah Cross
77635,Jason Blackwell
70012,Bryan Taylor
89023,Kathleen Quinn
54834,Elizabeth Moore
44328,Donna Foster
65240,Laura Winters
48018,Donna Hudson
76254,Michelle Aguilar
97887,Joe Fry
79355,William Anthony
15806,Erin Thompson
90950,Dalton Wilson
10967,Jonathan Meyer
49471,John Mata
93234,Randy Salinas
52939,Sherri Andrews
53853,Juan Carroll
83320,Wayne Solis
40042,Victoria Parker
94395,Megan Kaiser
86719,Thomas Morales
67318,Darlene Erickson
96365,Justin Harvey
69682,Nancy Jimenez
30990,Jessica Chung
28782,Zachary Bowers
90418,Robert Ford
46191,Angela Quinn
94683,Justin Herman
59874,Morgan Levine
58019,Ashley Morris
84197,Angel Dean
46123,Ashley Prince
10743,Jeffery Rogers
42787,Clinton Lawson
18132,Cassidy Hanson
83662,Tamara Soto
25731,Eduardo Gonzalez
55863,Christian Green
73238,Jose Jones
25189,Tonya Miles
56847,Jeffrey Gonzales
21240,Hayley Miller
31852,Jason Rosario
62497,Amy Mcgee
15560,Stephanie Miles
77016,Melanie Mccormick
50549,Gregory Smith
40216,Michael Reed
68367,Robert Webster MD
30505,Jeanette Robbins
59474,Charles Lane
94596,Gerald Davidson
91673,Samuel Silva
80124,Stephanie Kim
63241,Reginald Scott
46547,Trevor Gutierrez
33189,Daniel Compton
99557,Curtis Murphy
99908,Mathew Cabrera
20268,Caroline Gilmore
85658,Brett Hays
43918,Kristen Rivas
56031,Jose Walters
30279,Diane Bailey
91016,Natalie Garcia
11259,John Cruz
41780,Laura Payne
35824,Diana Barton
56578,Sandra Flores
11479,Elizabeth Mcneil
25039,Jennifer Morris
99003,David Wu
39165,Dr. Kelly Martinez DDS
54902,Stacey Day
27525,Richard Hardy
62460,Kristen Mccall
24257,Catherine Le
65038,Jeffrey Walsh
57362,Joseph May
56175,Ivan Ho
45988,Denise Porter
32578,Travis Brock
56280,Andrew Hardy
96952,Joshua Delgado
83939,Phillip Perez
18575,Shawn Johnson
95414,Alex Giles
63600,Rachel Gonzales
32060,James Medina
95360,Lacey Rogers
49809,Sherri Garrison
89091,Emily Madden
24236,Cynthia Hernandez
89623,David Scott
69810,Alisha Wells
71207,Jamie Nguyen
85865,Kelly Thomas
60896,Sabrina Conley
65813,Andrea Solomon
31541,Steven Hill
30929,Julie Kelly
85198,Julie Valentine
17199,Dawn Valencia
21486,Sarah Gomez
90671,James Mcdonald
91058,Heidi Lee
17380,Ryan Cummings
15039,Ralph Reese
16223,Brittany Padilla
51318,Danielle Owens
72934,Chelsey Osborne
27570,Benjamin Holmes DVM
49671,Nicole Holt
88413,Jeffrey Young
93202,Alyssa Miller
38803,Andrew Patton PhD
77081,Aaron Rangel MD
39407,Kevin Garrett
73486,Michelle Terry
83198,Donna Nelson
24323,Diana Parker
61248,Lydia Lewis
94906,Joseph Graham
72829,Christina Sullivan DDS
71098,Kyle Garza
70149,Angela Bautista
79989,Haley Robinson
98239,Rick Gallagher
91113,Alexander Graham
21557,Chelsea Monroe
98722,Susan Kirby
61862,Michael Kelley
62397,Michael Edwards
69176,Matthew Baird
21465,Bruce Adams
66720,Bryan Khan
52419,Julia Stuart
95478,Alicia White
28333,Cynthia Martinez
13831,Jenny Sandoval
86011,Susan Rosario
25923,Valerie Gregory
19417,Crystal Sanders
21821,Lisa Galloway
36170,Zachary Olsen
43965,Darrell Hughes
31023,Teresa Cummings
71048,Andrea West
91670,Nathan Webb
77061,Felicia Reid
63937,Brian Rollins
43488,Robert Steele
66003,Robert Hodges
16056,Malik Blair
74583,Todd Hoover
81139,Sherri Kent
57050,Victor Fletcher
63607,Kayla Pierce
71403,Erik Oliver
58038,Kristina Hickman
32199,Jeremy Richard
22163,Natalie French
74258,Daniel Smith
50636,Darlene Clark
66965,Erin Patrick
64575,Katelyn Logan
89582,Monica Sullivan
95559,Dr. Spencer Hampton DDS
23852,Tara Simmons
81367,Karen Hart
34646,Samantha Martin
24153,Mark Owen
93006,Sarah Vang
18780,Paul Hogan
29226,Kim Lewis
14625,Daniel Norman
31651,Caleb Charles
38187,Clinton Weeks
31312,James Herrera
23673,Bonnie Salazar
76292,Chad Guerrero
77520,Melissa Vega
54649,Jessica Edwards
79333,Daniel Salazar
69336,Ronald Garrett
24721,Andrea Davidson
53213,Wayne Long
44507,Kendra Hall
31532,Jerry James
84959,Tim Gray
80959,Rachel Johnson
35160,Anthony Bell
22082,Lauren Friedman
22063,Natalie Jacobs
52356,Calvin Hicks
71947,Denise Roach
95620,William Day
69634,Michael Payne
57337,Melinda Campos
83130,Jean Owens
49379,Vanessa Martin
66912,Paula Harmon
57514,Adam Smith
99769,Paul Ramos
86904,David Rojas
89426,Patrick Jensen
89848,Kendra Snow
17644,Lori Barker
90635,Beth Miller
92002,Tammy Carter
59131,Brenda Herrera
35046,Melanie Simpson
16846,Jeffrey Mathews
86735,Desiree West
87323,Mr. Carl Robertson
38545,Brian Harrison
49866,Danielle Diaz
16392,Brandon Wood
86157,Michelle Mitchell
82198,John Farmer
99532,Ann Lynch
29992,Amber Douglas
48546,Elizabeth Johnson
94214,Mary Clark
26907,Patrick Le
33328,Michelle Wheeler
26803,Randall Fischer
75667,Nathan Taylor
71922,Morgan Koch
99521,Jonathan Tapia
16261,Justin Singleton
55425,Kristin Davis
30999,Mark Thornton
79479,Kyle Leblanc
89256,Howard Martinez
47130,Marc Elliott
97452,Brandon Carney
12646,Randy Williams
63857,Mary Peters
12565,Kevin Love
69720,Wyatt Peterson
95532,Steven Powell
52175,Mrs. Nancy Dickson DDS
61945,Jamie Watts
58759,William Mccarthy
12188,Noah Hoffman
84751,Gary Ross
53732,Bryce Gonzalez
56619,Gabriel Lane
28556,Phillip Peterson
17424,Tina Adams
23603,Jasmine Glover
18375,Alejandro Guerra
10907,James Parker
14237,Dennis Lynn
64461,Mary Ryan
67973,Kathleen Snyder
71144,Sara Pierce
31013,Michelle Hahn
92544,Benjamin Spence
66932,Sandra Briggs
16493,Julie Jackson
31006,Jessica Powers
66980,Aaron Gardner
92030,Mrs. Amber Francis
15720,Michelle Lopez
57350,Jerry Haynes
87644,Allison Castro
43596,Chloe Gill
18647,Danielle Cooke
28614,Daniel Burke
15444,Alan Pope
91569,Lawrence Berry
86538,Brandy Miller
94605,Kenneth Aguilar
60416,Garrett Lewis
35208,Samuel English
90976,Grace Mccarthy
73646,Bethany Lopez
31909,Robert Stone
50134,Ashley Riggs
85086,Justin Garrett
78077,Steve Cooper
22453,Danielle Rivas
18308,Corey Reyes
59000,Logan Davis
75824,Jacob Bush
68219,Cassandra Castro
17302,Eric Hall
17895,Casey Jones
44058,Dr. Renee Walsh
66977,Wendy Hoffman
99472,Jacob Bradley
59084,Tricia Nguyen
31624,Chad Nguyen
77572,Kelli English
47120,Beth West
35370,Michele Weber
83974,Benjamin Owens
66283,Amber Mullins
99931,Larry Glover
50255,Scott Miller
56640,Kristine Shelton
98944,Caroline Thomas
15062,James Roach
99849,Benjamin Carr
28887,Andrew Berry
20991,Jocelyn Robinson
82814,Dr. Cody David
49515,Sheri Campbell
24626,Anna Olsen
76291,Sherry Cummings
12056,Jason Cooper
90960,Brittany Arellano
70077,Joseph Cunningham
23589,Gina Rodriguez
89245,Gregory Jordan
79102,Barbara Dominguez
97442,Bryan Reyes
31810,Daniel West
58155,Ronald Duncan
12197,Jared Barnes
58280,Duane Bailey
99874,Christopher Washington
46102,Steven Burns
32405,Marc Gonzales
99736,Sarah James
58757,Lauren Robertson MD
56494,Julie Dennis
73293,Jared Robinson
49228,Jack David
36797,Ryan Wagner
73284,Amber Copeland
59428,Philip Allen
15020,Monica Wright
22340,Laura Allison
55910,Andrea Crawford
69350,Martin Joseph
23393,Adam Williamson
47434,Maria Brewer
68198,Joshua Castillo
76304,Daniel Moore
19714,Jessica Crawford
29627,Jacqueline Oliver
81737,Teresa Branch
53189,Dennis Miles
34456,Melinda Williams
15912,Denise Brown
88757,Karen Sweeney
79638,Brandon Harvey
35005,Mindy White
19551,Richard Wallace
12677,Vanessa Howell
72458,Sheila Evans
86800,Yvonne Adams
21667,Dana Frazier
64713,Phillip Marquez
67280,Jonathan Allen
97447,Amanda Estrada
28032,Rick Gordon
50580,Mark Matthews
41382,Cody George
75246,Kimberly Lucero
58205,Heather Paul
45658,Crystal Lamb
50768,Kenneth Cervantes
99771,Jonathan Horton
25257,Christopher Rodriguez
84935,Crystal Li
13603,Shelley Haynes
97072,Jose Brown
19717,Christopher Myers
18876,Miranda Alvarez
35296,Janet Horton
20551,Pamela Armstrong
49829,Audrey Chen
97973,Lisa Grimes
65124,Jesus Arnold
36338,Ricardo Callahan
37499,Sarah Carter
98592,Ashley Singh
32122,Richard Horton
25756,Sara Harrington
46060,Tina Ruiz
74805,Alejandro Wallace
72562,Stefanie Baldwin
69185,Edward Love
10524,Darrell Stone
79843,Daniel Carpenter
25387,Jeffrey Mueller
61013,Lori Mendez
57021,Shannon Walker
43069,Nathan Chen
12696,Tommy Bennett
82195,Jillian Crawford
54333,Jenna Bailey
61672,Michelle Hawkins
96377,Patricia Foley
92450,Jonathan Vazquez
92429,Mr. Shane Silva
41923,Vanessa Klein
17590,Michelle Foster
55608,Mason Martinez
72283,Richard Lewis
58275,Rachel Ward
34300,Jean Cervantes
77670,Tyler Carrillo
53282,Eric Guerra
70528,Douglas Cox
98385,Joseph Ramirez
84021,Margaret Johnson
51510,Adam Knight
75252,Martin Robertson
61722,Jason Benitez
67065,Teresa Crane
43648,Jeremy Madden
13047,Cory Gilmore
55095,John Fox
17269,Jesse Golden
12924,Curtis Parsons
25277,Katelyn Andrews
96504,Alexander Stuart
25242,Brian Obrien
10263,Judy Martin
12932,Monica Conley
18877,Dana Kennedy
11283,Rebekah Miller
53435,Antonio Chavez
62752,Patricia Lopez
96353,Susan Maynard
69636,Christine Allen
65812,Christian Jones MD
87895,Carol King
83853,Eric Taylor
55078,Marco Williams
59813,David Briggs
51076,Virginia Carlson
11978,Ms. Katherine Hall
57339,Michael Cardenas
17126,Lawrence Alvarez
22488,Gloria Russell
47661,Cheyenne Smith
71024,Lindsey Johnson
46905,Elizabeth Dominguez
39800,William Hill
73279,Manuel Reyes
13944,Ryan Hill
38611,Brandon Stevens
37976,Ruben Pearson
73297,Zachary King
94938,Julie Smith
25843,Calvin Cowan
16753,Jordan Navarro
33726,Erin Burns
98113,Rose Garrett
85272,Vanessa Burton
50532,Joshua Alvarez
89364,Nicole Weiss
56086,Monique Barker
70452,Paul Davis
13317,Christine Crawford
29954,Andrew Dunn
14610,Anthony Bailey
51299,Scott Holmes
56414,Shannon Rowe
10003,Jessica Peterson
28311,Jeremy Waters
79155,Erik Rivera
21970,Jessica Nicholson
23331,Douglas Hartman
30295,Kayla Grant
70669,Jose Gomez
78792,Darren Pittman
88605,Julie Young
34192,Timothy Solis
98077,Victoria Watkins
28278,April Jackson
49916,Gavin Lee
46616,Crystal Coleman
37478,Ms. Brenda Wilson
47327,Stacy Gonzalez
86335,Samuel Vasquez
17783,Kathy Mayer
88747,Roger Adams
29105,Michelle Bryant
49959,Edwin Freeman
46937,Christopher Smith
86583,Joseph Guzman
43018,Michele Kelley
99412,Donald Snyder
94034,Joel Roberts
82243,Kaitlin Huff
86582,Amber Holland
43790,Heather Daniels
17252,Richard Wright
87174,James Monroe
47505,Mrs. Caroline Hammond
52493,Rachel Carney
25809,Theresa Riley
51921,Tyler Munoz
37578,Traci Williams
82977,Tony Eaton
82772,Caroline Garza
13417,Lisa Flowers
77661,Nancy Torres
15543,Hailey Allen
54436,Benjamin Lam
87573,Destiny Newman
49650,Benjamin Esparza
45768,Alyssa Lee
74794,Cathy Harrison
94586,Corey Olson
81236,Angela Goodwin
38298,Michael Kim
82445,Haley Foster
79674,Danielle Tucker
17458,Christopher Mcdowell
72437,Gregory Campbell
72693,Joseph Lewis
58433,John Bradley
68869,Theresa Collier
86516,Mercedes Bradford
96169,Sarah Mayo
92272,Erin Rodriguez
48038,Patrick Mccormick
53961,Chelsey Clark
19096,Hannah Chavez
19487,Jesse Mcguire
77499,Christine Peterson
49318,Lance James
77211,Edward Barnett
35608,Dr. Julie Mahoney
69449,Christine Evans
60540,Carol Manning
20571,Ronald Ramirez
58328,Anthony Braun
46498,Michael Waters
36275,Mark White
49783,Mary Frazier
27976,Tammy Strickland
34376,Donald Rogers
47483,Brandi Morrison
55336,Angela Merritt
18332,Kristy Jones
80842,Amy Franco
39778,Lisa Kirby
18371,Mackenzie Foster
73627,Louis Perry
86512,Adam Gutierrez
94953,Alexa Evans
76539,Angel Payne
51882,Yvonne Walker
27906,Gabriel Schmidt
90314,Travis Kane
54800,Tamara Thornton
64272,Gabriel Ryan
71448,Carolyn Roach
57008,Jonathan Proctor
22843,Cassandra Perez
75076,Valerie Henry
62398,Glen Hooper
62174,Tammy Willis
18910,Phillip Rodriguez
41208,Stanley Hall
22884,Joe Nolan
69642,Kimberly Lester
75242,Michael Burns
64907,Alyssa Salinas
81790,Aaron King
12824,Allison Fowler
80209,Michael Snyder
14373,Ellen Rowe
12594,Melissa Martin
75960,William Gallegos
76206,Krystal Nelson
31818,Barbara Stanley
28279,Alex Beck
97075,Nathan Harris
98110,Marissa Wilson
42491,Gregory Allen
97573,Jill Carter
62637,Allen Kelly
89662,Mitchell Griffin
19962,Leslie Boone
63977,Kristine Brown
22687,Terry White
70699,Kayla Dixon
10169,Shari Williams
49897,James Mitchell
89825,Tony Gonzalez
60479,Robert Brooks
73283,Matthew Krueger
31599,Sarah Fox
63947,Clinton Cain
82102,Maria Gordon
80647,Frank Brown
36985,Charles Gilmore
83791,Brandi Melton
84662,Aaron Miller
24901,Rachel Velasquez
74303,Sheila Shaw
66352,Daniel Mahoney
14636,Mason Long
85458,Lisa Brown DVM
89216,Chad Lyons
58535,James Gibson
27895,Timothy Guerrero
65878,Robert Beard
92780,Richard Gray
60748,Jared Rodriguez
22276,Joshua Johnson
52410,Shawn Chapman
94056,Sabrina Mcgee
32306,Steven Guerra
52564,Richard Peterson
97010,Debra Thomas
65490,Lisa Rollins
61851,Clarence Smith
14931,Randy Gibson
20481,Mark Walton
63271,Laurie Ford
30786,Anthony Barnes
69107,Roger Hill
15643,Cathy Bennett
41640,Crystal Simpson
71032,Robert Lowe
29064,Paul Gardner
25576,Dawn Nolan
28091,Margaret Saunders
51144,Christine Carlson
80265,Kara Rodgers
11297,Cathy Dunlap
25922,Stephanie Stout
89251,Diane Hanson
90992,Joseph Castro
10796,Ryan Martinez
23502,Veronica Moon
52145,Mr. Joe Higgins
59924,Victoria Taylor
83075,Lauren Boyer
48777,Andrew Cabrera
84112,Jordan Crawford
98743,Kyle Manning
85524,Lydia Sawyer
98805,Alyssa Smith
39615,Diane Keller
91638,Kyle Freeman MD
60844,Alexander Townsend
75202,Meghan Rodriguez MD
15942,Dawn Brown
38240,Paul Combs
34467,Miss Darlene Davis
71550,Christopher Leonard
97037,John Bell
78027,Whitney Williamson
23350,Beth Mckinney
32460,Louis Wang
58575,Jasmine Miller
40614,Sean Herring
87689,Mike Mitchell
59844,Alexis Donovan
23490,Taylor Reed
26287,Steven Alexander
80195,John Nelson
86427,Penny Kerr
86609,Kathryn Kim
50615,Laura Olson
98636,Ralph Elliott
90168,Christina Hayes
42675,Stacy Carr
31384,Roberta Friedman
84237,Jillian Sanchez
67082,Oscar Pace
60527,Andrew Schmidt
82747,Anthony Caldwell
14011,Jill Brooks
80543,Cole Stevens
25553,Catherine Mclaughlin
53465,Justin Wells
70931,Melanie Stephens
17428,Audrey Hall
18294,Carla Barnes
20909,Fred Briggs
14993,Brian Cannon
33922,Adrian Thomas
97953,Tyrone Mitchell
95869,Patricia Bradford
46462,Vanessa Simpson
40294,William Ortega
31262,Stephanie Anderson
96963,Kevin Francis
98949,Brandon Lin
14763,Kelly Johnson
11154,Louis Baird
49480,Randy Randolph
73969,Matthew Mccann
62259,Dr. Amber Hall
49303,Mrs. Morgan Jones
66072,Anita Fitzgerald
70503,Sandra Davies
70887,Herbert Phillips
54808,Grace Castillo
78215,Holly Hoffman
75483,Lorraine Rhodes
26924,Matthew Arnold
72253,Cynthia Green
31791,Erica Stewart
57465,Paula Martin
88710,Tiffany Liu
99861,Tina Hardin
63916,James Wilson
27295,Daniel Wright
32135,Heather Decker
66156,Daniel James
54630,Ruth Lawrence
30893,Robert Cunningham
98782,Kevin Wilkins
64410,Diana Lara
93132,Craig Martinez
41339,Shawn Andrews
19239,James Mason
49263,Christina Phillips
10728,Stephen Knight
69866,Rhonda Branch
15900,Jodi Keller
74584,Jacob Little
79068,Lauren Garza
21142,Christine Greene
98973,George Wilkins
35723,Justin Roy
52595,Angel Waller
69765,Megan Wong
98324,Tiffany Hogan
25986,Victoria Evans
60611,Gregory Skinner
50142,Casey Smith
40484,Dylan Kemp
75517,Susan Melendez
10536,Christopher Nguyen
42786,Justin Gonzalez
22147,Carlos Wiggins
71705,Tina Perez
55294,Randall Levine
71153,Kristen Cabrera
53634,Madeline Bates
26988,Stephen Patterson
73345,Timothy Castillo
65226,Lindsey Sellers
65381,Dawn Chang
87553,Ashley Brandt MD
96603,Roger Ferrell
89870,Ashley Poole
98643,Mr. Zachary Bender
16546,Brian George
20873,Ryan Sexton
27377,Jenny Meza MD
28666,Devin Klein
10953,Christopher Bradshaw
92757,Adrienne Cohen
59759,Patrick Robinson
60532,Cindy Caldwell
37754,Rachel Clark
50413,Beverly Li
55077,Justin Jefferson
37612,Carlos Vasquez
63705,Walter Gray
23363,Timothy Padilla
24434,Vincent Howell
60211,Danielle Benton
60610,Paul Hansen
13384,Stephanie Austin
89473,Tammy Daniel
82675,Melissa Santos
64249,Tamara Doyle
13960,Hannah Trujillo
46342,Mark Sims
88971,Kimberly Fox
10714,Jane Mclean
96163,Alan Barnes
43376,Gene Jones
89497,Bobby Brock
88909,Lori Mata
54248,Lisa Thornton
43815,Christopher Sanders
86584,Jose Bowers
75466,Brian Tucker
85470,Benjamin Lopez
83703,Darren Brown
29287,Ryan Decker
63070,Tasha Cole
28174,Monica Sanchez
82777,Deborah Kramer
20101,Heather Carter
58789,Chad Santiago
66552,Andrew Paul
90245,Miranda Fernandez
18149,Danielle Hill
90164,Patricia Haynes
18730,Raymond Frost
16567,Devin Simpson
61072,Joanne Stone
27726,Dustin Jensen
70515,Gary Gibson
21645,John Eaton
59507,Shane Peterson
62443,Brittany Stark
49227,Timothy Kim
97955,Michelle Edwards
81186,Dustin Ramos
14200,Miranda Brandt
75316,Brittany Morrison
91550,Margaret Chavez
66442,James Evans
45304,Cassandra Parrish
99285,Steven Cannon
33360,Jeffery Downs
29724,Laura Black
59719,Jessica Williams
32316,Andrew Christensen
67080,Kristen Sanchez
11351,Johnny Turner
58342,Caroline Mcdaniel
33840,Patricia Hendrix
79473,Shelby Flores PhD
67149,Diamond Williams
34424,David Grant
61067,Rebecca Clay
14842,Laura Perez
96949,Jenna Baker
22443,Angela Wolfe
47200,Barbara Morris
32885,David Flynn
16010,Cory Davis
44927,Laura Delacruz
71056,Dennis Moore
30443,Clarence Gibson
73587,Brandon Kennedy
69793,Anthony Spears
71498,Sheila Howard
88822,Brian Austin
92193,Karl Rodriguez
19478,Jacob Morrison
93651,Barbara Stevenson
13728,Dillon Ruiz
50530,Brendan Ruiz
62582,John Ferguson
39878,Linda Curry
31733,Kristi Torres
23016,Garrett Heath
22766,Sean Strong
81463,Susan Dennis
57544,Cassandra Schultz
34698,Bobby Porter
15252,Tommy Soto
86605,Paul Gibbs
44985,Sandra Brown
77495,Tami Wood DVM
16776,Jason Whitehead
19491,William Carpenter
52937,Joseph Franklin
14973,Wayne Blackburn
40274,Sandra Miller
90579,Aaron Thompson
88113,Alyssa Gonzales
62790,Benjamin Armstrong
55926,Betty Moran
45184,Valerie Manning
40219,William Klein
85772,Zachary Nelson
18634,Sara Simmons
25120,Mike Harmon
99288,Beth Marshall
73901,Steven Lloyd
49668,Kayla Curtis
20914,David Villanueva
62624,Breanna Shepard
98664,Kevin Fisher
15301,Vicki Edwards
61351,Peter Jones
66334,William Berry
22628,David Shah
76123,Edwin Singh
39197,Robert Brock
50622,Jessica Stephens
68733,Eric House
86891,Mark Little
20331,Laurie Castillo
23369,Renee Stephens
11469,April Garrison
62405,Joshua Moore
68876,Bryan Simmons
55916,Mackenzie Stark
70569,Latoya Martin
24984,Melinda Gray
49236,Andrea Ramirez
68828,Sarah Hardy
37357,Anna Palmer
95130,Marie Webb
58248,Steven Watkins
56960,Lee Smith
27300,Matthew Morales
44051,Nicholas Mcgrath
39664,Ryan Fletcher
52486,Carly Fisher
81326,William Wade
64789,Zachary Shepherd
78134,Laura Mason
17274,Nicholas Clark Jr.
29061,Jacqueline Mathews
10041,Howard Robles
23105,Lisa Christensen
30353,Brianna Lee
63517,Mindy Thomas MD
22395,Dawn Cruz
29093,Dale Shah
54880,Steven Lopez
16845,Timothy Stewart
27329,Brian King
89296,Larry Livingston
15928,Sean Glover
32642,Katie Harris
42826,Christina Tucker
41161,Jeremy Young
58515,Taylor Myers
29530,Mr. John Abbott DDS
87040,Shelley Mitchell
49426,Dr. Joshua Hogan MD
43782,Jennifer Wilson
46502,Ronald Ryan
47770,Johnathan Le
82866,Shannon Wiggins
92236,Guy Maldonado
50466,Susan Sampson
73813,Raymond Bean
43487,Lucas Camacho
27274,Tanya Mitchell
78404,Linda Gomez
96087,Matthew Thompson
21747,Edward Clark DDS
87306,Julie Rojas
96897,Whitney Murphy
13618,Ronald Copeland
85660,Joshua Green
42197,Amber Mcmillan
42877,April Mcguire
64438,Jennifer Pittman
78081,Gregory Cox
47443,Carmen Brown
57530,Lonnie Smith
12431,Victoria Petty
11086,Victoria Gray
24789,David Keller
17862,Andrew Young
54928,Monica Rivera
19070,Patrick Douglas
98715,Jeff Smith
98097,Andrew Ingram
44645,Daryl Willis
55588,Timothy Aguilar
97045,Paige Mitchell
51693,Eugene Young
85270,Cindy Heath
84517,Edward Wright
33639,Sarah Pruitt
52663,Frank Schmidt
19932,Jason Goodwin
14708,Daniel Davenport
56195,Ian Whitehead
88282,Ryan Drake
12079,Jessica Moore
60262,Anthony Burns
77844,Mr. Justin Mclaughlin
40373,Michael Ford
12522,Maria Craig
76301,Veronica Tanner
80845,Jason Webster
92353,Mark Baker
67749,Megan Johnson
58365,Kelli Young
17930,Michelle Snyder
70834,Nicolas Martinez
56103,Albert Little
69555,Danny Barton
28641,Crystal Houston
82298,Joy Brewer
81910,Sheri Larsen
93797,Brandon Martinez MD
90426,Rhonda Myers
71016,Sandra Nunez
82488,Wesley Bradley
46440,Alice Wood
53480,Christian Miller
36407,Brandon Dunn
56839,Kimberly Weber
44667,Tanya Mosley
41639,Shannon Woods
91491,Richard Anderson
54371,Holly Wilkins
80655,Kimberly Mccormick
90810,Andrea Sanchez
89242,Christine Gomez
84538,Susan Cain
88564,Teresa Blevins
15375,Erika Patel
28889,Paul Nguyen
36083,Leslie Brewer
41916,Edward Wu
36899,Anne Olson
20062,Monique Morgan
43981,Ryan Reed
82124,Alexander Wells
85732,Jennifer Ruiz
21904,Linda Wallace
67041,Brian Shannon
22309,Kayla Randall
63593,Alexa Alvarado
37172,Barry Walsh
70138,Anthony Moore
58107,Rebecca Allen
96756,Kathleen Morales
84108,Melissa Campbell
22054,Brandy Myers
31883,David Dean
87603,Dillon Hughes
16805,Jennifer Kaiser
82637,Steven Watson
20721,Tiffany Ayala
41700,Wayne Rodriguez
91996,Donna Salinas
94652,Caitlin Wilson
83644,Harold Tran
87015,Michael Cook
54827,Shannon Ali
71955,Karen Love
21651,Thomas Reynolds
28518,Sherri Wright
18685,Ross Williams
77113,Teresa Beasley
13839,Andre Taylor
69587,Stacy Watkins
59703,Mrs. Anna Gross DDS
88077,Kevin Davis
83801,Sheila Silva
89489,Mitchell Estes
87685,Jane Jones
72706,Nicholas Barrett
81479,Antonio Thomas
15963,Robert Montes
89084,Morgan Campbell
62359,Melanie Donovan
36281,Jaime Richards
44954,Sandra Munoz
58061,Sarah Smith
46850,Samantha Harris
38232,Bianca Johnson
51585,Stephanie Barber
90644,Brandon Becker
76139,Sheila Potter
75885,Leslie Olsen
80190,Mary Stanton MD
59446,James Bolton
68495,Donald Melendez
78978,Daniel Fuller MD
99253,Ronald Landry
96711,Katherine Curtis
21957,Danny Brown
15220,Craig Hatfield
19412,Joshua Diaz
49939,Jennifer Thompson
65914,Jessica Woods
45845,Michele Simon
34555,Adrian Hudson
14938,Joanna Smith
16746,Jesse Gardner
23576,Cindy Francis
23110,Matthew Stanley
18795,John Michael
72958,Mark Dean
52718,Dr. Crystal Silva MD
56687,Daniel Goodwin
99826,Ann James
77835,Laura Walter
35158,Yvonne Vazquez
33335,Mary Mcconnell
85869,Sean Peters
75081,David Daniels
22597,Tracey Rangel
18520,Karla Hale
13541,Timothy Benson
43178,Rebecca Fields
45382,Daniel Robertson
68028,Francisco Khan
71171,Michael Chapman
94271,Crystal Phillips
79973,Erik Dyer
19715,Robin Martin
70084,Ricky Murray
98012,Juan Daniels
43063,Amanda Duncan
18285,Derrick Novak
15504,Cynthia Gregory
37881,Michele Fritz MD
20394,Zachary Haney
74110,Tina Macdonald
26534,Scott Dennis
40536,Brandy Hammond
15527,Javier Moon
30502,Thomas Lane
70422,Evan Mosley
82167,Frank Brady
18796,Timothy Porter
75508,Kenneth Hughes
56622,Aaron Lowe
36216,Robin Gross
80245,Erin Flowers
36124,Kathy Montoya
43359,Thomas George
53054,Rebecca Martin
13512,James Sampson
22013,Angel Petersen
66067,Holly Wyatt
28837,Sandra Ramirez
15998,Dale Bean
95732,Lauren Walters
19344,Blake Edwards
98532,Ricardo Shields
30593,Victoria Cunningham
80206,Heather Cooley
93546,Joel Harris
44844,Crystal Anthony
34131,Alexander Rubio
72150,Joel Cook
55880,Joan Hardy
98352,Pamela Meza
45181,Matthew Lowe
93415,Tara Fleming
54133,Betty Pearson
66000,Ryan Wood
75654,Jill Green
70833,Brittany Ball
47717,Jacob Martinez
67263,Lauren Kelley
10474,Adam Mercer
55774,Jessica Erickson
23142,Rebecca Wright
17307,Randall Petersen
75648,Sabrina Hawkins
69623,Miranda Anderson
45438,Erika Velasquez
92844,Adam Barnett
73606,Lauren Fisher MD
57435,Mrs. Candace Jimenez
19792,Eric Ford
68470,Michael Holt
63048,Michael Vasquez
10482,Hannah Howard
80705,Adrian Simpson
74173,Andrea Aguirre
75407,Emily Baldwin
81383,Monique Hudson DDS
62962,Marisa Mosley
63942,Rodney Jefferson
88187,Madison Webb
81462,James Richardson
98494,Laura Hogan
58160,Austin Roberts
58165,Edwin Rowe
14831,Juan Blake
53588,Andrea Hutchinson
73754,Lisa Haley
98540,Ryan Stuart
85133,Ian Lopez
45271,Melissa Taylor
10730,Kathy Padilla
86855,Lori Berry
81149,Michael Vargas
20024,James Coffey
29754,Mrs. Lisa Bennett
85315,Jeffery Griffith
74500,Pamela Petersen
88379,Sheila James
57237,Melanie Lewis
69538,Tiffany Payne
59001,Joseph Hughes
41119,Kenneth Whitehead
79235,Adrian Clark
21323,Zachary Galvan
43274,Miss Cynthia Keith
24992,Tracy Mullins
57270,Miss Gina Hudson DDS
98195,Tyler Gray
75873,Cody Clark
33403,George Nunez
56267,Debbie Barnes
66987,Stephen Farmer
73203,Anna Jones
41570,James Austin
29441,Beth Hester
96073,Samuel Shaw
28874,Linda Rodriguez
46372,Kimberly Parsons
70386,Jasmine Whitaker
68929,Marc Martinez
29329,Joe Clark
22556,Stephen Sullivan
95008,Jerry Anderson
29764,Jacob Lewis
45820,Andrew Ruiz
24320,Chelsea Francis
40917,Charles Houston
37030,Jennifer Osborne
61582,Keith Mueller
91401,April Wagner
71523,Cynthia Schneider
26036,Michelle Simmons
70205,Jessica Willis
24335,Susan Holloway
43386,Jared Fox
29712,Amy Crawford
24700,Angie Anderson
13937,Alexa Jenkins
68268,Jeffrey Cooper
47779,David Branch
82745,Steven Rose
84572,Anthony Blake
25879,Bradley Blair
36682,Mr. John Coffey
86527,Leon Moreno
19610,Robert Brown
69734,Steve Barber
99331,Lynn Smith
26464,Laura Mathews
82192,Sarah Brown
64620,Jason Bryant
76828,Carl Ward
27110,Nicholas Hernandez
99377,Laura Miller
28073,Rachel Pitts
46612,Judy Jackson
52887,Victoria Graham
98656,Justin George
39110,Sean Perez
69361,Pamela Riggs
79383,Troy Maldonado
60450,Jeffrey Curtis
61340,David Ellis
71337,Michaela Lawson
21570,Rachel Arnold
41493,Nathan Oliver
86044,Mark Fischer
78088,Mrs. Kathryn Cline MD
96262,Garrett Rodriguez
78438,Lori Wade
22394,Stephen Patel
42298,Jason Salazar
74702,Daniel Joseph
49622,Mr. Ryan Gilbert
46452,Pamela Cruz
10702,Amber Mcfarland
29793,Benjamin Curtis
53528,Cameron Eaton
20981,Adam Jones
14755,Deanna Ewing
62760,Patricia Hansen
97423,Peter Wright
92503,Richard Perez
13608,Adrian Smith
44252,Gina Clark
14126,Zachary Rose
20223,Leah Valentine
48817,Alexander Franklin
81641,Jeremiah Reid
53667,Philip Harris
90845,Stephanie Garner
19450,Brittany Merritt
30819,Jennifer Hatfield
41644,Chelsea Mclaughlin
42897,Veronica Moses
14282,Monique Harris
15312,Alexander Thompson
82990,Sophia Wood
27772,Colleen Gonzalez
21364,Jose Sanders
82749,Kelly Wilkerson
44349,Steven Mcdonald
31760,Jennifer Jennings
30497,Sara Powell
40598,Christina Brown
63104,Kristin Joyce
88239,Lisa Burns
36938,Diana Bryant
92912,Jennifer Baker PhD
40359,Paul Jensen
70494,Gary Smith
57327,Kevin Brennan
46119,Heather Wallace
16420,Anne Burgess
77269,Brian Krueger
24485,Danny Kline
61833,Melissa Alvarez
67060,Brian Benjamin
21550,Nathaniel Parker
71515,Cynthia Alexander
89258,Kyle Calderon
12814,Tyler Parker
62096,Steven Wade
58703,Jacob Simpson
39689,Jacob Decker
29564,Xavier Martinez
77440,Kenneth Pena
58604,Kathryn Arias
65984,Samantha Collier
83776,Sophia Washington
10179,Jordan Walter
88150,Curtis Barron
63919,Vicki Jackson
52601,Jesse Little
83526,Kristina Good
71552,George Solis
59681,Cathy Marshall
54154,Jacqueline Rogers
48869,Evan Anderson PhD
79562,Sarah Barnes
65068,Stephanie Ho
89519,Stacey Flores
55552,Willie Coleman
75310,Christian Kennedy
84408,Sara Becker
47767,Shelly Rodriguez
66106,Ms. Brandi Powell
79767,Michelle Mills
97676,Danny Stanley
17688,Anthony Jimenez
97469,Jonathan Chase
95213,Mr. Terry Ryan
34925,Keith Stephens
25591,Jennifer Arnold
66623,Christopher Juarez
23161,Virginia Bailey
70042,James Peterson
34447,Cynthia Bright
92364,Michael Peterson
19303,Michael Evans
83491,Dustin Rice
93981,Todd Scott
26932,Jackie Rose
19431,Colin Jones
32250,Susan Walton
50377,Timothy Peters
31485,Douglas Davis PhD
66928,Ryan Lane
16886,Michael Phillips
69180,Anna Day
64144,John Williams
94984,Aaron Olson
63383,Brian Bush
67430,Crystal Hunt
28659,Jennifer Jackson PhD
39101,Tammy Yoder
54305,Bradley Kim
93523,William Arnold
73174,Hannah Carrillo
37114,Daniel Solomon
91739,Leah Santos
81470,John Alexander
12084,Mark Farmer
38871,Erica Nguyen DVM
28474,Gregory Moreno
26214,Dr. James Wright
57589,Tyler Spencer
78241,Sara Gregory
57034,Ronald Larson
50102,Ernest Scott
59485,Cory Nicholson
93197,Vanessa Rodriguez
38908,Renee Ortega
99509,Gregory Mcdowell
82374,Veronica Adkins
67732,Melissa Kim
72328,Stephen Yu
42553,Fernando Washington
68770,Katherine Gomez
53681,Larry Parker
24644,Rachel Smith
49903,Miguel Jones
69316,Melissa Jackson
74501,Michael Charles
44641,Mary Dyer
82440,Randy Burns
67357,Kenneth Mcdaniel
15717,Robert Haynes
18806,Jennifer Ortiz
39963,Hailey Lowery
96704,Melissa White
32219,Nathan Gill Jr.
46506,Thomas Pierce
43499,James Robertson
99598,Tara Green
99998,Raven Alvarez
45567,Keith Smith
46622,Cody Saunders
56794,Erik Evans
28348,Christopher Perkins
69981,Tiffany Reed
88090,Luis Robinson
30557,Jasmin White
48089,Carrie Clark
34197,Melissa Owens
21274,Alicia Brooks
49714,Brian Butler
43857,Kristy Rivera
34654,Danielle Stevens
55788,Jasmine Sanford
19650,Whitney Kim
12452,Pamela Colon
54197,Kelsey Lee
41219,Erica Swanson
25779,Edward Howard
95773,Lisa Yates
33062,Emily Elliott
33763,Robert Harris
59317,Amber Kramer
68112,Maria Morris
16859,Shannon Hart
36136,Sean Nolan
48515,Catherine Giles
26568,Andres Jackson
66261,Donna Mitchell
70857,Deanna Luna
42711,David Clements
43443,Teresa Chavez
26326,Julia Shepard
82775,Ellen Mathews
74990,Christopher Reyes
63644,Jamie Weber
94610,Melanie Harris
93518,Samantha Aguilar
52625,Michael Adams
77514,Amy Ryan MD
41888,Jennifer Branch
58613,Mr. Jordan Ramirez DVM
10778,Theresa Meadows
82964,Christian Erickson
78418,Robert West
50510,Teresa Davis
31891,Natalie Washington
92670,David Stewart
92460,Breanna Kaiser
51104,Kelly Floyd
21604,Jamie English
62220,Donald Williams
32831,Terry Raymond
15322,Mrs. Amanda Higgins
11280,Melissa Blake
23958,Haley Khan
95224,Debra Pittman
74076,Kristen Harrison
22661,Patrick Green
90993,Joe Phelps
16301,Harry Ramos
61087,Mindy Baker
45427,Andrew Benitez
66718,William Powell
92989,Maureen Fuller
38259,Jacob Cox
24302,William Harding
14408,Debbie Edwards
11731,David Ramirez
67107,Jade Green
30995,Timothy Fitzpatrick
92694,Frank Ross
94280,Heidi Salazar
99407,Carlos White
96435,Jeremy Reed
64346,Evelyn Coleman
63191,Kathryn Bennett
43801,Monica Jones
35239,Krystal Castillo
37553,Eric Holder
62554,Jill Johnson
93974,Adam Walker
89089,Mr. Brian Hardy MD
13172,Johnny Cook
18421,Patricia Curtis
28176,Yvonne Bates
68000,Seth Black
17948,Karen Fischer
50853,Elizabeth Estrada
60073,Tiffany Yates
88924,Gina Duncan
80723,Jeff Stein
46429,Wanda Rodriguez
40814,Danny Flores
16962,David Cunningham
74985,Jordan Jones
38584,Amy Patterson
71933,Michele Wheeler
84291,Lonnie Murphy
87799,Daniel Figueroa
93035,Alyssa Ward
87590,Mallory Conway
20438,Debra Carr
81765,Donald Newton
28743,Michael Krueger
21639,Sharon Thomas
35472,Gary Graham
17521,Alex Jenkins
77682,Steven Thomas
83652,Gordon Thomas
71598,Amanda Hill
24752,Timothy Underwood
60172,Benjamin Flores
97428,Joseph Lynch
27439,Fred Ford
95358,Megan Mills
72848,Jessica Stewart
39738,Amy Johnston
22037,Stephanie Bell
89056,Chelsea Austin
19073,Larry Kirby
91576,Adriana White
18542,Amanda Carter
12358,Lorraine Hughes
16179,Michael Richardson
67243,Charles Chase
19611,Dean Barron
69929,Chad Walker
68540,Kelsey Osborne
23272,Tammy Dickerson
27927,Nicholas Garza
33370,Gabrielle West
52664,Seth Hardy
73996,Jenna Parker
79705,Jennifer Prince
95144,Lori Jensen
63922,Xavier Yu
76596,Sarah Wilson
70164,Ricky Conley
46794,Rachel Camacho
44663,Gail Garza
58098,Nicole Moss
73476,Cindy Mayo
66888,Christopher Butler
11662,Michelle Carpenter
79114,Natalie Mccarthy
45701,Melissa Brown
50937,Valerie Turner
60655,Dr. Samuel Kennedy
27211,Dr. Jared Williamson
38095,Mark Mcmahon
85295,Diana Peterson
93158,Katherine Marshall
12374,John Marsh
91015,Leslie Hampton
71353,Kevin Wright
47926,Linda Luna
22114,Jeffrey Lloyd
93422,Julie Mason
93137,William White
85395,Dwayne Braun
51715,Ms. Michelle Moore
86910,Jennifer Craig
40267,Jennifer Frank
27713,Anna Mcneil
70718,Mary Deleon
67360,Jessica Turner
87653,Angela Fields
24855,Michael Saunders
53575,Deborah Hansen
14358,Adam King
72528,Felicia Mathews
79912,David Marshall
81191,Debra Patel
17793,Gina Walker
23919,Caleb Rivera
44140,Ashley Burnett
98094,Mary Park
56904,Brian Rivera
26542,Brian Roy
92540,Donald Joseph
95179,Bethany Phillips
46023,Patricia Johnson
62811,Jocelyn Mccormick
43033,Dorothy Turner
52393,Sandra Foley
55654,Dr. Laura Miller
88944,Nicole Chen
86580,James Meyer
64569,Kevin Brock
12243,Christian Clark
72425,Erin Mcbride
77421,Danielle Pham MD
96665,Douglas Young
31568,Kristen Collins
46553,Jonathan Terrell
51857,Brandi Pineda
93336,Todd Wilson
47456,Christine Cunningham
14827,Matthew Dickson
48130,Pamela Turner
84938,Chris Lam
88566,Joe Joyce
95593,Ryan Marquez
15461,Katie Andrews
18155,Jake Cooper
55438,Mark Hunt
22197,Carolyn Miranda
11757,Angela Jenkins
95352,Kristina Hurst
43615,Harold Arroyo
80255,Karl Smith
37385,Michelle Burton
66288,Matthew Smith
27764,Melissa Rubio
89793,Gary Morris
68991,Paul Wilkins
71380,Hannah Palmer
46947,Adam Williams MD
17626,Makayla Carr
63041,Kaylee Marks
90272,Denise Dickson
15079,Rebecca Miller
32878,Steve Clayton
34238,Tristan Clark
41368,Nicholas Sweeney
62218,Michael Palmer
36498,Bethany Moon
26947,Gary Diaz
62412,Lori Johnson
13991,Tina Watson
91929,Carol Lopez
59833,Sierra Ray
84254,Brittany Hogan
18868,Kimberly Mathews
67536,Bryan Terrell
96842,Tracey Johnson
76023,Debra Rodriguez
18477,Dennis Murray
35410,Dr. Rodney Hunt Jr.
76658,Erica Anderson
95501,Brittany Guzman
45979,Cameron Williams
77692,Marcus Hill
61442,Bradley Ali
68408,Ricardo Wang
46559,Elizabeth Nichols
85104,Michael Schaefer
53087,Mary Simmons
60910,Thomas Alvarado
96911,Yvette Carson
92373,Yvonne Carr
52269,Michele Crosby
83817,Lawrence Tucker
60694,Daniel Brown DDS
45770,Jose Gutierrez
11162,Kenneth Bowman
28307,Rachel Stewart
11788,Sean Velez
66339,Angela Shepard
89501,Mary Griffin
48284,Michael Lynch
69824,Katherine Campbell
13892,Alicia Ryan
64551,Casey Juarez
81176,Debbie Ross
37326,Linda Williams
81991,Heidi Rangel
30447,Charles Gray
38031,Aaron Matthews
58842,Travis Nichols
78096,Patricia Walters
47951,Jackie Jensen
33771,Adam Blake
70228,Wanda Li
53413,Alejandra Munoz
72403,Anna Carter
86888,April Kaiser
57271,Joe Brooks
56940,Katrina Warner
34243,Melissa Holt
74822,Sarah Love
17556,Thomas Stark
97598,Cory Stewart
86640,Chris Moses
41591,Isaiah Thomas
80321,John Foster
32552,Bradley Robinson
46894,Alejandra Williams
39232,Christina Giles
86076,Suzanne Hill
85987,Anna Scott
80662,Daniel Peterson
99588,Travis Henderson
35029,Andrew Howard
32828,Anthony Burke
20875,Ryan Patterson
35744,Dustin Martinez
35207,Brianna Bryant
82550,Laura Montgomery
57897,Ronnie Glover
69363,Wendy Phillips MD
45498,Elizabeth Miller
15920,Laura Mcclain
85624,Javier Gonzalez
78518,Emily Alvarado
54961,Abigail Chambers
43950,Cindy Miller
80996,Hector Phillips
28773,Jordan Campbell
81957,Ashley Bell
95078,Matthew Cortez
89103,Brenda Blake
95549,Christopher Vargas
63816,Kurt Cummings
49645,Susan Good
27388,James Wilcox
43231,Maria Gill
19740,Kevin Newman
56019,Anthony Cooper
11629,Christine Hodges
86761,Andrew James
88116,Jack Hardy
65034,Julie Taylor
51306,Bradley Mayer
31773,Rodney Tran
62193,Miranda Baker
95247,Brittany Brown
68874,David Fowler
97844,Jason Petty
78787,Craig Gardner
99070,Angela Carter
72461,Luis Reid
33609,Travis George
20907,Debra Nelson
79083,William Miller
32743,Thomas Compton
57778,Melinda Meyer
98996,Emma Hays
80792,Luke Levine
31361,Tonya Pena
38546,Meghan James
99203,Kimberly Nelson
32969,Gina Ballard
96525,Michele Newman
82416,Janet Diaz
10912,Ryan Giles
54729,Lisa Perkins
90057,Jonathan Richardson
64334,Melissa Bennett
51150,Terry Oneill
79031,Teresa Butler
66001,Michael Torres
79860,Mr. Jonathan Schmidt
51307,Lisa Ward
96478,Ms. Amanda Herring
75453,Deanna Smith
72149,Shannon Stewart
17144,Thomas Johnson
26818,Mindy Hicks
49273,Gloria Foley
32403,Melissa Moore
85641,Robert Coleman
45776,Nicholas Haney
46807,Jerome Adams
77111,Nancy Boyd
23019,Grace Wolfe
55729,Jose Navarro
78227,Charles Torres
11434,Richard Green
38969,Leslie Carter
29594,Raymond Long
64889,Nicole Carlson
95297,Jo Horn
23970,Daniel Conley
86620,Mackenzie Perez
67797,Bethany Richards
98658,Karen Johnson
25926,Rebecca Terry
29976,Kelly Watson
20429,Justin Price
99405,Denise Smith
67903,Michael Levine
73224,Matthew Nguyen
35155,Renee Galvan
62082,Tiffany Mcgee
91206,Tammy Martinez
25795,Sabrina Webb
47217,Kayla Reynolds
43463,Bryan Mccullough
21207,David Owens
55311,Virginia Hart
15164,Regina Walters
42045,Mark Ruiz
38390,Keith Owens
30561,William Moreno
89999,Charles Vaughn
42323,John Duncan
92595,Gregory Taylor
80594,Kimberly Thompson
30597,Laura Lynch
73321,Phillip Moore
24436,Travis Gutierrez
45439,Jacob Nguyen
76394,Aimee Stokes
67755,Jeffrey Donovan
85577,Craig Wilson
45282,Sandra Campbell
66983,Mike Rivera
38197,Kimberly Reynolds
74408,Teresa Young
19359,Elizabeth Summers
35398,Kathryn Mann
79881,Roberto Garcia
75923,Colleen Hanna
98345,April Ross
20990,Regina Jones
78902,Robin Castro
64712,Wesley Reynolds
40590,Rhonda Thomas
41103,Jonathan Francis
58601,Joseph Solis
35661,Cynthia Wilson
88396,Krista Davis
57221,Daniel Roberson
92400,Shannon Fisher
87356,Larry Mata
87758,Sarah Lucero
81862,Benjamin Martinez
15025,Christopher Cross
73077,Ralph Miller
41067,David Sullivan
41007,Anthony Farmer
19928,Gary Macias
82746,Tiffany Nguyen
91292,Jordan Maddox
94993,Kelly Beck
19427,Seth Smith
27847,Tracy Hernandez
23928,Nicholas Hamilton
94793,Victoria Long
29685,James Newton
77715,Nathan Flores
96887,Elizabeth Mitchell MD
26223,Mitchell Mcdowell
42721,Olivia Moss
71306,Lisa Golden
97839,Jessica Butler
84913,John Thomas
93751,Cynthia Hoffman
26910,Austin Ward
24811,Amber Jackson
58932,Matthew Reynolds
66306,Steven Cruz
15157,Jeffrey White
52644,Tammie Austin
20249,Shawna Cruz
75635,Nathaniel Jenkins
83828,Jon Howell
82983,Leslie Arnold
79782,Timothy Holmes
28473,Danielle Hernandez
66695,Amanda Simpson
75371,Dr. John Campbell
16162,Katelyn Bean
15531,Brooke Ward
13607,Patricia Morales
26346,Richard Dominguez
87035,Colin Pittman
26129,Jose Park
57608,Christopher Glenn
76954,Frank West
17858,Terry Guzman
20910,Tina Lewis
47783,Taylor Vega
18377,Cristina Solis
89890,Carolyn Castro
70753,Christy Gomez
73371,Alicia Goodman
65601,Tiffany Armstrong
33529,Kimberly Osborne
45333,John Harding
75408,Robert Oneal
42729,Martha Henry
48278,Cindy Ortega
49222,Jennifer Weiss
82160,Mr. Jacob Walker Jr.
20185,Tony Aguilar
53534,Lisa Shah
94830,Anne Ewing
88108,Rachel Silva
49110,Kelsey Kim
48689,Theresa Watts
74973,Jessica Gomez
93411,William Smith
69071,Martin Donovan
30882,Frank Wilson
26278,Bradley Harris
89942,Thomas Cox
17116,Billy Cannon
23094,Becky Gregory
58408,Joanna Olson
81939,Stephanie Martinez
25575,Heather Thompson
73722,Austin Reyes
59473,Derrick Woods
77981,Jennifer Porter
76225,Jessica Bennett
99866,Alan Washington
70662,Sandra Benson
54965,Kimberly Day
14315,Debra Mathis
27888,Joseph Fowler
52227,Whitney Sanders
51400,John Marshall
83381,Mr. Randy Scott
60942,Steven Vega
88679,Charles Snow
78006,Stephen Hicks
89706,Jeremiah Powers
65943,Andrew Brown
30585,Becky Frank
40312,Laurie Peterson
23999,Raymond Morgan
73565,Jonathan Pierce
96912,Tiffany Baker
72750,Yolanda Kennedy
64246,Whitney Howard
14539,Chris Blair
80833,Danielle Hess
95821,Mrs. Samantha Duarte DDS
97718,Kirk Vaughn
60050,Melissa Mcdonald
91775,Gary Palmer
84681,Anna Green
78675,Katie Newman
82221,Glenda Murphy
84818,Janet Rivera
89948,Taylor Olson
28957,Lindsay Anderson
51097,Gloria Burke
58917,Jason Jones
51662,Samantha Glover
51133,Tina Johnson
10788,Sarah Pham
54418,Carl Hamilton
73263,Richard Mayo
33903,Ashley Jones
84886,James Rich
69949,Lorraine Boyd
51085,Kristina Brown
93342,Nicholas Alvarez
84452,Lindsay Chandler
54105,Cheryl Brown
96034,Douglas Gregory
81558,Robert Barker
18853,Kevin Winters
82532,Emily Wilson
37134,Tyler Perez
92572,Micheal Savage
90939,Brandi Hill
66762,Angela Pena MD
48908,Paul Gilmore
68439,Carla Morris
71110,Kathy Rodriguez
71872,Henry Casey
61433,Chris Harris
45385,Gary Madden
16884,Brandon Cummings
85615,Jose Logan
45679,Deanna Townsend
31589,Brian Davidson
83619,Joseph Peterson
39868,Bridget Perez
26409,Tyrone Mckay
28401,Larry Morris
83489,Phillip Williams
37475,Aaron Perez
84644,John Mcguire
79048,Chloe Mckenzie
12365,Christopher Frey
14125,Nancy Francis
86035,Kevin Carter
52182,Alexander Arroyo
61000,Robert Morgan
92764,Danielle Rivera
15439,Jeanette Alexander
48032,Anthony Briggs
66116,Billy Hardy
58631,Jesse Maxwell
45322,Gary Michael
97111,Felicia Arnold
33969,Austin Murphy
74456,Robert Williams
39191,Kirk Reed
71381,Anna Walton
73256,Catherine Cox
49192,Chelsea Peters
20208,Bruce Stevens
64469,Maria Larsen
95517,Larry Kirk
40085,Christopher Miller
72929,Holly Singh
85555,Andrew Ballard
60378,Jason Booker
49912,Dennis Dixon
14367,Colleen Montgomery
12123,Tanya Burton
50494,Erin Blackwell
44485,Lauren Stanley
42825,Brett Martin
41436,Luis Lee
39155,Jonathan Powell
70717,Eduardo Garcia
29983,Glenn Fox
75400,Harry Anderson
33451,Travis Mcgee
98467,Rebecca Gamble
18246,Deanna Arnold
34882,Kathy Poole
97108,Lisa Cole
30680,Makayla Vega
63344,Cynthia Tapia
37041,Mr. Kevin Payne
26794,Jesus Leonard
35188,Cameron Walker
26992,Carla Smith
41004,Dawn Alvarez
23090,Lisa Contreras
85027,David Mcbride
97698,Joe Brown
23593,Alexander Davenport
36546,Gregory Wade
41420,Caroline Howard
64158,Alex Thomas
16016,Linda Rogers
30498,David Doyle
46914,Mr. Michael Hull DVM
33237,Joseph Brooks
11221,Daniel Moss
40213,Kelsey Ellison
39026,Elizabeth Owens
30746,Jill Lambert
66570,Tina Lamb
34410,Amanda Chen
52567,Karen Morris
87912,Chase Guzman
11561,Edward Miller
63163,Karen Poole
31783,Luis Marshall
69340,Alan Yates
99680,Darren Bates
96291,Christine Bowers
54198,Mary Ho
71886,Nina Long DDS
47218,Kara Clark
88900,David Vargas
60152,Michael Black
13136,David Hernandez
11231,Edward Evans
15872,Nicholas Cox
26492,Cathy Wilson
60955,James Barr
21000,John Buckley
35709,Sherry Pratt
34093,Douglas Lowery
75342,Joanna Wilson
76266,James Lamb
67130,Julie Allen
52059,Susan Cochran DDS
92218,Michelle Barrett
76281,Robert Kirk
91651,Andrea Robinson
22213,Alexander Salinas
62710,Tim Vance
24829,William Lawrence
12840,Brooke Ruiz
28644,Kristi Dawson
48008,Drew Braun
10395,Adam Torres Jr.
69312,Jermaine Richardson
20176,Tiffany Valdez
18043,Stefanie Adams
90440,John Peters
96925,Renee Johnson
35015,Jorge Wallace
98389,Leslie Sanchez
47160,Ashley Guzman
36050,Isaiah Garner
74362,Lonnie Jimenez
85761,Jacqueline Strong
12706,Jonathan Hernandez
79974,Victoria Moore
37884,Jennifer Todd
45399,Alexandra Cooper
79757,Barbara Parker
93481,Marc Lang
86128,Cassandra Perry
90682,Travis Adams
53047,Kimberly Richard
22489,Troy Oliver
35846,William Estrada
50052,Brian Rhodes
62560,Heather Rivas
14085,Alyssa Guerrero
95652,Jeffrey Bell
97869,Jennifer Mason
68778,Jason Meyer
42873,Margaret Mcmahon
14316,Deanna Ward
64446,Leah Mendoza
89385,Katie Jarvis
12952,Anthony Russell
44170,Sandra Pugh
75931,Anna Cohen
84255,Christian Liu
41534,Christina Tate
42577,Debbie Anderson
86338,Erin Gibson
54314,Tina Christian
67414,Christopher Cox
37527,Jack Garcia
33045,Sheena Hall
41351,Angela West
47886,Mark Moyer
24906,Leslie Lewis
48478,Jeffrey Rodriguez
90108,Andrew Mccoy
23150,Veronica Olson
78288,Emily Cabrera
20417,Kristina Ramirez
72396,Hannah Dixon
18069,John Clay
80377,Stephen Stanley
27155,Paige Elliott
17544,Diane Sherman
48888,Julie Parks
57249,Carl Campbell
33285,Barry Williams
97956,Angelica Peterson
11638,Jeremy Sanders
57807,April Shields
71840,Kelly Wilson
66324,Rebecca Wood
28506,Andrew Morris
30453,Sarah Graham
42103,Aimee Scott
35037,Tonya Garcia
13853,Timothy Dawson
83437,Nicholas Gross
82128,Erin Chambers
56746,Natalie Boyd
42835,Casey Webb
63946,Kimberly Stephens
95194,Kevin Johnson
18194,Heather Alvarado
29662,Cody Best
92488,Amanda Washington
60500,William Mcclain
66155,Joseph Hayden
64731,Vincent Richardson
10786,Devon Paul
19424,Kevin Harris
24349,Alexandra Mccullough
10330,Toni Wiggins
40400,Felicia Garcia
74774,David Turner Jr.
44447,Mary Lucero
52836,Crystal Roman
39580,Rachel Edwards
81068,Dr. Toni Munoz
35044,Jamie Stone
47854,Louis Bailey
30540,Michelle Reed
37646,Jordan Porter
46410,Abigail Hall
85351,Bruce Cruz
50709,Jacqueline Fernandez
76335,Shaun Rice
66606,Mitchell Sanchez
76421,Kelly Cervantes
45848,William Fox
99602,Latasha Davis
54004,Debra Frazier
19100,Gabriela Dixon
36273,Roy Lewis
26682,Mrs. Tracy Smith
57836,Cameron Walsh
88148,Lisa Webb
62425,Nancy Perry
50804,Tonya Hudson
25406,Robert Walsh
74444,Mrs. Danielle Watson
97268,Kelly White MD
84085,Erica Wilson
17775,Mr. Roger Young
85479,Ryan Hudson
20579,Tyler Edwards
19135,Julie Park
60085,Catherine Guzman
90231,Andrea Garcia
33875,Amber Sullivan
79608,Susan Sanchez
11290,Kenneth Porter
22352,Sean Chavez
68848,David Hall DDS
51798,Timothy Cook
94422,Jessica Phelps
44189,Summer Jones
73731,William Strong
61025,Tom Kim
24979,Molly Everett
54993,Charles West
86970,Andrea Gonzalez
36649,Andrea Brennan
37859,Steve Soto III
53172,Carla Anderson
17806,Caitlyn Morgan
12703,Joseph Pearson
88885,Rachael Parker
78228,Suzanne Taylor
15151,Robert Rodgers PhD
41938,Anthony Palmer
59533,Matthew Stone
87282,Rita Sosa DDS
59109,Lindsay Cantu
52262,Sarah Briggs
77813,Aaron Clark
21625,Sarah Reynolds
37015,Cheryl Kennedy
16124,Krista Smith
37753,Makayla Doyle
31931,Nicholas Burke
41467,Jeffrey Martinez
98566,Jerome Clay
62139,Taylor Duran
69650,Erik Matthews
63215,Nathaniel Green
59729,Blake Peterson
29306,Raymond Thompson
91721,Troy Barnes
95275,Margaret George
91648,Jeffrey Fitzpatrick
41306,Beverly Zamora
74109,Michelle Kramer
51487,Kendra Francis
52072,Teresa Graham
73674,Gavin Stein
79990,Mary Hodges
20530,David Armstrong
13708,Vincent Carpenter
56248,Jennifer Rollins
96388,Edgar Anderson
31868,Abigail Bowen
21648,Stacy Armstrong
85769,Kimberly Ray DDS
38517,Nancy Howard
87817,Alexandra Williams
10338,Dylan Crawford
71894,Jeffrey Rivera
20650,Eugene Price
87969,Micheal Lewis
20058,Micheal Norris
33489,Brandon Smith
15712,Martha Jones
65996,Whitney Love
42154,Steven Duke
41008,Mr. Raymond Newton Jr.
39079,Patrick Duncan
78217,John Walker
14970,Donald Mcmahon
39530,Mr. Russell Soto
10019,Randy Briggs
92712,Marilyn Washington
33606,Lori Foster
45242,Colton Nichols
93892,Casey Rodriguez
77249,Nathan Dean
27292,Kristine Fox
27584,Timothy George
79088,Lori Frederick
33675,Joseph Stone
42393,Catherine Stephens
62059,Nancy Stewart
25328,Joshua Collins
20506,Wanda Jacobson DVM
45446,Vanessa Alexander
96035,Suzanne Gibson
94039,Dylan Franklin
78896,Johnny Eaton
81966,David Massey
51277,Amanda Hansen
15035,Cassidy King
27100,Willie Brown
49589,Christopher Daniels
15936,Helen Hanson
43050,Luis Vasquez
88308,Dana Wells
96975,Brooke Huber
19408,Olivia Griffith
54376,Douglas Knox
95248,Jeffrey Galvan
31687,Martin Daniels
44593,Alicia Cabrera
13647,Mrs. Ashley Warren
99865,Erin Mathis
48636,Kenneth Williams
43055,Jesse Carey
25129,Jeremiah Hayes
48075,Melissa Nelson
44998,Marvin Owens
36373,Cindy Wood
71942,Gary Carrillo
37142,Ryan Kelley
71377,Kaitlyn Lee
30830,Dr. Gary Parker
88454,Sean Simpson
70769,Andrew Schultz
59361,Robert Hurley
14219,Christopher Willis
49914,Kim Good
26973,Joshua Shepherd
51092,Kimberly Franklin
22502,Mrs. Sarah Curtis
36377,Allen Ferrell
46086,Tyrone Foster
74818,Jeremy Mathis
80468,Tanya Chan
56156,Morgan Wilson
87423,Steven Davis
67818,David Hobbs
12359,Erica Peterson
62601,Michele Ellison
77811,Jonathan Warner
20019,Jerry Mccarthy
73031,Brendan Hodge
68123,Andrea Hardin
13529,Daniel Holland
91619,Joseph Jordan
19277,Victoria Bradshaw
33032,Tamara Blevins
44239,Sharon Patel
80489,Tina Holder
69855,Dawn Jackson
73747,David Brock
40652,Anthony Ford
62072,Sheri Oconnell
59259,Christina Perkins
13421,Jeffrey Kelly
98709,Renee Shepherd
21235,Michael Schroeder
36266,Stacey Gonzalez
12528,Chelsea Castaneda
99076,Kristen Cantrell
48739,Amy Peterson
23426,Kathryn Moreno
54448,Courtney Coleman
90734,Amy Stanley
58228,Maria Dennis MD
54882,Sean Barnett
37216,Derek Carpenter
94000,Ian Taylor
35849,Sarah Rivera
67902,Selena Hutchinson
63118,Kellie Arnold
70076,Cynthia Powell
94102,Amanda Hunter
98505,Melissa Foster
10525,Jason Torres
55955,David Mckinney
85377,Rachel Knight
52831,Clarence Wilkins
31850,Bradley Luna
14517,Craig Turner
36515,Jorge Todd
45839,Meghan Moyer
41277,Eduardo Bell
92066,Laura Atkins
97702,Nathaniel Bauer
37069,Dr. Leah Wilson
62507,Cindy Mullins
44643,Jorge Coleman
51086,Lisa Grant
40797,Cody Bright
25904,Amy Turner
53164,Samantha Jackson
67508,Elizabeth Santos
64279,Jessica Mendez
25104,Christina Walter
86094,Barbara Rios
15847,Mitchell Jackson
70096,Christopher Wolfe
23226,Carolyn Harris
93005,Tyler Potter
95548,Dr. Cathy Richmond DDS
38360,Kaitlyn Reyes
52599,Karen White
77372,Emily Wright
81252,Jessica Prince
54126,Valerie Walker
27650,Julie Brock
91856,Sonya Singh
77696,Sherry Cook
53698,Fred Carpenter
10199,Jodi Lowe
93758,Tammy Rivera
67237,William Green PhD
74412,Jose Pace
61842,William Howard
26081,Christina Davenport
81803,William Bennett
60269,Kenneth Barnes
25519,Zachary Matthews
73404,Christie Mitchell
41320,Dwayne Glenn
29052,Caroline Ramos
29703,Katrina Hunt
44610,Heidi Anderson
40800,John Wong
89736,Donna Mason
95217,Donald Brady
91743,Christina Hall
80687,Madeline Thomas
55689,Christian Anderson
79583,Kelly Stanley
56783,Dr. Morgan Lewis
54258,Toni Graham
14924,Jade Davis
55901,Brittany Roberts
29332,Lawrence Payne
14901,Jonathan George
45077,Todd White
49678,Kelsey Juarez
96412,Danielle Palmer
23848,Nancy Hudson
97765,Sarah Henderson
17760,Mary Roth
21586,Karen Travis
52926,Megan Zamora
56811,Stephen Payne
45329,Jessica Curtis
90387,Christina Hernandez
29131,Alexander Alvarado
40768,Cindy Young
84827,Scott Rice
68340,Benjamin Day
88635,Cynthia Bowman
79352,Alexis Hill
42605,Douglas Potter
74567,Felicia Jones
42731,Karen Hogan
89145,Shannon Peterson
15937,Tammy Brandt
32724,Jorge Castillo
20074,Brian Carrillo
71799,Benjamin Black
62978,Richard Hamilton
76603,Courtney Hahn
74936,Dylan Lawrence
93639,Monica Hines
98631,Peter Sullivan
30262,Lisa Ray
59771,Nicole Reyes
12114,Emily Reid
48628,Dr. Nathan Walker
35920,Kari Bradley
44174,David Anthony
41874,Ashley Lee
73891,Arthur Martinez III
68194,Mrs. Stephanie Harvey
83367,Holly Lee
59216,David Sherman
67682,Marissa Cook
15753,Jody Mullins
22214,Caroline Goodwin
30237,Victoria Phillips
73180,Elizabeth Phillips DDS
93772,Michael Garza
17568,Jennifer Watkins
29325,Micheal Gentry
17708,Colleen Hubbard
85759,Brenda Ruiz
28083,Debbie Ortiz
92010,Gina Garrett
26577,Dennis Blair
54527,Mark Davis
96215,Catherine Mcdaniel
40728,Gina Dunn
91139,Michael Wiley
86359,Joy Porter MD
93738,Frank Howell
80462,Dakota Wilson
20153,Lori Clarke
27620,Shannon Hall
86193,Kathryn Lucero
60432,Adrian Garcia
99004,Sarah Walters
17573,Jose Johnson
15797,Dakota Morris
60078,Miss Dominique Marks MD
92616,Justin Martin
14130,Michele Fuentes
90281,Tara Hendrix
42542,Andrea Osborn
73439,Deborah Harvey
36507,Julie Martin
51140,Savannah Mccarthy
32098,Ethan Carey
72924,Kathy Garcia
19532,Anthony Martin
24915,Devin White
74189,Howard Meyer
52988,Sarah Marshall
94911,Michael Hernandez
44887,Mrs. Jennifer Gillespie
58602,Keith Fisher
30343,Jacob Ayers
92588,Debbie Williamson
25360,Jimmy Sellers
13283,Brandon Sutton
39696,Chad Carter
90792,Amanda Schmidt
49574,Crystal Acosta
65569,Elizabeth Conway
61867,Daniel Martin
99828,Gail Roberts DDS
78082,Jason Hill
76534,Alicia Price
78850,Ruth Turner
71946,Gregory Morgan
64760,James Barnett
68203,Brittany Barnes
20403,Mrs. Kathleen Fox
67633,Stephanie Randolph
53840,Alexis Wright
76051,Kevin Adams
67491,Lisa Johnson
14812,Ms. Rhonda Lopez
60274,Cassie Anderson
35351,Eileen Holloway
90785,Patrick Morrow
21332,Thomas Dixon
13678,Grant Cox
74422,Christine King
67404,Brandon Henderson
70787,Christopher Solomon
36192,Crystal Ferguson
80250,Anthony Massey
81714,Jeff Lin
75377,Anne Hays
18483,Jesus Hicks
62345,Jerry Howard
32838,Charles Hopkins
79284,Jennifer Hanson
59725,Melissa Hicks
43599,Nicholas Horne
95926,Rebecca Thornton
12762,Brittany Gonzalez
99077,Henry Hale
92699,Michael Wallace
71767,Kyle Johnson
88983,Reginald Gonzales
87892,John Hoffman
13180,Beverly Porter
23257,John Perkins
55610,John Turner
69812,Joshua Harper
65893,Antonio Martin
62504,Casey Alexander
78099,Victor Browning
91031,Tony Clarke
30957,Taylor White
32094,Tyler Davila
59024,Shannon Perez
66562,Matthew Carpenter
92371,Jodi Turner
60859,Jorge Peterson
16894,Margaret Mccarthy
96746,Donald Branch
25214,Meagan Ramirez
21239,Andre Klein
25745,Kathy Hernandez
89067,Brenda Barker
31819,Jason Yang
79267,Suzanne Lewis DVM
87693,Nancy Miller
94126,Christy Miller
27027,Connie Chang
38927,Kim Cain
25739,Ronnie Farrell
22510,Matthew Watts
91350,Thomas Lee
88145,Tara Campbell
22109,Samantha Gilbert
63091,Brian Santos
55930,Debra Harper
99718,Jose Joseph
83005,Luis Buchanan III
98283,James White
16309,Karen Oliver
79570,Alan Villa
95751,Judy Gonzales
36878,Carol Gregory
29448,Mark Ramsey
92108,Rhonda Santos
18642,Ronald Buchanan
50925,Alexis Horne
47969,Megan Coleman
95717,Henry Phillips
17490,Erika Johnston
13452,Joseph Clark
25918,Jason Henderson
72487,Stephen Landry
60621,Joseph Weiss
31945,Margaret Monroe
56841,Ashley James
75071,Emily Hatfield
18666,Joseph Miller
79676,Larry Ray
85932,Melinda Smith
39293,Spencer Davis
11214,Rita Clarke
44801,Laura Mueller
85147,Brandi Butler
87261,Brandon Nelson
47806,Elizabeth Wilson
39889,Robert Christian
98108,John Guzman
31688,Tiffany Newton
79118,Dr. Cynthia Munoz
87128,Kristen Holt
86087,Jane Freeman
47608,Amber Adams
63436,Elizabeth Cunningham
97125,Maria Reynolds
35040,Thomas Padilla
30190,Jason Fox
47361,Shane Hobbs
67204,Rose Baird
26645,Courtney Graves
62333,James Allison
22605,Kenneth Frey
54609,Jennifer Pena
32185,Tracey Callahan
22826,Benjamin Pacheco MD
54113,Dr. Amy Garrett
94692,Jared Meadows
84090,Ricky Poole
22449,Stefanie Lynch MD
13502,Dana Richards
47501,Jason Duarte
60440,Pam Carpenter
31612,Jennifer Howe
67506,Tammy Hernandez
27304,Taylor Ramirez
74842,Rachael Anderson
19084,Ryan Alvarez
57372,Jodi Zhang
73007,Kelly Young
65197,Dakota Costa
36449,Joseph Myers II
97782,Anne Meyer
13894,Jason Martin
81265,Ryan George
22831,Stacy Haynes
31863,Brittany Hines
64605,Ana Gilmore
36948,Leah Howard
78870,Leslie Ramos
34521,Joe Garcia
26020,Brent Barnes
98988,Antonio Bennett
14549,Theresa Cole
37173,Anna Johnson
31096,Ashley Crawford MD
96544,Kari Mcguire
98190,Benjamin Howell
23728,Sara Wells
15882,Briana Castro
56363,Brady Wilson
54663,Christina Bruce
34941,Henry Harris
48969,Mr. Tony Sullivan DDS
82574,Paul Holland
70913,Emily Shah
22722,Stephen Young
44157,Gloria Williams
23839,Kevin Cochran
73210,Stephanie Blackwell
87232,Adam Woods
62824,Brandon Rhodes
30110,Brittany Garrison
47865,Patrick Lawson
35626,Rachel Mcdaniel
80809,Carmen Reynolds
94392,Stephanie Johnson
90392,Tammy Garcia
69573,Michael Suarez
86294,Molly Dudley
13611,Edward Mclaughlin
94957,Laura Chen
25421,Alan Perkins
68294,Heather Sanders
70018,Pam Rosales
15192,Jeff Green
89970,Mr. Kevin Peterson III
48092,Jamie Bennett
42559,Kimberly Hunter
11289,Dana Grant
24873,Kayla Warren
13966,Jodi Hughes
25284,Adam Allen
93221,Angela Hill
32304,Rebekah Cunningham
13545,Christopher Schmitt
25198,Donald Mccarthy
54380,Anna Davis
67466,Jenna Thompson
12318,Kimberly Schmidt
91650,Matthew Sloan
20941,James Gray
69448,Melissa Castro
45918,Kristy Holden
46345,Seth Rodriguez
96013,Kenneth Obrien
92785,Brett Pierce
34660,Claudia Nguyen
31552,Courtney Harris
62045,Cheryl Hall
22637,Rachel Wise
66151,Glenn Morales
33986,Dr. Michele Moreno DVM
81559,Cameron Lucas
54342,Jason Hunt
90576,Carla Williams
22769,Courtney Evans
37219,Brooke Tucker
99182,Francisco Simmons
59678,Kelly Nichols
39252,Tracy Miller
33765,Emily Knight
79292,Craig Kaufman
31150,Susan Jones
30277,Stephanie Pearson
22437,Derrick Roberts
19455,Alex Taylor
63140,Jeffrey Gomez
87130,Michael Hunter
47097,Diane Rojas
30522,Jimmy Taylor
43558,Jessica Valentine
36720,Dylan Townsend
22660,Roberto Reid
38067,Shelly Rios
29749,Joshua Graves
12299,Michelle Moore
93243,Sharon Smith
41027,Jacob Graves
83494,Howard Boyd
38672,Melanie Miller
36716,Brandon Hughes
14583,Adrian Watson
74309,Jeffrey Ross
10406,Becky Hester
96942,Jonathan Johnston
43573,Corey Ortega
19618,Tracey Phillips
62608,Angela Aguirre
49481,Ashley Weaver
47473,Robert Marks
89772,Charles Hart
58629,Caroline Johnson
31860,Mr. Charles Sullivan III
28863,Pamela Sanchez
55727,Rachael Gardner
74202,Morgan Reed
92771,Ashley Strickland
24574,Crystal Griffin
88449,Ricky Mckee DVM
19916,Tyler Shields
44974,Charles Richardson
14382,Elizabeth Nelson
12360,Robert Reed
22174,Kelly Yang
85229,Jay Simmons
98471,Holly Sanders
11099,Kenneth Bender
30738,Mrs. Theresa Mercer
49196,Bernard Bailey
86853,Hunter Hanson
74734,Amanda Greene
39504,Christopher Jimenez
31220,Steven Calderon
83453,Jonathon Hines
52536,Bradley Perry
72995,Bryan Smith
95563,David Wolfe
26074,Shawn Rogers
17803,Martin Fitzgerald
66181,Kelly Gomez
92189,Michael Hamilton
12398,Haley Williams
69106,Crystal Green
64459,Martha Simmons
48064,Lisa Zamora
58520,Linda Baker
27221,Alexis Bush
42563,Meagan Ross
87293,Scott Morgan
11780,Jon Fox
52517,Patrick Wright
72774,Brian Brandt
98688,Gregory Rose
38929,Amber Austin
88363,Sarah Burnett
73908,Cody Cochran
77012,Cory Garcia
33839,John Greer
59616,John Rich
18293,Tina Herman
76046,Bradley Pena
21822,Jaclyn Lane
36746,Yvette Combs
15784,Jonathan Schneider
40011,Ms. Rebecca Stevenson
32759,Jennifer Maxwell
83310,Brandon Thompson
99110,Samantha Horton
42633,James Sanchez
75997,Brett Turner
86364,Kristi Sanders
66246,Kenneth Hawkins
39987,Jason Whitaker
37504,Lori Jimenez
61521,Elizabeth Potter
37328,Charlene Jones
94426,David Patterson
52319,Christopher Gaines
20541,Melissa Larsen
61218,Danny Steele
37225,Andrew Beard
52532,Valerie Bridges
97737,David Stark
57412,Jessica White
24382,Aimee Gay
22326,Jose Mcfarland
48048,Austin Smith
54705,Travis Lewis
72512,Miss Autumn Guzman
26735,Lori Decker
82513,Brandy Young
81750,Chelsey Johnson
34310,Chad Rogers
19315,Erin Quinn
85226,Erin Morales
33514,Mike David
36142,Patricia Henderson
84349,William Russell
31177,Amanda Davis
73999,Mark Hayes
68982,Pamela Hogan
24413,Emily Gibson
98836,Cameron Walters
72259,Andrew Bailey
69844,Sara Moreno
85611,Michael Mendoza
13004,Julie Jimenez
74905,Jessica Kent
96674,Roger Brady
86717,Emily Lutz
23613,Tammy Long
82539,Lori Rogers
24332,Sara Thompson
91787,Crystal Taylor
50770,Kimberly Jenkins
72231,Stephanie Palmer
59904,Luke Nunez
90701,Shari Butler
47605,Carlos Wilson
77226,Danny Bell
43125,Morgan Warner
76368,Robin Briggs
59735,Jon Anderson
33018,Erin Lopez
33019,Amber Byrd
47698,Lisa Griffin
30258,Christopher Montgomery
78407,Colin Foster
15005,Mary Lewis
51879,Jason Stanley
10952,Mark Braun
58257,Crystal Hall
38380,Stacy Ruiz
92742,Jessica Frye
51821,Lisa Black
28581,Lauren Guerrero
18808,Jeffrey Harper
22504,Donna Martinez
22167,Melissa Harris
64799,Trevor Thomas
50626,Thomas Lloyd
24411,Alyssa Harris
29398,Christopher Kennedy
86972,Sandra Stone
12900,Carl Bryan
40263,Lisa Anderson
96997,David Alvarez
62947,Edwin Castillo
91932,Susan Ford
16207,Erin Porter
55783,Stephanie Esparza
91715,George Ortega
73382,Kenneth Wright
28009,Roger Rivas
79033,Jennifer Summers
43847,Adam Watson
78384,Elaine Campbell
63094,Christopher Robertson DDS
40173,Alan Hudson
53884,Brittney Berry
29364,Amanda Nunez
19716,Kendra Curtis
25305,Cynthia Oneal
78001,Brittney Munoz
65307,Donald Crawford
26732,Theresa Owen
10028,David Delgado
55657,Lisa Thompson
39164,Kristen Warren
53887,Candice Nelson
43522,Lisa Schroeder
17901,Brandon Dickerson
21595,Christina Livingston
75043,Kelly Soto
22216,Donald Carlson
39536,Nathan Watson
96529,Victoria Crawford
72619,Roberto Dixon
82225,Patricia Warren
88541,Jamie Lane
75975,Maria Osborne
80739,Ann Tate
99278,Courtney Cox
93282,Kelly Lucas
14580,Richard Salazar
17897,Dana Perez
90598,Robert Henry
20211,Justin Jones
16990,Albert Mason
35680,Cole Brown
34175,Renee Morgan
91018,Aaron Adams
94860,Jennifer Adkins
37358,Mark Graham
34191,Kenneth Sandoval
79965,Alexis Baxter
94041,Lonnie Turner
96849,Travis Gregory
19919,Christina Dickerson
88598,Timothy Scott DDS
61699,William Nunez
36536,Gerald Peters
50364,Tammy Weeks
79149,William Adams
14262,Nicole Eaton
44450,Darrell Crawford
71477,Krista Townsend
40308,Adam Griffin
84318,Kathryn Campbell
70145,Peter Collier
44282,William Vincent
38514,Laura Fernandez
82144,James Potts
64868,Richard Watson
36005,Erica Sparks
45875,Lisa Sandoval
98933,Alyssa Williams MD
95896,Autumn Martinez
78973,Laura Garcia
24838,Karen Olson
49885,Kimberly Sims
51049,Michelle Benson
36243,Christina Bradley
45122,William Morgan
94170,Maria Young
31814,Jeffery York DVM
53911,Gregory Jackson
22143,William Abbott
59929,Joe Robertson
90206,Gregory Turner
92389,Pamela Tran
47911,Joshua Stevens
15065,Cristina Dixon
19540,Thomas Brown Jr.
86576,Dr. Nicholas Frazier
94199,Nicole Carson
76881,Richard Johnson
94907,Daniel Buchanan
86990,Brandon Bailey
11196,Matthew Roman
73460,Mr. Jesus Taylor
40328,Valerie Friedman
71303,Mark Scott
32193,Breanna Newman
52818,Logan Miller
53862,Donna Cox
20368,Ian Gray
75265,Kaitlyn Lewis
13910,Kim Foley
92935,Jacqueline Carpenter
31341,Barbara Sparks
26546,Krystal Solis
40860,Susan Gallegos
47042,Greg Johnson
45992,Daniel Boone
83510,Lawrence Luna
22746,Xavier Freeman
81133,Robert Reese
97613,Jessica Ortiz
76759,Bruce Neal
94282,Kelly Meadows
71845,Cole Hernandez
84405,Nathan Walker
16871,Kristin Nelson
53294,Derrick Duncan
66112,Justin Knox
30403,Ricky Harrison
29312,Christopher Leblanc
75901,Donna Vargas
39912,Carol Terrell
28172,Ross Downs
37353,Rachael Richardson
47987,Linda Rojas
74493,Theresa Stuart
46852,Frederick Mcpherson
40850,Monica House
75639,Nathaniel Kim
17706,Casey Gray
45517,James Robles
97771,Jeremy Ryan
54007,Paula Miller
57155,Mark Mahoney
21681,Rebecca Bailey
73484,Nicole Peters
43682,Suzanne Bowen
48904,Dorothy Murray
83912,Luis Turner
93093,Edward Wallace
65553,Veronica Jones
86523,Jacob Cummings
76950,Misty Wright
87370,Luis Davis
38424,Stacy King
88408,Thomas Montes
10250,Jimmy Savage
54616,Edgar Jones
55680,Peter Castaneda
57689,Ryan Galloway
16719,Lauren Hines
40000,Melinda Jackson
44287,Erin Richards
70570,Alex Morrison
46360,Shawn Flynn
88649,Caitlin Campbell MD
92683,Jose Rodriguez
80685,Megan Murphy
68668,Beth Townsend
10924,Allison Adams
77291,Clayton Roberts
47503,Melissa Rhodes
82757,Alyssa Russell
68958,Adam Patel
42927,Donna Cooke
92314,Cynthia Benson
96859,Shaun Mcbride
28802,Debra Everett
39862,Kelly Ellison
19971,Robert Knight
67032,Parker Oneill
50729,Dennis Gray
18515,Kelly Delgado
45400,Rachel Gibbs
55737,Chad Perez
50679,Elizabeth Boyer
89046,Kevin Terrell
96036,Joshua Bridges
58538,Gina Gonzalez
71710,Jonathan Bryant
59740,Kimberly Hall
75195,Michael Olson
92862,Alejandro Copeland
19759,Tony Long
11712,Lori Aguilar
99233,Nicholas Ray
73883,Douglas Farmer
35430,Mark Oconnell
33933,Emily Mendoza
97169,Erika Ortiz
84142,Glenda Velasquez
50789,Daryl Ross
79700,Steve Hickman
54176,Steven Arellano
79062,Michelle Taylor
50081,Sherri Arroyo
11937,Daniel Willis DDS
92904,Patrick Diaz
66941,Cheryl Lewis
54107,Kevin Powers
27608,Jessica Bell
92292,Claudia Brooks
95313,Dr. Joseph Diaz DVM
94296,Jennifer Estes
93122,Michael Matthews
89998,Benjamin Arias
63716,Brad Smith
11265,Victor Campbell
64692,Patrick Hernandez
47296,Natalie Williams
40119,Brittney Singh
97437,Arthur Rogers
45799,Lauren Boone
11830,Destiny Calderon
43322,Samantha Stone
45371,Thomas Martin MD
26770,Sarah Jackson
49764,Austin Dominguez
48457,Amanda Crawford
17337,Alexander Garcia
28465,Glen Cook
36777,Curtis Clark
52113,Jeffrey Torres
16856,Michelle Scott
69381,Brian Hart
83732,Angela Freeman
16169,Matthew Fletcher
82179,Michelle Malone
16888,Raymond Johnson
27742,Anthony Lee
95400,Katherine Bailey
44585,Chelsey Hood
66411,Natasha Hernandez
92646,Sherry Terrell
11620,Mark Watkins
64674,Tina Vance DVM
55097,Dr. Maria Rodriguez
42227,Denise Reid
86958,Amanda Mills
18441,Sara Deleon
77408,Devin Odonnell
15482,Nicholas Hess
34025,Ashley Ross
15539,Steven Weeks
98433,Sarah Anderson
40769,Daniel Patterson
62544,Arthur Hawkins
57801,Nathan Scott
48276,Melissa Tran
14706,Allison Torres
19845,Dr. Frank Smith
41529,Jeffrey Thornton
48554,Mr. Keith Johnson
95941,Patricia Reyes
15722,Kathy Zuniga
39304,John Davenport
95373,Heather Walker
80310,Justin Green
45654,Stacy Stewart
79003,Yvonne Harrington
64037,Angela Francis
15389,Ruben Price
55522,Susan Stuart
83172,Catherine Clark
38540,Jeffrey Zhang MD
41144,Matthew Delacruz DVM
20820,Cheryl Hernandez
64715,Brent Sutton
91503,Leslie Lee
47129,Alyssa Bonilla
32664,Mark Middleton
71333,Brenda Wagner
55204,Renee Drake
10126,Deanna Castro
52223,Michael Dixon
53286,Alicia Duffy
49996,Christopher Chapman
36206,Brett Kidd
27808,Mrs. Brianna Hanson
70692,Krista Ortiz
58808,Charles Gregory
47006,Dr. Jeremy Morrison III
70302,Henry Mack
24364,Daryl Poole
75034,Kenneth Lopez
33513,Jonathan Wright
25057,Breanna Baker
86401,April Patterson
32708,Kelsey Williams
17692,Donna Drake
82086,April Fowler
17223,Haley Miles
31842,Terri Burch
29682,Brooke Wells
50014,Dale Jacobs
30754,Sheila Patrick MD
79984,Richard Carter
86758,Jose Schmidt
27627,Olivia Mccarty
62483,John Le
62014,Nicholas Barnett Jr.
84116,Tonya Heath
89855,Lisa Lane
81610,Lisa Wright
87025,Jennifer Church
23960,Steven Curtis
53368,Aaron Baker
21426,Courtney Freeman
46910,Tammy Fletcher
34630,Brenda Medina
53274,Ruben Perez
88368,Lisa Rose
28373,Miss Megan Ward
79559,Kenneth Logan
85071,Robert Guerra
45804,Christopher Johnson
45897,Michelle Hansen
70011,Victor Barnes
59043,Nathan Rogers
53692,Christian Perry II
94115,Gregory Harris
60385,Christopher Zimmerman
78340,Kevin Willis
96938,Jessica Burke
57377,Gloria Young
67944,Aaron Fields
96788,Amy Boyd
40597,Jocelyn Werner
61573,Terri Mayer
76915,Christina White
66870,Samantha Rios
54495,Joan Thompson
80940,Anita Cooper
97393,Austin Gonzalez
19864,Michael Kemp
92109,Christine Perez
90706,Richard Travis
89984,Wendy Mathis
12493,Miguel Rosales
46539,Scott Skinner
10680,Greg Matthews
75841,Tiffany Rasmussen DVM
89376,Michael Hall
66884,Kaitlin Crawford
79837,Nathan Donaldson
81408,Kristie Torres
48730,Mr. Nicholas Reynolds DVM
35344,Andrea Evans
18384,Taylor Calhoun
48542,Andrea Chambers
41928,Cindy Villa
50745,Brad Leonard Jr.
42445,Scott Boyd
84445,Morgan Owens
86234,Jonathan Thomas
14416,Bernard Russell
89479,Jodi Young
26398,Emma Olson
35765,Martha Bartlett
81009,Kevin Hall
17617,Bill Malone
76261,Katherine Anderson
50827,Jennifer Conrad
96093,Joseph Peck
10207,Crystal Barnes
27298,Adam Hughes
32558,Jesse Hodge
10193,Darren Dixon
54911,Alyssa Boyd
47572,Kimberly Bridges
79573,Caroline Davis
32177,Laura Howe MD
52755,Kayla White
35379,Amanda Singh
41915,Alexis Simpson
37847,Cheryl Peterson
69049,Anna Schwartz
99839,Ashley Diaz
13566,Dr. Todd Robinson
64315,Mrs. Victoria Peterson
17426,Adam Johnston
19269,Bradley Silva
36296,Ryan Gomez
22939,Dr. Sean Mcmahon
93327,Sheena Lopez
88279,Ebony Rodriguez
59176,Christopher Young
55873,Richard Horn
65527,Brian Sellers
24813,Nathan Jackson
54637,Alison Vazquez
23944,Ashley Cohen
17002,Debra Warner DDS
96434,Bailey May MD
68859,Stephanie Mejia
49948,Brandon Brown
23384,Shane Porter
24487,Megan Stanton
57535,Mr. Joshua Vazquez
71696,Leah Mcdonald
10253,Gregory Blevins
53778,John Powers
31133,Justin Ford
34697,Lawrence Rodriguez
19475,Austin Herrera
48132,Lawrence Hill
81448,Brittany Woodard
88053,Edward Hawkins
33397,Kathryn Freeman
95026,Sonya Moran
43718,Erin Wilson
61625,Christopher Bruce
97643,Rachel Pratt
52734,Jeremy Anderson
98295,Edward Duffy
76462,Amanda Boone
49901,William Mendez
50894,Katherine Taylor
97166,Brandon Trevino
77422,Luis Foster
14463,Gerald Fitzgerald
85785,Dustin Mcpherson
72361,Tina Rush
67524,Holly Daniel
17888,Daniel Miller
58436,Monica Burnett
85068,Mario Green
28627,Grace Gordon
27096,Emily Jacobson
91247,Paul Morrison
68754,Jessica Mcguire
65180,Michelle Brewer
26747,Karen Hamilton
71816,Renee Gray
89507,Justin Wilcox
97529,Megan Thornton
93040,James Garza
67933,Mary Gomez
32004,Susan Cannon DVM
92848,Kelly Carlson
95032,Crystal Mcbride
45777,Brandi Rios
57601,Marcia West
97287,Darrell Alvarez
99664,Tara Zimmerman
63844,Christopher Campbell
86231,Thomas Hill
90769,Cody Richardson DDS
47288,Kristy Gay MD
65732,Heather Mckinney
36207,Daniel Berry
56958,Kara Duncan
84158,Kelly Erickson
61888,Jamie Jenkins
86539,Veronica Garrison
16681,Margaret Carpenter MD
33215,Christian Hayes
41873,Jessica Hudson
27658,Allison Hodges
78773,Virginia Brown
58404,Valerie Strickland
76593,Stephanie Schwartz
95782,Taylor French
39517,Erika Stanley
33718,Donald Hall
15420,Mary Jimenez
37454,James Morales
42740,Lindsey Gomez
72471,Timothy Anderson
78371,Karl Cole
38351,Suzanne Bell
43692,Andrew Hart
52251,Kristin Johnson
37157,Ryan Marshall
71165,Amanda Roman
29350,Keith Walker
79932,Sabrina Dennis
88873,Tara Lopez
80427,Laurie Rodgers
41158,Anthony Wade
53340,Samantha Nelson
22468,Shane Gonzales
26557,Lisa Velasquez
82013,Laura Sellers
76474,Shannon Potts
79687,Daniel Marshall
12050,Jared Ibarra
79514,Sara Garcia
65357,Pamela Nguyen
68846,Katherine Pitts
73161,Jeanne Giles
12936,Elijah Odonnell
58726,Meghan Williams
40165,Thomas Harrell
60984,Julia Stewart
90702,Nicole Ayers
12684,Mrs. Faith Ho
82101,Chad Oneal
60543,Michael Mayer
24001,Seth Campbell
68728,Amy Salazar
53398,Brian Gray
48807,Kerri King
15118,Bailey Allen
66561,Faith James
27218,Megan Carter
59510,Alan Thompson
34911,Sarah Taylor
82853,Johnny Parker
91840,Valerie Perry
84609,Rebecca Kerr
21245,Amber Tate
95230,Erin Brooks
34793,Randy Campbell
54968,Jamie Williams
30842,Brandon Diaz
15901,Allison Vincent
52507,Kevin Ramos
29243,Shannon Taylor
75089,Daniel Morales
25455,Zachary Hernandez
62024,Natalie Hawkins DDS
73662,Kim Thompson
84625,Janice Martinez
34943,Lisa Arnold
22525,Jim Wilson
70654,Robert Riley
58491,Jason Acosta
51025,Jennifer Huffman
80899,Marie Rose
35663,Nicole Johns
11751,Angela Tran
57606,Meghan Cervantes
27716,Mrs. Jennifer Martin
11466,James Carroll
23299,Derek Singh
96645,Desiree Mitchell
66174,Mrs. Miranda Jenkins MD
34798,Dwayne Morris
17393,Teresa Little
42112,Jon Tapia
66596,Angela Huffman
16272,Kristen Molina
46250,John Barrett
89361,Kelsey Gordon
64079,Kenneth Clements
15493,Shawn Martin
21189,Mr. Anthony Moses
75609,Elizabeth Richards
81138,Leslie Young
12287,Patrick Perry
62380,Shane Powell
98362,Adrian Coleman
90936,Miss Brittany Villarreal
84698,Stephen Tran
71143,Joe Stone
39016,Susan Pacheco
24893,Mr. Phillip Cook
87307,Kari Alvarez
29322,Lauren Rhodes
99273,Maria Chan
14950,Samantha Roberts
33682,Ashley Sullivan DDS
43377,William Anderson
40998,Caitlin Martin
37325,Mark Morrow
65049,James Harvey
31961,Kevin Fox
80871,Micheal Coleman
77854,Samuel Lynn
58907,Bernard Meadows
73337,Anthony George
96391,Carmen Johnson
47178,Sharon Gomez
23301,Mary Terry
35374,Dr. Rhonda Williams
55108,April Hancock
12441,Brenda Ramos
45985,Robert Jacobs
75090,Mark Moore
93275,Christine Reed
69181,Frederick Russell
90668,Amanda Miller MD
90088,Robert Kelley
14666,Charles Andersen
62532,Andrea Greene
87123,Bradley Walker
55412,Ronald Combs
48914,Vincent Thornton
15486,Michael Flores
54452,Amanda Matthews
10432,Kathryn Short
65004,Eric Ingram
71298,Chad Rose
23954,Heather Mclean
61605,Sabrina Leon
91443,Jacqueline Hart
56199,Amy Ward
86690,Thomas Hayes
32343,Paul Williams
18570,Kenneth Collins
70446,Annette Walker
23778,Emma Shields
93062,Cory Franco
38994,Edgar Parker
85937,Carrie Hurst
88811,Sandra Ross
17634,Steven Perkins
44598,Melissa Murphy
88041,Helen Cowan
66715,Katherine Garcia
61289,Dana Stout
51089,Jill Murphy
68748,Amber Allen
12098,Andrea Drake
34955,Mr. Ryan Wilson
52783,Paul Carson
23759,Erica Baker
85214,Cory Gomez
51013,Mark Conley
76853,Beth Smith
87328,Teresa Estrada
52322,Benjamin Smith
12428,Jordan Green
60600,Diane Becker
75224,Francisco Woods
42096,Donald Elliott
19439,Anthony Peters
90325,Anna Miller
91904,Travis Davis
61952,Joseph Castaneda
96970,Angela Nichols
83424,Tamara Warner
27277,Andrew Singh
42082,Kyle Collier
74430,Mark Cook
48960,Melissa Ross
48563,Danielle Kelley
35216,David Crawford
97891,Ryan Riley
31899,Rhonda Robinson
86522,Erica Martinez
57948,Justin Kane
48657,Todd Hampton
69072,Sandra Clay
96259,Maurice Davis
74613,John Cox
96489,Mrs. Evelyn Conrad
98243,Kari Hill
44995,Nancy Hardy
69461,Spencer Sherman
76087,Dr. Alice Hogan
25368,Nathaniel Bright
95617,Jenna Mitchell
52437,Andrea Green DDS
60838,Ruben Conway
38751,Morgan Hall
68930,Shannon Rodriguez
12645,Kimberly Larson
36255,Jason Oneill
79804,Shannon Vasquez
71628,Dana Ramirez
79507,Gregory Phelps
47477,Carl Ashley
16306,Nathan Acosta
29730,William Lara
12330,Stefanie Tyler
59704,Kelsey Scott
48939,Madeline Hill
43342,Jeffrey Cardenas
32338,Jeffrey Keller
73976,Robert Griffin
93372,Michael Sanders
88540,Sheri Pineda
18639,Mr. Michael Atkinson
13366,Mitchell Wagner
38476,Susan Cordova
61665,Shawn Wolfe
19922,Timothy Morales
39334,Juan Robinson
90249,David Joseph
29214,Sandra Walls
97963,Carla Moran
44316,Mark Lee
32657,Mark Turner
99920,Anthony Mclaughlin
90469,Amy Santos
72979,Brianna Cook
47812,Dana Davidson
55712,Jocelyn Mcintyre
82845,Ebony Leblanc
43511,Krystal Torres
99574,Mary Hart
67383,Erika Ward
42802,Jessica Davidson
42217,Robert Stark
95984,Dr. Amanda Hart
32192,Benjamin Johns
21002,Brian Fuentes
65887,Kimberly Phillips
17557,William Ochoa PhD
10865,James Duncan
18572,Crystal Fletcher
13880,Jordan Blackwell
13743,William Vaughan MD
97060,Aaron Cooley
72300,Lisa Warren
31495,Thomas Jones
90350,Jacob Ortega
31105,Joseph Henson
41052,William Nguyen
90234,Roger Kidd
69205,Connie Phillips
12970,Karen Adams
11490,Maria Fitzgerald
16605,Rebecca Bishop
34633,Ashley Young
17478,Patrick Hall
63403,Anna Bates
58445,Theresa Boyle
99283,Mary Young
26276,Matthew Wallace
53984,Amanda Cruz
13403,Julie Nelson
11752,Patricia Parks
38707,Rachel Adams
29013,Lori Mullins
18659,James Hansen
63940,Kelly Kennedy
73635,Mr. Tyler Liu
64494,Jeffery Chavez
21890,Christopher Roberson
75662,David Clark
15725,Brianna Coleman
19007,Kevin Aguilar
88230,Laura Clark
50565,Omar Duncan DVM
95577,Miranda Perez
21001,Michelle Spencer
45933,Michael Ingram
69442,Amanda Owens
99239,Sarah Castro
69575,Charles Aguirre
89005,Matthew Boone
31325,Alexandra Johnson
23720,Jane Orozco
54221,Patricia Obrien
53142,Tanya Guerrero
46688,Joann Hartman
50165,Monique Holmes
85798,Cole Bolton
78767,Melissa Gallagher
95180,Maurice Martinez
69387,Richard Garza
38029,Gary Leon
51432,Adam Buck
67072,Jeffery Tucker
76640,Mary Hunt
75719,Carolyn Murray
41214,Julie Bell
96962,Daniel Butler
58595,Matthew Long
51112,Barry Shaffer
49505,Jason Adams
77108,Savannah Lewis
77714,Bianca Smith
85056,Sean Kennedy III
84421,Tyler Wood
78634,Nicholas Gilbert
31730,David Quinn
44944,Sean Frank
57875,Casey Strong
61638,Tony Edwards
87333,Ruben White
21414,Krista Mitchell
94487,Justin Rogers
95071,Brian Pope
30962,Tiffany Berg
12618,Luis Johnson
90089,David Schwartz
98729,Christopher Fox
83921,Russell Mueller
43147,Dr. Susan Woods
32580,Christina Jimenez
24286,Rebecca Reynolds
79090,Stacy Randall
98241,John Maldonado
85630,Michelle Alvarado
38559,Christy Larson
87172,Kenneth Lucas
62687,Michael Perez
94351,Richard Bailey
77168,Jennifer Fletcher
51300,Casey Olson
85352,Timothy Bautista
35265,Jonathan Thompson
55001,Timothy Goodman
77319,Regina Ford
30256,Katrina Perry
94840,Briana Davies
24511,Eugene Allen
20203,Julian Conner
46472,James Peters
60151,Kimberly Grant
28061,Ashley Jackson
65474,Brenda Larson
97757,Roy Taylor
74638,Katrina Drake
49420,William Duffy
26102,Haley Johnson
77419,Kevin Lynch
70131,Erika Mckenzie
96024,Rebecca Fisher
78331,Troy Vargas
56394,Troy Sims
27644,Brittany Solomon
74849,Jacob Rangel
97861,Francis Adams
67488,Kelly Winters
74081,Henry Brown
75027,Sarah White
32520,Andrew Boone
23295,Victor Obrien
52508,Christopher Lester
93914,Spencer Chase
51586,Regina House
12311,Jonathan Lang
87946,Cory Wood
23521,Rebecca Solomon
54927,Lisa Rodriguez
43908,Megan Hart
68781,Madeline Eaton
46332,Larry Fields
99427,Jeremiah Evans
43380,Brian Beck
80033,Kristi Carter
26545,William Campos
91963,Caitlin Price
97518,Charles Hampton
93859,Grace Robinson
15447,Jonathan Simmons
66474,Krystal White
60977,Raymond Martinez
33715,Robin Evans
10468,Jesse Hicks
52951,Timothy Price
77798,Courtney Berry
17764,Kathryn Bailey
77882,Lauren Frey
23761,Douglas Harris
71884,Traci Mcdowell
26376,Robert Johnston
27435,Benjamin Pitts
56721,Allison Hinton
93289,Melody Jones
15293,Christopher Compton
82216,Brianna Sandoval
55544,Jerry Brown
54817,Brenda Webster
98752,Tamara Flores
22179,Kyle Myers
76953,Jody Baxter
30082,Tammy Shelton
48850,Ashley Jacobson
34605,Patricia Marshall
23798,Paula Taylor
86090,Joyce Vargas
32814,Timothy Schmidt
79908,Richard Holmes
39968,Hannah Harris
17165,Angel Garrett
21188,Joseph Bradford
26791,Gabriel Rivera
28660,Ricky Ballard
75299,Frank Rocha
90143,Jennifer Knight
10825,Jose Thornton
34971,Madison Figueroa
58057,Geoffrey Lee
91687,Lori Page
39985,Deborah Aguilar
20684,Kevin Olson
90101,Amber Richmond
29696,Caleb Rasmussen
67101,Dustin Wheeler
15738,Stephanie Nguyen
12856,Brandi Smith
62152,Emily Howard
69037,Alexis Washington
30553,Justin Carter
27510,Deanna Wright
19307,Brenda Lambert
35836,Bonnie Acevedo
97645,Susan Alvarez
56102,Aaron Anderson
39534,Taylor Mccall
56029,Michelle Robinson DVM
99248,Gabriela Stewart
66638,James Frederick
80787,Andrew Lambert
50844,Scott Davis
94279,Jerome Jones
81306,Roy Mcdonald
36917,Kimberly Steele
12780,Alison Hampton
31077,Mark Gardner
94597,Jose Morrison
97713,Mark Gilmore
96637,Vanessa Bowers
10462,Jason Leblanc
93262,Daniel Mcdonald
43388,Crystal Gray
37875,Sara Hodges
64179,Judy Frazier
58524,Luis Gardner
55057,Stuart Arnold
62634,Jeffery Snyder
27158,Diane Clarke
70520,Lisa Morales
76777,Timothy Craig
76471,Kelly Raymond
85065,April Gonzalez
29913,Morgan Banks
80435,Jeremy Schultz
54031,Robert Black
22095,Christopher Obrien
98090,Megan Simmons
33175,April Moreno
29070,Thomas Sullivan
26456,Laura Ramirez
52374,Alan Johnson
77964,Sharon Kelly
47577,Ryan Lopez
28605,James Gallegos
95916,Adrian Blake
95714,Tiffany Gonzales
95492,Gregory Todd
13361,Rachel Richardson
63253,Jamie Koch
51562,Benjamin Guerra
57267,Tyler Lloyd
75558,Janet Morales
95186,Joan Martinez
66404,Amanda Leach
34455,Brandon Cooper
50545,Justin Bailey
64503,Chelsea Kim
22773,Michael Frey
39378,Raymond Miranda
59898,James Daniel
23769,Brooke Wallace
99545,Gabriel Roth
41984,Roger Green
30958,Natalie Walker
83263,Donna Cabrera
12949,Mary Anderson
47104,Stephen Taylor
87365,Tracy Torres
21069,Amanda Cox
82830,Oscar Hill
50418,Brittney Jackson
50289,Elizabeth Watts
78738,Daniel Donaldson
84623,Virginia Morris
99148,Colin Sanders
83614,Alexander Blevins
55546,Jennifer Harding
42142,Samuel Mullins
35538,Eddie Gray
17836,Gregory Wilkerson
27694,Derrick Lara
48895,Jasmine Wang
69483,Taylor Wilson
67258,Carol Navarro
21373,Brian Wilson
34423,Shaun Espinoza
48864,Rachel Schwartz
81217,Raymond Stokes
53557,Rebekah Dean
82371,Autumn Hendrix
64611,Bryan Powers
37723,Scott Young
43964,Vanessa Hansen
65314,Jonathan James DDS
39439,William Hinton
15764,Lawrence Flowers
86409,Rodney Fletcher
88831,Alan Long
95533,Shannon Rios
54619,Dr. Paul Moody
87139,Melissa Nguyen
60957,Joanne Carr
76017,Vicki Kirk
65881,Ashley Nolan
71274,John Hoover
39432,John Washington
46072,Michaela Roman
62456,Katie Richardson
94006,Louis Stewart
99147,Dustin Peters
59377,Bobby Gallagher
94447,Jennifer Cooper
49317,Michelle Powers
17125,Robert Cline
77926,Rachel Aguilar
81389,Rebecca Keller
97061,Matthew Mack
59790,Ian Brock
72113,Michael Calhoun
50451,Blake Cordova
60732,Samantha Jensen MD
89115,Erin Hawkins
89963,Melissa Price
75922,Edward Daniel
42411,Sandra Dunn
48620,James Green
15249,Shelby Kelly
34512,Jesus Cantu
87613,Tiffany Alvarado
34686,George Neal
26099,Joseph Paul
42171,Mary Wright
33785,Tommy Johnson
38440,Maxwell Johnson
41058,Carl Chan
89037,Tracy Cain
12238,Tony Stewart
79741,Cynthia Kelly
18980,Elizabeth Rush
61873,Donna Soto
27395,Jacob Long
21877,Marissa Snyder
38008,Brian Bowman
79824,Tammy Wilson
39596,Emily Clark
16943,Toni Valenzuela
68111,Chelsea Mosley
93310,Allison Cunningham
63519,Jessica Vega
64510,Victor Humphrey
26334,Megan Chapman
83092,Gina Elliott
10327,Angela Thompson
15710,Brandon Li
81443,Steven Terry
87246,Patricia Bell
54441,Cynthia Barron
28249,Evan Hamilton
58879,Angela Hayes
80204,Emily Robinson
96687,Sara Hawkins
52079,Amanda Cole DDS
55973,Carol Miller
61989,John Garner
94799,Krista Andrade
13415,Mark Chavez
38136,Jesus Palmer
42470,Krista Lewis
37572,Ronnie Davis
66690,Elizabeth Warner
38635,Jane Poole
49838,Audrey Maldonado
33030,Jenna Marshall
68825,Melissa Li
73518,Carol Lee
19294,Margaret Hanna
66602,Eric Davis
17542,Christine Carter
34960,Margaret Estrada
19981,John Gonzales
47683,Sara Nguyen
76488,Erica Oliver
76134,Daniel Freeman
46786,Todd Wright
94090,Adam Barnes
36067,Miranda Walsh
25550,Karen Dudley
69603,Brittany Morgan
42476,Linda Gordon
69671,Tamara Black
58405,Logan Patterson
32997,Amanda Waters
78775,William Thompson
13274,Kelli Ross
56983,Erin Marshall
99183,Savannah Thompson
47479,Emily Stewart
21924,Billy Kennedy
46223,Elizabeth Watkins
22265,Samuel Perkins
47821,Alyssa Lopez
48572,Amanda Fuller
49246,Amy Edwards
82684,Amanda Sawyer
31490,Jean Rose
69967,Phillip Perry
91276,Gregory Bird
83331,Bryan Osborne
89603,Holly Myers
76903,Carlos Jordan
19926,Christine Henderson
92634,Gerald Patrick
92886,Brian Phillips
90461,Kevin Humphrey
22224,Kathleen Navarro
54261,Jennifer Perez
16945,Kevin Burton
79832,Nathan Velazquez
17163,Charles Holland
88867,Valerie Lowery
45571,Teresa Harris
24181,Christine Rios
67054,Gabrielle Fischer
59620,Karen Berg
58332,Zachary Soto
54645,Dana Murray
50054,Justin Woods
85743,Jared Mccullough
30687,Jeffrey Irwin
43780,Charles Coleman
61219,Tommy Huber
21881,Patricia Porter
12732,Jodi Ward
73524,James Malone
63390,Clifford Johnson
17304,Paul Garcia
61371,Wendy Bradshaw
59547,Todd Schultz
45738,April Krause
19106,Cynthia Estrada
77554,Gabriel Peterson
58011,Michael Rogers
78657,Katherine Benson
51724,Darrell Campbell
54871,Douglas Lee
74759,Maria Walton
13593,April Horton
50559,Jonathan Williams
61441,Megan Snyder
48448,Gerald Martinez
35593,Jane Pratt
83035,Dawn Whitney
77104,Hector Norris
27229,Karen Erickson
73472,Christopher Lane
47044,Brenda Moore
38964,Cassandra Peterson
93164,Charles Hunter
72947,Noah Lewis
10915,Daniel Gonzalez
99092,Michelle Bauer
92394,Karen Chen
34401,Edgar Rose
15589,Denise Walsh
31708,Charles Short Jr.
48667,Dennis Sanders
51401,Kim Franklin
91891,Marc Nichols
83670,Sarah Osborne
72021,Crystal Rodriguez
41783,Linda Wright
72554,Sandra Harris
56328,Kristin Jimenez
28770,Lauren Li
11161,Hunter Walker
24058,Paul Johns
94013,Angel Hall
97591,Miss Jill Smith
77825,Anthony Mccoy
23840,Jacob Larson
70333,Charles Foster
49368,Sara Wilkins
26576,Bradley Valencia
83797,Kaitlin Lee
54325,Zachary Richard
94837,Ryan Ho
53878,Latasha Carter
22872,Barbara Mullen
96140,Brady Davis
91716,Colleen Rivera
95137,Mrs. Tricia Cuevas
70653,Tina Caldwell
38843,Sonya Watkins
71734,Cristina Mathews
12313,Marvin Hammond
70543,Cole Moon
95345,Nicholas Holmes
65688,Nicole Silva
66277,Isaiah Lee
53365,Caleb Reed
32535,Lucas Miller
71460,Stacy Garcia
49008,Susan Meyer
72296,Leonard Garcia
23042,Janet Robinson
98678,Maurice Jones
43029,Caitlin Key
75475,Darrell Walters
41254,Tiffany Thomas
66648,Renee Kane
68082,Mark Miller
71382,Dylan Lee
38220,Charles Atkins
68940,Leah Nichols
97413,Steven Williams
26599,Jessica Berry
25389,Shannon Molina
85006,Robert Knapp
25642,Samantha Mosley
31686,Rebecca Hammond
31796,Andrea Madden
68097,Alisha Bernard
91470,Felicia Herrera
19124,Robert Mckinney
78018,Craig Ross
19027,Joshua Mitchell
92283,James Gillespie
13774,Brenda Vega
35892,Amy Tate
10626,Tony Hardy
54542,Justin Robinson
48605,Sonya Boyd
27560,Jacob Trevino
26840,Michele Wolfe
87950,Marc Curry
75920,Brian Ashley
37668,Kevin Arnold
10254,Donna Silva
41242,Brandon Olsen
18305,Adam Gonzalez
58345,Natasha Tucker
83651,Kimberly Shaffer
98712,Shannon Castro
82260,Cole Baker
27646,Brianna James
15793,Kristin Hernandez
47408,John Burns
79497,Mindy Griffin
39134,Daniel Farley
94382,Andrea Freeman
82058,Alicia Smith
55367,Corey Haley
99542,Shawn Sullivan
33596,Eric Huffman
51504,Preston Larson
97007,Kathleen White
79252,Andre Jimenez
28052,Ernest Ware
34631,Jacob Campbell
80480,Scott Washington
36520,Curtis Olson
61650,Susan Ramirez
39575,Ryan Brown Jr.
13902,Kaitlyn Watson
85362,Dana Fowler
23288,Michael Pennington
29304,Heidi Maldonado
17545,Brandon Hancock
37548,Melissa Bush
59090,Michelle Johnson
42984,Bobby Davis
12817,Anthony Grant
35742,Michelle Morgan
63747,Melanie Mason
28053,Travis Glass
13769,Emily Vargas
82921,Christine Collier
69010,Breanna Wallace
77935,Melissa Choi
90045,Corey Thomas
28577,Tracey Sanchez
34651,David Gray
12772,Katherine Franco
26830,Antonio Parks
14496,Courtney Hunt
65411,Shawn Robbins
43365,Benjamin Barrett
23809,Eduardo Davis
51337,Brian Pierce
89953,Patricia Ramos
95480,Mr. Damon Johnson
78929,Kenneth Armstrong
33719,Christina Villanueva
17731,Catherine Davis
18193,Jacob Rubio MD
44714,Donna Harper
32209,Scott Molina
46182,Kristin Gregory
10957,David Cortez
75311,Paige Hamilton
23082,Connie Vazquez
37655,Olivia Davis
19488,Sarah Goodman
45104,Kelsey Newton
53336,Danielle Friedman
28529,Andrew Turner
81672,Brett Sheppard
93434,Teresa Blackburn
40607,Kayla Norman
97118,Todd Weaver
51279,Bethany Morrison
87168,Michael Salazar
77769,Jill Ramirez
84322,Mark Long
11012,Tyler Reid
96630,Kevin Reed
65646,Brandy Pham
93462,Douglas Robles
17276,Zachary Ray
91905,Glenn Hill
78977,Lisa Powers
82450,Catherine Mccall
63359,Scott Pacheco
53293,Matthew Le
37017,Teresa Spencer
11121,Daniel Davies
33052,Luis Osborne
79798,Robin Harvey
24783,Jonathan Campbell
98289,Amy Welch
84215,Susan Pugh
68882,Andrew Obrien
57354,Michael Powell
18021,Morgan Anderson
30283,Kristen Carter
91761,James Moyer
78085,Christopher Patterson
90883,Richard Gates
23718,Marissa Blake
22129,Patrick Simmons
28554,Wendy Ferguson
83015,Sonya Michael
59410,Jake Anderson
33762,Angela Haley MD
59328,Alyssa Cowan
38534,Amy Walls
87645,Ricky Wright
73789,Crystal Mclean
25660,Eric Andersen
47808,Debbie Jones
14867,Kayla Matthews
62860,Krystal Holmes
97759,Laura Caldwell
82120,Kimberly Moss
36789,James Jimenez
21159,Ashlee Williams
78531,Mr. Michael Wilson DVM
67126,Anne Welch
69556,Austin Kelly
11633,Gabrielle Phelps
25399,Megan Faulkner
11661,Andrea Mcknight
92907,Tiffany Edwards
29505,Latasha Henderson
56575,Kristen Michael
31258,Kelly Madden
17885,Mark Howell
21195,Nicholas Jackson
45611,Ashley Randall
53775,David Morales
36968,Carl Horton DDS
74777,Mary Cooper
26958,David Weeks
80645,Karen Patton
40026,Craig Carter
65230,Gary Daniels
66465,Tiffany Rowe
35777,Angela Foley
79778,Matthew Watkins
49366,Emily Thompson
22211,Brandon Lawrence
67356,Jim Hart
93145,Larry Lloyd
52936,James Sullivan
30329,Adam Harris
99952,Darlene Thompson
20397,William Ayala
80621,Micheal Ortiz
95538,Desiree Lester
27775,Sydney Beasley
78713,Amy Lester
61309,Matthew Bates
99078,Ashley West
89652,Charles Wolf
71401,Donna Mckinney
12378,Joseph Ayala
53231,Jesse Lewis
94140,Linda Alvarado
75781,Kara Miller
53303,Briana Jones
98219,Jacob Trujillo
54679,Courtney Saunders
67636,Keith Obrien
17889,Mary Tate
86911,Lisa Long
38748,Colleen Wood
33629,Victoria Stokes
47775,Amy Dennis
26819,Nathan Juarez
87492,Brittany Washington
78796,Michael Cisneros
39254,Brendan Thornton
45548,Sarah Roach
55642,Jenna Richard
86533,Cynthia Daniels
58463,Gregory Williams
12533,Kayla Walters
59089,Steven Washington
81092,Steven Munoz
22293,Joshua Webb
99300,Jenna Anthony
45934,Geoffrey Smith
21169,Robert Hood
94528,Stephen Mullen
67086,Martha Medina
79916,Steven West
92297,Nicole Thompson
16592,Katie Mcdaniel
51744,Lindsay Jones
74609,Danielle Banks
76096,Samantha Allen
75167,Kristen Lee
76756,Daniel Green
83032,Travis Collins
69211,Daniel Montes
65054,Deborah Thomas
53908,Pamela Baker
36439,Veronica Rogers
65431,Krystal Russell
66643,Wanda Harding
51330,Keith Morris
30633,Sarah Reyes
85338,Jennifer Anderson
47852,Troy Scott
44372,Paul Jackson
56720,Christopher Carr
10853,Betty Adams
97223,Elizabeth Schaefer
84974,Jason Singleton
26002,Tiffany Young
17366,Alexander Wood
96825,Kevin Lopez
17155,Ms. Cynthia Mccall
98799,Diane Montgomery
32991,Michelle Glover
71794,Bryan Dawson
86711,Jesus Williams
39111,Sherri Griffith
64243,Barbara Miller
37608,Tiffany Graves
35895,Erica Watts
80284,Mrs. Heather Gardner
50225,Jennifer Cummings
78854,Michelle Stephens
16353,Ashley Daniel
68246,Shannon Hammond
76544,Samuel Sharp
23693,Barbara Potter
41105,Linda Banks
83473,Charles Russell
68396,Danny Watkins
65225,Alicia Williams
80339,Mr. Alan Kennedy
37309,Linda Newton
92223,Lori Miller
45217,Kevin Christensen
31809,Jacqueline Powell
78762,Cheryl Johnson
25681,Brent Weaver
49489,Erika Anderson
92141,Cynthia Moon
21605,Christopher Woods
51967,Erik Allen
24703,Zachary Davis
62518,Michelle Christensen
88536,Alexandra Edwards
47304,Jose Mccoy
46101,David Coleman
99049,Kenneth Holland
71248,Briana Fisher
44133,Ernest Wright
76589,Kristin Brooks
22373,Jonathan Key
81392,James Flores
68052,Nathan Huff
51261,Bernard Dixon
62468,Jennifer Wiley
68763,Tammy Jones
81536,Larry Reed
40844,Diana Williams
83216,Kimberly Bryant
93961,Matthew Vazquez
14844,Kathy Stevens
11395,John Osborne
84536,Krista West
94937,Paul Smith
97620,Roberto Richardson
52476,Aaron Alexander
84833,Megan Anderson
92232,Amanda Bowers
52799,Kari Cox
88641,Donald Ramos
62164,Trevor Young
72680,Abigail Yates
56489,Michael Zavala
29734,Melissa Vang
76784,John Forbes
86030,Heather Baldwin
62213,Mark Harper
21537,Kyle Graham
73711,James Dorsey
47441,Stephen Jones
89035,Karen Walton
70387,Holly Boone
97317,Carrie Hicks
99072,Mindy Bowman
57856,David Wade
42903,Tonya Gibbs DDS
76622,John Sanchez
75744,Virginia Castillo
20279,Stephen Wise
62198,Victoria Chapman
97279,Bryan Richards
88576,Steven Norris
69971,Russell Brandt
99321,Carla Carter
61545,Phillip Johnson
68760,Stefanie Duncan
80622,Christopher Walter
55106,Steven Wood
42453,Ricardo Maddox
17370,Erica Cruz
75144,Ryan Pierce
72059,Brooke Jackson
28461,Cassandra Wells
63958,Eric Hughes
63476,Christopher Holmes
29023,Melinda Austin
96250,Donna Tucker
74595,Thomas Fernandez
74112,Jasmine Henry
51829,Pamela Cunningham
41059,Aaron Goodman
14053,Ethan Aguirre
10837,Jonathan Donovan
15619,Ebony Torres
68003,Kristina Davidson
26029,James Willis
90679,Joshua Khan
69015,Ronnie Berry
58784,Sheryl Simmons
72493,Beverly Cherry
65680,Christian Navarro
24326,David Davis
45504,Raymond Fitzpatrick
53088,Breanna Griffith
30172,Rachel Wolfe
76154,Anthony Luna DDS
63626,Katherine Flores
67932,Melissa Beck
91341,Mr. Danny Cook
85260,Xavier Robertson
64436,William Alvarado
56346,Robert Cox
37822,Patrick Barnett
68918,Shelly Moore
39674,Samantha Williams
99065,Jacqueline Marsh
74846,Julia Sanford
12851,Alexander Moore
97628,Daniel Wall
48872,Kaylee Padilla
40039,Jacob Leonard
80311,Laurie Watson
12794,Larry Jenkins
93194,Misty Brooks
31137,Kaitlin Martinez
60137,Edward Jordan
19593,Dr. Jessica Randolph
86743,Kelli Barrett
88777,Ray Martin
55951,Richard Wilson
52193,Mrs. Jessica Mcdowell
81254,Ralph Collins
21342,Michael Rose
67067,Johnathan Rasmussen
76415,Courtney Casey
88078,Lisa Wilkins
19055,Kimberly Brooks
56669,William Evans MD
12386,Angela Douglas
83393,Kristina Holder
83608,Valerie Reid
40343,Michelle Beltran
29750,Ashley Howard
72215,Sandra Baker
51612,Andre Keith
32210,Matthew Silva
60369,Bailey Dean
68267,William Jensen
61805,James Washington
32152,William Richardson
64986,Traci Riggs
80156,Mary Cohen
11500,James Rasmussen
95918,Pamela Spencer
80660,Donna Day
64255,Jason Perez
22762,William Santana
54407,Thomas Medina
44701,Mr. Stephen Foster
13477,Robert Ho DDS
47309,Kevin Webster
36035,Julia Torres
66911,Vanessa Wright
87239,Jenna Buck
47259,Aaron Rivera
36251,Erica Mcclain
32916,Monica Wood
14707,Carol Kennedy
60779,Kimberly Wang
42245,Alexa Medina
76795,Michael Shelton
95507,Christine Campbell
65654,James Owens
22134,Chad Cabrera
19170,Jacob Galvan
47656,Mr. Roger Reilly
32242,Paul Wallace II
52167,Tracy Sanders
41582,Timothy Briggs
54236,Micheal Moore
28477,Kelly Randolph
60833,Nicholas Campbell
84940,Billy Gardner
31062,Mr. Jared Suarez
21308,Mark Martin
59581,Richard Mendoza PhD
62240,Rebecca Hughes
23686,John Ibarra
10650,Robert Yoder
40551,Kenneth Stone
63853,Timothy Freeman
82916,Colin Barnes
47884,Mr. Chad Stevens
55994,Kimberly Vincent
26442,Wyatt Ellis
37275,Laura Nguyen
41688,Dawn Taylor
87485,Amy Hernandez
63031,Debra Johnson
86589,Jessica Duncan
78380,Alexander Lee
62275,Sandra Lucas
79159,Jordan Gonzalez
75306,Jeanne Wyatt
13236,Phyllis Schmidt
46015,Ashley Ramirez
75200,Erik Thompson
90296,Lori Little
72147,Elizabeth Kelley
54779,Willie Ellis
10106,Kelli Johns
68068,Amanda Moreno
73361,Dr. Elizabeth Greene
12035,Michelle Yang
44104,Ashley Thomas
69822,Jonathan Palmer
55744,Jacob Cooper
15573,Darrell Patel
53590,Erica Carter
80629,Johnny Price
75891,Robert Carlson
34211,Kristin Armstrong
43736,Lisa Phillips
71964,Omar Oneill
76342,Rhonda Garcia
74051,Amber Robles
85191,Michael Bryan
95461,Lauren Key
35984,Frederick Bradford
73857,Nicole Wright
10922,Derek Morris
64648,Lonnie Wise
32876,Wanda Bruce
13577,Jeremy Shelton
83722,Susan White
89138,Cameron Manning
51506,Shannon Cooper
81190,Dawn Combs
22010,Adam Conner
59453,Sarah Harper
31266,Carol Anderson
30558,Sarah Bond
90455,Curtis Wright
35184,Dr. Elizabeth Werner
76018,Dawn Arias
97473,Bruce Morris
16995,Melissa Logan
84661,Cassandra Lyons
30792,Austin Rivers
20851,Jonathan Erickson
90397,Jeffrey Baxter
60525,Vincent Cook
20433,Trevor Francis
90421,Jessica Strong
11556,Mark Huff
43969,Bethany Vargas
88094,Michelle Nixon
94916,Brandy Noble
34518,Walter Hamilton
55314,Pamela Nunez
32358,Robert Kaufman
72764,Danielle Patel
44144,Miss Jessica Schmidt
19058,Kyle Wright
27190,Jeffrey Bailey
14354,Christopher Kelley
48062,Christian Morrow
43291,Pam Watson
77114,Christian Wong
10332,Charles Berry
95367,Gina Ellis
38157,Timothy Sandoval
46953,Heather Roberts
21017,Antonio Watkins
77059,Steven Lee Jr.
71284,Lisa Lee
75803,Katherine Robbins
48964,Richard Reyes
58818,Joseph Cortez
18463,Daniel Estrada
37486,Jason Knapp
21613,Karen Grant
27903,Kenneth Trevino
23998,Stacy Gonzales
68250,Amy Ortiz
43441,Mary Fields
63749,Brandon Chandler
19446,Chelsea Todd
51952,Christopher Sanford
75143,Charlene Kennedy
22624,William Jacobs
42458,April Browning
95260,David Fry
15026,Samuel Thomas
89923,Jacob Gallagher
24872,Sophia Green
82423,Heather Brandt
79867,Tiffany Elliott
57546,Jennifer Sheppard
55515,Amy Rose
49796,Carolyn Barton
74579,Connie Holland
67320,Pamela James
69120,Allison Warren
34282,Christina Castro
55484,Mark Edwards
91991,William Mann
12631,Jodi White
65580,Thomas Ritter
53230,Regina Scott
44479,Bryan Blair
83761,Jennifer Hale
75121,Terri Griffin
61326,Katie Lee
30627,Patricia Harper
98019,Malik Robertson
57264,Timothy Olson
58172,Jill Beck
58139,Autumn Garcia
40415,Brian Galvan
98330,Brittany Aguilar
39844,William Rice
12763,Benjamin Soto
21971,Judy Pruitt
74489,Joshua Fox
66080,Sarah Foster
70666,Maria Sweeney
68556,Jessica Kirby
20681,Richard Edwards
61320,Tamara Dyer
93570,Haley Mercado
30650,Gordon Collier
48337,Evan Molina
65293,Curtis Wong
43951,Kristen Bennett
35610,Russell Reed
33488,Justin Ashley
28547,Sabrina Montoya MD
21546,Garrett Thomas
40929,Bruce Frederick
55569,Melissa Bishop
23904,Jacqueline Baxter
33853,Jose Thomas
74709,Jacob Shea
38036,Dawn Johnson
40379,Charles Cole
72306,James Bennett
35970,Richard Campbell
81127,Dale Ward
57261,Jason Gonzalez
78910,Penny Murillo
98611,Mary Richards
96753,Cheryl White
16955,Christina James
96415,Gary Romero
50799,Willie Burns
19872,Caroline Williams
47535,Karl Rogers
71453,Amanda Lucas
34008,Jeffrey Woodward
37788,Robert Cole
58812,Jennifer Day
22784,Laurie Jackson
79597,Scott Weber
65091,Valerie Santos
36234,Christopher Gutierrez
85248,Kim Burke
21422,Rebecca Love
83762,Michael Villegas
22106,Ashley Drake
82271,Patricia Escobar
80106,Anne Collins
21511,David Mitchell
17189,Tiffany Kane
60032,Mandy Vega
44000,Rhonda Wright
14466,Omar Meadows
79712,Brandy Crawford
34522,William Cunningham
31199,Sara Baker
93284,Nathan Schroeder
93936,Julia Jones
60316,Tracey Pena
53772,Aaron Rodriguez
37676,Luke Gutierrez
49561,Gina Ryan
51870,Andrew Booth
60298,Emily Rodriguez
52346,Emily Singleton
57610,Tonya Dixon
42251,Joshua Price
73010,Sharon Stafford
90693,Makayla Harris
56237,Jeremy Hampton
44477,Trevor Shelton
84950,Carrie Ruiz
73664,Carmen Olson
90079,Jeff Walls
28946,Manuel Carter
91007,Paula Washington
92336,Madison Lamb
85267,Joe Martinez
80686,Gabriel Abbott
48328,Brenda Williams
14296,Ryan Newton
68612,Chad Salazar
88837,Angela Cooper
46006,Thomas Carter
31090,Matthew Walters
22312,Joel Wilkerson
29704,Jacqueline Berry
37876,Patricia Mitchell
55529,Carlos Lyons
45433,Mary Ray
77885,Jon Gordon
61988,Ronald Green
61401,Kristin Hooper
41774,Casey Hutchinson
23699,Amy Rogers
22098,Louis Velasquez
55520,Chris Ortega
44804,Eugene Hicks
41960,April Morrow
64412,Jeremy Santos
39568,Jennifer Woods
60526,Brendan Lopez Jr.
35159,Benjamin Harmon
93767,David Rodriguez
91704,Sonya Martin
81128,Charles Vincent
19696,Mary Harrington
38645,Sherry Jackson
75971,Emma Wilson
31839,Ryan Martin
54023,Jeffrey Johnson
37386,Felicia Sharp
18351,Gregory Baker
62033,Krystal Holt
12195,Brittany Davis
81142,Jamie Clark
65506,Sara Brewer
55702,Nicholas Walker
29195,Bruce Sanders
53809,Kimberly Carpenter
95060,Caitlin James
18791,Ryan Brooks
76858,Teresa Huffman
32027,Debbie Cannon
83390,Laura Sanchez
47312,Kristy Miller
83539,Peter Pitts
15904,Jesse Sandoval
88182,Christopher Spencer
17328,Jillian Lynch
87961,Adam Wade
61710,April Allen
67453,Sarah Velasquez
19509,Vanessa Clarke
58554,Pamela Watkins
26411,Daniel Graham Jr.
80568,Jeremy Rosales
35835,Caitlin Jackson
47351,Christine Hart
86727,Donna Richardson
56457,Beverly Johnston
30704,Gerald Shannon
83316,Angel Freeman
18923,Kenneth Perry
90121,Roger Briggs
69351,Calvin Cervantes
32951,Thomas Banks
48308,Shelley Jones
51939,Taylor Gray
14420,Peter Romero
76116,Rachel Collins
36873,Joshua Kirby
68854,Molly Flores
11766,Samantha White
62727,Crystal Dennis
93728,Michaela Hicks
27800,Billy Carter
72275,Michael Ballard
64557,Pamela Norton
81518,Jordan Beard
13644,Susan Wright
76970,Ms. Paige Pitts
51276,Mr. Dennis Jenkins
66311,Lindsey Ramirez
69688,Margaret Coffey
41187,James Lawson
26315,Heather Velez
71429,Courtney Beck
44992,Travis Flores
11769,Dr. Luke Myers
12961,Tanya Hess
70125,Paula Arnold
71188,Patricia Keller
18842,Raven Chandler
90228,Patrick Flores
77442,Christopher Parks
25883,Paula Robinson
40512,Jason Rodriguez
96638,Aaron Pratt
39913,Dana Roberts
63440,Kenneth Solomon
73918,Mr. Derrick Stevenson
75551,Miss Jo Frey
15391,Kristen Neal
57987,Kenneth Bailey
82562,Rhonda Perry
21347,Brett Sanchez
43933,Gail Moody
96649,Raymond Keller
12749,Todd Hall
65698,Mary Vaughn
64209,Melissa Myers
50210,Mr. Dave Cannon
62603,John Stephenson
91389,Shannon Murphy
72768,Denise Marks
62207,Brooke Bell
51680,Claudia Diaz
94509,Jenny Thomas
12727,Brent Brown DDS
64043,Lorraine Nelson
31713,Jennifer Carney
67887,Stacy Sherman
16585,Amber Stewart
86513,Briana Mullins
85417,Jared Dillon
80852,Philip Young
16230,Katie Morales
89438,Christopher Patel
52527,Kelly Webb
79964,Karen Ware
86670,Lynn Cooper
21126,Michelle Evans
29151,Samantha Wagner
47676,Lindsey Holmes
38812,Heather Nelson
41801,Leslie Meyers
53210,Ethan Cox
27103,Sonia Chen
61080,Curtis Mcknight
98029,Tiffany Davis
89158,Kathleen Walters
78982,Tony Perez
48544,Kristina Alexander
18156,Molly Ray
70201,Victor Johnson
20289,Courtney Garcia
51026,Kristine Jackson
12180,Jacob Griffin
49293,Cynthia Watson
19814,Joshua Rivera
61857,Deanna Parker
59219,Cheyenne Curtis
35448,Zachary Cook
14192,Edward Bond
35049,Amy James
70181,Toni Bailey
45613,Hannah Gay
61934,Wesley Rich
98047,Robert Malone
26969,Tanya Smith
33727,Sharon Morrison
20548,Angela Jones MD
29966,Diana Lopez
92773,Terrence Wheeler
75670,Jason Carter
96820,Mary Solis
91334,Megan Beck
32798,John Hall
10383,Patricia Huber
76148,Mckenzie Burch
31181,James Carter
42689,Alan Smith
10155,Heather Davies
61440,Daniel Manning
65122,John Davis
83461,Randall Kelly
83140,Rachel Larson
48254,Danielle Schaefer
98808,Hannah James
37629,Jamie Cherry
35263,Jamie Collins
81088,Claire Clark
24536,Todd Richards
82461,Joseph Petty
18307,Larry Dickson
59856,Raymond Watkins
67349,Erica Cross
27453,Angela Morgan
49977,Robert Neal
55767,Amy Harris
43822,Joseph Conley
63198,Benjamin Hammond
77001,Fred Harrington
67632,Stephanie Coleman
70723,Steven Leonard
29302,Sarah Kim
37935,Marc Nelson
73104,Brittany Lee
29844,Jennifer Gill
93956,Henry Taylor
92564,Peter Wong
32205,Laura Crawford
88254,Jesse Jenkins
82015,Robert Hooper
10055,Donald Porter
79801,Robert Reynolds
25900,Valerie Patterson
35054,Richard Huff
35166,Anne Perez
12638,Julie Arroyo
61897,Zachary Higgins
25004,Mary Jackson
66795,Natalie Mcgee
16694,Stephen Sanchez
77466,Thomas Chan
53871,Anthony Hansen
19370,Austin Chase
71719,Bryce Fields
28212,Matthew Beck
41552,Rachel Conway
84527,Jason Valenzuela
61764,Jessica Barnett
76688,Monica Barton
81864,Derrick Rhodes
24942,Jason Gibson
89885,Kyle Wilson
21965,Timothy Rivas
52581,Lisa Fletcher
64834,Mathew Moore
87565,Brenda Patton
63579,Julie Colon
80275,Karen Murray
56589,Peter Meyer
65965,Philip Baird
17868,Olivia Webb
34990,Amber Coleman
62208,Brett Clark
37926,Nancy Carson
39645,Alexis Cardenas
73927,James Valencia
25459,Justin Le
10289,Frank Kaiser
96012,Charlene Miranda DDS
37283,Timothy King
30260,Katelyn Vazquez
36404,Charles Horton
21655,Timothy Garcia
50412,Jennifer Parsons
34468,Charles Ortiz
66943,Patricia Griffin
87522,Kyle Miller
39576,Erin Robbins
61030,Larry Riddle
83180,Stephen Olson
67541,Charles Rodriguez
80961,Bethany Tran
67276,Natalie Jones
48189,Katrina Diaz
39649,Jacqueline Scott
92092,Ms. Kayla Brooks
41029,Christopher Garcia
68047,Charles Li
75994,Lisa Greene
76314,Joseph Mitchell
58748,Danny Anderson
37483,Angel Jimenez
75530,Mario Perkins
53831,Bradley Murillo
31882,Michael Carpenter
61481,Jessica Mendoza
25531,Heather Williams
73129,Paul Turner
18011,Mark Vazquez
91592,Susan Holt
26358,Shannon Nguyen
19963,Jose Mcknight
23278,Emily Miller
55663,Melinda Ramsey
71935,Wendy Love
25292,Jessica Salas
85149,Jessica Brown
59371,Lisa Gibson
97191,Jeremy Lewis
53645,John Powell
10757,Alexander Reese
52535,Bryan Moore
76878,Brianna Weaver
42940,John Shaffer
61432,Chelsea Strickland
74744,Russell Logan
18942,Alexis Peterson
59802,Olivia Rodriguez
74256,Jamie James
74340,Christopher Hampton
99028,Vanessa Nelson
71152,Ashley Morgan
80876,Mark Bauer
13519,Amy Keith
33418,Dan Ibarra
24395,Heather Long
76032,Carrie Daniel
52494,Maria Jensen
34829,Andrea Dawson
68225,Lisa White
17752,Clayton Mercado
65824,Michael Pruitt
90390,Kevin Glass
69494,Melissa Carr
11935,Ryan Friedman
32808,Karina Henry
92358,Mrs. Maria Chen
89649,Elizabeth Perkins
58014,Daniel Weber
79391,Monica Rogers
94239,Melissa Mcguire
28725,Lawrence Donovan
56506,Marc Short
90471,Lauren Tran DDS
54904,Charles Howard
27878,Lee Collins
50120,Elizabeth Lawrence
17205,Deborah Morgan
12070,John Nichols
25244,Elaine Mcdaniel
48253,Michelle Hill
99716,Hannah Washington
54835,Meghan Castillo
44515,Annette Ware
55949,Ryan Peterson
24645,Jesus Campbell
64732,William Short
46923,Christie Vance
78237,Kaitlin Greene
37195,Carlos Johnson
64805,Eric Lopez
37072,Tonya Campbell
11600,Jo Harrington
64134,Jesse Brown
23280,Matthew Ortega
90102,Carl Murphy
79013,Juan Long
27532,Karen Evans
50406,Jessica Finley
10216,Carrie Carlson
89054,Natalie Foster
18663,Jacob Thompson
34218,Denise Manning
81386,Alexis Mathis DVM
77500,Danielle Larson
66674,Jonathan Wade
33228,Scott Davis Jr.
82037,Francisco Long
72685,Jason Willis
45164,Danielle Rodriguez
15885,Anne Lewis
45076,Bridget Taylor
14433,Kristina Casey
50758,Kathy Booker
85514,Elizabeth Parrish
18633,Robert Suarez
41945,Brian Palmer
41252,Mrs. Angela Bryant
19230,Timothy Curtis
65818,Ashley Solis
31574,Max Obrien
62695,Mary Adams
92302,Tammy Perry
17565,Debra Blanchard
26621,Sabrina Stanton
32902,Zachary Martin
71361,Michael Bennett
10071,Rachel Underwood
88627,Steve May
83253,Tara Macdonald
75035,John Carlson
90941,Dorothy Wells
54879,Felicia Miller
40278,Brandon Moyer
81416,Tiffany Long
24554,Kristine White
74793,Ashley Mullins
16220,Katherine Johnson
89074,Suzanne Page
64160,Brenda Cunningham
55437,Marisa Gomez
16089,Jacob Garza
74937,Michael Camacho
51846,Mary Rivera
17220,Michael Anderson
16668,Ryan Spears DDS
39255,Christine Hutchinson
91384,Michael Ryan
70227,Kelsey Thompson
17552,Julia Wells
20738,Jennifer Roberson
24546,Jerry Morales
98245,Jennifer Robbins
91141,James Coleman
43271,Todd Shaw
69074,Matthew Lewis
99168,Krystal May
50231,Alejandro Lewis
62115,Dale Torres
88882,Anthony Mullins
75771,Alicia Neal
25271,Mrs. Mary Cohen
66010,Kathleen Garza
73628,Maurice Henderson
92070,Craig Mathis
87068,Corey Dillon
28895,Jesse Adams
81757,Jeremy Howard
77559,Rachel Wu
57100,Micheal Price
92483,Alicia Johns
84081,Melissa Campos
99971,Nicole Mathews
50613,Richard Preston
90460,Timothy Adams
20597,William Jordan
88494,Laura Howell
68965,Scott Ellis
12884,Doris Goodwin
33746,Michael Fernandez
95326,Lisa Bullock
30122,Ashley Levy
39260,Cody Houston
31473,Brian Jordan
86945,Emily Hicks
75987,Holly James
29905,Julia Rice
45251,Carla Rivera
80878,Sandy Perez
87112,Dennis Ryan
14781,John Velasquez
73490,Bradley Cochran
19022,Dawn Day
99697,Phillip Reynolds
83789,Fred Ellis
15126,Mary Gilmore
17954,Luis Collier
79906,Teresa Wheeler
22368,Kirk Hughes
13476,Matthew Brown
81424,Garrett Knight
82529,Jason Brown
23122,Sean Douglas
40195,Kyle Hanson
28127,Ryan Stephens
71443,Alicia Barrett
46268,Megan Burke
84424,Michael Mendez
89232,Collin Nielsen
59772,Cynthia Garcia
82898,Marc Carlson
25492,Donald Garner
56865,Ryan Robertson
97725,Mr. Brendan Gutierrez
56813,Jeffery Rios
71920,Daniel Sanchez
92086,Anne Thompson
85201,Sandra Walker
58599,Frank Hamilton
71091,Rebecca Rosales
13330,John Willis
10159,Brittany Brandt
64649,Chase Little DDS
23733,Bryan Larsen
40381,James Tucker
73671,Wesley Braun
28384,Matthew Steele
62539,Chad Martinez
30050,Matthew Howard
68118,Brandon Wolfe
39068,Travis Bennett
88959,Curtis Swanson
94490,Jamie Cannon
35190,Lawrence Knight
30232,Pamela Ward
98203,Randy Wilson
35636,William David
21396,Joseph Brown
22296,Amber Thompson
50083,Phyllis Scott
77815,Michael Gilbert
61057,Madison Wiggins
89741,Chelsea Johnson
83386,Renee Ortiz
34381,Lauren Russell
13229,Lisa Hanna
70991,Sherry Bartlett
70132,Heather Diaz
57134,Alexandra Choi
89471,Christy Fry
84840,Douglas Gutierrez
91337,Daniel Valdez
86635,Mr. Christopher Smith
74214,Gail Watson
66114,Jeff Roberts
57305,James Boyd
53378,Brian Morris
43574,Joel Peterson
59980,Jake Williams
64367,Kathleen Tate
29278,Justin Lambert
69426,Kyle Monroe
76259,Jeffery Miles
14766,Tyler Gonzalez
30270,Melissa Hall
53031,Steven Chambers
37123,Nicole Patrick
66653,Jeffrey Hamilton
26888,Anne Brown
61960,Kathy Sutton
94349,Tammy Wright
28524,Mike Mckee
52184,Rachel Jenkins
58371,Tina Walsh
87313,Mike Robinson
78886,David White
35425,Sandra Powell
39066,Adrian Jacobson
72371,Alex Mills
70768,Sierra Chambers
77512,Heidi Smith
71911,Christopher Keller
19790,Jose Aguilar
46565,Anthony Strickland
59838,Theodore Clark
44322,Alexis Garrett
76465,Tyler Koch
16934,Teresa Cox
36073,Robert Rojas
34149,Jessica Snyder
43888,Cynthia Gutierrez
78042,Alexis Gibbs
38401,Keith Welch
21391,Rebecca Holmes
76228,Christine Kim
50846,Luis Martin
89320,Valerie Miller
25632,Amber Tucker
84645,Patrick Williams
75952,Laura Henson
37160,Michael Fuller
37757,Cory Martin
88129,Randy Dunn
90917,Mary Mcguire
25973,Bridget Tran
28179,Dawn Bonilla
18263,Benjamin Mcdonald
28220,Amanda Mueller
74625,Amanda Wolf
93637,Alex Morrow
80484,Nicole Taylor
43530,Jason Santos
64625,Dean Carr
12954,Derek Lin
97526,Katherine Stokes
32976,Johnny House
84590,Ronald Watkins
17115,Paige Christian
63146,Jon Vasquez
64001,Mario Cantu
61108,Shari Frank
15787,Jessica Warner
17069,Katelyn Martin
63847,Christopher Gomez
43878,Amber Holt
50482,Michael Montes
87405,Henry Hanson
32385,Amanda Weeks
21689,Katherine Martinez
36620,Ronald Rodriguez
27935,Gabrielle Bell
36631,Jeffrey Gilbert
17771,Rachel Ibarra
93700,Jesse Powell
86372,Jennifer Abbott
10282,Danielle Harding
65525,Danielle Taylor
98348,Gabriel Johnson
52928,Justin Melendez
68098,Bryan Howard
58291,Michelle White
20620,Mr. Joshua Burnett
40838,Michael Moss
99983,Belinda Vega
68834,Sara Ortega
83874,Evelyn Nguyen
21941,Martin Schneider
13653,Rachel Norman
75261,Anne Walker
67008,David Mcgrath
58363,Kelly Woodward
27580,Kendra Haynes
16869,James Ho
40558,Amy Gutierrez
16405,Terri Morrison
39342,Joseph Phillips
64505,Jasmine Carroll
42511,William Chase
37780,Stephen Alvarado
57140,Gregory Atkins
49964,Amy King
10137,Justin Fisher
62750,Eugene Duncan
25261,Claire Stevens
42484,Jennifer Phillips MD
13638,Emily Kirk
42110,Bradley Melendez
64241,Alexis Rosales
37831,Seth Marsh
89858,Laura Phillips
25676,Tammy Price
79380,Lori Thornton
70165,Pamela Arellano
17413,Douglas Li
98844,Philip Hale
15933,Geoffrey Thompson
34804,Mary Mcgee
59300,Larry Taylor
50263,Paul Adkins
99889,John Berry
42052,Christina Cunningham
89838,Clifford Owens
15150,Stacy Snyder
69219,Kayla Wagner
36850,Karen Vazquez
24017,Tina Bowman
17679,Kristi Mason
33383,Douglas Aguirre
85203,Debbie Moss
14505,John Terry
19725,Bonnie Yates
94297,Dana Thompson
52819,Peter White
43904,Tiffany Wilson
70819,Benjamin Abbott
77965,Nicholas Wilkinson
58854,Brandi Simon
86764,Sharon Perez
19119,Caitlin Cunningham MD
27237,Alejandra Lopez
55126,Ashley Anderson
87625,Kelly Klein
56266,Melanie Hendricks
22827,Ryan Brewer
34099,Brenda Woods
38370,Alan Hartman
35906,Mark Rodriguez
11913,Laura Little
24388,Richard Jensen
98621,Jason Huff
24417,Meghan Myers
11868,James Garrett
20034,Dawn Garner
53568,Kenneth Cameron
19653,Sarah Liu
61921,Nathan Thompson
46391,Brian Cooper
77829,Pamela Thompson
52513,Craig Jones
47785,Destiny Burch
70525,Monica Hartman
53996,David Webb
69869,Linda James
85003,Julia Mcintosh
87073,Kyle Ochoa
54055,Charles Gomez
91737,Shawn Cisneros
75546,Dennis Horton
70425,Stacey Cole
45723,Angela Gomez
33776,Jaime Ramsey
78063,Cynthia Douglas
83750,Tanya Cuevas
54215,Leon Lowe
99303,Nancy Boone
61757,Darlene Nicholson
67693,Justin Horn
55641,Mr. Antonio Kim II
79632,Kevin Archer Jr.
29235,Samantha Dickerson
75086,Larry Howard
57426,Colin King
71455,Anita Martin
75959,Todd Thomas
17278,Savannah Oliver
12456,Katie Taylor
28101,Amy Medina
40544,Michelle Nolan
77153,John Sosa
27867,Mark Franklin
96444,Annette Short
69504,Randall Cruz
46605,Peter Bullock
58692,Keith Williams
51055,Jeffrey Pineda
68715,Kelly Abbott
78446,Steven Kim
27381,Crystal Hernandez
84075,Michele Butler
88792,Laurie Chambers
35862,Christopher Ramos
75406,Mrs. Tracey Campbell
88836,Lee Moore
40089,Sarah Nunez
39315,Zachary Hamilton
41511,Dana Jackson
64356,James Fox
71009,Timothy Warren
88663,Mary Tyler
37670,Kristi Adams DVM
90136,Kelly Morris
41768,Jason Wright
98710,Anthony Powell
46192,Shannon Davis
80330,Tara Washington
84128,Jennifer Richards
10313,Kyle Riley
98604,Angela George
20569,Sean Arellano
68638,George Howard
55175,Mathew Barrett
19553,Dominique Wyatt
51733,Cheryl Brandt
54728,Isaac Miller
64322,Dawn White
30028,Todd Lee
67208,Thomas West
87730,Danny Armstrong
29014,Lindsey Wallace
41797,Bradley Moore
37497,Brian Vaughan
50786,Jennifer Pearson
94363,Rebecca Anderson
72720,David Vance
72026,Michelle Rosales
54623,Emily Wong
41065,Matthew Mills
93366,Charles Clarke
78656,Douglas Smith
25396,Tyler Elliott
77417,Ms. Jamie Alexander DVM
56304,Shane Harris
11316,Stacey Diaz
44066,Olivia Lopez
27868,Paula Perez
40426,Jasmine Foster
10802,Joe Gould
64216,Lori Harrison MD
59235,Michael Mcdaniel
57060,Trevor Reese
35055,Debra Kelly
37789,William Robinson
64457,Sylvia Davis
98222,Erin Mccoy
44576,Danielle Johnson
22858,Christina Goodman
20840,William Hughes
16970,Bryan Matthews
88977,Juan Roman
83305,Kelli Mitchell
22555,Don West
66047,Jeffrey Gill
72172,Michael Olsen
20871,Mr. Mario Fuentes
67193,Robert Dorsey
83338,Lisa Marquez
74176,Brandon Moore
78485,Tamara Spears
56562,Tyler Myers PhD
85368,Tracy Young
71057,Kevin Herring
91634,Mary Wilson
55844,Jeremy Bradford
24552,Kristen Cunningham
95457,Stephen Stevens
88060,Nicholas Goodman
77054,Lorraine Leon
29085,Caroline Ballard
49500,Austin Jones
40729,Michelle Bean
74976,Sarah Hernandez
97350,Sherry Finley
90385,Patricia Baker
64984,Ralph Jones
13133,John Townsend
65832,Benjamin Johnson
67500,Jamie Hamilton
46722,Amanda Perez
35045,Eric Mcguire
38239,Emily Mejia
59012,Sherry Mcdonald
44116,Brandon Vasquez
44509,Jose Leon
88031,Robert Kane
43889,Yvonne George
58137,Joseph Vasquez
58747,Andrew Hunt
11138,Nicole Guzman
12492,Brittany Bailey
91446,Brianna Bullock
49694,Gina James
91265,Isabel Shaw
49564,James Mays
42098,Samuel Gordon
36727,Kristen Vaughn
25882,Melissa Thompson
94523,Kathryn Smith
94549,Julian Reese
66227,Tabitha Finley
46592,Andrew Ortiz
29812,Alexander Bryant
94932,Hector Thomas
91331,Kevin Mcdonald
47595,Timothy Lawson
59238,Mrs. Kimberly Miller
41646,Samantha Shaw
73864,Marc Foley
57750,Gina Martin
42147,Neil Hartman
73571,Jeff Williams
39448,Daniel Coleman
75529,Kelly Warren
25418,Russell Leon
83325,Barbara Powers
83745,Joanna Wood
34619,Jesse Hamilton
97200,Sarah Keith
14332,Brandon Calhoun
55736,Kristin Gallegos
35871,Thomas Vargas
84978,Christopher Wiggins
47209,Sarah Perry
48740,Paula Thompson
64536,Bethany Fields
43182,Mark Nichols
62366,Kerri Martin
90080,Dr. Eric Hale
91339,Tiffany Bryant
39734,Laura Watson
59842,Sandra Horton
58679,Maria Booker
64005,Brianna Johns
97685,Caitlin Villa
35637,Ruth Taylor
30789,Wanda Carter
70978,Jonathan Brewer
99204,Rachel Miller
51695,Evelyn Smith
44800,Susan Reid
31665,Max Green
22680,Jason Decker
62048,Joshua Schmidt
50155,David Cross
56293,Justin Thompson
68033,Tracy Bond
56649,Kristin Conner
85372,Heidi Hall
49184,Jeffery Herring
62361,Richard Pham
97034,Andrew Meyer
33910,Steven Jenkins
31103,Courtney Glenn
64914,Casey Werner
98797,Charlotte Peterson
47210,Joshua Smith
86830,Douglas Farrell
84916,Elizabeth Burns
80555,Caitlin Lawson
68182,Kristina Hamilton
77899,Virginia Owens
84559,John Doyle
36542,Parker Jackson
47541,Joseph Walker
78641,Natalie Brown
63341,Joshua Curry
23304,Travis Rowe
62935,Deborah Grant
24124,Jeffrey Shepherd
57033,Cameron Franklin
71021,Brian Roberts
77979,John Gutierrez
52985,Jaime Gonzalez
46634,Joseph Mckee
62133,John Martin
67162,Maria Ball
38152,Candice Davis
58531,Alyssa Baker
97978,Allison Huffman
46127,Michelle Melton
44521,Shelia Mann
15270,Johnathan Smith
99640,Justin Molina
47889,Kyle Kirk
28493,Rebecca Stevenson
88455,Gregory Sandoval
72351,James Nichols
13978,Shannon Sanchez
63868,Amber French
12349,Carl Kelly
34632,Alejandra Ellis
93379,Terry Pearson
58157,Angela Clark
36166,Leon Garcia
63141,Stephen Flores
94476,Lindsey Mccarthy
77943,Jennifer Pennington
12730,Stephanie Kirk
83580,Billy Ruiz
65822,Lisa Pitts
52363,Tammy Morris
19615,Kelly Bullock
49609,Alexander Valdez
96304,Deanna Taylor
81909,Jacqueline Turner
87760,Monica Myers
67624,Monique Benson
94931,Linda Bowers
80467,Bruce Myers
26639,Steven Woods
70427,Erika Weiss
80805,Laura Hunter
10417,Suzanne Carrillo
53482,Pamela Wolfe
66890,Joyce Gibbs
51020,Dawn Wiggins
57494,Jessica Conley
86946,Alexis Flynn
68348,Michele Sanchez
60397,Mackenzie Romero MD
91582,Jacqueline Avila
86627,Bethany Cervantes
33103,Nicole Holmes
87121,Anna Richmond
56785,Samantha Forbes
16410,Kim Parsons
58534,Danielle House
38128,Adam Black
75234,Ashley May
41946,John Medina
77163,Meghan Hopkins
65916,Melanie Davies
55067,Lisa Harper
25480,Susan Nielsen
77819,Brian Barron
53556,Charles Townsend
98363,Julie Adkins
30676,Mary Lee
37255,Brian Pineda
50290,Kim Ortiz
58073,Selena Norris
45700,Mrs. Stephanie Roman
42372,Karen Hall
32978,Mrs. Savannah Thomas
96900,Katherine Stewart DDS
67843,Devin May
21171,Jeffery Keller
88042,John Walter
68288,James Kline
63909,Mrs. Angelica Johnson
93251,Matthew Moss
51514,Wesley Cunningham
13188,Janet Porter
73323,Rachel Travis
98342,Alex Austin
43370,Jeffrey Frazier
78943,Amanda Young
95810,Cassandra Adams
36717,Mike Harris
94367,Kayla Calhoun
67759,Kristen Lawrence
59114,Jennifer Lee DDS
84474,Lisa Sheppard
20027,Michael Andersen
97632,Madeline Johnston
50915,George Cole
98705,Danny Morris
71949,Sabrina Vega
57355,Joseph Leach
18140,Lisa Flores
34141,Jose Martin
47975,Ann White
85480,Jennifer Powell
34291,Katherine Mora
22813,Kelly Scott
74153,Jennifer Andrews
86732,Erik Miller
69537,Robert Clark
23626,Angelica Watkins
22922,Madison Sosa
56176,Kim Mcdonald
68732,John Moss
71437,Melinda Foley
78161,Tracey Smith
40105,Mike Harrison
94621,Derrick Winters
32280,Mary Rose
83576,Brandon Riley
27838,Kelsey Campbell
51657,Dawn Watson
90659,Michele Howard
83655,Joshua Kim
60602,Kristine Smith
48753,Timothy Lee
69571,Brenda Santana
52711,Valerie Calderon
25891,Lynn Wood
23080,James Crosby
33554,Brooke Roberts
41790,Frank Ayala
96155,Julia Hunter
49136,Katherine Wolfe
18987,Brian Daugherty
73050,Michelle Johnson MD
38557,Shawn Schneider
68616,Victor Avila
61046,Mary Waters
20316,Joshua Rose
55578,Tony Mendoza
78969,Trevor Duran
61891,April Barker
76169,Brandi Scott
36974,Robert Ashley
13374,Tracy Brown
11553,Eric Wade
10252,Jennifer Stevenson
48502,Virginia Christian
51878,Sandra Morales
86894,Kathleen Hartman
29899,Hunter Munoz
22447,Alison Hines
90167,Grace Martinez
77021,Richard Bullock
65451,Michael Guerrero
89151,Amanda Wood
73716,Richard Rodriguez
27196,Glen Nguyen
43051,Henry Snyder
79698,Lisa Austin
35069,Ashley Parker
77174,Eric Choi
91494,Lisa Goodwin
77213,Jennifer Beck
57651,Christine Pugh
88678,Juan York
69468,Cynthia Henderson DDS
80187,Steven Dorsey
45565,Christine Chang
52028,Terri Terry
58040,Chad Smith
28181,Rebecca Harvey
27798,Kenneth Mills
20590,Jamie White
41068,Angel Fields
76606,Amanda Evans
59002,Brittany Cooper
47616,Aaron Hood
85468,Tiffany Day
97564,Dawn Garcia
73975,Natalie Barnes
37659,Melissa Barton
12764,Makayla James
20678,Rita Pham
94606,Bobby Lee
44635,Kathryn Burns
70233,Scott Moody
63345,Calvin Rush
81606,Carla Dawson
76862,Madison Phillips
38668,Erica Ramsey
71031,Michael Kane
14365,Keith King
93959,Nathan Cox
77214,Virginia Zimmerman
84914,Maria Mckay
70574,Robert Dominguez
90289,Timothy Thompson
77272,Anna Frank
96002,Edward Wilson
44597,Mary Payne
70807,Jennifer Harvey
64021,Frank Daniels
66142,Corey Morgan
41251,Virginia Moreno
12655,Michael Colon
76746,Daniel Parsons
23275,Michael Rollins
66036,Jordan Anderson
41905,Mr. Thomas Barton DVM
18778,Steven Allen
98027,Tracie Porter
75212,Mr. Christopher Davidson
45130,Lindsey Tyler
99965,Colleen Diaz
63211,Stephanie Hart
95232,Shane Floyd
62586,Kristen Hayes
92965,Wayne Bass
10653,Joseph Soto
60949,Cheryl Butler
30717,Gary Mccormick
83246,Daniel Whitaker
13964,Rachel Thomas
39746,Monica Kaufman
78627,Mark Fields
77385,Sandra Thompson
89601,Sophia Conley
50409,Joseph Case
70532,James Blanchard
48412,Charles Johnson
54519,Alexander Brooks Jr.
43284,Thomas Kramer
67231,Deborah Johnson
32417,Charles Miller
72462,Bonnie Freeman
16783,Pamela Murphy
46575,Aaron Moss
88403,George Hicks
12967,Teresa Travis
89856,Gina Fletcher
79625,Shane Parker
22792,Dr. Scott Kennedy
43606,Amy Sloan
16722,Jeffrey Graves
97263,Benjamin Moore
96785,Yvonne Vega
59276,Jean Williams
20544,Raymond Gonzales
52089,Mrs. Angela Vang
35059,Evan Hernandez
13101,Miguel Ellis
52153,Kimberly Hutchinson
15786,Ronald Alvarez
77934,Alexander Lyons
69084,Douglas Randolph
39642,Stephen Chang
28378,Lisa Bonilla
19951,Tracy Roberts
25287,Collin Roberts
86908,Daisy Smith
46339,Bobby Fritz
58241,Victoria Mcbride
37494,Jeffrey Moreno
42573,Kristina Gill
17361,Kevin Kelley
53447,Derrick Santiago
23260,Elizabeth Hill
42365,Duane Rice
98429,Brian Petersen
14768,Raven Moore
94155,Mrs. Carrie Garcia
21336,Morgan Taylor
67377,Elizabeth Kennedy
15191,Bruce Harrison
79195,Kevin Gonzalez
87155,Connie Johnson
16634,Theresa Terrell
91603,John Mays
51594,Daniel Hayes
81227,Kyle Harris
98641,Victoria Myers
36767,Dorothy Williams
45380,Matthew Murillo
52159,Timothy Butler
22580,Gerald Rodriguez
65265,Brian Sharp
35644,Julie Berg
31122,Cathy Goodman
69781,Tyler Carlson
97501,Keith Hinton DDS
62613,Darlene Dominguez
90889,Travis Santana
96794,Desiree Hernandez
25994,Christina Lee
99921,David Murray
79854,Andrea King
38395,Sheri Johnson
59064,Wanda Ochoa
85899,Erik Avery
42173,Sandra Hoffman
41537,Dylan Calhoun
64798,Kristen Perez
13459,Alyssa White
73319,Brittany Webb
34092,Daniel Eaton
46879,Amy Barry
14608,Robert Rubio
30833,Cindy Cox
62191,Jermaine Garcia
88951,Sherry Navarro
16044,Rachel Roberts
82907,Vicki Rodriguez
84288,Jennifer Wood
91706,Justin Lopez
43111,Marcus Barrera
37524,Joel Robinson
80582,David Warner
43613,Jessica Bean
42207,Natalie Summers
46421,Emily Henderson
55420,Dawn Jenkins
96851,Robert Rose
81247,Susan Reilly
94986,Matthew Mitchell
64511,Heidi Collier
68964,Cameron Miller
99154,Manuel Lopez
45415,Victoria Davis
50442,George Richard
12005,Eric Ramsey
72957,Jennifer Garner
92598,Hannah Munoz
36890,Patricia Haas
69103,Stuart Dillon
11390,Susan Henderson
52467,Dr. Angela Martinez
45394,Emily Carter
46527,George Schneider
93103,Gerald Thompson
90573,Christopher Goodman
94197,Natasha Williams
41445,Gregory Keith
55553,Dylan Shields
36829,James Forbes
20561,Samantha Wells
87976,Lauren Perez
55365,Victor Henry
38098,Diane Spears
45083,Carol Lynch
43669,Joseph Pitts
63449,Jon Marshall
66918,Sarah Stewart
89141,Theresa Smith
71341,Mr. Travis Williams MD
15284,Jonathan Wallace
71161,Roy Flynn
23371,Philip Walton
78163,Larry Powell
35251,Edward Avila
60183,Johnny Lucas
27688,Juan Cantu
19842,Erica Atkins
79819,Mark Shelton
96828,Christopher Stokes
25812,Desiree Taylor
50963,Alicia Avila
23086,Joe Nelson
47967,Nicholas Wood
99260,Courtney Morris
43244,Andrew Martin
58899,Jamie Clay
38730,Sheila Navarro
37826,Frank Hill
28585,Jennifer Harris
70784,Emily Gutierrez
17585,Thomas Shaffer
56338,Colin Myers
67533,Paula Hood
15715,Casey Mckinney
95185,Monica Simpson
21430,Victoria Morales
74746,Gary Warren
30462,Brandy Underwood
20558,Joseph Dennis
64599,Todd Dennis
20937,Briana Moore
63187,Patricia Jackson
93608,Ronald Allen
79018,Sandra Vazquez
15251,Zachary Romero
24876,Katherine Booth
70014,Alex Ortiz
46826,Brianna Holmes
69654,Earl Rodriguez
42159,Amanda Hendrix
37967,Andrew Caldwell
66123,Desiree Thomas
92396,Kendra Cabrera
39339,Erica Knight
45796,Sean Dunlap
41524,Ashley Gomez
88178,Darryl Miller
30926,Patrick Cordova
30793,Mary Hammond
70656,Claudia Miller
56650,Joshua Ortega
84612,Jennifer Navarro
12708,Randall Cobb
44090,Amanda Welch
40506,Alexis Brady
36839,Monica Richards
81014,Caitlyn Brown
91770,Ashley Murphy
12622,Victoria Ferrell
36029,Mark Austin
71722,Hannah Porter
37691,Nicholas Cook
33100,Jennifer Norris
39922,Alfred Crawford
63210,Anthony Garcia
64388,Crystal Cox
36751,Toni Matthews
72983,Glenda Ramos
81119,Janet Lloyd
66534,Samantha Schneider
88508,Gary May
10353,Jason Dominguez
55708,Mr. Phillip Gregory MD
24205,William Robertson
31576,Kathleen Lewis
98984,Jason Little
18323,Ronald Evans
53327,Jordan Price
24360,Dr. Clinton Collins
36493,Jennifer Smith
46647,Elizabeth Graham
77674,Christopher Chung
79371,Michelle Rowe
38361,Katrina Morris
63224,Brandi Blanchard
90502,Robert Davis
39294,Allison Holmes
43984,Kevin Cantu
37208,Joseph Lindsey
29783,Brandi Spence
51893,Kathy Nguyen
57917,April Fox
13023,Emily Martinez
63755,John White
98336,Mary Martinez
77528,Jeffrey Ward PhD
23804,Mr. Mark Shah
51177,Nancy Ayala
13504,Edward Duran
56370,Cory Mclaughlin
45899,Sara Davis
66581,Donald Hendricks
17368,Cheryl Grant
56000,Douglas Barajas MD
71601,April Buchanan
97625,Paul Olson
76819,Sonia Lewis
61425,Justin Kim
91988,Mr. Christopher Pitts
28409,Bradley Ward
18984,Eric Williams
84034,Amanda Lee
95880,Jason Bradford
92065,Kayla Ray
79101,Samantha Townsend
34884,Toni Hanson
75326,Lori Chandler
48460,Elizabeth Pollard
56412,Jason Patrick
96598,Kathryn Hughes
95960,Jennifer Roman
94641,Kathryn Preston
35844,John Manning
65730,Tristan Washington
72836,Lauren Reyes
42552,Jennifer Romero
53672,Scott Patterson
31043,Jimmy Johnson
95840,Patricia Hill
63730,Morgan Delgado
85481,Mary Kelly
41044,Ricky Phillips
95486,Samuel Gardner
10948,Tamara Fox
84746,Madison Caldwell
60494,Haley Shaffer
76974,Elizabeth Briggs
48095,Angel Valentine
59153,Alisha Davis
18721,Alyssa Nichols
66354,Sarah Garcia
58077,Ryan Cruz
14857,Michael Robinson
94049,Gregory Bryant
74338,Timothy Lang
19701,Rachel Meyer
28229,Travis Matthews
13475,Tyler Adkins
44948,Kenneth Jenkins
81582,Tina Cooper
78375,Rachel Rhodes
76794,Jill Jenkins
57231,Samantha Weaver
58190,Olivia Schneider
26727,Nicole West
13694,Kathleen Carroll
55851,Shannon Hudson
21643,Paula Jones
24084,Alicia Johnson
47902,Connie Thompson
88952,Jennifer Rice
42304,Andrew Lopez
17939,Angel Adkins
86374,Stephanie Davis
82036,Robert Taylor
45115,Greg Brown
36444,Nancy Murphy
72335,Donna Rowe
77002,Denise Henry
15484,Janet Savage
22260,Jay Alvarado
50000,Timothy Allen
91599,Maria Casey
74216,Lucas Thomas
45496,Miss Erin Cameron
26680,Kenneth Chen
61316,Adrian Phillips
77459,Benjamin Bryant
94164,Amy Obrien
88103,Donna Taylor
87463,Derek Castro
72695,Diana Blevins
74339,Joseph Garcia Jr.
62339,Alicia Moore
32394,Kevin Herman
31078,Elizabeth Rivera MD
33166,Brenda Henderson
89756,Brooke Gonzalez
95535,Jonathan Robinson
57716,Walter Wilson
36490,Francis Arnold
66752,Claudia Sanders
48066,Lee Jackson
58443,Dennis Fowler
69715,Lisa Pennington
91509,Angela Hicks
76157,Scott Carrillo
58281,Jeffrey Freeman
24540,Lindsey Hansen
65366,Jeremiah Boyd
26535,Margaret Clark
39173,Megan Patrick
14318,Jeffrey Ellison
98269,Amanda Mays
28803,Ethan King
63231,Benjamin Walker
83078,Amy Mayer
64386,Sean Mosley
70409,Brian Mooney
16529,Kevin Valencia
25308,Judy Rogers
37838,Angel Munoz
95969,Keith Hall
67991,Nancy Scott
19101,Richard Ford
36966,Kendra Rodriguez
27440,Tony Chavez
28186,Nicholas Ruiz
56568,Joshua Bush
64105,Edwin Sims
87164,Patrick Luna
15193,Tina Huang
54713,Joseph Myers
38195,Lisa Robles
50502,Michael Curtis
35752,Natalie Richmond
54488,Cody Collins
87275,Matthew Trujillo
39020,Deanna Robinson
39824,Jeffrey Schneider
66309,Ronald Ayala
51747,Tara Casey
28223,Miss Hannah Kim DDS
20311,Nicholas Gray
62517,William Sanders
42774,Timothy Smith
85754,Tanya Lopez
54749,Thomas Osborne
55000,Ann Moss
84771,Kenneth Arnold
42691,Shelley Roman
56168,Marisa Waters
84227,William Larsen
52039,Kristine Allen
68429,Jennifer Jimenez
27791,Sheila Juarez
13517,Christine Anderson
85290,Gregory Coffey
58004,Lauren Clayton
44142,David Mccarty
19779,Steven Rodriguez
89161,Bonnie White
53518,Jason Woods
16621,Pam Harmon
27192,Michele Martinez
85040,Randall Kelley
23027,Aaron Dunn
18229,Larry Newton
78021,Michael Werner
35648,Whitney Crane
78924,Alyssa Herrera
68910,Robert Morse
90990,Jessica Park
62897,Chase Payne
90599,Dr. Chad Woods
20405,Julia West
98268,Jack Olson
34164,Tammy Ortiz
78582,Hannah Moore
57837,Rick Butler
39414,Christopher Lambert
83603,Katherine Mayer
81596,Bryan Conway
65259,Mark Coleman
71129,Aaron Smith
56481,Jessica Elliott
42456,Joshua Thomas
74145,Mr. Daniel Norris
25012,Mark Hudson
58494,Christina Ross
37808,Benjamin Duffy
26632,Maria Woods
18217,Lori Woodward
37792,Austin Allen
48147,Tyler Simon
53016,Sara Davis DVM
72729,Patrick Peters
56896,Brandon Williamson
34103,Shawn Hendrix
36800,Susan Mitchell
80021,Nicole Huff
65245,Molly Snyder
40667,Wayne Lopez
82258,Jonathan Bennett
59324,Daniel Warren
98815,Jay Thomas PhD
36660,Antonio Johnson
38110,Alexandria Wilson
78715,Brian Cardenas
97109,Jose Bennett
77250,Ryan Hogan
36790,Kristina Payne
78637,Phillip Campbell
82238,Justin Frazier
47550,Gerald Sanchez
56129,Larry Farrell
85550,Cameron Thompson
35851,Timothy Gonzales
37329,Charles King
12094,Matthew Morrow
99583,Jeffrey Hoffman
37254,Cassandra Lopez
22822,Jared Fisher
15349,Robert Salinas
55656,Christy Wolfe
69439,Scott Thompson
38261,Sarah Smith MD
73485,Anne Flores
59146,Billy West
79766,Emma Silva
46355,Juan Lowery
86556,Sheri Gonzalez
46266,James Gallagher
48795,Sean Jenkins
98013,Tanya Fuller
18514,David Sparks
99898,Sharon Rodriguez
50623,Lisa Fowler
14761,Stephanie Strong
85194,Christina Chung
31107,Spencer Taylor Jr.
31175,Emily Carr
85841,Justin Chaney
93361,Matthew Walker
35739,Alyssa Rhodes
62357,Tony Hernandez
62711,Sharon Thompson
91545,Sean Diaz
64140,Benjamin Wood
29430,Brent Walters
25238,Matthew Santos
46365,Barbara Wright
11892,Laura Cochran
88660,Brooke Dennis
25173,Amy Mcconnell
88636,Eric Stephenson
87809,Carol Barnett
28180,Collin Johnston
85606,Kimberly Hansen
89425,Jerry Parsons
58788,Michele Navarro
67596,Ryan Edwards
59965,Sarah Goodwin
61904,Cassandra Nelson PhD
24997,Stacey Mills
73502,Claire Clay
21160,Erin Huerta
52815,Joseph Lucas
48110,John Aguilar
18848,Raymond Warren
14777,Shawn Dyer
55559,Dustin Ramirez
10578,Grant Thomas
16373,Brian Medina
94499,Martin Moore
64716,Rachel David
79524,Joel Bailey
13635,Stacey Conner
10210,Amy Kennedy
80097,Tracy Rocha
50380,Mark Marshall
64777,Michael Hartman
53737,Sherri Williamson
16666,Mark Phillips
32073,Susan Scott
98139,Susan Meadows
97806,Timothy Hunt
54940,Ricardo Thomas
90020,Javier Martinez
23034,Chelsea Gomez
66553,Samantha Lee
21162,Haley Cox
18004,Denise Rodriguez
83808,Renee Price
98374,Bryan Henson
86815,Patricia Scott
25702,Sherry West
38819,Ashley Turner
51343,Christina Gardner
74304,Joel Christian
29956,Gerald Young
24557,Logan Ramos
55629,Corey Rojas
16264,Peter Lin
32206,Frederick Williams
34018,Christina Lutz
58087,Michelle Hensley
25556,Austin Alexander
81898,John Meyer
11468,Christina Rodriguez
61769,Mallory Gardner
20489,Matthew Cobb
86155,Joanne Hamilton
12877,John Alvarado
45866,Andrea James
97859,Valerie Daniel
69178,Robert Reilly
61739,Marie Walker
41828,Joshua Le
47658,Kayla Nash
83607,Melissa Jensen
65352,Christine Leon
39567,Desiree Johnson
73889,Scott Jefferson
16126,Ashley Gardner
93028,Mia Peterson
25248,Katelyn Hurst
45755,Samantha Knight
37936,Peter Morales
24500,Michael Wood
71927,Ryan Wise
43307,Christopher Brown
11693,Stacy Roach
17082,Gilbert Wright
25071,Natalie Sosa
17420,Stephen Christensen
39447,Cody Stokes
62000,Lisa Sullivan
82676,Willie Moore
84553,David Mccormick
55202,Walter Lee
79226,Thomas Williams
59693,Angela Graham
11051,Jordan Buchanan
33308,Matthew Daniel
59218,Christopher Larson
21839,David Beasley
55625,Luke Barnes
48322,Patrick Arnold
95317,Mrs. Kathleen Andrews
50704,Paige Martin
99990,Jim Andrews
52199,Melvin Cummings
83599,Cheryl Harvey PhD
54303,Melissa Davis
50646,Steven Scott
47233,Michelle Fernandez
52520,Jennifer Rodriguez PhD
67736,Karen Lloyd
15898,Christopher Richardson DDS
30438,Stephen West
43410,Ellen Moore
25243,Christopher Williams
41766,Eric Porter
68830,Angelica May
46054,Matthew Hancock
24909,Andrew West
15596,Scott Bryan
35938,Bradley Quinn
32909,Mary Carter
90279,Steve Morris
12006,Vicki Thompson
12046,Samuel Mckinney
28151,Patricia Burton
64725,Brianna Baker
28702,Pamela Rose
81941,Neil Garcia
88196,Diane Jenkins
25733,Jared Barrera
93165,Gregory Deleon
18914,Karen Robinson
69961,Andrew Hoffman
71462,Shelley Andrews
87811,William Beard
32554,Heather Baker
18061,Anthony Gonzales
62238,Todd Hammond
92309,Joshua Saunders
66088,Todd Carpenter
52998,Anna Kennedy
84607,Sharon Johnson
84820,Tracy Clements
31499,Shannon Tran
21823,Tony Morton
79058,Brett Wilson
32131,Elizabeth Bailey
13473,Ariana Rogers
82789,Maria Peterson
13570,Kevin Gross
34603,Daniel Grant
33553,Lauren Kelly
19664,Sarah Chandler
21768,Jessica Ingram
49199,Deborah Miller
35157,Darius Harrington
20053,Tracy Blackwell
83374,Dr. Jasmine Harrington
60194,Ms. Mary Hancock MD
87511,Andrew Mahoney
48919,Joanna Bailey
73692,Michelle Grimes
23949,Kevin Duke
32388,Deanna Williams
19394,Donald Mccoy
89366,Alyssa Chavez
55786,Ryan Lindsey DVM
42699,Kenneth Perez
60670,Alan Lewis
17240,Michael Bautista
13141,Jennifer Hopkins
64407,Jerome Trujillo
34330,Blake Burton
68902,William Harrell
67948,Timothy Banks
74006,Allison Anderson
61229,David Mayer
94559,Chelsey Reed
95196,Alan Burgess
22195,Jeffrey Hawkins
39077,Laura Conway
30324,Rebecca Valdez
54605,Austin Shelton
71007,Patrick Meadows
50536,Melvin Aguilar
20261,Stacy Allison
68024,Alexis Walsh
87410,Deborah Lopez
95591,Gina Salazar
42663,David Watson
59899,Steve Moore
95422,Lindsey Martin
95705,Bryan Black
51587,Catherine Graham
92107,Gina Jones
50470,Erin Morris
66086,Christian Watson
43597,Nancy Richardson
28140,Jerry Gilmore
95315,Patricia Jordan
32849,Benjamin Miller
71126,Jonathan Humphrey
62536,Christopher Esparza
50879,Sabrina Macias
25785,Paul Fuller
74225,Latoya Henry
80069,Jerry Vargas
17018,Daniel Oliver
42167,Christina Benitez
67631,Gregory Norris
50604,Rachel Holt
51994,Kelly Murphy
80251,Gina Sanchez
72099,Marie Carrillo
35772,Erika Garrison
86142,Matthew Carson
36433,Tammy Juarez
13261,Timothy Alvarez
12742,Cynthia Nelson
79029,Carrie Williams
73681,Allison Beltran
16922,Rodney Romero
28263,Terry Garza
91486,Gabriela Waller
76436,Randy Brown
60051,Jennifer Collins
61700,Michael Gordon
56092,John Hunter
45082,Carlos Rubio
92339,Emily Mclean
48164,Brittany Delgado
34520,Joshua Woods
73679,Joseph Gordon
40144,Amy Nichols
71874,Cameron Mcmahon
67540,Kayla Morgan
40744,Joshua Cantrell
11327,Adam Moore
44778,Kelsey Rivera
80474,Kristina Barber
22192,Alyssa Krause MD
14936,Jessica Flores
36112,Heidi Payne
76117,Wendy Lawrence
26898,Richard Strong
98932,Dennis Davis
44245,Alex Schmidt
46618,Tommy Cunningham
44634,Jason Warner
76855,Joel Summers
79733,Adam Jensen
13135,Holly Cross
98377,Cristian Freeman
20495,Emily Tucker
22524,Adam Stevens
80121,Dylan Yoder
78248,Dr. Nathaniel Brown
69047,Shaun Mccall
35112,Christopher Coleman
80306,James Wang
77866,Christina Ewing
40971,Stephanie Walker
58067,Alicia Cook
66015,John Hanson
75948,Kara Ruiz
92274,Kelsey Hayden
77732,Valerie Page
49326,Charles Montgomery
63394,Marie Hendrix
80559,Renee Simmons
57181,Timothy Sutton
92991,David Hunter
73903,Vicki Shelton
17036,Colleen Gray
89557,Mary Gonzalez
86386,Jennifer Klein
38980,Jennifer Bowers
94083,Erin Salazar
73932,Jason Obrien
44250,Elizabeth Howard
22120,Morgan Huynh
63660,Katherine Roberts
84841,Kathy Fields
92290,John Wu
23907,Mrs. Brenda Lewis
89019,Larry Smith
21397,Mitchell Ford
90528,Michael Calderon
21560,Benjamin Vaughn
15610,Kristina Robinson
91362,Eric Peters DDS
67381,Christopher Cain
90040,Tina Nguyen
46474,Ashley Horton
78687,Darin Mckinney
92802,Jeff Cohen
35231,Jonathan Ramirez
64851,Benjamin Rivera
85844,Cody Tucker
84971,Kurt Reynolds
52514,Nicole Stephens DDS
10594,Christopher Reed
38930,Blake Scott
10820,Andrea Galvan
36380,Antonio Munoz
85322,Benjamin Thompson
32625,Philip Torres
65209,Christopher Jones II
52376,Jose Stevenson
32191,Allen Gross
96083,Paula Torres
13736,Victoria Cox
29222,Daniel Mendez MD
56438,Walter Murillo DVM
32647,Oscar Taylor
94842,Kyle Beck
73753,Cheryl Rollins
54041,Erica Adams
86019,Dawn Hernandez
13387,Mary Goodwin
79440,Caroline Nelson
93413,Yolanda Johnson
80870,Heather Smith
76009,Dr. Jonathan Smith DVM
49437,Sean Holmes
33331,Molly Moran
50190,Taylor Mcgee
27227,Shelby Rose
64064,Jason Cook
48735,Candice Tate
59038,Jeffery Miranda
18135,John Rice
47709,Mckenzie Ingram
87259,Dr. Jonathan Jones PhD
34855,Dennis Bowman
29969,Billy Robinson
35179,Michael Page
69895,Elizabeth Castro
56539,Lori Allen
66892,Mrs. Teresa Murillo
22715,Tyler Clements
36102,Kaitlyn Stevens
81107,Susan Miles
65767,Meredith Hill
67254,Matthew Ward
93426,James Moran
61522,Robert James
85181,Christine Heath
23193,Helen Willis
45406,Anna Stone
78170,Ms. Betty Baker DDS
27383,William Sheppard
32495,Jodi Fry
32565,Anita Blake
69027,Jeremiah Butler
61655,Nicole Hudson
53762,Jillian Everett
46660,Javier Ray
34118,Ann Buchanan
86816,Michael Crawford
49853,Larry Brewer
88986,Tracie Buckley
64737,Nancy Lyons
24089,Parker Mathews
20518,Suzanne Orozco
91610,Jacob Wolf
29702,Nicole Mullins
89720,Christopher Howell IV
61639,Michele Scott
92843,Alexander Long
76558,Stanley Taylor
77886,Michael Stuart
70415,Shelby Miles
15378,Mary Sanchez
79209,Diane Carter
62465,Laura Davis
70742,Bethany Bowers
83072,Paul Rojas
17411,Lance Watkins
50228,Antonio Mahoney
69722,Pamela Cherry
97841,Eric Turner
75402,Caitlin Butler
51865,Paul Coleman
16651,Paul Campbell
62540,Amy Romero
69841,Mary Mora
25327,Erin Edwards DVM
83756,Shelby Nelson
85441,Susan Mcdonald DDS
56400,Heather Martin
50184,Miranda Webster
90125,James Jacobs
18941,Terry Avila
64293,Tammy Friedman
80153,Victor Garza
57803,Hunter Burnett
54171,Nicole Hernandez
95473,Christina Whitaker
26597,Kelli Hardin
11871,Michelle Beck
55297,Jeff Mendoza
64550,Austin Cook
43749,Joel Ponce
59613,Martha Cline
93526,Laurie Perry
71250,Rachel Payne
58927,Nathan Cole
48891,Erin Jones
77558,Lisa Cooke
77391,Linda Greene
90194,Michael Harrison
87674,Erika Rogers
32196,Andrea Brown DVM
29977,Mrs. Leslie Moore
47938,Stephen Carter
56751,Andrew Bolton
46032,Dylan Gonzalez
78295,Brandi Lloyd
75638,Albert Parker
44441,Amanda Cobb
45784,Tina Diaz
39493,James Hart
31471,Christopher David
46070,Monique Mitchell
13522,Steven Hughes
69076,Shawn Hayes
58848,Rodney White
42739,Sandra Jackson
64825,Laura Nicholson
94639,Dean Ross
47861,Dean Barker
99006,Amy Casey
28036,Michael Arnold
53797,Larry Collins
77939,Joshua Scott
96491,Travis Zavala
73318,Valerie Ortiz
95447,Barbara Robinson
84262,Austin Patterson
27762,Jose Cardenas
37682,Steven Reeves
91941,Benjamin Moreno
28532,Matthew Jacobson
35061,Gregory Barton
29496,Ian Rasmussen
61241,Erin Hill
77024,Jeremy Thompson
46422,Kyle Frazier
23421,Mrs. Carrie Rose
44528,Dr. Christina Perez
86421,Tina Burns
73599,Jessica Riggs
29383,Mary Nelson
71233,Dawn Rios
32744,Tina Peterson
41336,Danielle Martinez
44686,Zachary Osborn
91361,Matthew Tran
71843,Frank Frazier
67313,Alice Mueller
27861,Garrett Miller
73144,Russell Rose
69711,Jeffrey Walton
85818,Stephanie Adkins
87196,James Macias
78526,Sean Crosby
53988,Ashley Massey
72873,Dalton Mcguire
43173,Andrea Valenzuela
61884,Ashlee Stone
25953,Jordan Parsons
72494,Kathryn Ellis
55934,Allen Walker
80696,Lorraine Martin
83823,Michael Kennedy
55065,Ashley Valenzuela
64024,Christian Hall
60969,Leslie Webb DVM
74654,Michaela Ortega
57318,Dylan Kramer
75897,Jessica Moran
33954,Amy Wyatt
79437,Felicia Mata
12267,Bridget Wall
64247,Charles Medina MD
41613,Wayne Peterson
65483,Samantha Adams
85115,Dr. Jessica Watson PhD
73911,Gary Butler
56254,Ethan Schwartz
39543,Cheryl Jackson
45125,Charles Cline
20142,Lauren Murillo MD
81657,Bryan Stanley
51711,Lindsey Freeman
53745,Mary Whitehead
66378,Carrie Mcguire
57007,Elizabeth Vasquez DVM
66054,Shane Decker
11513,Chelsea Sanford
67919,Margaret Mason
52137,Taylor Taylor
50854,Robert Price
87816,Joshua Cummings
14331,Savannah Richmond
16337,Jerry Richardson
77842,Andrew Tapia
39166,Jeremiah Davis
92403,Cassandra Burns
43197,Sydney Garcia
40060,Brianna Brown
76726,Seth Ballard
20692,Dennis Bailey
97653,Luis Williams
33036,Bradley Kane
94752,Tammy Benson
16765,Kimberly Lopez
49422,Nicholas Brown
24072,Grant King
44994,Dr. Samantha Davies MD
55406,Dawn Thompson
52701,Christopher Pham
92968,Nancy Anderson
92687,Brian Brewer
55778,Sandra Rodriguez
68448,Steven Clark
79099,Kevin Padilla
67782,Ashley Contreras
45193,John Cline
93129,Dawn Davis
74090,Sophia Anderson
57787,Linda Martin
89511,Lisa Barnes PhD
46158,Cindy Ellison
31143,Carlos Moore
37439,Yvette Harper
16398,Travis Cross
48949,Jonathan Burke
34333,Andre Coleman
70567,Victoria Velez
53490,Mr. Scott Taylor
70370,Stephen Brown
12247,Teresa Mitchell
71296,Christopher Huffman
16314,Stefanie Thompson
84188,Patricia Ramirez
61610,Norma Shaffer
58919,Teresa Lester
58096,Chelsea Solis
27551,John Pham
49352,Lee Johnston
40682,Justin Hooper
76705,Hunter Simmons
47521,Ronald Wu
61696,David Garcia
81237,Nicole Rogers
71720,Tracey Gross
30217,Jessica Jones
77239,Joshua Ellison DDS
83629,Angel Hernandez
27416,Timothy Harper
88237,Perry Alexander
88313,Kimberly Richardson
56484,Nathan Snyder
66620,Tommy Hughes
31033,Mrs. Julie Moore
46987,Jeffery Morgan
49258,Amy Hall
16094,Brenda Parrish
19275,Veronica Gordon
79240,Marilyn Myers PhD
29765,Caroline Stewart
66221,Christie Mendez
61022,Bridget Humphrey
94222,April Price
74570,David Francis
24883,Alex Byrd
49736,Michael Hurley
63852,Carl Thomas
74902,Destiny Murphy
81475,Hannah Carr
16669,Ms. Katrina Smith
50343,Jason Robbins
27317,Thomas Davis
68625,Marcus Rodriguez
79922,Melissa Gates
62903,Debra Galvan
87489,Reginald Porter
32890,Jennifer Dougherty
49638,Nathaniel Booker
41881,Brittany Jones
24576,Diane Hansen
63657,Jocelyn Robbins
42192,Dawn Gonzales
37585,Cory Boyd
13422,Amy Sellers
48206,James Hicks
64108,Hannah Morton
92306,Cheryl Myers
79519,Kevin Lewis
29209,Samantha Butler
47901,Aaron Contreras
54114,Samantha Frederick
89786,Heather Holland
32640,Timothy Miles
62317,Carrie Banks
11518,Alexis Garza
57203,Amanda Hanson
87266,Michele Perez
64817,Lisa Keith
41634,Kathryn Frye
68646,Anne Sawyer
11458,Megan Mitchell
27513,Holly King
24832,Dr. Brittany Cooke
48280,Kimberly Castillo
36351,Theodore Mitchell
12805,Kimberly Harris DVM
79602,Kevin Silva
72912,Marissa Carter
90543,Ronald Martinez
81303,Jason Wheeler
79413,Eduardo Hopkins
58866,Jimmy Perry
24869,Linda Austin
95914,Mr. Jonathan Villa
15276,Jeremy Park
95644,Jonathan Castro
61572,Regina Webb
16372,Dawn Morrow
18612,Denise King
87949,Dana Freeman
87865,Roberto Johnson
19319,Susan Long
14001,Jean Rush
64433,Jessica Stout DDS
28805,Angela Bailey
39938,Ana Collins
53081,Raymond Hernandez
29098,Vincent Ruiz
92713,Laura Newman
53315,Diane Chase
96433,Cody Thompson
40824,Kayla Fuller
53010,Marcia Rosales
43254,Steve Wilson
99752,Julia Cox
26229,Brittany Fowler
99356,Erik Peters
15713,Dennis Hudson
24990,Karla Freeman
41609,Jeffrey Blake
24489,Karen Villarreal
49322,Ryan Parker
99073,Mark Garcia
69624,Gregory Macias
24573,Valerie Chandler
73552,Tonya Johnson
51738,Lori Stevens
65933,Tommy Duffy
11602,Joyce Diaz
63196,Travis Garcia
64073,Jesse Mckay
72001,Melissa Rodriguez
17012,Deborah Allen
42263,Elizabeth Santana
41907,Melinda Thompson
63277,Robert Patrick
22215,Jonathan Mcguire
92322,Nicole Aguilar
55644,Mr. Ronald Hardin
63181,Jonathan Cervantes
48332,Krista Walls
47325,Scott Rosales
75418,Samuel Baker
63318,Jeanette Ryan
60425,Gregory Thompson
58608,Angela Ortiz
64829,Alexis Castro
26784,Cynthia Williams
97538,Mark Cannon
14018,Erika Burnett
24329,Brett Fritz
64456,Thomas Wright
82326,Laura Cox
83455,Jessica Sutton
29029,Ryan Burgess
97066,Olivia Velazquez
53363,Kim Wu
99527,John Cain
31015,Scott Brooks
22445,Matthew Mendez
19457,Duane Hartman
89024,Kimberly Bush
11186,Natalie Collier
61347,Sheila Oliver
85043,Cassandra Oliver
79578,Alan Edwards
79266,Shelley Woodard
33207,Dr. Jimmy Kent
42789,Robert Mueller
66312,Steven Herrera
50944,Amber Young
31218,Eric Ferguson
85415,Alexandria Jackson
61286,Hailey Parker
87227,Wanda Gross
54457,Carrie Shepard
71817,Cindy Patel
31992,Christine Davis
65277,Cynthia Cline
39886,Brandon Sandoval
83144,Marilyn Griffin
33377,Leslie Hendrix
40888,Connie Schultz
45849,Joshua Lawrence
79427,Julian Francis
14407,Michael Castillo
21712,Jason Hunter
70845,Eugene Stephens
60216,Maureen Castillo
53716,Curtis Robles
97851,Meghan Nunez
15148,Christina Greene
80128,James Larsen
31182,Christine Medina
79639,Jessica Thompson
93672,Nancy Giles
44091,Melanie Robertson
14879,Kathy Holmes
33180,Jennifer Johnston
22992,Edward Guerra
48727,Wayne Garcia
77968,Leslie Camacho
33059,Douglas Moran
70274,Breanna Hammond
55340,Raymond Johns
71122,Gregory Anderson
55329,Gerald Sherman
77000,Debra Young
97131,Fred Goodman
33101,Brandi Kidd
95753,Kenneth Pittman
49178,Angela Reed
46513,Theresa Jones
17405,Daniel Baldwin
88206,Charles Taylor
79316,Tyler Stone
71779,Daniel Wyatt
82781,Vincent Saunders
26779,Valerie Dillon
43292,Steven Stewart
90346,Margaret Gonzalez
10835,Colleen Hall
24732,John Pierce
78497,Teresa Gallegos
47062,Evelyn Juarez
55972,Brent Phelps
11677,Dylan Richardson
40047,Brian Vasquez
68774,Brenda Kane
98818,Rebecca Washington
49641,Mary Rowe
98387,Dana Castillo
18794,Kimberly Hardy
32522,Diana Bentley
12648,Jason Franklin
31463,Samantha Romero
84943,Lisa Dudley
94658,Alice Phillips
35320,Shelly Bates
68286,Kelly Calderon
90828,Deborah Wilkins
19861,Shannon Wilson
35828,Christina Mitchell
99755,Anne Carter
33987,Katie Rice
16853,Nicole Long
67549,Charles Gutierrez
31247,Taylor Nelson
76461,James Mcpherson
76571,Patricia Brown
49156,Zachary Carr
43142,Sara Lyons
41203,Miranda Vaughn
52069,Melissa Freeman
60831,Dawn Cannon
92502,Sheri Smith
52219,Dr. Angela Weaver DDS
78445,Eric James
52139,Dominic Woodward
94157,Jacob Fischer
19884,Matthew Hall
86277,Dr. James Green
10377,Eddie Calderon
53995,Allison Jackson DVM
51496,Jordan Ibarra
80102,Heather Thomas
86792,Susan Williamson
42701,Patrick Lewis
69631,Travis Wallace
93389,Darrell White
86918,Philip Barrett
34187,Claire Long
84088,Benjamin Fowler
63315,Stephanie Hood
34996,Benjamin Thomas
94696,Lorraine Joyce MD
23343,Katrina Frederick
47338,Miguel Carter
13262,William Powers
72587,Maurice Jacobson
83293,Meghan Pace
68569,Anna Roberts
57357,Carolyn Knapp
35689,Michael Francis
44547,James Whitehead
10638,Rachel Hughes
43208,Deborah Thompson
28075,Jason Bullock
22397,Charles Martinez
69818,Donald Monroe
72006,Crystal Chaney
76647,Kristin Cole
40656,Robin Thompson
13626,Mrs. Andrea Smith
82072,Douglas Valdez
62278,Kenneth Rojas
69652,Barbara Allison
35975,Natasha Payne DDS
90621,Victoria Jimenez
90068,Sean Sanchez
35126,Crystal Williams
76710,Desiree Gray DDS
86027,Dr. Laura Mccann
16641,Matthew Owens
23191,Alexis Becker
91517,Dawn Compton
47015,Aaron Parker
60980,Juan Rogers
18867,Steve Gross
80670,Debbie Smith
33651,Justin Santiago
73317,Joseph Randall
75168,Lauren Nguyen
65189,Eric Lloyd
14434,Tyler Odom
85788,Victoria Miller
55548,Sandra Flowers
78385,Pamela Hansen
88958,Katherine Daniels
70458,Jessica Chan
87244,Catherine Ortiz
25674,Carolyn Todd
14213,Brent Pugh Jr.
20494,Kathleen Gonzalez
66991,Patricia Hunter
67748,Adrian Davis
14141,Jeanne Schmidt
98004,Kristen Johnson
71936,Amanda Lamb
36487,Rebecca Glass
50297,Brian Stanley
78809,Christine Young
66243,Jeffrey Hansen
90974,Tabitha Graham
40813,Steven Douglas
26139,William Evans
85902,Stacey Tucker
12761,Tyler Chandler
19591,Sharon Stephenson
85046,Jon Fisher
16421,Angel Rush
55008,Greg Riley
78708,Timothy Quinn
11445,Marie Smith
63032,Corey Park
72076,Dr. Melissa Davis
61010,Joseph Jefferson
83741,Natalie Fischer
63735,Jessica Price
69131,Shannon Becker
81110,Vanessa Ward
53562,Lindsey Oneal
64136,Susan Ramos
59917,Eric Boyer
62568,Kevin Huber
78089,Jay Whitehead Jr.
11580,John Schultz
28942,Julie Austin
68350,Benjamin Hansen
26394,Amy Anderson
17578,Theresa Mann
47307,Belinda Hart
78003,Christina Nelson
14024,Mario Gray
41500,Krystal Morris
23934,Frank Dominguez
65237,Vincent Massey
25762,John Clark
16670,Christina Bell
49254,Courtney Clark
13183,Barbara Ramirez
96551,Sarah Rhodes
59205,Dr. Matthew Campbell
52551,Luke Herrera
19449,Jessica Wong
22547,Matthew Wolfe
86006,Diana Fowler
85546,Victoria Deleon
66298,Sara Carroll
94718,Lori Harris
75205,Billy Moore
55114,John Banks
38740,Angela Arnold
57460,Theresa Kennedy
46734,Frances Andersen
58333,Dennis Grimes
13104,Robert Gardner
59130,Whitney Bell
70344,Kyle Terry
54194,Anthony Davis
36345,Steven Mann
22520,Anne Higgins
83838,James Davis
20725,Marissa Tate
43493,Nancy Sandoval
72519,Dr. Cody Miranda DDS
16024,Brenda Davis
44788,Harry Willis
59021,David West
91595,Peter Bowen
65695,Dawn Levine
86621,Melanie Nguyen
95150,Aaron Yang
41061,Katherine Robinson
34992,Michael Holloway
54583,Paige Bates
95118,Rachel Walker
32238,Ian Turner
32354,Tara Bond
26773,Anthony Bender
32957,Patrick Tran
78391,Michelle Phillips
95162,Omar Baird
78553,Kim Garcia
67867,Barry Payne
89193,Dr. Chase Giles
12819,Charles Hull
37450,Erica Navarro
34624,Stacy Shelton
93716,Jennifer Oneill
43148,Edward Joyce
19415,Nathan Gonzalez
80901,Jeremy Brown
96172,Allison Hamilton
52609,Rachel Benton
45513,Jack Good
19542,Natalie Nielsen
40168,Frank Clark
86227,Brandon Thomas
93468,Lisa Hanson
71604,Ann Nguyen
24172,Jonathan West
20876,Craig Moore
11738,Frank Conley
51176,Derek Valdez
37734,Bryce Wright
22230,Kathryn Jackson
68188,Zachary Marshall DDS
90616,John Walters
51959,Dawn Wright
68039,Steven Perez
93345,Mariah Martinez
14680,Kelly Clark
25990,Alex Bullock
24830,Courtney Martin DDS
19651,Jacqueline Davis
41977,Samantha Boyd
64207,Meagan Armstrong
77915,Kelli Scott
12279,Dennis Preston
66592,Monica Thomas
29984,Dr. Samantha Barr
10439,Evelyn Vasquez
45440,Amanda Decker
95009,Jason Davis
20806,Ernest Rice
24971,Samuel Lawson
52468,Brian Rose
55888,Eric Lara
87572,Dawn Miller
42488,Karen Mathis
65644,Megan Howard
87279,Jill Suarez
40046,James Pearson
18356,Jessica Osborn
99309,Erik Davis
50038,Dennis Fernandez
57113,Daniel Mcknight
71625,Gary Jensen
50496,Kayla Weeks
37702,Alexandra Brown
29402,Michele Delgado
32649,Leslie Pope
54692,Cynthia Cross
54363,Gregory Contreras
71023,Jamie Graves DDS
86354,Carlos Edwards
70601,Sarah King
60517,Antonio Jenkins
84297,Jay Anderson
16749,Shari Warren
10827,Megan Casey
81544,Amanda Anderson
96931,Matthew Wilson
80137,Paula Hurley
33814,Jason Flores
13801,Jose Paul
41072,Dale Villa
97089,Jesse Lucero
50670,Cynthia Cruz
21789,Suzanne Ramos
41965,Aaron Curry
28722,Paul Clark
61730,Edward Lester
87119,Lauren Jarvis
40657,Alexandra Robinson
88231,Debra Owens
10230,Maria Beasley
86931,Natasha Ramsey
88332,Kristen Mitchell
91411,Jerry Fisher
59940,Samuel Perez
41319,Maria Harris
45246,Albert Taylor
81905,Colin Baldwin
50831,Shannon Carson
59369,Kaylee Shea
79036,Ryan Mckinney
91998,Richard Howard
37388,Stephanie Brewer
34978,Perry Lynn
75360,Laurie Ayala
25427,Randy Johnson
34669,Benjamin Garcia
10191,Julie Orozco
13754,Heather Brooks
50953,Rachel Freeman
46813,Shawn Williams
20682,Jordan Swanson
62271,Hannah Hernandez
88125,Mallory Robbins
38212,Madison Myers
55843,Dean Long
73412,Jacob Ali
15184,Lauren Webb
29079,Derek Cook
96955,Jimmy Faulkner
14111,Robert Peterson
77568,Edward Brandt
22607,Joshua Zimmerman
66040,Gregory Clark
36401,Jessica Lewis
46643,Linda Young
90565,Melissa Grant
49270,Mrs. Susan Smith
28132,William Tate
75057,Danielle Chapman
99348,Jamie Mendez
56107,Jack Davis
35520,Curtis Marks
94290,Mark Taylor
61734,Joseph Marsh
92337,Rhonda Tanner
23048,Casey Rivera
39683,Larry Stevens
41578,Kenneth Hall
96536,Julie Butler
20317,Keith Meyer
73561,Joann Floyd
36195,Robert Fry
74673,Barbara Ingram
57133,Matthew Faulkner
62224,Derek Mccoy
67939,Anna Diaz
69249,Janet Thomas
48934,Matthew Newton
10168,Zachary Long
16981,Dr. Jacqueline Cook
13404,Anthony Stevens
79552,Debra Collier
35918,William Salazar
80006,Samuel David
72701,Michael Russell
22903,Samuel Mendoza
51326,Rebecca Sandoval
53756,Sherry Hopkins
53320,Katherine Simpson
92903,Lindsay Davis
96124,Holly Ross
86683,Susan Powers
63374,Shannon Horton
93909,Jessica Hernandez
72383,Nicholas West
42022,Jeanne Christensen
48534,Kelly Coleman
56105,Emily Gomez
49704,Craig Hill
66014,Peggy Schneider
67663,Kari White
89531,Johnny Graham
68445,Ashley Callahan
62114,Jessica May
50992,Jennifer Frye
76676,David Ferguson
25437,Sarah Suarez
68909,Brooke Black
73611,Joshua Perez
96563,Travis Randall
53877,John Schmidt
10592,James Smith
77746,Amanda Gomez
83903,Chad Bauer
71761,Kimberly Ayala
89718,Meghan Horn
53706,Kenneth White
19332,Nicole Fitzgerald
75870,Whitney Montgomery
39045,Daniel Jones
55483,Theresa Leon
63367,Anthony Conner
63818,Jeremiah Fry
58049,Jennifer Wade
35941,Jeffrey Lutz
79879,Melissa Dawson
87076,Christopher Wise
55146,Jessica Pierce
73247,Paige Young
75582,Pamela Lloyd
97245,Thomas Roberson
96339,Michael Brock
33812,Gary Cox
44425,Miss Kim Hamilton
98940,Mrs. Denise Mendoza
10484,Lisa Robinson
37986,Brandon Werner
25849,Tammy Park
74678,Mr. Thomas Shepherd MD
28898,Debbie Compton
41902,Madeline Clayton
29533,Seth Williamson
42216,Jennifer Hubbard
91415,Amy Sullivan
29307,George Kaiser
50423,Robert Dunn
68213,Kiara Morrison
79224,Crystal Thompson
51593,Jason Bass
31970,Jason Herman
24762,Douglas Wiley
96737,Edward Hess
67598,Martin Howard
99876,Patricia Cook
12512,Daniel White
54534,Heidi Maxwell
71002,Phillip Owens
39628,Randy Sanders
24408,Kelly Gordon
75302,Stephanie Taylor
87381,Michelle Austin
83875,Mrs. Laura Moore
30077,Robin Johnson
50695,Lisa Villegas
53589,Shelby Harris
76447,Kim Rogers
29484,Jason Sanchez
18469,Jamie Wall
89527,Ann Webb
35499,Emma Smith
31966,Charles Black
57168,James Wright
90029,Chris Lynch
77513,Wendy Woodard
52241,Christine Brooks
27163,Brenda Pratt
24049,Todd Andrews
88027,John Dixon
42293,Kayla Sanchez
23762,Jamie Ramirez
95347,Robert Bean
90961,Jeffrey Kelley
61816,Michael Gallegos
70009,Shane Wilson
46661,Heidi Pearson
44796,Marissa Oconnor
15976,Michael Chavez
77587,Tiffany Scott
24774,Carol Lambert
47931,Nancy Rogers
64992,James Cruz MD
92880,Jordan Morales
12946,Deborah Palmer
42829,Kelly Sandoval
42772,Tanya Henry
97112,Mark Walker
26397,James Callahan
81180,Dana Wade
17102,Wanda Lee
58362,Trevor Campbell
77775,Alexandra House
30096,Sarah Johnson
67950,Charles Odom MD
39340,Jo Gutierrez
45725,Whitney Martin
45274,Richard Nelson
87677,Jacob Andrews
63736,Mackenzie Woodard
11056,Charles Mccarthy DDS
94805,Cynthia Gibson
44569,Rhonda Guzman
12003,Matthew Villegas
80728,Tracy Adams
50675,Matthew Flores
36678,Natalie Escobar
45200,Thomas Norris
13434,David Flores
23712,Brittney Martinez
54687,Linda Hall
35140,Logan Oliver
79722,Melissa Washington
98327,Justin Hale
79064,Jeremy Lucas
19218,Kelly Sullivan DVM
38721,Ricardo Dixon
18501,Virginia Hayes
41840,Jodi Cox
56988,Crystal Howell
38059,Suzanne King
54670,Anthony Ryan
40214,Paul Soto
72194,Willie Collins
13111,Benjamin Warner
68590,Anthony Hayes
79622,Steven Montgomery
37551,Jared Ellis
59774,Jamie Turner
81255,Eric Chapman
21989,Abigail Deleon
91155,Daniel Taylor
22248,Jessica Freeman
94484,Lori Jackson
59628,Nicole Cortez
16706,Julie Watson
67396,Ian Carpenter
46039,Heidi Munoz
88794,Amy Decker
46589,Madison Campbell
12911,John Thompson
39087,Billy May
17940,Scott Palmer
34095,Mary Winters
73620,Kevin Simmons
93942,Charles Rollins
77949,Patricia Logan
42845,Sherry Edwards
57176,Samantha Kemp
76135,Kayla Bennett
32472,Samantha Thompson
31734,Kimberly Johnston
89671,Kristi Gomez
41649,Andrea Nolan
55634,Jennifer Anderson DDS
60470,Jaime Flores
55584,Deborah Scott
66818,Johnny Harris
31045,Gabrielle Wilkinson
98168,Tammy Fisher
93348,Erika Martinez
82092,Lori Shea
54930,Nancy Robles
36598,Donald Conner
69446,Brandon Wheeler
48745,James Sanders
10806,Susan Graham
90034,Carol Brown
93451,Ruben Gray
72234,David Weiss
35242,Kenneth Prince
75814,Dylan Jackson
76535,Brandon Hanna
66388,Joe Jones
30313,Mark Daniels
76030,Theresa Nixon
81317,Katie Mclaughlin
52740,Tina Clark
14475,Melanie Kelly
81680,Felicia Mcpherson
21406,Ronald Garcia
90820,Tiffany Logan
64238,Aaron Washington
11354,Anthony Bowers
60090,Monica Gordon
90013,Roger Orozco
34944,Wesley Wood
46378,Rachel Blair
66371,Laurie Morgan
55056,Ian Fernandez
28623,Marcia Hunt
29047,Danielle Beard
37873,Todd Stevens
43601,Mr. Jared Robertson
56583,Anna Gibson
66846,Christina Mayo
58050,Destiny Branch
45356,Mary Barnes
74007,Jenna Welch
18128,Angela Henderson
32378,Christopher Wright
83516,Mrs. Amy Robinson
61720,Frank Li
64065,Carl Johnson
64762,Randy Hutchinson
21023,David Johns
24338,Lee Wells
68881,Lori Smith
73931,Karen Potter
36360,Christian Brock
94485,Deborah Howard
99068,Pamela Lewis
35589,Kathy Strickland
82277,Kelly Webster
14178,Todd Guzman
23227,Victor Lawson
32336,Kristina Duncan
91012,Jonathan Morris
65768,Jason Ingram
81218,Katie Baker
40846,Juan Brown
90730,John Mueller
93515,Tiffany Gomez
14641,Shawn Acosta
53815,Lindsey Francis
15642,Derek Roach
13278,Jacob Ramirez
81154,Maria Velazquez
11308,Amy Palmer
12781,Sarah Spencer
98586,Samuel Robles
57294,Deanna Martin
17883,Kevin Walters
61770,Heather Hill
87839,Tristan Castro
41638,Tamara Miles
97328,Jennifer Humphrey
73068,Jill Hicks
71919,Charles Schwartz
20639,Richard Brown
56221,Amanda Smith PhD
35815,Amy Olson
22664,Adam Park
82518,Maria Clay
56238,Leah Duncan
18213,Alexandria Robertson
19773,Kimberly Maldonado
61744,Devin Castro
73075,Caroline White
53505,Michelle Calderon
78919,Luke Harris
50137,Casey Liu
21150,Jeffrey Terrell
77952,Anna Reed
80573,Linda Petersen
15941,Andrew Rogers
74949,Rebecca Watson
90846,Sarah Lin
90375,Laura Barnett
49357,Kimberly Wilkerson
54485,Kayla Miller
70330,Stephanie Cole
55573,Mrs. Crystal Scott
70786,Shannon Rivera
80083,Dana Gonzalez
11673,Kristen Mack
47495,Ronald Peters
26554,Chad Ramos PhD
78214,Kelsey Sanders
52632,Dawn Torres DDS
64080,Kelly Rosario
68034,Heather Bruce
81351,Anna Trevino
19072,Joseph Mccann
59709,Douglas Callahan
57464,Kathleen Mcpherson
90742,Austin Robinson
32287,Ashley Arias
72541,Jenny Shaw
30923,Geoffrey Summers
59720,Sabrina Brown
85838,Calvin Watson
31789,Jeffrey Vasquez
99836,Jeffrey Richards
15774,Jonathan Ramos
50825,Lindsey Green
34350,Robert Juarez
37212,Chad Lopez
96442,Brenda Harrison
61179,Ashley Montgomery
93711,Richard Kent
44187,Edwin Higgins
84706,Katherine Hartman
15522,Lori Walton
85405,Alexis Barry
46176,Charles Moore
57681,Sean Sharp
64776,Melanie Scott DDS
17124,Megan Olsen
21470,Tyler Burch
27827,Lindsay Martin
57605,Sara Poole
92749,Kylie Smith
16593,Tyler Garcia
44570,James Thompson
12671,Jerry Smith
30483,Ashley Jensen
42473,Jay Vega
50959,Donald Byrd
14669,Carla Lawson
53947,Felicia Thompson
52495,Dakota Wolf
38448,Cassandra Hunt
83098,Aaron Huerta
17891,Chelsea Thomas
17642,Andrew Hunter
52354,Ashley Newman
64299,Jose Sims
68841,Jillian Patton
33075,Robin Anderson
55186,Jeffrey Zuniga
20370,Michelle Rodgers
23121,Angel Scott
77771,Ricardo Kelley
11665,Justin Walker
30942,April Cook
48721,Isaac Velazquez
79731,Dr. John Morgan
18909,Connie Austin
71195,Matthew Curtis
36594,Travis Hendricks
79710,Douglas Barber
34766,Alexander Evans
63144,Robert Erickson
10824,Kristina Hernandez
80459,Marc Walker
72966,Jason Porter
46978,Bryan Hanson
12527,Lee Walker
30246,Andrew Ramirez
37583,Timothy Hood
97565,Michele Johnson
89957,Heather Hogan
34155,Jose May
42551,Cody Pittman
60717,Michele Serrano
86674,Leslie Nguyen
87763,Nathaniel Gallegos
31857,Shawn Harrell
95100,Ashley Terrell
25011,Tina Levine
49349,Caroline Wood
36527,Kathleen Delgado
18110,Leah Contreras
66656,Cathy Thomas
64993,Alicia Salazar
62895,Arthur Mills
26525,Marie Lopez
17129,Kristin Peters
65222,Veronica Graham
24521,Brittany Martinez
75574,Christian Thompson
30906,Brandon Perry
46382,Kelly Sharp
73480,Joanne Bishop
85009,Heather Anderson
43066,Mallory Moon
22031,David Ortiz
74624,Frederick Davis
16229,Timothy Sanders
17926,Julia Foster
10746,Edwin Woodard
30701,Alison Woods
56502,Elizabeth Carter
71355,Keith Moore
79630,Dan Harper
22363,Lori Tate
68573,Joy Gregory
74097,Richard Mann
83475,Richard Newman
55556,Carol Tucker
75541,Kathleen Keller
50001,Felicia Maddox
87918,Laura King
50116,Riley Miller
12770,Tyler Choi
50904,Levi Hogan
19149,Carly Owens
69515,Timothy Williams
34839,Katrina Mcdaniel
12424,Kyle Daniels
31595,Joseph Arnold
95338,Tracy Olsen
65657,Brent Harris
49752,Bradley Harrell
50718,Stephanie Fields
62736,Stacey Hays
12506,Benjamin Douglas
78057,Donna Beasley
80816,Bobby Johnson
47730,Chris Swanson
12458,Peggy Mckenzie
93211,Danny Thompson
82057,Kristen Berg
95339,Jerry Ferrell
21041,Jeffery Morris
58083,Derrick Keller
80149,Paula Morales
47051,Matthew Carrillo
46016,Colleen Gates
38798,Maria Graham
30054,Mason Herrera
77389,Kevin Yates
91807,Devon Eaton
96438,Christina Cruz
19095,Jimmy Stephens
12711,Derek Faulkner
38687,Danielle Griffith
68360,Brandon Fowler
36324,Alan Reynolds
85930,Courtney Salas
43259,Heather Collins
50997,Peter Nguyen
86978,Cassie Sampson
39327,Mariah Stewart
64317,Ethan Bell
49025,Jason Acevedo
23744,Alexandria Knox
32479,Jessica Cortez
81694,Jenna Barnes
35785,Kathleen Taylor
33569,Mr. Arthur Cobb
25169,Alejandro Salas Jr.
33837,Joseph Hawkins
65454,Gary Coleman
27770,Stephanie Reyes
43630,John Esparza Jr.
25826,Samantha Davis
44806,Kevin Allen
42737,Doris Jones
70351,Debbie Tanner
12543,Katelyn Walker
76464,Tina Harris
64252,Wendy Lee
12178,Deborah Hines
70249,Nicholas Atkins
88683,Mrs. Anna Oliver
85846,Allison Murray
39727,Carolyn Durham
83896,Brittany Neal
63128,Todd Curtis
48672,Ashley Graham
90223,Valerie Copeland
78440,Christina Roman
59680,Alan Zuniga
13705,Miss Kelly Stevens
49118,Hayden Gonzalez
54794,Jose Davis
48722,Bethany Aguirre
24683,Patrick Thomas
83858,Donald Salinas
50932,Brittany Boyd
72748,Alyssa Lewis
99549,Caitlin Stevenson
64150,Shane French
77179,Todd Robinson
65939,Jesus Woods
19393,Cody Williams
76324,Taylor Green
27624,Bruce Gutierrez
41691,Ann Webster
77895,Travis Daniels
80148,Shane Owen
46316,Richard Jones
40896,Matthew Black
92204,Regina Lopez
84998,Lauren Davis
21360,Rachel Morales
53873,Natalie Graham
22672,Danielle Miller
85218,Jaime Moore
76550,Joe Petty
48573,Michael Hill
91005,Cody Jacobs
61792,Jessica Grant
83833,Michael Nash
69455,Richard Sims
86060,Bob Bush
65526,Billy Salazar
87738,Erik Gutierrez
95972,John Cole
61382,Anna Garcia
60077,Lucas Bailey
86320,Sonya Ramos
79897,Monica Wyatt
42576,George Floyd
64811,Paul West
30966,Gabriela Hudson
62104,Beverly Smith
99307,Shannon Chavez
99787,Bruce Galloway
45481,Roy Gutierrez
97024,Mr. Taylor Johnson
82467,Jenna Weaver
16815,Robert Maynard
55671,Kelly Hansen
79949,Denise Bray
59893,Tony Harmon
80411,Craig Pugh
13144,William Brooks
75329,Brent Curry
58339,Rebecca Blanchard
60783,Charles Choi
37603,Sara Garrett
55176,Daniel Ellis
12404,Mary Parker
54291,Jordan Hill
60105,Anthony Edwards
54981,Matthew Blanchard
30292,Jane Leach
67546,Courtney Green
50493,Yvonne Lowe
34770,Tonya Fox
52976,Carmen Miller
45714,Ricardo Henson
48341,Jordan Santos
97903,Traci Riley
62293,Susan Bennett
99155,Martin Humphrey
29596,Kathy Mcbride
37568,Karen Delgado
72202,Deborah Cain
60114,Jo Thompson
80123,Sydney Koch
90935,Richard Berger
83016,Nicole Waters
73127,Marilyn Moody
78837,Melissa Sanford
59088,Erin Yates
71251,Jillian Harvey
43015,Charles Martin
95229,Diamond Duarte
83712,Allison Sosa
83191,Kristi Watkins
26100,Samuel Brennan
38425,Paul Cook
58791,Alyssa Mcpherson
39923,Christopher Heath
81298,Colin Nelson
42463,Andrea Adams
23239,Andrew Keller
34335,Melissa Evans
52243,Samantha Sparks
46336,Anthony Wilcox
22526,Michael Floyd
80999,Marc Ellis
93319,Ashley Waters
47023,Amy Vance
62302,Lynn Robinson
31973,Scott Grant
37147,Tyler Williams
74272,Leslie Freeman
94981,April Johnson
57557,Paula Price
61446,Robert Webb
38984,Javier Burns
63036,Ashley Johns
30508,James Norris
88561,Melvin Franklin
97392,Megan Pruitt
93535,Tiffany Campbell
35441,Tara Duke
11144,Robert Roberts Jr.
93486,Richard Montes
47428,Emily Owens
80164,Kenneth Cook
74292,Susan Morris
95599,Mark Henderson
97871,Joe Macias
95220,Elizabeth King DDS
12275,Terry Morales
87982,Mary Carr
18490,Caleb Mckay
54741,Rebecca Pena
78317,Robert Woods
31425,Joanna Thompson
11946,Jonathan Ayala
23918,Darryl Moore
61676,Jacob Bailey
95920,Rachel Colon
75313,Jimmy Foster
64706,Dennis Young
23153,Kevin Chapman
96335,Carla Mclaughlin
37105,Jimmy Sanchez
44172,Gail Rodriguez
70224,Lisa Davis
33697,Katherine Sharp
17646,Monique Myers
47564,Mark Ballard
77711,Allison Bennett MD
83468,Alexa Ponce
46049,Daniel Payne
41759,Sheryl Smith
99418,Hunter Stone
10893,Marc Diaz
32719,Connie Ingram
84013,Kristy Ward
10744,Jose Webb
89705,Lauren Wright
20889,Nicole Davis
17798,Bonnie Bennett
46933,Gerald Johnson
72236,Ryan Jones
77883,Greg Fischer
82369,Steven Knight
29449,Carla Melendez
95366,Patrick Torres
40332,Jeremy Simmons
19162,Dawn Higgins
84177,Daniel Jefferson
99707,Lindsay Hampton
71784,Bobby Fry
46494,Tony Richards
63238,Andrew Spears
98485,Brenda Chen
56724,Beth Crane
65257,Mackenzie Brock
70426,Kyle Hoffman
35980,Christopher Guerra
15477,Felicia King
86278,Elizabeth Phillips
98812,Thomas Miller
92833,Justin Shepard
58522,Mr. Paul May
93037,Sarah Holloway
10316,William Gardner
84775,Richard Brady
95834,Jeffery Davis
30555,Melissa Hunt
96297,Timothy Mora Jr.
76496,Holly Tran
46084,Melanie Stanley
48227,Katrina Alexander
26352,Sara Rivera
64054,Aaron Vargas
55717,Paula Crawford
18174,Mary Thomas
13587,Melissa Livingston
22334,Peggy Pugh
76150,Shawn Carter
51973,Rebecca Hutchinson
34496,Chelsea Mason
59560,Barry Pacheco
20924,Rachel Gray
12405,Gail Walsh
70059,Kyle Hutchinson
59249,Kristina Hinton
73125,Mr. Joshua Grimes
42662,Larry Holt PhD
27779,Gina Bell
53180,Katherine Blake
84333,Candace Wagner
34875,Paul Romero
80681,Rhonda Mcintyre
29349,Kathryn Roberts
15765,Glenn Reed
74663,Tasha Robinson
53469,Laurie Graham
16311,Deborah Peterson
43143,Erica Leach
53828,Jason Olsen
83596,Jacqueline Carson
93102,Christina Berry
16648,Tracy Bates
51615,Jacqueline Spencer
13338,Andre Byrd
36176,Amy Roth
34312,Hannah Powell
96355,Lindsay Dean
43804,Stephanie Jensen
21856,Ryan Oconnor
40957,Kevin Obrien
38073,Matthew Ball
42981,Ashley Hendricks
42782,Linda Anderson
22422,Steven Kelly
89490,Allison Kim
41379,Holly Curtis
14522,April Gray
54569,Deborah West
20779,Calvin Decker
61495,Mary Bush
73441,Tyler Johnson
86553,Amanda Macdonald
54002,Crystal Simmons
95244,Henry Parker
84543,Jackie Hansen
25555,Nicholas Fuller
17353,Diane Bean
14593,Amanda Bennett
45959,Shelby Hunter DDS
11451,Jennifer Robinson
74679,Kevin Dean
86075,Sandra Quinn
43263,Andrea Horne
61230,Omar Bush
46100,Daniel Livingston
39161,Wendy Torres
17580,Arthur Duke
69588,Rebecca Rodriguez
77409,Gregory Fernandez
97604,Traci Jenkins
87468,Marc Shields
74455,Mariah Reed
56495,Samuel Combs
24428,Nicole Jones
36111,Jennifer Owens
60560,Jennifer Rivas
25145,James Murphy
65762,Diana Conley
81885,Brianna Young
79610,Debra Villarreal
91752,Brian Olsen
66085,Madeline Garcia
89627,Zachary Elliott
36617,Chad Mckee
22250,Maria Reyes
56419,Danielle Graham
19103,Patricia Fuentes
72961,Blake King
25545,Elizabeth Herman
53120,Kelly Roberts
85238,Donald Sanders
85396,Mallory Carlson
30970,Wendy Poole
57400,Andrew Mitchell
39571,Thomas Reyes
16293,Tyler Keller
19372,Elizabeth Gomez
23236,Jenny Hopkins
87327,Erin Blanchard
60193,Danny Cox
30027,Derrick Wiley
33272,Luke Garcia
87014,Stephanie Green
98469,Caitlyn Hughes
18757,Brett Green
11971,Darrell Jones
56521,Jonathan Rowe
55238,Sara Landry
94846,Paula Romero
60803,Kimberly Sullivan
45417,Lynn Wilson
42343,Cameron Velez
64347,Cole Sloan
27038,Mary Pope
28893,Mark Blackburn
27566,Norma Jackson
19825,Jordan Hart
60561,Elizabeth Davis MD
42303,Ryan Collins
22396,Linda Rios
41352,Robert Harvey
20944,Jonathan Higgins
89584,Jacob Sutton
26138,Erica Valdez
45748,Alan Lopez
87170,Jacob Obrien
73831,Mark Patterson
14784,Donald Harris
10374,Jerry Bentley
97539,Maria Evans
61244,Charles Mcfarland MD
72067,Shane Hunt
21192,Linda Hoffman
37083,Steven Marshall
58380,Karen Rodriguez
21156,Suzanne Ruiz
57586,Carl Nolan
87728,Brenda Green PhD
71716,Evan Mason
33864,Julie Jensen
31114,Joshua Campbell
66457,Kevin Powell
32852,Diamond Middleton
91903,Charles Costa
44403,Angela Pierce
56319,Stephen Ayala
87858,John Melendez
85734,Shelly Hernandez
28555,Ellen Cook
95553,Robert Mccall MD
54539,Peter Johnston
94423,Kimberly Fuentes
11249,Brittany Rice
29997,Kimberly Love
68584,Rodney Harris
13598,Brandon Yoder
18264,Richard Shelton
67766,Kenneth Spencer
94347,Michael Baldwin
41778,Sherri Jordan
24000,Lindsey Gutierrez
90366,Crystal Hamilton
12127,Angela Harper
77871,David Thomas
71721,Justin Evans
15985,Kyle Gutierrez
74564,Tony Johnson
54465,Kelly Bell
16627,Zachary Vance
62094,Tracey Jones
50004,Steven Erickson
14757,Noah Gonzales
57973,Kevin Sampson
74046,Matthew Baker
77146,Evan Miller
27663,Tamara Ward
51809,Wayne Perry
95062,William Chen
17385,Alison Guerrero
87847,Terri Brock
43653,Bradley Peterson
17861,Seth Horne
10946,Jeremy Powell
18587,Steven Hernandez
72297,Victor Perez
91757,Susan Phillips
22099,Kevin Duncan
71148,Kathleen Best
88654,Samantha Scott
29403,Alexander Foster
99792,Jasmine Jordan
32323,Brian Cox
48525,Devon King
54971,Karen Mccoy DDS
91707,Samantha King
48785,Sarah Gray
83987,Justin Cruz
15280,Cody Lewis
76832,John Bishop
97155,Gloria Lester
11647,Joseph Fletcher
87144,Tiffany Jones
34872,Leslie Schmidt
85874,Teresa Walker
84816,Mrs. Ashley Zhang
44206,Nicole Lopez
26270,Randall Lucero
90919,Betty Green
95361,Cynthia Atkinson
76067,Casey Stout
51309,David Hale
38158,Jeffery Mccoy
33603,Bryan Thomas
47628,Kelly Harris
63309,Melissa Black
84762,Crystal Martin
20469,Joanna Williams
81158,Jesse Clay
29680,Isaiah Porter
24322,Gina Brown DVM
13239,Kimberly Garner
15833,Juan Pugh
38021,Miguel Harrison
43293,Kimberly White
16212,Matthew Garza
87670,Joshua James
84407,Wendy Andrade
98560,Anna Spencer
65972,Caitlin Perez
23050,James Steele
43258,Kimberly Herrera
53226,Brandon Jenkins DVM
48932,Alan Baker
41403,Austin Gray
66743,Alexandra Mathews
32635,Jason Hawkins
62573,William Matthews
41156,Jerry Peterson
84306,Daniel Marquez
46264,Cameron Young
51147,Donald Taylor
44271,Juan Taylor
88253,Dawn Drake
72931,Kathleen Beard
40589,Anna Anderson
76883,Mrs. Michelle Alexander DDS
19117,Kylie Campbell
46334,Dale Collins
19996,Lindsey Leonard
51173,Kimberly Ellis
68679,Latasha Fisher
96285,Michelle Shields
46882,John Lozano
16830,Mrs. Elizabeth Hernandez
80632,Christina West
23190,Douglas Golden
68630,Gregory Golden
19544,Alicia Weber
69764,Jeremy Martin
72827,Jack Dean
42497,Jeremy Griffin
59503,Jessica Ochoa
42933,Walter Greene
34999,Kenneth Monroe
69804,Joseph Powell
42212,Alicia Pearson
66399,Tamara Morris
62987,Michael Cobb
73844,Sherri Young
63846,Bryan Hudson
95431,Jamie Figueroa
56155,Kari Hoffman
97251,Kerry Lucas
20117,Christine Barnes
31669,Sarah Todd
13499,Ryan Webster
62990,April Adams
19829,Jay Thompson
48769,Shannon Anderson
20490,Andrew Carter
71853,Beth Nixon
26928,Melanie Garner
37106,Brenda Wong
59855,Debra Mcdonald
68364,Rebecca Martinez
20402,Julie Sanders
22256,Lindsey Perez
96077,Jessica Kerr MD
45429,Maria Bullock
86041,Tony Phillips
25687,Hannah Perry
11926,April Proctor
15033,Heather Garcia
55368,John Nguyen
43006,Linda Parrish
42725,Derek Perry
15046,Christopher Alvarez
22460,Andrew Odom
24815,John Weiss
16497,Caitlin Armstrong MD
99899,Tammy Le
30797,Courtney Levy
16890,David Ferrell
74290,Jermaine Richards
60742,Crystal Stephenson
55411,Chelsea Jones MD
87919,Wayne Pratt
46317,Kaitlyn Roberts
52682,Donald Wilson
61810,James Morgan
36533,Charles Proctor
73343,James Long
10742,Kevin Simon
40365,James Lane
88874,Alicia Fox
17345,Brent Singleton
93999,Cameron Estrada
38464,Wesley Fritz
87070,Pamela Mcguire
15546,Christopher Brady
78433,Mario Perry
26470,Tasha Goodwin
78885,Matthew Ewing
42659,Wayne Mueller
45810,Cody Berg
24924,Mary Cross
57085,Christine Petty
73257,Sonya Barajas
84208,Amanda Graham
23911,Kenneth Flynn
60221,Bryan Leblanc
58440,Sherri Mack
56571,Sarah Thompson
76445,Anna Nelson
71003,Lisa Bryant
57164,Joshua Hughes
46185,Lisa Knox
49965,Taylor Wells
56863,Paul Shepherd MD
18823,Toni Carpenter
32367,Leslie Brady
79607,Alexandra Turner
20263,Jeffrey Adams
99118,Chad Young
25757,Ryan Ferguson
87904,Benjamin Herrera
26192,Andrea Douglas
45471,Christopher Galloway
10874,Shawn Figueroa
82842,Susan Copeland
88915,Melissa Franco
61567,Brandon Cunningham
84454,Sharon Foley
42094,Jacob Gonzalez
98794,Joel Francis
11228,Richard Mckay
93436,Laura Mckee
12620,Vincent Hickman
36108,Victor Salazar
36312,Brian Lawrence
27018,Lisa Cox
42545,Katelyn Kemp
44070,Troy Marshall
32006,Antonio Edwards
28067,Krystal Underwood
92211,Paula Lin
57373,Catherine Gibson
26083,Jim Harrison
47308,Brandon Chen
55882,Kenneth Watts
85551,Emily Robertson
98323,Terrance Long
78816,Debbie Nelson
12516,Suzanne Jones
67416,Kim Mathews
36162,Michael Myers
78866,Kimberly Knox
68398,Natalie Russo
34893,Adam Lane
89616,Jorge Jackson
73680,James Stewart
25503,Betty Hawkins
68722,Kathleen Riley
44945,Dorothy Smith
21700,Steven Franco
70774,Kendra Powell
84005,Gary Williams
69360,Thomas Mccarthy
42186,Hannah Walker
79179,Kristie Higgins
70229,Ann Oneal
59523,Kelly Davila
40474,Stephanie Dominguez
77718,Christian Francis
22567,Jesse White
34843,Javier Randolph
22681,John Brown DVM
14490,Douglas Gonzalez
56995,Sandra Christensen PhD
13301,John Reeves
74555,Yvonne Norman
10277,Kimberly Nguyen
77605,Mr. Paul Griffin
44600,Lisa Kaiser
59809,Julie Farley
31896,Kyle Chapman
19233,Felicia Conrad
47567,Edward Collins
13808,Emily Hayes
29506,Ian Howard
30245,Anthony Cummings
89543,Brittany Clarke
92539,Sean Duke
17196,Heather Ferrell
98758,Caitlyn Pacheco
53395,David Gentry
31449,Amber Alvarado
87855,Jon Rogers
14881,Carmen Carney
10709,Kathy Chan MD
82818,Kimberly Parker
73259,Cesar Sloan
43997,Dawn Hogan
97988,Taylor Gould
70379,Nicole Fox
74273,Thomas Lopez
65420,Julie Herman
29592,Denise Frost
43030,Michael Munoz
59972,David Burns
18154,Robin Hunter
25914,Michael Wagner
57556,Brittany Hanson
23964,Angela Mcclure
95934,Sharon Moore
31353,Roger Smith
93201,Danielle Ramirez
32920,Amanda Barnes
31244,Mr. Daniel Wright
96203,Alyssa Huff
39031,Anna Guzman
92641,Kerry Kim
70097,Jennifer Gonzalez
50500,John Morse
73971,Lisa Good
81025,Darren Simmons
34343,Frank Blake
21614,Nina Booth
27606,Nicholas Mercado
68522,Jennifer Boone
55129,Renee Scott
85026,Christopher Contreras
50015,Kenneth Morrison
36115,Daniel Chen
66443,Melissa Espinoza
50947,Courtney Rowland MD
91976,Kenneth Barton
75049,Christian Compton
26474,Timothy Dennis
84260,Heather Jackson
99546,Regina Khan
48096,Douglas Peck
18454,Heather Barr
84472,Thomas Schneider
32128,Natasha Jackson
49026,Brandi Jenkins
32211,Andrew Herman
36120,Jennifer Potter
98535,Alexandra Hunter
47993,Diana Martin
79692,John Jennings
12294,Kevin Schwartz
58565,Ashley Bennett
65563,Hannah Taylor
71206,Evelyn Reyes
73902,Rita Charles
45503,Felicia Huffman
20773,Joshua Walsh
95939,Chad Nicholson
35092,Patty Clarke
28515,Mr. Andrew Mcmillan
39899,Gregory Jefferson
54293,Adam Moody
65766,Edward Mendez
63049,Rebecca Manning
66372,Mary Carson
40817,Mark Jones
73591,Natalie Henderson
95992,Curtis Williams
16786,Krista Phillips
88271,Nicole Duran
65210,Stephen Baker
28667,Kathryn Jones
70803,Martha Davis
91733,Michael Raymond
80399,Robert Horn
59577,Connor Miller
19667,Frederick Lawson
65858,Robert Mclaughlin
64406,Amy Fisher
75650,Frank Small
40909,Tanner Hicks
92456,Kayla Moss
20970,Anna Clayton
44816,Elizabeth Davenport
64864,Marc Ross MD
23188,Donald Haynes
31817,Miguel Stevens
97202,Mary Hines
46393,Jill Phillips
85029,David Cohen
75348,Erin Garcia
90535,Sandra Wright
16175,Todd Cunningham
72561,Carlos Liu
59380,Morgan Bryant
10777,Christine Farmer
43138,Martha Rodriguez
26485,Mandy Tapia
65540,Debbie Brown
14684,Michael Jenkins
29146,Kelsey Foster
17138,Todd Wheeler
94103,Renee Ramirez
50882,Debra Castillo
64958,Alexa Stewart
76310,Michelle Holland
74511,Carol Pope
36022,Matthew Nash
13253,Nicholas Clements
40721,Jessica Miles
76114,Jessica Russell
27677,James Fleming
73736,Marcus Thomas
33524,Olivia Campbell
28404,Kenneth Greene
94277,Sylvia Bass
66961,Ryan Ryan
62569,Lynn Love
71332,Jocelyn Jennings
36794,Gabrielle Robinson
87038,Anthony Zamora
68142,Tammy Powell
30713,Stephanie Golden
76095,Mary House
32782,Brandi Mata
40375,Kyle Snyder
93019,Christopher Lang
59900,Joel Martinez
73272,Wesley Acosta
33342,Benjamin Gordon
34746,Joseph Grant
69199,Roberta Mason
61228,Michelle Thompson
59692,Bruce Washington
82443,Kayla Rice
51166,Nicolas Hodges
60659,Spencer Hays
92267,Jessica Shea DDS
40159,Benjamin Mack
86745,Joseph Landry
58929,Cindy Butler DVM
50564,Rebecca Marshall
85519,Reginald Harris
87429,Mary Flores
84079,Ronald Stark
36711,Misty Bentley
98452,Steven Bond
76706,Meghan Mendoza
57184,Stacy Rojas
23467,Sandra Saunders
46005,Connie Williams
43734,Wendy Lynch
61074,Nancy Santos
18935,Deborah Monroe
52754,Paul Chapman
76332,Morgan Jones
57211,Nicholas Black
36412,Diane Short
94912,Jon Montoya
66565,Dawn Carter
88812,Jim Smith
87549,Marvin Collins
94810,Erica Harrington
96373,Donald Bridges
65833,Jaime Callahan
51574,Kylie Acosta
30603,Tom Gilbert
38821,Tammy Doyle
65679,Robin Herman
75513,Joseph Jones
45519,Jimmy Sutton Jr.
25314,Danny Roberts
81058,David West Jr.
84341,Brandi Anderson
30142,Carlos Morrison
66147,Mary Huang
29503,Mr. Edwin May
77972,April Murphy
14650,Matthew Hughes
53108,Jason Mathews
18731,Erika Eaton
84287,Kevin Warren
99811,Ellen Clark
46318,Thomas Garrison
71478,Leslie Patterson
54192,Jerry Castro
71155,Brian Zamora
88805,Patricia King
36317,Sierra Schwartz
36199,Robert Melton
72192,Tamara Clark
87193,Kimberly Lee
63393,Jeffery Anthony
52232,Scott Herring
53818,Jill Drake
61587,Edward Diaz
13546,Mr. Paul Smith
21752,Vanessa Ramirez
15144,Michelle Brock
47079,Katherine Wells
57041,Christopher Waller
83371,Amanda Hall
40221,John Mcintyre
73347,Timothy Miller
60243,Mary Ferguson
48056,Dalton Collins
42724,Joseph Pham
15469,Diana Garcia
21273,Kevin Reilly
48440,Susan Davidson
28019,Kelsey Henderson
37654,Robert Hull
10676,Casey Bryant
51187,Mary Blair
82897,Kevin Logan
88803,Brenda Aguilar
93817,Monique Huerta
56455,Crystal Campbell
93175,Christina Vang
26648,Donald Webb DDS
60644,Victoria Washington
95090,Brian Trujillo
68001,Hannah Wilkinson
18586,Matthew Rodgers
16809,April Poole
62873,Haley Brown
83375,Gabriel Nunez
35139,Cheryl Bonilla
80771,Mr. Nicholas Chandler
54244,Jeffrey Kramer
65558,Rebecca Jackson
61910,Deborah Hamilton
18276,Christina Gonzales
20804,Nathaniel Villegas
23648,Tristan Decker
16316,David Charles
39296,David Reyes
20183,Brian Nichols
82286,Andrew Bowen
81912,Sarah Browning
21943,Randy Thomas
78732,Phillip Jackson
92177,Laurie Horne
92612,Kevin Vang
98731,Victoria Dominguez
91858,Katherine Parker
98527,Edward Young Jr.
28038,Casey Pineda
63441,Tyler Long
77836,Laurie Warner
85402,Sara Cuevas
20862,Becky Jones MD
76369,Francis Bernard
89453,Christopher Ramsey
46246,Miranda Johnson
68343,Linda Fletcher
38288,David Rose
81178,Beth Johnson
60716,Ryan Smith
98166,Shawn Bass
91646,Sean Hanson
34070,Morgan Davis
77749,Stephen Acosta
79883,Cody Rogers
10471,Donald Harmon
33453,Michael Heath
53506,Jessica Wolfe
15747,Glenn Clark
42518,Mr. Rodney Gonzalez MD
93709,Mercedes Parker
36639,Pamela Jackson
27179,Chris Escobar
33442,Jessica Alvarado
17737,Veronica Macdonald
39289,John Johnson
94564,Kelly King
30866,Jacob Stevens
46265,Juan Tate
31787,Mercedes Johnson
89850,Joseph Medina
91587,John Marks
31581,Maurice Baker Jr.
85939,Megan Carpenter
30516,Kimberly Jones
38747,Joseph Rhodes
58751,Jessica Gonzalez
77855,John Johnston
59250,Melissa Boyle DDS
64355,Ebony Hayes
26481,Ryan Jenkins
85283,Brenda Bernard
79624,Shaun Arias
25648,Jane Jackson
63699,Rhonda Keith
53633,Sarah Garrison
29534,Mary Bennett
68698,Darrell Smith
98388,Victoria Cross
93690,Alexandria Jacobs
10945,Christopher White
18235,Jonathan Phillips
36335,Dawn Stone
94184,Rachel Berg
60879,Lauren Clark
92954,Sarah Dennis
10104,Leslie Castillo
40695,Patrick Johnson
38625,Kenneth Roberts
75237,Todd Melton
26027,Daniel Dickerson
77590,Pamela Higgins
61841,Linda Brown
78245,Gabriel Hoffman
79504,Sarah Carney
83764,Dr. Kaylee Lopez
40008,Phillip Walker
31052,Judith Collins
53084,Charles Castaneda
92798,Angela Brennan
71198,Brett Escobar
24429,Matthew Anderson
39881,David Tapia
17971,Tracey Hammond
66397,John Dean
75888,Sarah Ruiz
14686,Felicia Hernandez
92149,Martin Castillo
10320,Austin Franklin
28917,Jenna Davis
55133,Michael May
90617,Melinda Garcia
16987,Mr. Christopher Bautista
10808,Christopher Gilmore
92736,Linda Saunders
32933,Tommy Norris
45131,Colleen Leblanc
87835,Terri Ibarra
21049,Carrie Diaz
55919,Jacob Golden
25440,Stephanie Long
65169,George Anderson
86563,Cody Lee
63892,Brian Benson
25631,Alexandra Snyder
90584,Jeffrey Norton
46067,Kayla Fleming
64816,George Campbell
55381,Spencer Johnson
33135,Laura Blair
78881,Jane Villanueva
98235,Erica Walton
20587,Aaron Collier
22962,Richard Lee
83313,Alicia Peterson
90417,Donald Collier
14260,Karen Esparza
85748,Brandy Sullivan
38438,Justin Estes
33154,Jason Peters
88905,Taylor Cabrera
82280,Stephanie Curry
32149,Audrey Flores
52856,Debra Mcguire
84774,Bobby Russell
46536,Patricia Medina
20322,Michelle Richardson
11664,Christian Taylor
89872,Andrew Zimmerman
17151,Jerry Harrison
53076,Anthony Ramirez
76130,Heather Hicks
69179,Kevin Wells
74711,Kimberly Henderson
75104,Veronica Vincent
90664,Crystal Webb
74075,Katherine Krause
37130,Billy Johnson
44029,Anthony Reyes
98438,Anthony Henson
25137,Victor Suarez
81226,Billy Singleton
63696,Benjamin Williams
25028,Francisco Hernandez
90086,Brian Day
48146,James Porter
13757,Jerry Petty
35816,Dr. Dorothy Robinson
29624,Morgan Powell
38221,Mrs. Brittany Nguyen
89237,Jenna Johnson
89300,Dawn Valdez
32950,Jason Tapia
83679,Michael Craig
43108,Angela Bryant
20023,Carolyn Myers
25938,Dawn Daniels
80144,Heather Cunningham
16473,Jennifer Benitez
66670,Andrew Thomas
20219,Scott Roman
48746,Jared Pearson
48453,Hayley Bennett
76505,James Leon
54675,John Morris
28686,Linda Owens
13279,Gary Cordova
93127,Richard Baker
43806,Jonathan Reyes
15272,Elizabeth Murphy
55259,Vincent Lewis
90967,Kyle Arnold
34244,Jason Gross
38738,Darrell Watson
39372,Abigail Morrow
96118,Mr. Joseph Ross MD
84478,Todd Hurst
21295,Jeffrey Parks
30219,Tracy Banks
72866,Andres Burke
77028,Justin Ritter
17457,Heather Pacheco
53678,Christopher Gillespie
65647,Mark Stephens
35161,Erin Ward
58690,Brad Robinson
49145,Christina Bright
41389,Henry Montoya
53345,Katrina Stephens
56912,Bonnie Manning
76921,Chelsea Casey
91071,Gloria Evans
18465,Holly Zimmerman
58288,Jennifer Jenkins
56685,Tamara Vega
93635,Kathy Olson
29907,Edward Jackson
86449,Amanda Reid
10344,Richard Clark
17401,Chad Stanton
10146,Tara Gibbs
53295,Jennifer Page
21443,Kent White
66096,Tanya Hernandez
50847,Jennifer Rivera
63368,Shelley Combs
54673,Heather Miranda
28621,Samantha Vargas
67362,Mindy Richardson
58591,Stephanie Gutierrez
41503,Mr. Charles Trujillo
82603,Anna Rice
21909,Matthew Garcia
82474,Mark Ayers
50984,Devin Diaz
70580,Michelle Delacruz
71472,Joan Foster
29087,Tyler George
72086,Caitlyn Young
82055,Samantha Rogers
41789,Margaret Lopez
25875,Terri Erickson
14445,Hannah Lopez
28933,Ms. Sonya Glenn
80891,Anna Mcgrath
73312,Antonio Stephenson
56656,Joshua Rowe
39408,Alison Johnson
92442,Rebecca Berry
92530,Renee Jones
56499,Richard Francis
77603,Shelia Marshall
44470,Danny Nelson
89612,Jason Stone
93655,Andrew Gates
34510,Andrea Vasquez
12927,Vicki Stewart
94904,Devin Elliott
16739,Mercedes Cobb
99096,Anthony Wilson
51332,Cindy Mitchell
92380,Jill Morales
11061,Jennifer Haney
30004,Steven Freeman
37798,Ronald Guzman
80730,Julia Bradley
72669,Phillip Miller
18060,Susan Gregory
46465,Theresa Kaiser
29245,Antonio Randolph
97571,Michael Wheeler
52330,Angela Bowman
35429,Jeffery Lee
91324,Kimberly Boone
94255,Brian Jenkins
17455,Patrick Oconnell
96192,Caitlin Harris
59454,Sara Rowland
73421,Samuel Russell
61702,Brandon Gaines
35352,Maureen Morrow
39126,David Lowery
38391,Ronald Cherry
13789,Richard Walker
10727,Tony Schmidt
77280,James Gordon
29024,Derrick Hall
32763,Randall Haynes
89380,Linda Hughes
41522,Adam Russell
65088,Stephanie Lee
96397,Heather Hanna
44775,Jennifer Torres
90275,Jeffrey Baker
42278,James Patterson
44829,Kimberly Kane
83045,Chad Murphy
99808,Michael Cooper
70775,Crystal Tucker
78322,Joan Young
90995,Elizabeth Mercado
20459,Jerry Santiago
77307,David Duke
45972,Michael Morton
61937,Lori Martinez
45665,Jonathan Lee
95763,John Harris
91313,Charles Clark
13820,Christopher Sloan
44004,Brett Vargas
46561,Amanda Garrett
29251,Sherri Kelly
21874,Martin Singh
34493,Daniel Hancock
46545,Curtis Webster
54456,Laura Daniels
14507,Stephen Alvarez
64523,Abigail Cardenas
84909,William Barrera DDS
40238,Sarah Terrell
23254,Sarah Fitzgerald
36543,Catherine Horton
81764,Brittany White
22264,Erin Jenkins
69423,Janice Davis
66103,Gabriela Carr
74357,Alex Yang
56012,Carolyn Jones
14259,Shannon Pratt
42198,Jonathon Williams
43867,Kelly Palmer
12418,Karen Russo
92269,Maria Steele
62884,Kevin Spencer
18211,Diana Delgado
33956,Xavier Smith
20078,Ellen Peterson
75938,Kayla Gonzalez
79255,Eric Snyder
93571,Antonio Zhang
53501,Michael Weaver
55387,Katrina Velez
90144,William Gilbert
50572,Rachel Deleon
67075,Randall Daniel
68942,Aaron Norton
28629,Alicia Gonzalez
18593,Brendan Yates
84346,Melissa Robinson
62525,Deborah Ochoa
69885,Brendan Valenzuela
41830,Joanne Moore
30472,Michelle Graham
65592,Ryan Mills
18204,Adam Briggs
78246,Jeffrey Anderson
75074,Rhonda Morales
40442,Bradley Fuller DDS
33261,Stephanie Holmes
68517,Madison Johnston
23534,Vanessa Johnson
69331,John Campbell
49681,Cynthia Yang
96390,Katelyn Ferguson
94269,Christopher Nichols
38369,Dana Nelson
58839,Megan Hunt
75385,Susan Hughes
27897,Natasha Gonzalez
75934,Jared King
11255,Pamela Sandoval MD
56207,Helen Williams
97378,Lauren Mccarty
63563,Kayla Ryan
43662,Katie Ross
57352,Ashley Pierce
20129,Jamie Oconnell
41809,Natalie Gordon
96383,Zachary Shelton
91198,Nicole Stone
51149,Steven Long
99292,Heidi Ochoa
77312,Pamela Macias
53763,Dawn Silva
14194,Rebecca Long
34923,Brooke Williams
88884,Mr. William Brown
69746,Susan Delacruz
97728,Sherry Good
99537,Gloria Price
47817,Robert Greene
32376,Troy Li
70566,Matthew Jenkins
78491,Robert Roberts
36866,Craig Estrada
97780,Alejandra Johnson
71125,Grant Kirby
76231,Alan King
78072,Alicia Spence
68006,Adam Bryant
42283,Thomas Hess
94710,Ashley Kelley
94317,Heather Hamilton
28545,Jennifer Bennett
36292,Alan Erickson
82840,Todd Mccoy
65129,Crystal Hoffman
43193,Mark Nguyen
25690,Sara Blake
24200,Linda Bradford
89369,Stefanie Burgess
88065,Ryan Rivers
15060,Tammy Mcpherson
26069,Joel Wilson
79975,Ashley Henderson
65040,Megan Ramsey
12860,Ruth Hebert
92094,Leonard Wilson
72218,Allen Mcdaniel
31693,Paula Ruiz
62643,Sarah Collins
13290,Leah Williams
75492,Michele Adkins
66714,Ann Norman
47557,Deborah Turner
76942,Jesse Edwards
63603,Sara Ramsey
56342,Dennis Espinoza
74982,Kelly West
56548,Brandi White
43484,Amy Walker
52311,Benjamin Chambers
88319,Raymond Branch
46718,Ruth Jones
54153,Matthew Walsh
86949,Alyssa Brady DVM
34768,Nathan Nguyen
73017,Derrick Valenzuela
66855,Briana Holmes
16566,Emily Cooper
70453,Sonia Baker
96713,Brianna Medina
95557,Amanda Lowery
66223,Kathleen Coleman
18457,Brittany Short
29659,Alexander James
72284,Kathryn Peters
40749,Tammy Davis MD
62010,Kenneth Hardy
99216,Richard Lopez
44086,James Vance
67323,Bryan Park
49130,James Tran
93547,Robert Cummings
34599,Grace Chen
21931,Kayla Acosta
50477,Cassandra Gilbert
81106,Michael Arroyo
16802,Julia Chang
98212,Mark Black
52323,Rhonda Jones
22064,Bernard Martin
32024,Cory Martinez
90478,Brandon Foster
69284,Mitchell Hines
37221,Danielle Turner
72055,Sara Gibson
58046,Mallory Brown
47828,Denise Vang
30121,Kelsey Sullivan
27372,Dr. Rachel Jones PhD
25321,Shannon Wallace
89050,Eddie Brewer
93777,Blake Mason
49251,Heather Patrick
80223,Lindsey Joseph
73922,Angela Glover
43583,Sheri Nelson
11986,Kimberly Wagner
87822,Scott Gonzalez
55350,Jonathan Jones MD
87633,Mallory Hill
28510,Noah Wilson
81328,Cody Koch
38865,Joanna Keller
34154,Dylan Ramirez
93058,Javier Cruz
17262,Frederick Wright
59404,Bernard Robinson
45158,Pamela Perry
30464,Christopher Lee
82487,Donna Olson
38711,Jack Hernandez
47844,Marie White
23959,Andrea Ferguson
73688,Kristine West
83719,Thomas Gilbert
16775,Charles Robinson
32228,Spencer Williams
28635,David Meyer
16779,Leon Boyd
40776,Marvin Taylor
95174,Joseph Fleming
29910,Andrew Burns
98802,Denise Frazier
98157,Kelly Cox
84665,Toni Jones
61301,Eric Benson
50091,Amy Murphy
90044,Tiffany Flores
79409,Cory Reed
81508,Joyce Lowe
86239,Ryan Adams
22473,Vanessa Hill
19543,Latasha Solis
22758,Ricardo Garner
10048,Susan Duncan
30146,Julie Calderon
66842,Shannon Thomas
32420,Steven Vasquez
60630,Ronald Curtis
33560,Edwin Hayes
35130,Alexander Santiago
70762,Arthur Duncan
68043,Mr. Mark Jones
37098,Jennifer Serrano
84837,Marilyn Cook
34759,Karen Morgan
23997,Gary King
10752,Jessica Cannon
18611,Gregory Armstrong
48517,Nicole Morris
18006,Sharon Walker
98778,Catherine Franklin
67719,James Alexander
65159,Dr. John Huang
59067,Jamie Hines
79826,Maria Herrera
76082,Robert Fowler
43152,Nicole Moore
56761,Amber Frye
80624,Paul Watson
61225,Mr. Shane Evans
79482,Connie White
89191,Devin Moore
49522,Miguel Taylor
61388,Kristin Morton
48524,Donald Martin
11402,Ricky White
54400,Johnathan Alexander
76637,Nicholas Tanner
70320,Kathryn Elliott
89993,Stacy Obrien
88537,Daniel Terry
61144,Charles Cook
26448,Felicia Brown
88198,Hannah Bailey
98353,Samuel Spencer
89684,Tammy Reyes
32729,Miguel Lee
74021,Leah Walters
42215,Susan Casey
81723,Cheryl Wilson DDS
48383,Douglas Simpson
18009,Deanna Foster
86890,Olivia Hernandez
69518,Linda Craig
64999,Sara Herrera
45951,Cassandra Wright
72453,Jacob Burns
83997,Ariel Griffin
42713,Carrie Lopez
50796,Joshua Bray
32478,Sara Henry
65096,Javier Chavez
52798,Erin Parker
83564,Candace Luna
29675,George Lawrence
24482,Sean Pena
71280,Rachel Perkins
30535,Hunter Marshall
22042,Jimmy Turner
90107,Robert Harmon
40287,Terri Horn
42564,Karen Walsh
18003,Judy Olson
91551,Sydney Williams
45515,Rebecca Pacheco
80783,Samantha Andrade
43672,Kathleen Sanchez
80576,Micheal Perez
27695,Kyle Gill
76285,Andrea Dunlap
72776,Kyle Hughes
15443,Ethan Grimes
77247,Colin Johnson
64699,Ann Greer
76991,Michelle Ruiz
75599,Jasmine Green
35038,Mr. Donald Wright MD
61697,Brian Mccormick
85784,Wayne Graham
60710,Nichole Gomez
69702,Stephanie Welch
73307,Jeffrey Cochran
39102,Kathryn Todd
81310,Wendy Townsend
50505,Shelby Bishop
38305,Angel Bates
96161,Nicole Hess
14817,Amy Sanders
23545,Mariah Miller
28338,Colton Davidson
24867,Mallory Hoffman
14724,Joanna Davis
31618,Jillian Boone
51918,Levi Richmond
82140,Brittany Nash
46830,Raven Marsh
64645,Scott Cole
11962,Mrs. Patricia Powers DDS
15599,Kelly Kemp
78591,Patricia Washington
35088,Shirley Reeves
35137,Mark Bates
35753,Tonya Robertson
43866,Marc Mccoy
69045,Brittany Liu
20021,Robert Figueroa
11715,Jamie Smith
77889,Mary Mathews
14551,Catherine Cain
65399,Carl Roman
31276,Justin Valencia
31539,Antonio Armstrong
14430,Natasha Stanton
36635,David Tran
19139,Brianna Simon
38099,Timothy Paul
69956,Melissa Ray
21340,Matthew Mason
49686,Richard White
57010,Kathy Garza
83041,Lisa Waller
83734,Robin Day
32437,Charles Vazquez
10870,Katrina Curry
10892,Eric Hansen
58937,Taylor Glenn
92073,Charles Jenkins
96277,Nicholas Duncan
30305,Nancy Blackwell
32329,Misty Barajas
22645,Susan Gonzalez
46107,Lori Walter
54060,Hannah Garcia
83001,Edwin Burgess
77403,Aaron Gonzalez
30721,Jason Campbell
83307,Jonathan Walker
68893,Caleb Thomas PhD
42364,Jennifer Kerr
97704,Allison Bray
76214,Wesley Silva
60877,Cassandra Watson
60536,Nancy Wilson
25491,Adam Bush
58468,Chelsea Frank
92259,Michele Carson
20855,Brian Bailey
50024,Mr. Michael Rios
34299,Carla Jones
22472,Renee Miller
52870,Christopher Munoz
80666,Brian Bass
70220,Angela Miller
15074,Tyler Ramirez
84828,Austin Hudson
95554,John Higgins
92942,Aaron Torres
45266,Phillip Martinez
61703,Dana Lozano
82348,Arthur Shaw
93000,Jill Cox
45668,Deborah Lewis
22061,Bradley Gonzales
36260,Kenneth Howell
60065,Thomas Austin
68899,Francisco Cox
54144,Crystal Mitchell
62252,Desiree Burns
59501,Shannon Olsen
48213,Caleb Summers
60016,Daniel Wagner
15962,Dr. Julie Cooper
87765,Angela Pitts
88987,Randy Franco
77614,Robin Parker
35219,Rebecca Leonard
52813,Wendy Brock DVM
33270,Shawn Campos
67517,Jose Baldwin
97485,Carol Mccoy
71881,Jenny Lopez
55987,Zoe Torres
21138,James Rogers
65324,Michele Sanders
47682,Randy Wiley
61333,Jaime Carpenter
38779,Lori Gomez
78203,Tanya Velez
24531,Judith Curry
39631,Sara Carter
65846,Joann Wilson
86179,Tracy Rivera
13364,Joyce Carlson
26057,Erin Blackburn
24848,Karen Garcia
51525,Anthony Walters
59777,Laura Escobar
73015,Darrell Morales
33991,Amy Martinez
21588,Angela Evans
10058,Jeffrey Gutierrez
93214,Micheal Reeves
69512,Sarah Griffin
63964,Jamie Diaz
85894,Allison Foster
92584,Sarah Freeman
47286,Tyler Bauer
22776,Ms. Kathy Russell
43968,Matthew Cline
62773,Robert Mckay
59850,Nicholas Myers
85237,Jacqueline Bell
48553,Andre Prince
41297,Tracy Russell
56945,Heather Morgan
46584,Gerald Campos
41229,John Flores
22899,Jacqueline Thomas
66509,Anthony Perez
71763,Brian Armstrong
35513,Allison Williams
64554,Evan Pitts
71698,Glenda Clark
67722,Evan Burns
35004,Andrea Wilson
19060,Kenneth Johnson
54926,Tyler Flores
18912,Melissa Montgomery
90756,Jon Oneal
29944,Keith Bauer
25098,Jerry Young
87202,Rachael Wood
51416,Jill Jackson
18468,Tamara Castro
67441,Andrew Lester
64183,Brandy Henderson
47109,Brittany Wang
75433,Michael Buchanan
31161,Karen Simmons
74620,Cynthia Whitney
43515,Christopher Benton
50841,Patricia Davidson
84483,Amy Brown
54642,Troy Bond
59307,Spencer Roberts
54297,Mary Morris
24028,Jeremy Riley
38181,Ellen Roberts
87779,Christina Sharp
37721,Carla King
18560,Leslie Fox
83585,Darryl Mckenzie
83385,Julie Mcdowell
70161,Marcus Taylor
56881,Eric Cook
48953,Daniel Chavez
23076,Craig Smith
26671,Elizabeth Parker
96941,Danielle Mitchell
84047,Jason Malone
44637,Katie Velez
75298,Brady Powell
96440,Kim Dean
41002,Russell Martin
20357,Jordan Sparks
81675,Tonya Everett
70348,Sarah Meyer
34002,Dr. Erica Rodgers
63770,Bonnie Levy
35942,Stacey Erickson
71542,Andrew Ward
73649,Ronald Powell
79987,Gary White
40960,Julia Townsend
25752,Jessica Collins
81659,Jennifer Guzman
15149,Timothy Martinez
81799,Erica Alvarez
72030,Susan Rocha
27896,Amanda Mckee
17800,Jeffrey Dudley
37617,Travis Mack
71072,Richard Williams
15822,Thomas Clark
29074,Carlos Garcia
25942,Ronald Adams
48665,David Cain
17222,Desiree Hancock
83363,Maria Oconnor
32807,Dr. Lorraine Rice MD
35050,Timothy Russell
17854,Diana Walter
21808,Kelly Mercer
78121,Ronald Gray
81645,Nicholas Arnold
75413,Mary Gamble
37834,Zachary Robertson
64669,Zachary Phelps
77191,Melissa Cruz
54960,Randy Bennett
55509,Phyllis Gardner
98003,Pamela Black
83133,Kristen Martin MD
64130,Olivia Mitchell
84169,Thomas Reeves
54804,Thomas Simpson
83420,Christopher Shelton
32016,Shawn Rios
30581,Tiffany Hamilton
14029,William Smith DDS
30086,Natalie Greene
55360,Emma Garrett
76704,Carlos Campbell
52774,Douglas Abbott
42510,Roger King
85370,Mark Ryan
75902,Nicholas Rodriguez
99254,Summer Haynes
49861,Carla Sanchez
59316,Laura Taylor
57734,Ralph Bailey
47318,Helen Gilbert
52809,Laura Ewing
56013,William Lucas
75524,Jessica Durham
30179,Mary Murray
45566,Anthony Harrison
46769,Amy Martin
11787,Brian Zimmerman DDS
99847,Lance Lee
14670,Alexa Good
45607,Ryan Hardin
43160,Carl Thompson
23206,Robert Yu
24383,Johnny Gutierrez
22240,Marilyn Lee
63303,Charles Mays
86418,Teresa Pacheco
46837,Alex Holmes
88589,Henry Hernandez
49758,Jay Ward
67053,Cynthia Huang
67820,Mark Garrett
30101,Cory Rivera
68652,Matthew Pena
16674,Michael Parks
33268,Eric Petty MD
32938,Michael Reid
79322,Mr. Nathan Callahan Jr.
84487,Courtney Foley
19612,Dylan Dean
59222,Anne Robinson
76504,Michelle Jones PhD
56623,Marie Watkins
32677,Darren Wilson
76127,Zachary Spencer
56441,Amanda Cannon
74103,Jonathan Miller
44840,Mr. Troy Fischer
33441,Ashley Daniels
69748,Crystal Ali
64838,Wayne Martin
76475,Bradley Terry
58584,Emily Payne
20008,Timothy Kelly
70988,Daniel Carr
45510,Deanna Lucas
24821,Grant Walsh
39865,Ryan Maynard
14158,Brandon Dorsey
21208,Alicia Fletcher
45320,Edward Rogers
61203,Brenda Morales
81166,Erica Griffin
14618,Jennifer Weaver
45570,Elizabeth Kelly
12869,Benjamin Cardenas
30178,Ethan Browning
79327,Jason Bauer
29511,Linda Pratt
37442,Krystal Smith
16820,Benjamin King
13677,Christopher Yoder DDS
23837,William Pearson
77959,Elizabeth Thompson
38402,Thomas Martinez
34483,Peter Dalton
82261,Jeffrey Caldwell
97327,Amanda Archer
37816,Tara Wilson
66615,John Swanson
48303,Kristina Gentry
81402,Nicolas Chavez PhD
80965,Jeffrey Scott
31127,Stephanie Fuller
47545,Nicole Lawson
52309,Philip Ford
65018,Amy Mitchell
84691,Andrew Alexander
56297,Tonya Rodriguez
26774,Kristina Neal
61609,Brenda Hensley
10469,Bryan Miller
50095,Diamond Garcia
47849,Warren Hudson
54697,Michael Tapia
31439,Dr. Marcus Casey
60263,Carrie Hanson
91526,Adam Kennedy
86714,Phyllis Thompson
74653,Martin Brewer
27729,Carolyn Duran
78806,Dr. Stephen Johnson
50131,Valerie Wheeler
80125,Lisa Gilmore
56382,Michael Fields
61337,Jeffery Glenn
70674,Jennifer Hernandez
21926,Kristen Morgan
64895,Michael Caldwell
59470,Amanda Wheeler
73289,Jeremy White
73101,Mr. Joseph Davenport
29864,Leonard Richardson
30526,Terrence Mccormick
11872,Danielle Conley DDS
13623,Diana Kelly
82114,Lynn Miller
56422,George Graham
25237,Sean Thompson
14801,Natasha Cantu
37394,Harold Reid
66251,Mario Skinner
49061,Daniel Wilson
27214,Eric Carson
33897,Derek Mitchell
25126,Heather Duncan
78173,Monique Perez
21732,William Munoz
92774,Derrick Williamson
52499,Allen Stanley II
47840,Colleen Figueroa
32837,Jennifer Walsh
91203,Lindsay Fitzgerald
95798,Michael Yang
99723,Adam Palmer
91262,Jennifer Harrison
76931,Jose Carrillo
55475,Christopher Turner
38253,Shawn Mcdonald
51800,Kelly Black
43781,Patrick Sanders
46159,Steve Smith
50075,Andrea Mack
28651,Jeffrey Chambers
60319,James Harris
84232,Rodney Glenn
73466,Dustin Bailey
44822,Madeline Ewing
41850,Kenneth Allen
14009,George Moore
43523,Rodney Molina
64035,Cory Love
82047,Jessica Rivera
13818,Michael Browning
43237,Daniel Phelps
37441,Stephen Weaver
47638,Stephanie Lucero
73053,Michael Moran
79900,Jamie Hogan
88739,Barbara Bradley
89175,Kristin Erickson
92105,Lisa Jordan
27219,Jose Dixon
74232,Tanya Arroyo
29883,Bryce King
87909,Hunter Kelly
35074,Jacob Hernandez
48577,Robert Holt
38474,Raymond Camacho
84697,Jennifer Ibarra
30335,Craig Brewer
39037,James Ray
58156,Melinda White
63495,Steven Turner
74621,Laura Stevens
67142,Courtney Hamilton
80941,Patrick Ross
74970,Jeffrey Pace
53093,Juan Wong
96310,Kerri Ford
15639,Sandy Ramirez
46703,Bryan Barnes
46459,Megan Cruz
99089,Raymond Nguyen
50176,Ian Lowe
12958,Richard Benson
13571,Katherine Davis
87568,Joseph Mcclain
84044,Brian Allen
40874,Alejandro David
59734,Michael Perkins
12081,Michael Goodwin
40209,Steve Sutton
72358,Victor Santiago
40499,David Cruz
56326,Laura House
26873,Victor Ross
53752,Joy Robinson
84132,Mrs. Regina Lee
88321,Christina Myers
76531,Roy Johnson
71841,Robert Mills
74951,Scott Garcia
54979,Mr. Stephen Cooke
68212,Victor Norris DDS
48218,Erica Joyce
95437,David Valencia
23715,Mr. Andrew Watson
10459,Margaret Torres
65586,Ryan Christian
33206,Michael Roth
89529,Robert Salazar
23990,Tina Torres
30465,Courtney Moody
43413,Andrew Horton
64961,Elizabeth Sellers
16657,Ronald Spence
14355,Daniel Huynh
44452,Kathryn Bradford
85289,Steven Keller
42487,Sara Rubio
75173,Julie Evans
24790,Sean Drake
26669,Anthony Wolfe
75642,Emily Ellis
91720,Jessica Roberts
24224,Norma Morris
58219,Charles Edwards
35903,Cynthia Morris
21784,Jared Turner
68626,Marcus Johnson
47675,Alicia Strickland
62998,Deborah Irwin
48221,Jonathan Manning
83254,James Webb
47375,Mary Cardenas
82113,Erin Hall
69984,Matthew Williams DDS
20858,Regina Russell
68782,Anthony Alexander
89202,Kendra Wong
96367,Elizabeth Hunter
84506,Eric White
66824,Nicole Gilbert
41092,Troy Martin
55590,Tristan Thomas
18878,Peggy Dean
42827,Julie Rice
39542,Brandon Sloan
65415,Donald Carson
47328,Keith Duke Jr.
10816,Thomas Keller
90753,Hailey Hoover
88879,Eric Atkins
26836,Donald Webb
43439,Andrew Espinoza
63273,Kevin Spence
29826,Elaine Evans
58196,Amanda Peterson
75504,Jerry Watson
83597,Leslie Faulkner
93983,Dustin Johnston
37269,Juan Kelly
31995,Amber Pearson
51271,Tracy Henson
82832,Sarah Schaefer
82531,Larry Warner
31229,Ann Johnson
55386,Jesse Anderson
92726,Jeffrey Ruiz
36921,Autumn Lewis
45605,Jesse Love
47777,Sharon Moreno
83638,Michael Nicholson MD
38362,Jonathan Faulkner
56579,April Molina
81114,Angela Curry
67119,Anne Compton
40044,Charles Rowland
52306,Terri Alexander
38044,Amanda Chan
29833,Nicole Andersen
15342,Brittany Pratt
11893,Lori Butler
50421,Sarah Thomas
71744,Albert Cobb
63793,Nancy Davis
76048,Sabrina Taylor
69413,Amanda Fuentes MD
15351,Kendra Mcgee
32230,Linda Moody
30920,Jennifer Villarreal
27142,Anthony Murphy
74121,Stacey Robinson
94501,Melinda Simmons
75414,Timothy Owen
32531,Sean Salazar
67921,Allison Crawford
53192,Morgan Gould
14629,Lynn Walker
27981,Jill French
93624,Teresa Martinez
10021,Megan Munoz
58666,Maria Stevens
26405,Debbie Wiley
11928,Maria Hogan
99758,Susan Pittman
68880,Ronnie Wilson
33584,Kristen Holmes
31588,Samantha Bell
83113,Laura Flynn
72397,Jennifer Weeks
81698,Dean Gonzalez
64259,Sheryl Robinson
84893,Theresa Williams
31334,Crystal Campos
80000,Anthony Lamb
77206,Stanley Haley
52093,Jessica Greene
26601,Nancy Fitzgerald
36671,Peggy Castaneda
78653,Shannon Smith
63486,Tristan Cruz
13829,Lynn Gutierrez
80684,Stacy Lin
16286,Tracey Peters
90473,Heather Welch
65802,Justin Butler
11881,Jennifer Dean
70326,Cassandra Barron
43301,Tammy Garner DVM
18893,Dylan Fields
26320,Lisa Tyler
53821,Michelle Stone
38882,Robert Hawkins
77838,Daniel Garcia
45432,Karen Cox
50629,Hunter Aguilar
56313,Ralph Stanley
94106,Anthony Sawyer
70992,Rachel Nguyen
39435,Joshua Baird
82350,Christopher Vega
97168,Craig Estes
27561,Jill Nelson
83713,Joseph Gonzalez
31188,Bryan Baker
39429,Ann Price
28267,Nancy Hamilton
70038,Jonathan Gonzalez
87500,Joseph Newton
94530,Mark Ware
89610,Devin Ross
63418,Kayla Turner
16834,Paul Bradley
80085,Theresa Lopez
12575,Olivia Alexander
16876,Michelle Powell
80824,Pamela Conner
87510,Mr. Steven Franklin
60403,Courtney Richards
66330,Jacob Robinson
50146,Gabriela Ho
26121,Tammy Jarvis
50398,Marie Perez
46359,Jacqueline West
86631,Clinton Martinez
28341,Samantha Duncan
26054,Matthew Walton
56545,Shelley Palmer
64589,Alan Hampton
69233,Ronald Hensley
73554,Matthew Myers Jr.
88205,Frederick Foster
60878,Patrick Burns
79609,Timothy Campbell
72140,Dr. Jeffrey Stephens
49217,Brian Ellison
35786,Richard Coffey
61728,Amanda Dodson
68163,Samantha Miller
57822,Andrea Moore
12744,Samantha Olson
29342,Samantha Clark
45428,Monique Buchanan
78941,Sara Moore
18833,Samantha Phillips
10794,Marcus Hodges
82564,Duane Villegas
76578,Patrick Harrison
14713,Kaylee Mendez
45823,Mary Contreras
89500,Jennifer Morales
85674,Chris Martin
58557,David Young
96162,Dustin Russell II
70840,Christopher Powers
56875,Marcus Hunt
65857,Benjamin Nguyen
31280,Erin Williams
89659,Cynthia Robinson
49032,Susan Moore
16341,Anthony Brooks
43409,Monica Harrison
79098,Joel Shepherd
43962,Barbara Kim
60329,Danielle Waller
54603,Tammy Ryan
95893,Taylor Harrison
26956,Steven Sanchez
54352,Linda Edwards
73528,Robert Fields
77936,Jordan Palmer
50716,Robin Dean
35999,Christopher Long
75693,Connie Graves
30609,Adrian Griffin
17372,Dr. Michele Graham
59701,Lance Moran
99552,Cynthia Strong
36652,Dana Hardin
43848,Valerie Wilson
