id,name,surname,gender,age,nationality,licence_number
DRV00001,Joseph,Brown,Male,57,Italy,0IFD0T
DRV00002,Robert,Brown,Male,46,United States,DIVUZZ
DRV00003,Andrew,Ramos,Male,33,United States,K51FPK
DRV00004,Richard,Lopez,Male,27,Brazil,NMMJBQ
DRV00005,David,Peterson,Male,62,Canada,KW5NGC
DRV00006,Sarah,Hernandez,Female,42,United States,45NQ4F
DRV00007,Jessica,Hughes,Female,44,United States,7XVG0F
DRV00008,Mia,Lewis,Female,37,United States,Y41IBL
DRV00009,Linda,Reed,Female,36,Brazil,5LXO6Q
DRV00010,Barbara,Myers,Female,28,United States,UJV6OH
DRV00011,Emma,Lopez,Female,44,Italy,14FFYV
DRV00012,Harper,Reyes,Female,54,Brazil,T84AZY
DRV00013,Daniel,Anderson,Male,31,Poland,KFAZZ8
DRV00014,Richard,Watson,Male,53,United States,KXVF1T
DRV00015,Harper,Adams,Female,35,France,REN93I
DRV00016,David,Hernandez,Male,55,United Kingdom,039TEX
DRV00017,Susan,Ortiz,Female,39,United States,5PHT0H
DRV00018,Anthony,Cruz,Male,57,United States,6QICAT
DRV00019,James,Martinez,Male,37,United States,ZCCBLS
DRV00020,Emma,Ramirez,Female,46,United States,T05UIR
DRV00021,Richard,Gonzalez,Male,61,United States,XMO5BX
DRV00022,Michael,Phillips,Male,31,Poland,02DGTF
DRV00023,Joshua,Young,Male,54,France,5C34DX
DRV00024,David,Long,Male,44,United States,4FRHOC
DRV00025,Mark,King,Male,62,Poland,72KZ02
DRV00026,Charles,Harris,Male,57,United States,K8UT0C
DRV00027,Olivia,Ortiz,Female,35,Brazil,F8CGVY
DRV00028,Joseph,Reed,Male,36,Italy,IVWPVS
DRV00029,Christopher,Walker,Male,20,Brazil,JEXQ77
DRV00030,Evelyn,Reed,Female,35,Poland,9CHJ75
DRV00031,Sarah,Lee,Female,62,United Kingdom,PTK93T
DRV00032,Karen,James,Female,38,United States,D5J60F
DRV00033,Linda,Alvarez,Female,23,Germany,MY4SJ6
DRV00034,Paul,Scott,Male,65,France,BME9FP
DRV00035,Mia,Johnson,Female,55,Canada,E8YFBN
DRV00036,Paul,Taylor,Male,63,Australia,BN78BM
DRV00037,Richard,Rivera,Male,30,India,25OWF7
DRV00038,Steven,Brown,Male,35,United States,G72OY0
DRV00039,Mary,Hughes,Female,39,Australia,D54I3Q
DRV00040,Elizabeth,Brown,Female,52,Australia,XOKC1M
DRV00041,Ava,Nelson,Female,26,United States,7E8G8J
DRV00042,Paul,Hall,Male,36,Brazil,0LVSNU
DRV00043,Paul,Smith,Male,47,United Kingdom,S3Y70H
DRV00044,Daniel,Richardson,Male,45,Mexico,L4ZKLO
DRV00045,Mia,Taylor,Female,45,Canada,GXN0GU
DRV00046,James,Hill,Male,33,United States,KPUXQP
DRV00047,Emily,Patel,Female,35,United States,GDSWM3
DRV00048,Karen,Lewis,Female,49,Australia,3FB9W1
DRV00049,Charlotte,Harris,Female,26,Mexico,ZNOFY6
DRV00050,Elizabeth,Thompson,Female,28,United States,2ZQU7E
DRV00051,Sophia,Bailey,Female,55,United States,V86WZS
DRV00052,Mary,Myers,Female,51,United Kingdom,5Q14J1
DRV00053,Barbara,Scott,Female,29,United States,PZIM6C
DRV00054,Mark,Ruiz,Male,46,Mexico,FHOLQC
DRV00055,Amelia,Hughes,Female,44,India,A5UR7K
DRV00056,Ava,Myers,Female,44,Mexico,026RJR
DRV00057,Donald,Castillo,Male,56,France,FQEWAO
DRV00058,John,Hernandez,Male,40,Canada,XEQBNH
DRV00059,Mark,Scott,Male,42,Australia,13JCAT
DRV00060,William,Jimenez,Male,35,United States,8BBI4W
DRV00061,Emily,Bennett,Female,67,Brazil,E8QJNV
DRV00062,Mary,Flores,Female,65,Germany,DALY8O
DRV00063,William,Ramos,Male,27,Poland,YWD14V
DRV00064,Robert,Hall,Male,51,United States,TXCXAP
DRV00065,Paul,Campbell,Male,37,United Kingdom,W3ZP08
DRV00066,Ava,Jimenez,Female,25,United States,RP0J43
DRV00067,Andrew,Young,Male,51,Poland,1UYMRL
DRV00068,Matthew,King,Male,25,Canada,M5ZJA8
DRV00069,Steven,Morales,Male,38,India,TIRZQA
DRV00070,Donald,Ruiz,Male,55,Italy,IXNTM9
DRV00071,Matthew,Hughes,Male,64,France,QLIZL0
DRV00072,Jennifer,Ramirez,Female,32,India,0JV1V9
DRV00073,Elizabeth,Campbell,Female,64,Mexico,GATJ9T
DRV00074,Emma,Wilson,Female,50,France,5UQPGB
DRV00075,William,Phillips,Male,25,United States,RUYF38
DRV00076,Joseph,Bailey,Male,48,Brazil,1V2ISQ
DRV00077,Amelia,Diaz,Female,33,United States,KWV08H
DRV00078,David,Lee,Male,22,United States,ITFOYQ
DRV00079,Sarah,Price,Female,57,Italy,K4CIJ2
DRV00080,Jennifer,Diaz,Female,39,United States,EIFJFC
DRV00081,Charlotte,Torres,Female,48,Australia,PQKOJT
DRV00082,Harper,Garcia,Female,56,Canada,60VAIY
DRV00083,John,Ross,Male,37,United States,YJB1QX
DRV00084,Amelia,Parker,Female,30,India,WRDMLY
DRV00085,Steven,Ruiz,Male,36,United States,RXO1BD
DRV00086,Joseph,Foster,Male,32,India,OS9XTO
DRV00087,Anthony,Richardson,Male,48,United States,1W1HT7
DRV00088,Harper,Walker,Female,27,United Kingdom,ZLAOI4
DRV00089,Joseph,Chavez,Male,50,Canada,3RZSJ4
DRV00090,Joshua,Peterson,Male,46,Germany,FGV0EC
DRV00091,Olivia,Wright,Female,29,Italy,3KKV9R
DRV00092,Ava,Morris,Female,64,India,MTTQLG
DRV00093,Charlotte,Roberts,Female,44,Mexico,I1B0Z3
DRV00094,Charles,Murphy,Male,26,United States,8E8LD4
DRV00095,Joshua,Johnson,Male,41,Mexico,0OXFQ8
DRV00096,Donald,Wood,Male,51,Mexico,CLYT8W
DRV00097,Robert,Richardson,Male,26,United States,CW790P
DRV00098,Richard,Cruz,Male,47,Italy,FKBLCM
DRV00099,Barbara,Ortiz,Female,63,Canada,OYGGVN
DRV00100,Emma,Howard,Female,38,Brazil,FQJJA2
DRV00101,Ava,Lee,Female,49,Italy,C89K8Y
DRV00102,Jennifer,Roberts,Female,21,Italy,4DNMKZ
DRV00103,Donald,Scott,Male,38,United States,A52960
DRV00104,Harper,Rivera,Female,28,France,HGJ11Y
DRV00105,Robert,Flores,Male,46,Italy,2BNE6L
DRV00106,Jennifer,Taylor,Female,50,United States,25NSJF
DRV00107,Joshua,Martinez,Male,55,Poland,F84098
DRV00108,David,Gomez,Male,60,Brazil,ATQYYV
DRV00109,Richard,Gray,Male,24,United States,IA5U6H
DRV00110,Joshua,Hughes,Male,26,United States,KOF8KR
DRV00111,Ava,Moore,Female,66,Germany,NN8ZTV
DRV00112,Steven,Wood,Male,48,United Kingdom,DRO8BN
DRV00113,Barbara,Campbell,Female,32,Canada,DYT9MO
DRV00114,Joshua,Lopez,Male,28,Italy,XXVA2I
DRV00115,Linda,Rodriguez,Female,58,Brazil,3TV3I1
DRV00116,Jessica,Jackson,Female,42,Poland,9T2D5E
DRV00117,Amelia,Adams,Female,48,United States,AJEPEC
DRV00118,Olivia,Ramos,Female,53,Italy,DS8B25
DRV00119,Joshua,Chavez,Male,48,Mexico,8CROYR
DRV00120,David,Adams,Male,58,India,VCJWTL
DRV00121,Sarah,Collins,Female,55,Australia,SP2EX5
DRV00122,Paul,Edwards,Male,40,Australia,5O3O0L
DRV00123,Susan,Mitchell,Female,67,United States,8YRDDP
DRV00124,Thomas,Bailey,Male,47,United States,C8UYO5
DRV00125,Sarah,Kim,Female,42,India,LDSFR4
DRV00126,Anthony,Anderson,Male,59,United States,1U3493
DRV00127,Mia,Brown,Female,41,Australia,VXYBJ1
DRV00128,James,White,Male,67,Mexico,5UOFWB
DRV00129,Linda,Carter,Female,25,United Kingdom,PMNZ1U
DRV00130,Charles,Lee,Male,46,Canada,1BCPPV
DRV00131,Linda,Long,Female,39,United States,SMDYVS
DRV00132,Elizabeth,Gomez,Female,38,United States,9BH811
DRV00133,Joseph,Smith,Male,62,France,RPETIU
DRV00134,William,Gomez,Male,56,Brazil,5BA75U
DRV00135,Steven,Nguyen,Male,43,Mexico,EAL2W3
DRV00136,Paul,Wilson,Male,41,United States,IVSOLM
DRV00137,William,Rogers,Male,61,Italy,WTG1M8
DRV00138,Barbara,Wilson,Female,60,Germany,FHV1XG
DRV00139,Joshua,Long,Male,40,United Kingdom,UUY5X9
DRV00140,Christopher,Martin,Male,24,Italy,PQW2VM
DRV00141,Joshua,Edwards,Male,58,Germany,BNKX9D
DRV00142,Mark,Reyes,Male,32,United States,U80B6U
DRV00143,Harper,Stewart,Female,25,Canada,S8Q349
DRV00144,Patricia,Garcia,Female,38,United States,IPPSFN
DRV00145,Steven,Jimenez,Male,63,United States,MV2XCD
DRV00146,Sarah,Allen,Female,29,Brazil,0X65MU
DRV00147,Karen,Wood,Female,41,Poland,ZOV7LN
DRV00148,Sophia,Lopez,Female,51,Poland,XPNNGH
DRV00149,Elizabeth,Moore,Female,53,Canada,FK2ST0
DRV00150,Daniel,Foster,Male,30,Brazil,WVFGYW
DRV00151,Robert,Evans,Male,34,France,NZ8V12
DRV00152,Barbara,Flores,Female,48,United Kingdom,826GYU
DRV00153,Sarah,Jimenez,Female,36,France,NS832E
DRV00154,Emily,Mitchell,Female,37,United Kingdom,TD44K1
DRV00155,Olivia,Jackson,Female,46,Mexico,3D6357
DRV00156,Donald,Cook,Male,65,United States,NNCILD
DRV00157,Daniel,Jackson,Male,48,United States,EK3ZEZ
DRV00158,James,Hernandez,Male,38,Poland,AHF7VP
DRV00159,Karen,Thomas,Female,58,Germany,BP2QD6
DRV00160,John,Watson,Male,46,United States,SIFPWI
DRV00161,David,Ortiz,Male,44,Australia,9CSS9T
DRV00162,Robert,Brooks,Male,62,United States,NN0MCI
DRV00163,Richard,Foster,Male,63,India,U1EMMX
DRV00164,Emily,Watson,Female,32,United States,GEZ7BH
DRV00165,Christopher,Flores,Male,42,United States,S9TJ1G
DRV00166,Daniel,Wright,Male,31,Italy,EN606N
DRV00167,Emma,Mitchell,Female,31,United States,7S20CV
DRV00168,Sarah,Adams,Female,48,Australia,DLKQZF
DRV00169,Andrew,Garcia,Male,23,Italy,06WPX2
DRV00170,Donald,Campbell,Male,48,United Kingdom,S0FB4Y
DRV00171,Thomas,Rodriguez,Male,48,France,IXN8BF
DRV00172,William,Kelly,Male,31,United States,ENLK8A
DRV00173,Sophia,Roberts,Female,64,United Kingdom,6E1ZHW
DRV00174,Jennifer,Thomas,Female,40,United Kingdom,ECGZ93
DRV00175,Matthew,Price,Male,60,France,CT64Z7
DRV00176,Anthony,Rogers,Male,56,Germany,I92IRM
DRV00177,Thomas,Ward,Male,46,Poland,5COZRO
DRV00178,William,Taylor,Male,55,Canada,9XQYM5
DRV00179,Amelia,White,Female,39,Poland,1ES53S
DRV00180,Mary,Adams,Female,32,India,7I8SKC
DRV00181,Mia,Scott,Female,29,United States,EKTSG7
DRV00182,Evelyn,Castillo,Female,61,Italy,6M7B5C
DRV00183,Susan,Wood,Female,61,Brazil,HUWB6T
DRV00184,Emily,Young,Female,50,United States,2YKCCP
DRV00185,Linda,Baker,Female,28,Italy,VLZ049
DRV00186,Olivia,Bailey,Female,44,Poland,DIEQFB
DRV00187,Steven,Young,Male,30,Australia,8637ZG
DRV00188,Olivia,Reyes,Female,33,Canada,RLA8S8
DRV00189,Matthew,Miller,Male,26,Australia,BR5XQT
DRV00190,Thomas,King,Male,55,Italy,01NOUH
DRV00191,William,Roberts,Male,26,Mexico,S1K9YE
DRV00192,Anthony,Baker,Male,22,United States,UNFVOB
DRV00193,Daniel,Stewart,Male,45,Canada,SF6F7L
DRV00194,Karen,Ramos,Female,43,United Kingdom,M3TZK3
DRV00195,Joseph,Turner,Male,61,United States,V20YAR
DRV00196,Charlotte,Robinson,Female,29,Germany,ZVGWW4
DRV00197,Barbara,Jones,Female,33,United States,UZGPPO
DRV00198,Olivia,Jimenez,Female,55,Brazil,WQ40ZS
DRV00199,Emily,Ortiz,Female,66,Brazil,N8QTTY
DRV00200,Susan,Ward,Female,38,Canada,R8KK79
DRV00201,Emma,Green,Female,54,Poland,RU7ZKU
DRV00202,Donald,Hall,Male,48,Australia,82KKZM
DRV00203,Susan,Myers,Female,59,United States,RHT7ZE
DRV00204,Barbara,Young,Female,50,Poland,B6IIDL
DRV00205,Thomas,Smith,Male,61,United States,89FX5R
DRV00206,Sarah,Chavez,Female,22,India,C1XI04
DRV00207,Steven,Thompson,Male,38,Italy,7B42G0
DRV00208,Charlotte,Cox,Female,28,Canada,D9K9TR
DRV00209,Joshua,Wright,Male,67,India,GEFQJG
DRV00210,Sarah,Reed,Female,40,Italy,YGVWOP
DRV00211,Donald,Bennett,Male,48,Poland,D9R7AN
DRV00212,Daniel,Hill,Male,49,France,UUJMIY
DRV00213,Mary,Phillips,Female,38,United States,Y751YW
DRV00214,Evelyn,Lewis,Female,55,United States,HEF0VO
DRV00215,Ava,Bennett,Female,53,Mexico,31YV2S
DRV00216,William,Reed,Male,53,Australia,E36HTF
DRV00217,Joseph,Mendoza,Male,52,United States,HUDS3Q
DRV00218,Joshua,Reed,Male,67,Poland,CQ30O3
DRV00219,Amelia,Martinez,Female,50,Australia,BMC97C
DRV00220,Sarah,Evans,Female,44,Poland,GEX08N
DRV00221,Mark,Carter,Male,54,United States,C85E4E
DRV00222,Sophia,Taylor,Female,54,France,0IAAKY
DRV00223,Ava,Carter,Female,27,Mexico,3IMJ70
DRV00224,Steven,Ward,Male,58,Germany,15AHDB
DRV00225,Michael,Young,Male,52,United States,0OIH5C
DRV00226,Elizabeth,Sanders,Female,62,United States,UU13I5
DRV00227,Elizabeth,Evans,Female,47,Mexico,KC856W
DRV00228,Emma,Miller,Female,29,India,97Y2LO
DRV00229,Mark,White,Male,23,Australia,1R4KZ3
DRV00230,Steven,Turner,Male,43,Canada,UEIHX7
DRV00231,Ava,Castillo,Female,57,United States,3BNVBC
DRV00232,Mia,Ramirez,Female,67,United States,R5L8A7
DRV00233,Harper,Price,Female,42,United States,H6T1NT
DRV00234,Susan,Campbell,Female,33,France,SRD9Q4
DRV00235,Christopher,Evans,Male,66,United States,B50ATV
DRV00236,Sarah,Martin,Female,41,United States,HIUIT7
DRV00237,Emma,Castillo,Female,51,Brazil,XRG2GZ
DRV00238,Ava,Chavez,Female,20,Germany,8S4C3B
DRV00239,Thomas,Watson,Male,62,India,IZASNW
DRV00240,Emily,James,Female,38,United States,RATATJ
DRV00241,Olivia,Hughes,Female,32,Australia,Y36DDF
DRV00242,Sophia,Allen,Female,64,Poland,3JONOU
DRV00243,Karen,Mendoza,Female,44,Australia,3C9XBO
DRV00244,Emily,Davis,Female,26,United States,WZC4XL
DRV00245,Robert,Robinson,Male,37,United States,H55RBC
DRV00246,Charlotte,James,Female,65,Italy,B7L8V1
DRV00247,William,Hill,Male,67,Germany,FI4O6L
DRV00248,David,Cook,Male,59,Poland,0MDICV
DRV00249,Donald,Jimenez,Male,44,United States,LW2QIT
DRV00250,Patricia,Mendoza,Female,37,Canada,VN1KIC
DRV00251,Mark,Alvarez,Male,48,Poland,2FOMD7
DRV00252,Jessica,Wilson,Female,42,India,EGQTOA
DRV00253,David,Kim,Male,55,France,VLNKND
DRV00254,Charlotte,Gutierrez,Female,47,United Kingdom,GNEKRC
DRV00255,Steven,Hill,Male,32,United States,RCJIWV
DRV00256,Richard,Moore,Male,41,Poland,K8LW2L
DRV00257,Harper,Moore,Female,40,Australia,KVZRGO
DRV00258,Emma,Kelly,Female,32,Brazil,2LK2N7
DRV00259,Ava,White,Female,38,Brazil,YT8QZP
DRV00260,Steven,Gray,Male,24,United States,RWIXZ2
DRV00261,Harper,Morris,Female,43,Brazil,UT75PB
DRV00262,Harper,Brooks,Female,56,Canada,6DIXFW
DRV00263,Donald,Long,Male,55,United Kingdom,L2DDH0
DRV00264,Charlotte,Lewis,Female,21,Italy,QO1VSM
DRV00265,Richard,Nguyen,Male,49,Italy,O8E7FL
DRV00266,Sophia,Morris,Female,65,Mexico,MDZQCB
DRV00267,John,Baker,Male,30,Germany,XYF9IG
DRV00268,Mia,Diaz,Female,21,Poland,8IOGXP
DRV00269,Jennifer,Edwards,Female,24,Germany,VNZH13
DRV00270,Richard,Morgan,Male,60,United States,GLQJ5S
DRV00271,Harper,Roberts,Female,65,United States,WVM4W3
DRV00272,Evelyn,Ramos,Female,52,United States,DEEKGY
DRV00273,Steven,Kim,Male,31,United States,ENGWYX
DRV00274,Mary,Morales,Female,51,Mexico,KG4W58
DRV00275,Mia,Cook,Female,56,United States,XORZPG
DRV00276,Elizabeth,Nguyen,Female,51,France,BIK2U1
DRV00277,Olivia,Anderson,Female,66,Poland,UJT9T1
DRV00278,Ava,Ramirez,Female,48,United States,9D31K9
DRV00279,Matthew,Lopez,Male,42,France,P91I3V
DRV00280,Paul,Perez,Male,58,United States,W232UT
DRV00281,Sarah,Nguyen,Female,46,United States,U8S63E
DRV00282,Jessica,Wood,Female,63,United States,E5IZ31
DRV00283,Emma,Jackson,Female,25,Brazil,UJOQW5
DRV00284,Olivia,Myers,Female,66,Italy,K7N8LA
DRV00285,Joshua,Brooks,Male,33,United States,XMCTHP
DRV00286,Jessica,Adams,Female,63,United States,3MUURM
DRV00287,Robert,Gonzalez,Male,47,United States,W4A7FQ
DRV00288,Thomas,Wood,Male,62,United States,K55DMC
DRV00289,Mary,Miller,Female,20,India,OKZIXZ
DRV00290,Emily,Martinez,Female,47,Mexico,EIYAZ3
DRV00291,Elizabeth,Roberts,Female,28,United States,D3DNKN
DRV00292,Charles,Rodriguez,Male,29,Poland,TAXP0W
DRV00293,Evelyn,Mendoza,Female,42,United States,PH6FE0
DRV00294,Christopher,Moore,Male,64,Canada,IXIVZK
DRV00295,Karen,Clark,Female,35,Italy,SS0KB6
DRV00296,Mark,Anderson,Male,40,Germany,IWC5AM
DRV00297,Mark,Reed,Male,57,United States,PTGQ9C
DRV00298,James,King,Male,46,Poland,H78OKZ
DRV00299,Donald,Hernandez,Male,29,United States,XTFDC7
DRV00300,Christopher,Gomez,Male,35,Brazil,V1XXLP
DRV00301,Barbara,Lopez,Female,31,France,7EWBXX
DRV00302,James,Price,Male,36,France,EARMS3
DRV00303,Anthony,Taylor,Male,47,Germany,050E6M
DRV00304,Sophia,Rodriguez,Female,56,United States,J9WRSB
DRV00305,Anthony,Lee,Male,22,Australia,JDU0IS
DRV00306,Barbara,Garcia,Female,65,Germany,QNF74T
DRV00307,Steven,Lewis,Male,52,Australia,LOZJCN
DRV00308,Michael,Thompson,Male,39,United Kingdom,ISBO55
DRV00309,Anthony,Sanchez,Male,32,United States,K20IN8
DRV00310,Barbara,Martin,Female,41,United States,AOIM45
DRV00311,Mark,Patel,Male,29,United States,0DTIRC
DRV00312,David,Garcia,Male,25,Italy,76SZN9
DRV00313,Richard,Cook,Male,35,United Kingdom,E3CUP8
DRV00314,Susan,Green,Female,32,Mexico,7O3LQI
DRV00315,Amelia,Wilson,Female,33,United Kingdom,FFQOT8
DRV00316,Karen,Reyes,Female,22,United Kingdom,JEFY3Z
DRV00317,Christopher,Jackson,Male,31,Germany,DIMSYJ
DRV00318,Donald,Edwards,Male,23,India,UTDD2E
DRV00319,Thomas,Sanchez,Male,24,Brazil,3NWXUJ
DRV00320,William,Sanchez,Male,22,United States,6PE63L
DRV00321,Michael,Perez,Male,42,Italy,7P0RNP
DRV00322,Patricia,Scott,Female,46,Italy,K5BWIK
DRV00323,David,Scott,Male,54,Italy,NPX2I9
DRV00324,Matthew,Morris,Male,40,United States,TR6SNG
DRV00325,Jessica,Davis,Female,35,United States,3QMVIF
DRV00326,Barbara,Wright,Female,44,United Kingdom,T2018U
DRV00327,Patricia,Thompson,Female,42,Brazil,IL0MVZ
DRV00328,Charlotte,Jackson,Female,51,Mexico,UG95RL
DRV00329,David,Davis,Male,28,Australia,IHSA7H
DRV00330,Patricia,Adams,Female,43,India,CFZFDS
DRV00331,Anthony,Price,Male,47,United States,7ODKEF
DRV00332,Emma,Wood,Female,62,United States,LZU6WM
DRV00333,Patricia,Carter,Female,45,United States,LYE088
DRV00334,Robert,White,Male,29,United States,V78HU7
DRV00335,William,Walker,Male,66,Poland,MLW83Y
DRV00336,Andrew,Johnson,Male,44,Germany,JICJDA
DRV00337,Steven,Perez,Male,56,United States,5RNTDR
DRV00338,Elizabeth,Lee,Female,41,United Kingdom,Q2BAJD
DRV00339,Mark,Lee,Male,50,United States,0T6DVW
DRV00340,Paul,Wood,Male,64,Canada,F6FDHG
DRV00341,Ava,King,Female,23,Germany,XKDOTR
DRV00342,James,Diaz,Male,60,United States,D3WRDH
DRV00343,David,Stewart,Male,54,India,4LORXD
DRV00344,Patricia,Mitchell,Female,37,United States,5NQJQI
DRV00345,Michael,Martin,Male,57,Germany,1YDMT8
DRV00346,Mia,Davis,Female,35,Australia,43PT5R
DRV00347,Karen,Hernandez,Female,59,India,O4BUSU
DRV00348,Joseph,Long,Male,25,India,Q8GHGB
DRV00349,Paul,Sanchez,Male,24,Poland,9W4J66
DRV00350,Mark,Bailey,Male,59,United States,OLJQ52
DRV00351,Sophia,Turner,Female,26,United States,EFUU8D
DRV00352,Richard,Torres,Male,50,Italy,555JXU
DRV00353,Donald,Jackson,Male,23,Poland,WYOO5Y
DRV00354,Jessica,Mitchell,Female,26,India,A3KKRZ
DRV00355,Thomas,Hill,Male,32,United States,9P3JPX
DRV00356,Linda,Evans,Female,39,United States,0153SF
DRV00357,Donald,Moore,Male,23,Australia,2SUG5H
DRV00358,Robert,Collins,Male,27,India,BMHNQO
DRV00359,John,Walker,Male,30,United States,NVG5VM
DRV00360,David,Torres,Male,34,United States,AB42HH
DRV00361,Linda,Wright,Female,28,United Kingdom,XS58YR
DRV00362,Patricia,Kim,Female,37,Germany,2IV7ZZ
DRV00363,Mark,Hall,Male,20,Germany,QHKSWV
DRV00364,Anthony,Bailey,Male,60,United States,XVKDC9
DRV00365,Jessica,King,Female,23,India,X8XGSI
DRV00366,Donald,James,Male,45,United Kingdom,LFARK6
DRV00367,Robert,Howard,Male,50,United States,ZUG0IT
DRV00368,Matthew,Cook,Male,67,United States,KGXUKQ
DRV00369,Mia,Ross,Female,39,United Kingdom,686XII
DRV00370,Daniel,Mitchell,Male,59,United States,JK4Q5V
DRV00371,Emily,Harris,Female,28,United Kingdom,S5NKB4
DRV00372,Daniel,Evans,Male,25,Canada,969F5G
DRV00373,Daniel,Watson,Male,56,Australia,9LCQH1
DRV00374,Emma,Ross,Female,20,Australia,2EPPPR
DRV00375,Ava,Sanchez,Female,20,Germany,0861TA
DRV00376,Barbara,Lewis,Female,22,Canada,YMENVG
DRV00377,Sophia,Kim,Female,32,United Kingdom,SPYE9R
DRV00378,Donald,Williams,Male,43,Brazil,I0E0VG
DRV00379,Robert,Carter,Male,61,Brazil,5JTB9X
DRV00380,Michael,Ruiz,Male,63,Australia,EPEJZH
DRV00381,Steven,James,Male,52,Poland,DSWZP6
DRV00382,Joseph,Torres,Male,32,Italy,EDHHJS
DRV00383,Mary,Garcia,Female,25,Brazil,T6YRIA
DRV00384,Charlotte,Bennett,Female,61,Germany,R82C06
DRV00385,Joshua,Nguyen,Male,63,United States,JB354M
DRV00386,Paul,Patel,Male,41,United States,E46AEX
DRV00387,Andrew,Richardson,Male,49,Canada,J0NMEO
DRV00388,Emily,Turner,Female,30,United States,X2EZC7
DRV00389,Steven,Ramos,Male,63,United States,RUPW2W
DRV00390,Emily,Morales,Female,63,France,EOBJLZ
DRV00391,Charlotte,Castillo,Female,26,Brazil,U9YMSZ
DRV00392,Barbara,Morris,Female,23,Poland,MYN4U9
DRV00393,Mary,Cook,Female,37,United States,445CRI
DRV00394,Olivia,Lewis,Female,25,Brazil,TN3CPU
DRV00395,Andrew,Green,Male,20,Mexico,ERXDOU
DRV00396,Harper,Richardson,Female,23,United States,W6UXQM
DRV00397,Joshua,Nelson,Male,62,United States,UWRXZE
DRV00398,James,Baker,Male,30,France,MW2TND
DRV00399,Thomas,Alvarez,Male,33,Germany,0OJHE4
DRV00400,Jennifer,Alvarez,Female,48,Poland,M1BWYE
DRV00401,Amelia,Cook,Female,50,India,ERTB74
DRV00402,Patricia,Ruiz,Female,52,Poland,U0ENV5
DRV00403,Steven,Cox,Male,28,United States,61J88Q
DRV00404,Olivia,Hill,Female,33,United States,4TL0TH
DRV00405,Sarah,Mendoza,Female,64,Poland,MY9X8S
DRV00406,Christopher,Price,Male,67,United States,EMRUYP
DRV00407,Sarah,Diaz,Female,30,India,3SAFYH
DRV00408,Susan,Jackson,Female,26,United States,4YK1B3
DRV00409,Mia,Roberts,Female,44,United States,I22KX7
DRV00410,Christopher,Peterson,Male,34,France,B0H54P
DRV00411,Anthony,Long,Male,63,United States,V0H0GQ
DRV00412,Olivia,Thomas,Female,41,Italy,NPUEVJ
DRV00413,Charles,Garcia,Male,51,India,FLB7WX
DRV00414,Mia,Rivera,Female,30,United States,CZS8S2
DRV00415,Ava,Morgan,Female,59,United Kingdom,OM5XLK
DRV00416,Emily,Bailey,Female,59,United States,39AYQ6
DRV00417,Christopher,Carter,Male,43,France,68NTK6
DRV00418,Olivia,Edwards,Female,54,United States,RKXLCD
DRV00419,James,Watson,Male,54,France,CY15PD
DRV00420,William,Myers,Male,36,France,YAZBCG
DRV00421,Elizabeth,King,Female,20,United States,OQOLOE
DRV00422,Evelyn,Rodriguez,Female,63,France,1VZC7D
DRV00423,Harper,Lopez,Female,34,United States,K7N3BF
DRV00424,Donald,Cooper,Male,61,United Kingdom,KWK585
DRV00425,James,Peterson,Male,25,Italy,5FBUOT
DRV00426,Linda,Myers,Female,31,France,00H64F
DRV00427,Evelyn,Allen,Female,55,France,GG2447
DRV00428,Mia,Martinez,Female,28,Poland,KCD0RL
DRV00429,Barbara,Gonzalez,Female,64,Mexico,KCGRLX
DRV00430,Charles,Reed,Male,65,Canada,U38GL2
DRV00431,Anthony,Moore,Male,26,United States,YLRQ1R
DRV00432,Harper,Hernandez,Female,24,Italy,44FTJ5
DRV00433,John,Cook,Male,36,Brazil,W3U1HB
DRV00434,Ava,Stewart,Female,28,Mexico,XFO6V4
DRV00435,Olivia,Rogers,Female,63,United States,DNAI89
DRV00436,Olivia,Moore,Female,50,Canada,QG8X80
DRV00437,Robert,Lewis,Male,43,United Kingdom,1IJIYS
DRV00438,Emily,Collins,Female,37,United States,5BXD8W
DRV00439,Amelia,Cooper,Female,36,Italy,UNNV6C
DRV00440,Elizabeth,Gutierrez,Female,28,Italy,O3M25A
DRV00441,Mary,Robinson,Female,27,Canada,CXHGNZ
DRV00442,Elizabeth,Turner,Female,46,Germany,3ZRRHF
DRV00443,Thomas,Kelly,Male,31,Mexico,VES6FF
DRV00444,Donald,Kim,Male,33,Australia,8W5038
DRV00445,Emily,Perez,Female,52,United States,HOFU1W
DRV00446,Mary,Castillo,Female,21,United States,Y7VCNE
DRV00447,Sophia,Cook,Female,54,Germany,Y3VG6V
DRV00448,Joseph,Lopez,Male,61,France,REV361
DRV00449,Anthony,Garcia,Male,67,France,ZP7R1M
DRV00450,Richard,Diaz,Male,46,United States,ERI4K5
DRV00451,Jennifer,Smith,Female,64,United States,Z2UEAX
DRV00452,Steven,Campbell,Male,59,Poland,DPVJTU
DRV00453,Mia,Bailey,Female,65,United States,RNTJLM
DRV00454,Thomas,James,Male,41,Poland,EI28DS
DRV00455,Evelyn,Hughes,Female,50,Canada,YBOW23
DRV00456,Paul,Lopez,Male,59,United States,CHCBN9
DRV00457,Sophia,Torres,Female,32,Mexico,ZV83XP
DRV00458,Jennifer,Jones,Female,61,United States,2SZWYM
DRV00459,Mary,Lopez,Female,67,United States,92MOVS
DRV00460,Sarah,Castillo,Female,32,Mexico,36M8JV
DRV00461,Donald,Kelly,Male,27,Canada,AGSUSM
DRV00462,Susan,Morgan,Female,41,United States,3UY8U1
DRV00463,Joshua,Ramos,Male,64,Germany,5RJN2H
DRV00464,Matthew,Gutierrez,Male,41,India,TZJKO0
DRV00465,Mia,Thompson,Female,32,Poland,RM6J8Y
DRV00466,Jennifer,Walker,Female,29,Brazil,05HHIW
DRV00467,Joseph,Hernandez,Male,50,Canada,YXW1TB
DRV00468,Evelyn,Green,Female,52,France,R965R9
DRV00469,Donald,Lewis,Male,42,Australia,1ESP7B
DRV00470,Patricia,Collins,Female,57,Italy,9ZQYAH
DRV00471,Christopher,Campbell,Male,43,Poland,WJTIQW
DRV00472,Emma,Diaz,Female,28,United States,HZN4KG
DRV00473,Elizabeth,Gonzalez,Female,67,Italy,Z2T4H2
DRV00474,Emily,Johnson,Female,51,India,GR94SZ
DRV00475,Susan,Bailey,Female,60,Poland,4BDFHJ
DRV00476,Andrew,Myers,Male,27,Canada,MMU7JA
DRV00477,Harper,Sanchez,Female,52,Italy,UXT9KL
DRV00478,Andrew,Hernandez,Male,41,United States,NKWFG3
DRV00479,Evelyn,Kelly,Female,65,United States,O6CMLX
DRV00480,Harper,Chavez,Female,48,Canada,O5270S
DRV00481,Mary,White,Female,33,United States,4EIJ00
DRV00482,Donald,Wilson,Male,25,United States,D7RB1S
DRV00483,Susan,Richardson,Female,60,Brazil,FX5LIK
DRV00484,Thomas,Ortiz,Male,54,Poland,4BX4LR
DRV00485,Mia,Cruz,Female,56,United States,E8TVQ0
DRV00486,Sophia,Brooks,Female,43,Canada,XLMT2P
DRV00487,Susan,Martin,Female,20,Canada,KA34MQ
DRV00488,Emily,Hill,Female,46,France,APKIAN
DRV00489,Paul,Gomez,Male,60,United States,IZX3HC
DRV00490,Sophia,Ross,Female,37,Brazil,2WYJXT
DRV00491,Jennifer,Rodriguez,Female,32,Mexico,GKWWJW
DRV00492,John,Martin,Male,66,United States,BTGDJZ
DRV00493,Elizabeth,Lopez,Female,49,Italy,FRML29
DRV00494,Daniel,Hernandez,Male,32,Italy,48C1CQ
DRV00495,Mark,Johnson,Male,22,India,E1I1P0
DRV00496,Joshua,Patel,Male,40,Canada,1S9RYL
DRV00497,Robert,Myers,Male,62,Poland,7SJWH5
DRV00498,Joseph,Walker,Male,20,Germany,WLGJE2
DRV00499,Amelia,Ruiz,Female,59,Canada,RVNDFD
DRV00500,Michael,Davis,Male,55,India,MFTDRL
DRV00501,Matthew,Cruz,Male,65,United States,0AN0JB
DRV00502,Mia,Nguyen,Female,58,United States,TRUTLQ
DRV00503,Mary,Rodriguez,Female,52,Italy,TQ3TQ1
DRV00504,Patricia,Williams,Female,44,United Kingdom,WNWLC8
DRV00505,Sophia,Mendoza,Female,53,India,RTWLXD
DRV00506,William,Garcia,Male,56,Canada,4E5HRD
DRV00507,Mark,James,Male,20,United States,RWVBHZ
DRV00508,Emma,Hernandez,Female,65,United States,QXM063
DRV00509,Evelyn,Wright,Female,26,Mexico,T04CHS
DRV00510,Ava,Roberts,Female,46,Australia,GSIWG0
DRV00511,Charlotte,Rivera,Female,52,United States,YZPD2T
DRV00512,Mary,Morgan,Female,43,Italy,9PML9L
DRV00513,Paul,Castillo,Male,43,Canada,LITNT0
DRV00514,Andrew,Gomez,Male,20,United States,ABKAE6
DRV00515,Elizabeth,Ramirez,Female,55,Brazil,4A3YJT
DRV00516,Charlotte,Martin,Female,36,Germany,DQFJ6I
DRV00517,David,Kelly,Male,64,Poland,O7002G
DRV00518,Richard,Kim,Male,41,Brazil,XB3N27
DRV00519,Paul,Turner,Male,60,United Kingdom,7E1047
DRV00520,Mark,Miller,Male,23,Poland,KBTFSH
DRV00521,Harper,Kelly,Female,56,United States,SHKOEC
DRV00522,Mia,Phillips,Female,32,United States,JOPZ1R
DRV00523,Charlotte,Sanchez,Female,63,United States,U9SIJP
DRV00524,David,Anderson,Male,39,Brazil,YPMLVA
DRV00525,Matthew,Ward,Male,63,United States,32WP7I
DRV00526,Charles,Long,Male,38,Poland,0D0IWF
DRV00527,Daniel,Ruiz,Male,54,United States,2KQL0H
DRV00528,Susan,Peterson,Female,62,India,R0FZAU
DRV00529,Robert,Allen,Male,20,Mexico,GK2WBX
DRV00530,Jessica,James,Female,34,France,4X5A5X
DRV00531,Olivia,Price,Female,49,Poland,DL5TGS
DRV00532,John,Garcia,Male,42,United States,ITMOFM
DRV00533,Karen,Walker,Female,21,United Kingdom,99JCJN
DRV00534,Jessica,Lewis,Female,59,United States,F6XDN8
DRV00535,Barbara,Kelly,Female,28,United States,F86LTH
DRV00536,Ava,Mendoza,Female,29,Canada,25LZSE
DRV00537,Charlotte,Lee,Female,66,Mexico,LU8EL5
DRV00538,Jessica,Martin,Female,56,Australia,2DG1WJ
DRV00539,Elizabeth,Kim,Female,58,India,IYMYRS
DRV00540,Anthony,White,Male,20,United States,4REGB1
DRV00541,Jennifer,Long,Female,49,Mexico,HG8PWY
DRV00542,Paul,Phillips,Male,56,United States,1V3ZO7
DRV00543,Ava,Ortiz,Female,35,Italy,XZBDQ5
DRV00544,Ava,Gomez,Female,48,United States,9BN18G
DRV00545,Karen,Jimenez,Female,29,Italy,3QPWBS
DRV00546,Andrew,Lopez,Male,46,United States,0E27ZE
DRV00547,Andrew,Brown,Male,64,Mexico,GVZHQJ
DRV00548,Mary,Alvarez,Female,66,Australia,0DZWDZ
DRV00549,Evelyn,Lee,Female,29,Poland,NN16UX
DRV00550,Charles,Thompson,Male,31,India,1BL08K
DRV00551,James,Richardson,Male,51,United Kingdom,1ARR3V
DRV00552,Linda,Ramos,Female,37,France,XQPVA5
DRV00553,Mia,Clark,Female,58,Brazil,BFXB4Y
DRV00554,Daniel,Lopez,Male,58,United States,BPGYVY
DRV00555,Joshua,Myers,Male,24,United States,U7DKNN
DRV00556,Mia,Rodriguez,Female,64,India,KEZJSS
DRV00557,Evelyn,Davis,Female,65,United States,D0W9RY
DRV00558,Paul,Cox,Male,51,Australia,4JUW7W
DRV00559,Emma,Murphy,Female,49,Australia,35IKGE
DRV00560,Joseph,Patel,Male,60,United States,429OMU
DRV00561,James,Brooks,Male,20,United Kingdom,HK2LSL
DRV00562,Daniel,Baker,Male,63,United States,OU83G4
DRV00563,Emily,Jones,Female,46,United States,XRW6TM
DRV00564,Sophia,Hill,Female,42,Brazil,UYTAUL
DRV00565,Charles,Scott,Male,31,Mexico,4MNTFV
DRV00566,Karen,Price,Female,39,Australia,4ZJD5N
DRV00567,Patricia,Anderson,Female,52,United Kingdom,NBHDS2
DRV00568,Jennifer,Baker,Female,53,Australia,70S1F5
DRV00569,Thomas,Clark,Male,63,Italy,0QZSA7
DRV00570,David,Nelson,Male,39,India,QBSXLU
DRV00571,Linda,Adams,Female,30,Brazil,HKT1YJ
DRV00572,Joseph,Johnson,Male,65,Australia,8UDTTJ
DRV00573,Charlotte,Young,Female,63,United States,GL6TBB
DRV00574,Richard,Roberts,Male,64,Canada,BPGVV4
DRV00575,Evelyn,Rivera,Female,49,United States,L3ZYT9
DRV00576,Thomas,Lopez,Male,49,Australia,37QQYZ
DRV00577,Elizabeth,Lewis,Female,41,Brazil,F6JNG7
DRV00578,Joshua,Morales,Male,58,United States,BRMQG1
DRV00579,Thomas,Rogers,Male,54,United Kingdom,D32LX2
DRV00580,Donald,Ramos,Male,64,India,OWT9NM
DRV00581,Paul,Parker,Male,65,United States,UMYGY0
DRV00582,Emma,Anderson,Female,24,India,VQT3G8
DRV00583,Richard,Mendoza,Male,28,Germany,31NRXD
DRV00584,James,Long,Male,63,United States,FFTOUH
DRV00585,Karen,Reed,Female,25,United States,2Y77Z6
DRV00586,James,Ward,Male,23,India,9OEKNT
DRV00587,Paul,Hughes,Male,31,Germany,VWZOPH
DRV00588,Thomas,Harris,Male,28,Mexico,T4MPK5
DRV00589,John,Jackson,Male,46,Canada,ZRP9DX
DRV00590,Harper,Diaz,Female,47,India,WQP3NI
DRV00591,James,Kelly,Male,22,Australia,R0ZJ7U
DRV00592,Charlotte,Morris,Female,37,India,ZERYF0
DRV00593,Sophia,Hernandez,Female,63,United States,SVIWXY
DRV00594,Ava,Howard,Female,50,United States,LBM2QS
DRV00595,Daniel,Turner,Male,39,United States,M9KGZV
DRV00596,Susan,Davis,Female,21,Italy,WUUXK0
DRV00597,Thomas,Cook,Male,67,United States,C2JWJJ
DRV00598,Harper,Thompson,Female,35,United Kingdom,60XNG2
DRV00599,Patricia,Ortiz,Female,51,Mexico,5MDF7F
DRV00600,Mark,Walker,Male,36,Canada,X0GU4B
DRV00601,Joshua,Phillips,Male,44,India,RR87IY
DRV00602,Sophia,Parker,Female,22,United States,A7QY8Y
DRV00603,Ava,Brooks,Female,26,Australia,M4VXJJ
DRV00604,Amelia,Gomez,Female,63,Canada,QYIY1S
DRV00605,James,Gray,Male,66,Mexico,ACOSYM
DRV00606,Susan,Harris,Female,58,Italy,BWCV6H
DRV00607,Joseph,Price,Male,31,Poland,8DVN1X
DRV00608,Patricia,Allen,Female,64,United Kingdom,KXCQ91
DRV00609,Christopher,Allen,Male,36,Italy,FC1NLC
DRV00610,Andrew,Rodriguez,Male,47,India,R7VGRF
DRV00611,Evelyn,Chavez,Female,48,Poland,DPJBC0
DRV00612,Emma,Martin,Female,45,Mexico,XABOFL
DRV00613,James,Rogers,Male,24,United States,Z1RO03
DRV00614,Elizabeth,Smith,Female,41,United States,NY2ET9
DRV00615,Karen,Phillips,Female,49,Canada,B9XN4M
DRV00616,Jennifer,Thompson,Female,64,United States,T8XKOD
DRV00617,Andrew,Patel,Male,54,France,GBA9IN
DRV00618,Karen,Murphy,Female,66,Canada,T4Q9BC
DRV00619,Donald,Thomas,Male,67,United States,HXS75T
DRV00620,Elizabeth,Martinez,Female,64,United States,BFXQ7B
DRV00621,Thomas,Johnson,Male,57,France,GBL2QG
DRV00622,Richard,Anderson,Male,67,United Kingdom,R2H2P3
DRV00623,Donald,Adams,Male,22,Mexico,EYTL8H
DRV00624,Patricia,Nelson,Female,35,Brazil,CJ1GNF
DRV00625,Robert,Moore,Male,20,Australia,D4W1AR
DRV00626,Patricia,Lopez,Female,28,Mexico,ZVKY2R
DRV00627,Charles,Brooks,Male,65,United Kingdom,JQIGYV
DRV00628,Evelyn,Lopez,Female,53,France,W2MAIE
DRV00629,Evelyn,Campbell,Female,23,Poland,59SQWH
DRV00630,Joseph,Martin,Male,61,United States,Y8RGYB
DRV00631,Sarah,Clark,Female,54,United Kingdom,PM21B0
DRV00632,Mary,Brown,Female,32,France,RE6ZVL
DRV00633,Christopher,Robinson,Male,34,United States,2LD05N
DRV00634,Emily,Howard,Female,28,Canada,R6F7QN
DRV00635,Jennifer,Watson,Female,27,United States,MJMBUK
DRV00636,Joshua,Turner,Male,59,Brazil,GM5V2W
DRV00637,Charlotte,Peterson,Female,49,United Kingdom,4D4R9V
DRV00638,James,Sanders,Male,29,United States,P5IPI7
DRV00639,James,Turner,Male,50,Poland,9BQ1BT
DRV00640,Andrew,Murphy,Male,38,Australia,IUA08E
DRV00641,David,Williams,Male,49,Poland,RKZ40A
DRV00642,Thomas,Price,Male,24,Italy,O2NQW4
DRV00643,Daniel,Ortiz,Male,63,Brazil,BPJ8T2
DRV00644,Evelyn,Nelson,Female,43,Brazil,0B8Y5D
DRV00645,Evelyn,Garcia,Female,41,Brazil,NGUCZH
DRV00646,Ava,Anderson,Female,34,Italy,X015Z1
DRV00647,Matthew,Wright,Male,27,United States,SPBNQS
DRV00648,Ava,Gray,Female,24,Mexico,36QNYY
DRV00649,Patricia,Torres,Female,33,United Kingdom,8CFEFF
DRV00650,John,Nguyen,Male,21,United States,OY7RP0
DRV00651,John,Robinson,Male,51,Italy,4SMUX2
DRV00652,Sophia,Peterson,Female,50,Mexico,QKE2GJ
DRV00653,Sarah,Foster,Female,54,France,4FK8WF
DRV00654,Barbara,Anderson,Female,22,Mexico,BLEJGU
DRV00655,Christopher,Hall,Male,51,Italy,FQ9TEA
DRV00656,Joshua,Green,Male,38,India,F8TSXK
DRV00657,Andrew,Baker,Male,45,United States,Y06FTL
DRV00658,Elizabeth,Edwards,Female,37,Brazil,MLVHS2
DRV00659,Ava,Edwards,Female,52,Canada,Y89ORV
DRV00660,Anthony,Gomez,Male,48,Poland,F4NNKM
DRV00661,David,Ramirez,Male,47,Canada,0P92K3
DRV00662,Thomas,Ramos,Male,57,Italy,VFK9SM
DRV00663,David,Smith,Male,28,United Kingdom,O6OUZ1
DRV00664,Sarah,Peterson,Female,34,Mexico,R3KVR0
DRV00665,James,Martin,Male,46,United Kingdom,J84RX6
DRV00666,Emma,Ruiz,Female,43,Brazil,XB1R8V
DRV00667,Emily,Reed,Female,66,Canada,PJY93N
DRV00668,John,King,Male,37,Poland,FCL5EF
DRV00669,Steven,Brooks,Male,60,United States,6MKT7S
DRV00670,Mary,Cooper,Female,43,United States,LL42JZ
DRV00671,Matthew,Jackson,Male,26,United Kingdom,ASNRM6
DRV00672,Charles,Cook,Male,54,Italy,HG6W3S
DRV00673,Joseph,Taylor,Male,58,United Kingdom,7RLN36
DRV00674,Daniel,Thompson,Male,34,Italy,ZB3I4F
DRV00675,Thomas,Hernandez,Male,32,Brazil,P1EARP
DRV00676,Robert,James,Male,26,United States,SCEJCY
DRV00677,Harper,Clark,Female,37,France,VHYBF0
DRV00678,Matthew,Rivera,Male,57,France,FS0IUD
DRV00679,Sophia,Ramirez,Female,33,Canada,Z8G1A0
DRV00680,Emily,Campbell,Female,47,United Kingdom,ZGYD49
DRV00681,Olivia,Robinson,Female,43,Poland,O1LQSR
DRV00682,Mia,Castillo,Female,48,India,BLEKVL
DRV00683,Mia,Evans,Female,63,United States,K4GC4R
DRV00684,Patricia,Johnson,Female,29,Canada,9RDPXD
DRV00685,Daniel,Sanchez,Male,65,Canada,V9E40K
DRV00686,Amelia,Wright,Female,51,United States,127MY8
DRV00687,Joshua,Wilson,Male,24,United Kingdom,ERI7B0
DRV00688,John,Thompson,Male,53,Australia,NYFWDC
DRV00689,Joshua,Sanchez,Male,21,France,KRST3T
DRV00690,Paul,Thomas,Male,39,France,NLNQBU
DRV00691,Emma,Parker,Female,63,Italy,EZRDYX
DRV00692,Charlotte,Stewart,Female,59,Mexico,R4SOR8
DRV00693,Matthew,Foster,Male,67,Germany,9LBB4M
DRV00694,Daniel,Carter,Male,61,Germany,DMMMXI
DRV00695,Amelia,Hernandez,Female,49,Germany,6CKMAL
DRV00696,Paul,Reed,Male,56,Italy,SPAQAL
DRV00697,Christopher,Kelly,Male,62,United States,DRYHR3
DRV00698,Mary,Ward,Female,54,Poland,K8HW9C
DRV00699,Sarah,King,Female,57,Germany,B9OI0D
DRV00700,Amelia,Baker,Female,39,Australia,JUTPMC
DRV00701,Karen,Parker,Female,55,Australia,XLOJSY
DRV00702,Sophia,White,Female,54,Brazil,UH80Q7
DRV00703,Michael,Gutierrez,Male,46,United States,HQI014
DRV00704,William,Brooks,Male,45,Italy,HO3XJV
DRV00705,Jennifer,Brown,Female,22,United States,I3QUPX
DRV00706,Mary,Wright,Female,66,Canada,EJ2XG4
DRV00707,John,Davis,Male,43,Poland,4DV56O
DRV00708,Thomas,Walker,Male,53,Italy,E07S38
DRV00709,Barbara,Kim,Female,35,Italy,E3LVO0
DRV00710,Linda,Jackson,Female,54,France,DHJO5C
DRV00711,Joseph,Green,Male,50,Mexico,TRIJ2F
DRV00712,Karen,Williams,Female,62,United States,X6B02B
DRV00713,Mark,Flores,Male,48,India,XZ6YTI
DRV00714,James,Gomez,Male,30,Australia,77K71K
DRV00715,Christopher,Foster,Male,67,United States,X2JC2R
DRV00716,Daniel,Alvarez,Male,46,Italy,P7DFJC
DRV00717,Mia,Patel,Female,61,Canada,LZ1XGP
DRV00718,James,Phillips,Male,61,United States,HKUDIZ
DRV00719,Harper,Mendoza,Female,57,Australia,O7Q5EG
DRV00720,Sarah,Sanchez,Female,21,United States,DNON4U
DRV00721,Mia,Chavez,Female,23,United States,WIDQJ4
DRV00722,Evelyn,Diaz,Female,53,United States,VF8GUA
DRV00723,Joshua,Gray,Male,67,United States,RIH83J
DRV00724,Mark,Taylor,Male,31,United States,PHH30G
DRV00725,Charles,Brown,Male,49,Germany,KJW6NY
DRV00726,James,Stewart,Male,67,France,ELYYZZ
DRV00727,Susan,Martinez,Female,62,India,DCLI69
DRV00728,Robert,Smith,Male,55,Australia,JWKON8
DRV00729,Amelia,Thompson,Female,53,United States,JS75EL
DRV00730,Charles,King,Male,47,Germany,EBE540
DRV00731,Susan,Gutierrez,Female,62,United Kingdom,L6L91F
DRV00732,Andrew,Miller,Male,27,Italy,GBGQFQ
DRV00733,Robert,Cruz,Male,27,France,MZRR45
DRV00734,David,Clark,Male,57,United States,5GGSJ6
DRV00735,Amelia,Smith,Female,41,Brazil,SUOC1Y
DRV00736,Joseph,Gomez,Male,65,Brazil,N7DLBQ
DRV00737,Jessica,Kim,Female,66,United Kingdom,XLBWQ8
DRV00738,Thomas,Ramirez,Male,58,Germany,52K20T
DRV00739,David,Phillips,Male,44,United Kingdom,JI1OAH
DRV00740,Charles,Thomas,Male,42,United States,K2076V
DRV00741,Richard,Mitchell,Male,47,United States,SR5RUP
DRV00742,Evelyn,White,Female,63,Italy,PPBMQI
DRV00743,Emma,Ortiz,Female,29,Brazil,WSKP6R
DRV00744,Karen,Young,Female,47,United States,SKBCBD
DRV00745,Richard,Reyes,Male,27,Australia,XUJJCS
DRV00746,Joshua,Thompson,Male,66,India,24BOZL
DRV00747,Susan,Baker,Female,63,Australia,85GG0V
DRV00748,Paul,Morgan,Male,62,United States,AOAXQO
DRV00749,Emma,Hill,Female,39,Australia,W9MYYO
DRV00750,Thomas,Moore,Male,61,United Kingdom,AEA84H
DRV00751,Barbara,Parker,Female,47,United States,44TD1F
DRV00752,Joseph,Perez,Male,35,United States,60QRAQ
DRV00753,Donald,Miller,Male,57,Australia,MD4POR
DRV00754,Robert,Morales,Male,34,Brazil,OS0765
DRV00755,Sophia,Williams,Female,51,Poland,PLC6PR
DRV00756,Matthew,Edwards,Male,34,Germany,ZAKGMI
DRV00757,Daniel,Cox,Male,46,United States,4ZQ50O
DRV00758,Anthony,Stewart,Male,28,Poland,24WK0Y
DRV00759,Jennifer,Lee,Female,23,United States,VDO9KH
DRV00760,Matthew,Gray,Male,59,India,F36BCP
DRV00761,Elizabeth,Morales,Female,29,United States,JMMB5J
DRV00762,Harper,Bennett,Female,26,Germany,DB8281
DRV00763,Evelyn,Wilson,Female,30,United States,3BDW56
DRV00764,Andrew,Ross,Male,32,Australia,S0DXME
DRV00765,Steven,Foster,Male,43,Germany,1I3MSD
DRV00766,Anthony,Watson,Male,46,Italy,XF1PI2
DRV00767,Joshua,Gutierrez,Male,24,Poland,2NBFA3
DRV00768,Daniel,Green,Male,29,Poland,O1POB7
DRV00769,Michael,Watson,Male,64,France,9259P5
DRV00770,Karen,Castillo,Female,64,Mexico,06AKT7
DRV00771,Andrew,Chavez,Male,61,Australia,HT2XZ5
DRV00772,Jennifer,Hill,Female,54,Germany,DTOZ5S
DRV00773,Linda,Lopez,Female,54,France,SLMWA6
DRV00774,Susan,Walker,Female,36,India,3KPS04
DRV00775,Olivia,Rivera,Female,41,Brazil,E17QUA
DRV00776,Amelia,Reed,Female,62,Poland,Z7X4IK
DRV00777,Mark,Gutierrez,Male,29,United Kingdom,0DSG2Q
DRV00778,Steven,Hernandez,Male,45,India,DPEHCY
DRV00779,Mia,Gutierrez,Female,51,Poland,25VW9Y
DRV00780,Mary,Jackson,Female,64,Germany,SRQ8ST
DRV00781,Joshua,Stewart,Male,27,United States,BFU7E4
DRV00782,Anthony,Kelly,Male,21,Brazil,KSEKNK
DRV00783,Charles,Ramos,Male,20,India,P7KKG0
DRV00784,Mia,Hall,Female,44,Germany,CBRLQM
DRV00785,Harper,Taylor,Female,40,Germany,1SQQQ5
DRV00786,Evelyn,Bennett,Female,48,Canada,WN6MBY
DRV00787,David,Perez,Male,55,Australia,ZU2ZUE
DRV00788,Jennifer,Richardson,Female,21,United States,T18S1S
DRV00789,John,Scott,Male,58,India,2IZ5P3
DRV00790,Paul,White,Male,30,Italy,O4LJED
DRV00791,Charles,White,Male,40,Canada,JDLOGW
DRV00792,John,Alvarez,Male,27,Australia,COLOLN
DRV00793,Harper,Ramos,Female,55,Australia,ISS8JL
DRV00794,William,Morris,Male,26,Poland,BW6ATV
DRV00795,Mia,Wood,Female,29,Germany,2KODWH
DRV00796,Ava,Perez,Female,49,Italy,2TP6QA
DRV00797,Sarah,Wood,Female,44,United States,8A7RV4
DRV00798,Linda,Howard,Female,64,Canada,4KFTCD
DRV00799,Thomas,Castillo,Male,63,Germany,UKPV8L
DRV00800,Susan,Long,Female,41,United States,ZJXLH8
DRV00801,Thomas,Chavez,Male,64,Brazil,7VAAGU
DRV00802,Donald,Morgan,Male,48,Canada,C5XT63
DRV00803,Joseph,Rivera,Male,20,United States,8NVN43
DRV00804,Joshua,Mitchell,Male,42,Canada,7QHAK7
DRV00805,David,Ward,Male,51,Mexico,W3H98B
DRV00806,Linda,Smith,Female,55,Mexico,H3O5UR
DRV00807,Charlotte,Gray,Female,56,Poland,YUCECJ
DRV00808,Sophia,Sanders,Female,36,United States,2GY9YT
DRV00809,Mia,Collins,Female,46,United States,APYX4L
DRV00810,Sophia,Reyes,Female,54,United States,RSBZB7
DRV00811,Christopher,Smith,Male,64,United States,OM539I
DRV00812,William,Young,Male,21,United Kingdom,HLCWBP
DRV00813,Daniel,Allen,Male,35,Brazil,IR833S
DRV00814,Andrew,Howard,Male,28,United States,E97N6Y
DRV00815,Andrew,Davis,Male,44,Brazil,KWCYUK
DRV00816,Richard,Richardson,Male,47,United States,1IVXAN
DRV00817,Evelyn,Gonzalez,Female,26,United States,M72QLG
DRV00818,Harper,Alvarez,Female,46,United Kingdom,C2GUWJ
DRV00819,Evelyn,Cruz,Female,61,United Kingdom,GEBEVS
DRV00820,Karen,Howard,Female,20,Mexico,51FLMN
DRV00821,Amelia,James,Female,32,Poland,YCS44P
DRV00822,Daniel,Harris,Male,41,Germany,YZ9VLU
DRV00823,Karen,Turner,Female,60,United Kingdom,LD56R7
DRV00824,Elizabeth,Reyes,Female,33,United States,WI08L0
DRV00825,Patricia,Smith,Female,57,United States,NCBEKG
DRV00826,Jennifer,Sanchez,Female,32,India,KHJG4I
DRV00827,Patricia,King,Female,33,United Kingdom,6AYN2D
DRV00828,Joshua,Walker,Male,47,United Kingdom,NNGS2W
DRV00829,Joseph,Jackson,Male,47,Australia,5EGTYL
DRV00830,Jennifer,Morgan,Female,52,France,KFIWKE
DRV00831,Emma,Clark,Female,61,Brazil,022WGN
DRV00832,Anthony,Murphy,Male,50,United States,SGZSR8
DRV00833,Amelia,Phillips,Female,35,India,W2XH6Q
DRV00834,Linda,Flores,Female,25,Australia,PNF4JD
DRV00835,Andrew,Gutierrez,Male,46,France,MVQWPQ
DRV00836,Jessica,Carter,Female,52,United Kingdom,APJC6K
DRV00837,Joseph,Martinez,Male,63,Germany,MTMYJ0
DRV00838,Jennifer,Price,Female,39,United States,VE4ZTJ
DRV00839,Matthew,Phillips,Male,29,Mexico,831AX9
DRV00840,Elizabeth,Robinson,Female,49,Canada,0HIVTQ
DRV00841,David,Green,Male,21,Australia,4P7PP4
DRV00842,Thomas,Flores,Male,63,United Kingdom,7A34MP
DRV00843,Ava,Hill,Female,41,India,LA27F8
DRV00844,Harper,Cox,Female,50,India,UON8CN
DRV00845,Daniel,Reed,Male,64,United Kingdom,8XKGYG
DRV00846,Emma,Brown,Female,24,Poland,GC8KIX
DRV00847,Michael,Mitchell,Male,54,Brazil,SG4OFD
DRV00848,Emily,Myers,Female,65,Brazil,C85EHP
DRV00849,Emily,Lee,Female,20,Poland,V7VSYJ
DRV00850,Donald,Cox,Male,67,Australia,3S65QU
DRV00851,Joshua,Hall,Male,35,France,ZZKW3G
DRV00852,Evelyn,Sanders,Female,22,United States,PNXZDZ
DRV00853,Mary,Scott,Female,51,Germany,5TXC06
DRV00854,Mia,Thomas,Female,36,United States,9CD1LQ
DRV00855,Olivia,Garcia,Female,32,Canada,QCZ0N0
DRV00856,Robert,Johnson,Male,25,United Kingdom,JZEYQQ
DRV00857,Barbara,Alvarez,Female,26,Germany,8F34GA
DRV00858,Sarah,Thomas,Female,42,United States,TOC1YF
DRV00859,Robert,Gray,Male,62,United Kingdom,TPBWSX
DRV00860,Karen,Cruz,Female,35,Mexico,BA117N
DRV00861,Jennifer,Mendoza,Female,30,Italy,YH523G
DRV00862,Steven,Rogers,Male,47,Italy,DLUGHT
DRV00863,Christopher,Thompson,Male,37,Australia,AXAHHX
DRV00864,Evelyn,Mitchell,Female,65,United Kingdom,B5O1R9
DRV00865,Charlotte,Perez,Female,64,Brazil,JDLWN7
DRV00866,Christopher,Bennett,Male,34,United States,RMVVNX
DRV00867,Amelia,Price,Female,35,India,9IW6L0
DRV00868,Thomas,Mitchell,Male,48,Germany,RHNXI0
DRV00869,Thomas,Scott,Male,21,United States,L2B2O3
DRV00870,Barbara,Clark,Female,58,France,T6XIYZ
DRV00871,Sophia,Adams,Female,29,Poland,GWCR8B
DRV00872,Patricia,Ramos,Female,30,United States,T2HSPQ
DRV00873,Barbara,Diaz,Female,50,United Kingdom,GIKQWJ
DRV00874,Mark,Perez,Male,50,France,QPVPF8
DRV00875,Mark,Diaz,Male,36,France,417VF0
DRV00876,Joshua,Flores,Male,29,Italy,QNVCEQ
DRV00877,James,Johnson,Male,67,United States,50NOOO
DRV00878,Mark,Morales,Male,56,United States,L9C59E
DRV00879,Jennifer,Ross,Female,64,Italy,PJ60SR
DRV00880,Michael,Wood,Male,65,United Kingdom,NPIR7N
DRV00881,John,Hughes,Male,57,United States,XFV7FI
DRV00882,Mary,Johnson,Female,25,India,EDZNZ9
DRV00883,Mary,Diaz,Female,46,Germany,JK8XNL
DRV00884,Richard,Brooks,Male,64,United States,U23JH0
DRV00885,James,Perez,Male,66,United States,3ACZSX
DRV00886,Mary,Thompson,Female,33,Canada,NZHG8Q
DRV00887,Jennifer,Davis,Female,59,United Kingdom,03G95P
DRV00888,Mary,Hernandez,Female,63,Mexico,KNJMVR
DRV00889,James,Davis,Male,20,United States,J8X2BH
DRV00890,Harper,Gutierrez,Female,43,Germany,917RMP
DRV00891,Donald,Carter,Male,45,Mexico,V953A5
DRV00892,John,Cox,Male,63,Mexico,ET81IQ
DRV00893,Emily,Rogers,Female,43,Australia,OG983A
DRV00894,Christopher,Gray,Male,50,United Kingdom,PVOWCP
DRV00895,Richard,Sanders,Male,65,Canada,NVZ552
DRV00896,Robert,Taylor,Male,48,Australia,RD399Q
DRV00897,Ava,Walker,Female,21,India,IG7ZD9
DRV00898,Christopher,Roberts,Male,28,United Kingdom,1HJR6E
DRV00899,Daniel,Lewis,Male,67,Canada,71VXNZ
DRV00900,Mia,Parker,Female,32,India,3IEDD0
DRV00901,Charlotte,Mitchell,Female,32,United States,ELN0LV
DRV00902,Paul,Green,Male,26,Germany,127EXV
DRV00903,James,Morgan,Male,29,United States,4L3KHY
DRV00904,Sarah,Jackson,Female,64,Brazil,043BLS
DRV00905,Jessica,Price,Female,41,Poland,UWHK8C
DRV00906,Linda,Sanders,Female,66,United States,7I0714
DRV00907,Mary,Williams,Female,53,Mexico,TMY91O
DRV00908,Sarah,Hughes,Female,23,United States,7ZTDL2
DRV00909,Joshua,Wood,Male,67,Italy,FEZKFH
DRV00910,James,Campbell,Male,47,United States,0UY9F8
DRV00911,Mary,Davis,Female,57,Australia,D9GB9X
DRV00912,Charles,Watson,Male,31,Italy,0IEOKV
DRV00913,Mark,Jimenez,Male,37,United States,Y2X15X
DRV00914,Andrew,Mitchell,Male,57,Australia,AEEX6I
DRV00915,Jessica,Ruiz,Female,56,United States,02GRXP
DRV00916,Richard,Adams,Male,55,United States,C62G3A
DRV00917,Sophia,Morales,Female,33,United States,C4T3X1
DRV00918,Joseph,White,Male,56,India,5ZAQLB
DRV00919,Mia,Allen,Female,47,United States,4B9SNT
DRV00920,James,Young,Male,56,France,K8S2XQ
DRV00921,Christopher,Gutierrez,Male,22,United States,69VSYX
DRV00922,Robert,Harris,Male,37,United States,F4HETV
DRV00923,William,Peterson,Male,47,United States,JN6OCJ
DRV00924,Ava,Clark,Female,62,Germany,C09ZGN
DRV00925,Olivia,Cox,Female,35,Italy,F3L2N8
DRV00926,Jessica,Thomas,Female,37,United States,TYOLD6
DRV00927,Elizabeth,Scott,Female,31,France,AN8ND7
DRV00928,Emma,Gonzalez,Female,30,United States,TZ5TV6
DRV00929,Matthew,Patel,Male,36,Germany,Y2T5OV
DRV00930,Olivia,Alvarez,Female,43,Brazil,FEN0B0
DRV00931,Harper,Turner,Female,47,Canada,ZG92SJ
DRV00932,Elizabeth,Flores,Female,24,Australia,WDL14W
DRV00933,Charlotte,Davis,Female,63,Mexico,DK73A8
DRV00934,Thomas,Morris,Male,32,United States,RYYTEA
DRV00935,Matthew,Young,Male,22,France,9X798Y
DRV00936,Andrew,Perez,Male,52,France,Y5SIC4
DRV00937,Michael,Diaz,Male,27,Brazil,RG8MY3
DRV00938,Karen,Morris,Female,61,Brazil,KH0UHK
DRV00939,Robert,Reyes,Male,26,United States,64CAQK
DRV00940,Matthew,Castillo,Male,29,Australia,GMDRDS
DRV00941,Joseph,Morales,Male,31,India,A1JQNN
DRV00942,Andrew,James,Male,32,United States,4FMPM5
DRV00943,Jennifer,Torres,Female,50,Canada,BO06FH
DRV00944,Mia,Murphy,Female,67,United States,2ZL15S
DRV00945,Thomas,Anderson,Male,23,France,82EMAY
DRV00946,Daniel,Diaz,Male,35,United States,90PKR1
DRV00947,Charles,Sanders,Male,47,Canada,SI159I
DRV00948,Emily,Price,Female,60,France,2D0VG4
DRV00949,Charles,Robinson,Male,32,Italy,EOJGFA
DRV00950,Michael,Carter,Male,52,United Kingdom,OLWIMR
DRV00951,Michael,Hill,Male,31,United Kingdom,DN7ZI6
DRV00952,James,Miller,Male,36,Brazil,XLKKVP
DRV00953,Anthony,Nelson,Male,67,United States,KDAT5L
DRV00954,Amelia,Ortiz,Female,60,United States,VIJVDD
DRV00955,Joseph,Garcia,Male,24,France,V6XGZ7
DRV00956,Evelyn,Baker,Female,46,Brazil,KR1TFE
DRV00957,Susan,Ross,Female,47,India,4696QZ
DRV00958,John,Perez,Male,64,Italy,VZEBU2
DRV00959,Donald,Murphy,Male,44,United States,Y58F1N
DRV00960,Harper,Wright,Female,52,United States,HAUVA7
DRV00961,Sophia,King,Female,35,Brazil,KHZTGB
DRV00962,Thomas,Wright,Male,61,Australia,5B99HE
DRV00963,Harper,Mitchell,Female,38,Canada,L85JE6
DRV00964,James,Rivera,Male,57,India,H8G8T9
DRV00965,Mark,Wood,Male,33,Italy,JWVHPL
DRV00966,Donald,Martin,Male,49,France,Q0PFRR
DRV00967,Patricia,Harris,Female,45,Australia,U7GKL5
DRV00968,Harper,Harris,Female,53,United States,CCI68D
DRV00969,James,Cox,Male,28,Australia,DNDA37
DRV00970,David,Wright,Male,67,France,FWA88D
DRV00971,David,Sanchez,Male,35,Australia,F163LR
DRV00972,Ava,Ruiz,Female,46,United States,JTABTD
DRV00973,James,Lewis,Male,44,Mexico,APFXI5
DRV00974,Mary,Anderson,Female,25,Poland,I8KCMM
DRV00975,Harper,Martin,Female,39,United Kingdom,GTVYFY
DRV00976,Sarah,Hall,Female,24,Italy,5JRNJ6
DRV00977,Charles,Jimenez,Male,24,Mexico,XLOZ2R
DRV00978,Charlotte,Diaz,Female,40,United States,8KD9GN
DRV00979,Paul,Morris,Male,35,Poland,YO2M2X
DRV00980,Steven,Peterson,Male,46,Italy,RTT3NU
DRV00981,Charlotte,Jimenez,Female,21,Mexico,Y0ZIA9
DRV00982,Mia,Stewart,Female,28,United States,87CM45
DRV00983,Joshua,Jackson,Male,67,India,4T7PHI
DRV00984,Joseph,Hughes,Male,62,United Kingdom,ZNA8NZ
DRV00985,Harper,Lee,Female,29,India,BNCCU3
DRV00986,Thomas,Myers,Male,20,Germany,S8Q0PX
DRV00987,Michael,Chavez,Male,49,United States,B1SA3Y
DRV00988,Susan,Kelly,Female,28,United Kingdom,SZPF9S
DRV00989,Donald,Richardson,Male,64,Mexico,CO39VC
DRV00990,Emily,Green,Female,37,Italy,XONBNP
DRV00991,Richard,Martinez,Male,33,India,N2MIFD
DRV00992,Karen,Harris,Female,56,Germany,TWBJ9U
DRV00993,Robert,Miller,Male,32,Brazil,L7AMKO
DRV00994,Matthew,Taylor,Male,29,United States,ZDO0D3
DRV00995,Amelia,Carter,Female,60,United Kingdom,R5BFYC
DRV00996,Charles,Foster,Male,41,United States,Z9S9VS
DRV00997,Thomas,Baker,Male,35,Brazil,KW7BZY
DRV00998,Evelyn,Cox,Female,39,Poland,CFWR2F
DRV00999,David,Murphy,Male,25,Italy,DL7FKN
DRV01000,Patricia,Price,Female,28,Canada,1JRJ5X
DRV01001,Charlotte,Morales,Female,43,France,B4O47E
DRV01002,Anthony,Hernandez,Male,61,Australia,YSJ5YW
DRV01003,Barbara,Hughes,Female,24,Poland,3A4KFO
DRV01004,David,Hall,Male,45,Australia,QX6QD0
DRV01005,Jennifer,Phillips,Female,37,Germany,LL9RZR
DRV01006,Robert,Cooper,Male,44,Germany,FQXLBV
DRV01007,Anthony,Parker,Male,36,United Kingdom,9HHA1P
DRV01008,Patricia,Hernandez,Female,33,India,FJC5QP
DRV01009,Susan,White,Female,42,Brazil,3D6M1F
DRV01010,Emily,Stewart,Female,20,France,T28P6U
DRV01011,William,Castillo,Male,67,Canada,YWL970
DRV01012,Joseph,Gray,Male,48,Mexico,OSAQ3E
DRV01013,Amelia,Gonzalez,Female,33,India,B0GZ1V
DRV01014,Linda,Harris,Female,52,United States,8UA3A6
DRV01015,Joshua,Evans,Male,31,India,OMTS1E
DRV01016,Paul,Mitchell,Male,47,United States,GVTN4Y
DRV01017,David,Wilson,Male,54,Canada,DA7D0W
DRV01018,Andrew,Cook,Male,44,Germany,UBKPIQ
DRV01019,Jennifer,Stewart,Female,67,United States,8M2Q6X
DRV01020,James,Mitchell,Male,46,Australia,2SJXL6
DRV01021,Barbara,Smith,Female,67,Germany,6OAFN3
DRV01022,Christopher,Nelson,Male,45,France,GUPUOW
DRV01023,Thomas,Brooks,Male,65,France,O0OLFI
DRV01024,Charlotte,Gomez,Female,25,Italy,4WJT8H
DRV01025,Paul,Johnson,Male,44,United Kingdom,WVBZ7C
DRV01026,Thomas,Collins,Male,35,Mexico,W1GXHG
DRV01027,Susan,James,Female,27,United States,BCFA95
DRV01028,Harper,Thomas,Female,33,Germany,DK6DRN
DRV01029,Richard,Morales,Male,40,India,2ORWHP
DRV01030,Andrew,Lee,Male,41,Mexico,GAGUVB
DRV01031,Emily,Ward,Female,54,United States,VASJEV
DRV01032,Sophia,Rogers,Female,25,Germany,1HN6BE
DRV01033,Jessica,Scott,Female,51,United States,R8MTK0
DRV01034,Olivia,Phillips,Female,26,Mexico,7JH4Z8
DRV01035,Amelia,Flores,Female,37,Australia,FHZPQV
DRV01036,William,Edwards,Male,61,Canada,GBSVK3
DRV01037,Matthew,Gomez,Male,62,Mexico,BGL2MC
DRV01038,Anthony,Jackson,Male,40,Canada,2ELALQ
DRV01039,Mark,Torres,Male,62,France,VSDKV5
DRV01040,Charlotte,Chavez,Female,51,Brazil,P1LLH2
DRV01041,Jessica,Turner,Female,21,Canada,EQVVIA
DRV01042,Charlotte,Smith,Female,22,Poland,6K4O67
DRV01043,John,Rodriguez,Male,25,United States,Q3OKLM
DRV01044,Christopher,Murphy,Male,27,Poland,WOZQ48
DRV01045,John,Lewis,Male,30,United States,BADLYP
DRV01046,Jennifer,Castillo,Female,36,United States,6N6975
DRV01047,Joseph,Miller,Male,30,United States,8CLW3J
DRV01048,Amelia,Collins,Female,60,Brazil,ELFV46
DRV01049,Joseph,Gutierrez,Male,34,United Kingdom,SUX9L0
DRV01050,Susan,Foster,Female,33,Germany,KCU5X0
DRV01051,William,Murphy,Male,33,Poland,CAH3GD
DRV01052,Christopher,Ross,Male,43,Australia,7ZX4DE
DRV01053,Olivia,Sanchez,Female,61,United States,2GKFL5
DRV01054,Charles,Reyes,Male,62,Brazil,50I6GB
DRV01055,Andrew,Rivera,Male,52,Germany,J7DPFS
DRV01056,Michael,Cruz,Male,45,Italy,JDX0PK
DRV01057,Harper,Scott,Female,34,Brazil,TRPYX8
DRV01058,Michael,Jones,Male,45,Germany,UITJ5Z
DRV01059,Donald,Gonzalez,Male,60,Germany,H3YRGH
DRV01060,Harper,Torres,Female,64,Australia,0DSZRK
DRV01061,Mary,Green,Female,47,United States,YFLQ8X
DRV01062,Mary,Gray,Female,50,United States,1AMRA5
DRV01063,Robert,Williams,Male,26,Canada,U94SGF
DRV01064,Karen,Patel,Female,49,United States,MRMTXJ
DRV01065,Matthew,Hill,Male,27,United Kingdom,Z6146V
DRV01066,Charles,Rivera,Male,32,Brazil,RI09M0
DRV01067,Richard,Scott,Male,36,United States,5Y6Q8S
DRV01068,Matthew,Nelson,Male,41,Canada,OP9LBS
DRV01069,Joseph,Parker,Male,63,Italy,2U2MDA
DRV01070,Joshua,Mendoza,Male,38,France,F8WXKK
DRV01071,Joshua,Garcia,Male,20,Mexico,H3ERAM
DRV01072,Susan,Moore,Female,25,Germany,MK4X1F
DRV01073,Jennifer,Parker,Female,60,Poland,VCHRM3
DRV01074,Richard,King,Male,28,Poland,7VGP52
DRV01075,Jennifer,Allen,Female,54,Mexico,ETKDUW
DRV01076,Mark,Parker,Male,42,United Kingdom,DSYSYM
DRV01077,Steven,Reyes,Male,39,Brazil,AU8P1W
DRV01078,Amelia,Rogers,Female,28,Poland,NW65B4
DRV01079,James,Reyes,Male,61,Mexico,35QBB3
DRV01080,Daniel,Kim,Male,63,Mexico,DKRLC0
DRV01081,Michael,Hughes,Male,29,Brazil,HF0RIY
DRV01082,James,Morales,Male,35,Germany,WHCF5S
DRV01083,Richard,Stewart,Male,31,Canada,ASO7KR
DRV01084,Evelyn,Thomas,Female,67,Canada,PWG3XG
DRV01085,Emily,Nguyen,Female,26,Canada,KDVNJN
DRV01086,Steven,Diaz,Male,61,United States,FKEOUB
DRV01087,Robert,Rivera,Male,52,United States,8Q0J9M
DRV01088,Olivia,Rodriguez,Female,28,Brazil,GFXUQ4
DRV01089,Karen,Gomez,Female,65,United States,C4R8VG
DRV01090,Thomas,Hughes,Male,66,Mexico,L8MWOB
DRV01091,Richard,Murphy,Male,35,United States,7R1930
DRV01092,Patricia,Sanders,Female,67,Brazil,61PCWE
DRV01093,Anthony,Cox,Male,60,Poland,WBGDQE
DRV01094,Mia,Sanchez,Female,53,Australia,HRYI0P
DRV01095,David,Howard,Male,46,Brazil,A8DBFA
DRV01096,Ava,Martinez,Female,33,United States,MY80TG
DRV01097,Emily,Cook,Female,44,United States,MWUECP
DRV01098,Charlotte,Hernandez,Female,21,United States,ESDRBT
DRV01099,Mark,Price,Male,53,Brazil,M5FKTI
DRV01100,Olivia,Flores,Female,36,Germany,OCZDQ7
DRV01101,John,Jones,Male,66,Canada,MJM1FT
DRV01102,Michael,Walker,Male,42,Brazil,R3UV43
DRV01103,Evelyn,Hernandez,Female,34,France,5RE0DR
DRV01104,Matthew,Parker,Male,32,Australia,R25I7A
DRV01105,Harper,Carter,Female,47,Poland,Y0TB1Z
DRV01106,Mia,Moore,Female,23,France,EEW6MM
DRV01107,Amelia,Johnson,Female,20,Canada,I052U9
DRV01108,Michael,Martinez,Male,38,United States,CPKLV6
DRV01109,Harper,Gomez,Female,67,India,RECJTR
DRV01110,Elizabeth,Cruz,Female,37,United States,Z72KXS
DRV01111,Ava,Cook,Female,28,Canada,DMO8RC
DRV01112,Joseph,Mitchell,Male,27,United States,02BIP1
DRV01113,Emma,Jones,Female,44,Mexico,JVK8C4
DRV01114,John,Carter,Male,39,United States,NBHGPB
DRV01115,Ava,Ross,Female,57,Canada,MAV676
DRV01116,Evelyn,Parker,Female,66,United States,52713T
DRV01117,Sarah,Morgan,Female,67,Brazil,QUUSFN
DRV01118,Jessica,Mendoza,Female,59,Poland,8DITMO
DRV01119,Anthony,Wright,Male,40,United States,X23VEU
DRV01120,Patricia,Cruz,Female,33,Canada,QPQ8R4
DRV01121,Michael,Howard,Male,37,United States,7JVLCG
DRV01122,Emma,Taylor,Female,31,United States,IG5XIX
DRV01123,Olivia,Cruz,Female,36,Poland,UBZCZJ
DRV01124,Matthew,Cooper,Male,35,Canada,ZVMCPS
DRV01125,Anthony,Mendoza,Male,41,Brazil,OX5FL2
DRV01126,Sarah,Richardson,Female,33,United States,BNKFVD
DRV01127,Olivia,Howard,Female,61,Italy,Z7NUXF
DRV01128,William,Lewis,Male,53,India,U9W0TE
DRV01129,Sophia,Gutierrez,Female,43,Australia,PJ4KII
DRV01130,Joseph,Ruiz,Male,43,Germany,I05NMS
DRV01131,Emily,Cox,Female,35,United States,I2I397
DRV01132,Amelia,Bennett,Female,29,India,EJKLCP
DRV01133,Emma,Watson,Female,55,United States,5HGQGP
DRV01134,Richard,Taylor,Male,53,France,54AGCS
DRV01135,Paul,Rivera,Male,41,Canada,EZIKM3
DRV01136,Harper,Ward,Female,60,Germany,DZC786
DRV01137,Paul,Nguyen,Male,52,Germany,1Z00V3
DRV01138,Charles,Smith,Male,57,Germany,VNXNPS
DRV01139,Richard,Robinson,Male,47,Mexico,KMU6U4
DRV01140,Christopher,Long,Male,53,United States,GF309H
DRV01141,Charlotte,Ward,Female,30,United States,LMFKRI
DRV01142,Susan,Cox,Female,30,Canada,17XFH4
DRV01143,Anthony,Clark,Male,27,India,K8PQEQ
DRV01144,Andrew,Parker,Male,25,Germany,RDEKY8
DRV01145,William,Adams,Male,64,United States,FMQ0YC
DRV01146,Robert,Parker,Male,60,India,DZSGU4
DRV01147,Mark,Lewis,Male,32,United States,YJF30K
DRV01148,David,Gutierrez,Male,31,United Kingdom,40ACUH
DRV01149,Mark,Watson,Male,34,Germany,VWRXGK
DRV01150,Emma,Morales,Female,38,United States,2OMRDE
DRV01151,Andrew,Adams,Male,45,France,IPG8XM
DRV01152,Harper,Evans,Female,55,Italy,YBJH4O
DRV01153,Susan,Gray,Female,66,Italy,LOPO6J
DRV01154,Daniel,Brooks,Male,60,United States,3LOUFH
DRV01155,Evelyn,Ward,Female,65,United States,LVA02D
DRV01156,Linda,Campbell,Female,30,United States,T94OZK
DRV01157,Linda,Peterson,Female,45,Australia,07BA7D
DRV01158,Robert,Lee,Male,44,France,KAWYB0
DRV01159,Donald,Taylor,Male,66,Canada,355CSZ
DRV01160,John,Johnson,Male,58,United States,0T7DVO
DRV01161,Christopher,Diaz,Male,50,United States,SAJHJX
DRV01162,David,Lewis,Male,21,United States,8UR6TI
DRV01163,Donald,Mitchell,Male,48,Poland,1ZQUA1
DRV01164,Richard,Chavez,Male,51,Australia,LFWDUH
DRV01165,Barbara,Hernandez,Female,51,United Kingdom,FWR0UI
DRV01166,Steven,Flores,Male,37,France,04BYV5
DRV01167,Mia,Morales,Female,67,France,TLXLZS
DRV01168,William,Carter,Male,27,Australia,EASEH5
DRV01169,Paul,Murphy,Male,38,France,G2R0TO
DRV01170,Jessica,Gutierrez,Female,59,United States,L6UFKY
DRV01171,Sophia,Cox,Female,28,Australia,JQ77Z4
DRV01172,Sophia,Alvarez,Female,39,Poland,3AOFC9
DRV01173,Jennifer,Ruiz,Female,60,United Kingdom,DQDWVC
DRV01174,Elizabeth,Hall,Female,39,Germany,W7J35V
DRV01175,Evelyn,Foster,Female,66,Germany,OJTXCF
DRV01176,Jessica,Thompson,Female,57,Canada,JD2V1L
DRV01177,Jessica,Patel,Female,25,India,5YRG29
DRV01178,Charles,Jackson,Male,48,France,F5L6BS
DRV01179,Emily,Adams,Female,42,United Kingdom,K1IO1Z
DRV01180,Sophia,Green,Female,65,Canada,T54884
DRV01181,Paul,Bailey,Male,31,France,PZJE6X
DRV01182,Anthony,Reyes,Male,32,France,1MPW57
DRV01183,Anthony,Thompson,Male,41,United States,79HMHV
DRV01184,Anthony,Allen,Male,64,France,SAJXXO
DRV01185,Jessica,Watson,Female,49,Brazil,CUBZQV
DRV01186,Patricia,Stewart,Female,65,United States,0XTDNW
DRV01187,Patricia,Taylor,Female,54,Australia,C4EPZL
DRV01188,Jennifer,Wood,Female,57,United States,WA44LZ
DRV01189,Sophia,Johnson,Female,52,Italy,7O4YC3
DRV01190,Jessica,Hernandez,Female,20,United States,GBVYOW
DRV01191,Jessica,Bailey,Female,27,Canada,MMUZUQ
DRV01192,David,White,Male,49,Italy,LWAGAW
DRV01193,Jennifer,Myers,Female,40,United States,1EBZGF
DRV01194,Elizabeth,Harris,Female,42,United States,JH9JPD
DRV01195,Anthony,Hall,Male,57,United States,1S3YG8
DRV01196,Charles,Morgan,Male,41,United States,U9PXYK
DRV01197,Mia,Myers,Female,27,Poland,2D1JQB
DRV01198,Thomas,Reyes,Male,60,United States,VNNVBZ
DRV01199,James,Lee,Male,49,United States,PMXD6L
DRV01200,Patricia,Long,Female,35,United States,A3QUPO
DRV01201,Anthony,Kim,Male,52,United Kingdom,MYK851
DRV01202,Jessica,Kelly,Female,53,Germany,OBS758
DRV01203,Charlotte,Long,Female,29,Brazil,FX2BD2
DRV01204,Joshua,Gomez,Male,35,France,FAF5KC
DRV01205,Mia,Jimenez,Female,50,Germany,NRMQYZ
DRV01206,Barbara,Ross,Female,38,Canada,7NL7OL
DRV01207,Paul,Kim,Male,58,United States,OCR0VH
DRV01208,Barbara,Mitchell,Female,34,United States,NSAVOC
DRV01209,Emma,Harris,Female,39,Canada,BKDNGF
DRV01210,Susan,Turner,Female,66,Brazil,GOSD3M
DRV01211,Donald,Johnson,Male,62,Canada,FESYAX
DRV01212,Paul,Foster,Male,52,Brazil,BP0E36
DRV01213,Emily,Alvarez,Female,44,India,MTN29T
DRV01214,David,Martin,Male,49,Germany,A8ZJSW
DRV01215,Michael,Reyes,Male,36,United States,KERN6Y
DRV01216,Daniel,Gray,Male,40,Italy,K3TGMA
DRV01217,Robert,Kim,Male,28,United States,E0TOGT
DRV01218,Jessica,Hall,Female,53,Canada,8YI340
DRV01219,Anthony,Jones,Male,25,Australia,F9W5N9
DRV01220,Karen,Diaz,Female,47,Australia,OG0Z0C
DRV01221,Jennifer,Kelly,Female,43,Italy,JKS4I2
DRV01222,Emily,Ramirez,Female,58,France,1P02JY
DRV01223,Patricia,Gray,Female,49,Italy,KAH2XJ
DRV01224,Christopher,Gonzalez,Male,49,Australia,HALCKZ
DRV01225,Harper,Nelson,Female,29,United States,TRUML3
DRV01226,Ava,Hughes,Female,51,United Kingdom,GOOXUC
DRV01227,Matthew,Hernandez,Male,21,United States,H9NKLY
DRV01228,Evelyn,Howard,Female,55,Poland,GMP9A9
DRV01229,Barbara,Carter,Female,27,United States,7EV4DH
DRV01230,Sarah,Thompson,Female,33,Italy,5199TM
DRV01231,Richard,Bennett,Male,45,United States,581LTO
DRV01232,Joshua,Torres,Male,41,Canada,3Q7GKT
DRV01233,Amelia,Wood,Female,52,India,PPGBIV
DRV01234,Steven,Williams,Male,67,United States,LIUQDN
DRV01235,Mark,Peterson,Male,50,United States,SG6Q0I
DRV01236,Christopher,Taylor,Male,35,United States,K6HQIV
DRV01237,Joshua,Cook,Male,66,United States,X2456I
DRV01238,James,Myers,Male,46,Australia,BY595C
DRV01239,Ava,Thomas,Female,23,Canada,ZV9ZP3
DRV01240,Robert,Campbell,Male,36,France,O7WP2D
DRV01241,Joseph,Castillo,Male,26,Brazil,GOM62H
DRV01242,William,Collins,Male,48,India,6RIJKQ
DRV01243,Charlotte,Scott,Female,43,France,V1FKHN
DRV01244,Karen,Alvarez,Female,64,Canada,FWRPK0
DRV01245,Charles,Cox,Male,57,Germany,KNWBHK
DRV01246,Sophia,Phillips,Female,53,United States,R69XVS
DRV01247,Mary,Ortiz,Female,33,Germany,RRNYCI
DRV01248,Harper,Jimenez,Female,20,Brazil,0EHRUW
DRV01249,Elizabeth,Patel,Female,55,Canada,HXODLC
DRV01250,Ava,Hernandez,Female,64,Brazil,8CUIJ0
DRV01251,Barbara,Robinson,Female,32,United Kingdom,YQBVTD
DRV01252,Thomas,Gutierrez,Male,23,Canada,KHI1RD
DRV01253,Emily,Anderson,Female,20,Poland,PRDVVK
DRV01254,Paul,Anderson,Male,20,Poland,ZPXVW1
DRV01255,Jessica,Murphy,Female,54,Germany,WLRKXJ
DRV01256,Daniel,Scott,Male,20,Germany,YSWE1G
DRV01257,Olivia,Stewart,Female,41,United States,RG1YD5
DRV01258,Jennifer,Jimenez,Female,63,France,DILK1Q
DRV01259,Evelyn,Clark,Female,59,United States,UFF124
DRV01260,Sophia,Stewart,Female,39,United Kingdom,X22J7Q
DRV01261,Charles,Flores,Male,46,Brazil,MM0QPO
DRV01262,Donald,Davis,Male,65,Mexico,8M291A
DRV01263,Linda,James,Female,55,France,ZKNL2L
DRV01264,Linda,Richardson,Female,66,Canada,S4DILR
DRV01265,Emily,Garcia,Female,57,United States,2O8ZI9
DRV01266,Michael,Gonzalez,Male,67,United States,CMTPKQ
DRV01267,Christopher,Jimenez,Male,48,United States,035VUU
DRV01268,Sophia,Nguyen,Female,43,Italy,YF15Z0
DRV01269,Linda,White,Female,58,India,LINH8J
DRV01270,Thomas,Thomas,Male,52,India,XP323C
DRV01271,John,Reed,Male,56,France,PBS22R
DRV01272,William,Patel,Male,25,France,CDUEFS
DRV01273,Joshua,Ward,Male,67,United States,XGCY3Q
DRV01274,Daniel,Martinez,Male,21,Australia,GUQ208
DRV01275,Charlotte,Nguyen,Female,34,Italy,A3AIPJ
DRV01276,Christopher,Morgan,Male,56,India,QX1UM5
DRV01277,Jennifer,Foster,Female,28,Canada,FLDT8B
DRV01278,Matthew,Rodriguez,Male,37,France,LLIHKP
DRV01279,Linda,Foster,Female,48,United States,ME6P4N
DRV01280,Andrew,Cruz,Male,57,Australia,OHN3DG
DRV01281,Joseph,Lee,Male,32,Australia,1ERV0L
DRV01282,Anthony,Morris,Male,26,United States,JEQA2O
DRV01283,Anthony,Flores,Male,61,Germany,4P4K9D
DRV01284,Emily,Williams,Female,56,Poland,8JXLFI
DRV01285,Charles,Moore,Male,43,Italy,Z1C25X
DRV01286,Steven,Lee,Male,43,Germany,PGSF3Y
DRV01287,Anthony,King,Male,29,Canada,WBABQ0
DRV01288,Mark,Ross,Male,24,United States,VSFA6D
DRV01289,Emily,Reyes,Female,39,France,94TEVW
DRV01290,Emily,Allen,Female,67,United Kingdom,EXNWZR
DRV01291,Elizabeth,Rogers,Female,59,Italy,E7ICDO
DRV01292,Karen,Nelson,Female,28,India,ZQVS9J
DRV01293,Charles,Howard,Male,31,Germany,0402W2
DRV01294,Robert,Walker,Male,56,United States,FLURMW
DRV01295,Andrew,Ramirez,Male,41,Germany,QJP0XS
DRV01296,Daniel,Morales,Male,43,Mexico,1QD41J
DRV01297,John,Cooper,Male,42,United Kingdom,EIQETK
DRV01298,Mia,Hernandez,Female,29,Mexico,88G35S
DRV01299,Elizabeth,Jimenez,Female,53,Mexico,A0MVF4
DRV01300,Ava,Campbell,Female,60,Italy,TY9GFY
DRV01301,Charles,Cooper,Male,38,United States,7V4K88
DRV01302,Karen,Smith,Female,24,India,CZYH0V
DRV01303,Steven,Moore,Male,30,United States,F3138I
DRV01304,Steven,Gomez,Male,45,Mexico,VIMI8F
DRV01305,Amelia,Gray,Female,39,United Kingdom,FPY1AE
DRV01306,Elizabeth,James,Female,66,Brazil,P3TVF5
DRV01307,Jessica,Garcia,Female,64,Germany,N6EQV5
DRV01308,Sarah,Lewis,Female,62,Canada,SD085I
DRV01309,Michael,Brooks,Male,41,Italy,D1406X
DRV01310,Susan,Rivera,Female,62,United Kingdom,CD3IRV
DRV01311,Richard,Jimenez,Male,62,India,3RVUV5
DRV01312,Robert,Cox,Male,35,Australia,D4XDD8
DRV01313,Donald,Alvarez,Male,45,Poland,0M24US
DRV01314,Paul,Bennett,Male,46,United States,6HGWLK
DRV01315,Joshua,Allen,Male,40,Germany,MYM8J2
DRV01316,Mary,Clark,Female,31,United States,U5X012
DRV01317,Ava,Patel,Female,45,Mexico,28LL6D
DRV01318,Evelyn,Murphy,Female,48,Canada,X1H4RM
DRV01319,Mary,Perez,Female,55,Mexico,LEU6ZU
DRV01320,Patricia,Gomez,Female,36,United States,WCDZ6X
DRV01321,Daniel,Morgan,Male,38,Australia,MEN405
DRV01322,Christopher,Lewis,Male,64,United Kingdom,PBTYJR
DRV01323,James,Nguyen,Male,56,India,IAW4OT
DRV01324,Steven,White,Male,65,Poland,4UW590
DRV01325,Susan,Parker,Female,28,India,N67LM8
DRV01326,Barbara,Morgan,Female,26,United States,UD79ZT
DRV01327,Elizabeth,Castillo,Female,23,Italy,MZ93IJ
DRV01328,Emma,Ramos,Female,42,India,P8GUUC
DRV01329,Jessica,Reed,Female,28,Poland,J6AVP1
DRV01330,Andrew,Flores,Male,29,Germany,TYLU58
DRV01331,Amelia,Green,Female,24,United Kingdom,58B1V1
DRV01332,William,Ortiz,Male,31,United States,OFH919
DRV01333,Emma,Sanders,Female,46,United States,ED8U8N
DRV01334,Emily,Moore,Female,25,Poland,4GLGPJ
DRV01335,Susan,Phillips,Female,36,Mexico,HMXCQD
DRV01336,Harper,Davis,Female,20,France,9CNG8T
DRV01337,William,Thompson,Male,29,Australia,GWGHM5
DRV01338,Patricia,Cook,Female,27,Germany,F3BBT8
DRV01339,Sarah,Wilson,Female,59,Italy,MGS6RV
DRV01340,Joshua,James,Male,43,Germany,TNQETM
DRV01341,Barbara,Morales,Female,62,Australia,GOM673
DRV01342,Richard,Gutierrez,Male,54,United States,DX6UZS
DRV01343,Jennifer,Nguyen,Female,55,United States,7PPCAD
DRV01344,Evelyn,Roberts,Female,22,Canada,L911ZS
DRV01345,David,Flores,Male,21,Poland,60UGLB
DRV01346,Karen,Roberts,Female,53,United States,G8B350
DRV01347,Olivia,Mitchell,Female,40,Canada,YBHQGH
DRV01348,Linda,Murphy,Female,38,Germany,HXA7HY
DRV01349,Barbara,James,Female,45,Brazil,33993N
DRV01350,Harper,Young,Female,39,Germany,WJ7YZ6
DRV01351,Jessica,Evans,Female,51,United States,YOOK63
DRV01352,Harper,Johnson,Female,60,United States,WOZQXI
DRV01353,Emma,Rodriguez,Female,45,Italy,GL7JY7
DRV01354,Ava,Torres,Female,25,France,KUDE35
DRV01355,Emma,Sanchez,Female,31,Australia,E9QDI3
DRV01356,Paul,Ward,Male,32,United States,N0P1XS
DRV01357,Christopher,Garcia,Male,32,Brazil,U8M87M
DRV01358,Michael,Gomez,Male,66,United States,N8SIWM
DRV01359,John,Cruz,Male,23,Canada,CITUF8
DRV01360,William,Evans,Male,26,Poland,SAZ0LB
DRV01361,Mark,Smith,Male,56,United States,U31EIW
DRV01362,William,Williams,Male,48,Poland,X67XKW
DRV01363,Emma,Ward,Female,43,United Kingdom,J9WR6Q
DRV01364,Charles,Torres,Male,21,United States,WG895N
DRV01365,Karen,Jackson,Female,60,United States,BO549E
DRV01366,Linda,Phillips,Female,40,India,PP0PNN
DRV01367,Sophia,Clark,Female,43,United States,IZU802
DRV01368,Steven,Mitchell,Male,59,Germany,XHFDXK
DRV01369,Michael,Sanchez,Male,48,United States,HTFNSG
DRV01370,Linda,Roberts,Female,56,Italy,UG9Y1X
DRV01371,Charles,Evans,Male,59,India,LI01RV
DRV01372,Richard,Rodriguez,Male,42,United States,DA5B4L
DRV01373,Charles,Ramirez,Male,41,Germany,LCWL6Q
DRV01374,Sarah,Hill,Female,59,Brazil,DU6FOT
DRV01375,Mary,Bailey,Female,62,Canada,TQ9Y69
DRV01376,Andrew,Gonzalez,Male,64,Poland,1ENNGA
DRV01377,Charlotte,White,Female,25,Brazil,QARYMM
DRV01378,Thomas,Richardson,Male,60,Canada,KOF92Y
DRV01379,Sarah,Alvarez,Female,57,United Kingdom,22M9RW
DRV01380,Mary,Campbell,Female,30,India,4GKS6R
DRV01381,Karen,King,Female,25,Germany,QPB01Q
DRV01382,Mia,Jones,Female,50,Germany,E9W0AN
DRV01383,Mark,Jones,Male,47,United States,ZJNNS9
DRV01384,Daniel,Taylor,Male,62,Germany,7ZTRJ6
DRV01385,Christopher,Rogers,Male,24,Poland,6AE1IG
DRV01386,Charlotte,Walker,Female,59,United States,25AA35
DRV01387,Joshua,Watson,Male,67,United Kingdom,52DEZH
DRV01388,Paul,Mendoza,Male,32,United States,IBCLTR
DRV01389,Sarah,Sanders,Female,32,France,Y5CGAG
DRV01390,William,Harris,Male,58,Poland,GL9FWV
DRV01391,Olivia,Brooks,Female,63,Brazil,KP30TX
DRV01392,Sarah,Long,Female,47,United States,FCR6C1
DRV01393,Amelia,Foster,Female,40,India,6NYYCJ
DRV01394,Matthew,Myers,Male,34,United States,3NKRT0
DRV01395,Matthew,Evans,Male,49,Canada,QQ749Q
DRV01396,Mark,Turner,Male,43,Australia,852N5F
DRV01397,Paul,James,Male,37,Australia,6F8HAR
DRV01398,Jennifer,Williams,Female,58,India,RF34JG
DRV01399,Michael,Rivera,Male,51,United Kingdom,8CLRKI
DRV01400,James,Flores,Male,53,Mexico,WMLWWV
DRV01401,Daniel,Castillo,Male,43,Australia,NYEURA
DRV01402,Christopher,Ruiz,Male,55,Poland,I5L692
DRV01403,Charlotte,Nelson,Female,65,Canada,Z682U6
DRV01404,Evelyn,Walker,Female,44,India,3IU6L5
DRV01405,Evelyn,Adams,Female,48,United States,CRV68J
DRV01406,Jessica,Alvarez,Female,59,Canada,F4CIWL
DRV01407,Mia,Jackson,Female,61,Brazil,28RL5H
DRV01408,Joseph,Nguyen,Male,47,Canada,00H2K2
DRV01409,Sarah,Brown,Female,48,India,BXPN19
DRV01410,Mary,Kim,Female,38,France,PL7QHV
DRV01411,Amelia,Taylor,Female,66,France,LABLRF
DRV01412,Paul,Chavez,Male,56,Italy,LGW1XL
DRV01413,Olivia,Davis,Female,30,Germany,0ZR7FD
DRV01414,Anthony,Rivera,Male,61,India,MO1RTS
DRV01415,Charles,Peterson,Male,35,United States,33QE6J
DRV01416,Elizabeth,Morris,Female,40,Germany,BHIF5S
DRV01417,Olivia,Ross,Female,22,Poland,KAZOCH
DRV01418,Elizabeth,Howard,Female,45,Germany,RMC5S3
DRV01419,Evelyn,Torres,Female,32,Mexico,JNN41J
DRV01420,Susan,Gomez,Female,45,Mexico,EKBVXS
DRV01421,Robert,Roberts,Male,64,Poland,205HU0
DRV01422,Karen,Campbell,Female,21,Australia,QXI64H
DRV01423,James,Ramirez,Male,45,Poland,34H8NL
DRV01424,Barbara,Martinez,Female,20,United Kingdom,W54W48
DRV01425,Andrew,Carter,Male,67,Germany,08DNX8
DRV01426,William,Scott,Male,33,Mexico,PA16KJ
DRV01427,John,Stewart,Male,37,India,GE0Q5Z
DRV01428,William,Sanders,Male,49,United States,YHONBP
DRV01429,Charlotte,Garcia,Female,37,Brazil,X85ZZH
DRV01430,Jessica,Harris,Female,47,United States,IQAX54
DRV01431,Emma,Robinson,Female,54,France,Z0KDN3
DRV01432,Anthony,James,Male,57,United Kingdom,60TLXO
DRV01433,Emma,Gray,Female,42,United States,TMPV5L
DRV01434,Daniel,Cook,Male,56,India,79FMW0
DRV01435,Linda,Ruiz,Female,56,Australia,O359TS
DRV01436,Mary,Patel,Female,55,United Kingdom,IZME02
DRV01437,Sophia,James,Female,60,United States,3HMO1D
DRV01438,Joshua,Martin,Male,26,Mexico,46GA2S
DRV01439,Charles,Martinez,Male,32,Brazil,ZL1KHW
DRV01440,John,Brown,Male,27,Germany,KH3YCQ
DRV01441,Matthew,James,Male,57,Brazil,OZKNHP
DRV01442,Matthew,Brown,Male,57,Australia,JR211P
DRV01443,Matthew,Mendoza,Male,54,United Kingdom,RABR6R
DRV01444,David,Young,Male,50,United Kingdom,0Z7Q0I
DRV01445,Evelyn,Evans,Female,24,Italy,DYVYBS
DRV01446,Patricia,Reyes,Female,27,Australia,JU2T0J
DRV01447,Emma,Thompson,Female,29,India,6KFKLD
DRV01448,Jennifer,Morris,Female,22,Italy,RA1361
DRV01449,Patricia,Lewis,Female,27,United States,MY4IQZ
DRV01450,Mary,Moore,Female,47,Germany,E9VAR2
DRV01451,Sophia,Ruiz,Female,24,United States,NTPBPZ
DRV01452,David,King,Male,28,United States,5XRSI7
DRV01453,John,Lee,Male,50,Poland,DGHXTU
DRV01454,Patricia,Howard,Female,20,France,OUIFEZ
DRV01455,Michael,Rogers,Male,28,Mexico,2EXVA5
DRV01456,Emily,Morris,Female,29,India,RDNWT2
DRV01457,Charles,Ross,Male,60,United States,CS9UI1
DRV01458,Steven,Davis,Male,43,India,1BLOG0
DRV01459,Andrew,Cox,Male,46,India,4I6R8S
DRV01460,Mary,Walker,Female,25,Germany,VK1PBC
DRV01461,Robert,Mitchell,Male,58,United States,JKX9M4
DRV01462,Karen,Stewart,Female,58,Poland,SN5YZ7
DRV01463,Charlotte,Moore,Female,36,Germany,QDRMSW
DRV01464,Jessica,Wright,Female,32,United States,5VI7LI
DRV01465,Daniel,Gutierrez,Male,28,Brazil,YKVYGW
DRV01466,Anthony,Alvarez,Male,38,United States,TL2UG0
DRV01467,Daniel,White,Male,49,United Kingdom,53NOZ7
DRV01468,William,Allen,Male,36,India,ENTOC3
DRV01469,Amelia,Scott,Female,26,Italy,SPJ9WR
DRV01470,Paul,Roberts,Male,24,United States,LFE19B
DRV01471,Richard,Peterson,Male,62,United States,TED0PB
DRV01472,Michael,Johnson,Male,58,Germany,E9ZKIH
DRV01473,Jessica,Peterson,Female,44,Australia,MIAV1G
DRV01474,Ava,Ward,Female,27,Canada,AFUW93
DRV01475,Barbara,Evans,Female,35,Mexico,HQFGHD
DRV01476,Amelia,Kim,Female,29,France,4QI4OP
DRV01477,Evelyn,Long,Female,53,Brazil,NTJ5R2
DRV01478,Christopher,Williams,Male,58,United Kingdom,RW4VNZ
DRV01479,Donald,Clark,Male,50,Italy,HMJZ6N
DRV01480,John,Roberts,Male,47,United States,UMAPQP
DRV01481,Matthew,Robinson,Male,53,India,J6JFHV
DRV01482,Sophia,Sanchez,Female,25,Mexico,49N1D6
DRV01483,Mia,Miller,Female,31,India,JSJFFP
DRV01484,Mary,Gutierrez,Female,67,Italy,C5WU25
DRV01485,Emily,Diaz,Female,26,India,6I3HZC
DRV01486,Patricia,Morgan,Female,35,Poland,EQ10F7
DRV01487,Christopher,Perez,Male,23,United Kingdom,1SASCE
DRV01488,Charles,Taylor,Male,65,Mexico,IVN2QQ
DRV01489,Barbara,Lee,Female,51,Italy,X1CNAQ
DRV01490,Donald,Peterson,Male,58,Brazil,TOS87M
DRV01491,Olivia,Murphy,Female,46,Australia,EBC94E
DRV01492,Mark,Hill,Male,29,Germany,NLHAPW
DRV01493,Amelia,Ross,Female,48,India,0XKIAI
DRV01494,Emma,Phillips,Female,29,Poland,QQ5QOB
DRV01495,Anthony,Miller,Male,52,United States,M655CK
DRV01496,Emily,Rodriguez,Female,65,France,MG7F9F
DRV01497,John,Rogers,Male,59,United States,HSAO2Q
DRV01498,Sarah,Mitchell,Female,22,United States,BSEPR1
DRV01499,Mia,Sanders,Female,65,Italy,0S9F3L
DRV01500,Jennifer,Lopez,Female,46,Italy,WJHBAE
DRV01501,Jennifer,Turner,Female,24,Canada,25PU9H
DRV01502,Robert,King,Male,27,United States,02H6FY
DRV01503,Joshua,Baker,Male,67,Brazil,W948JU
DRV01504,Christopher,Ortiz,Male,35,United States,FYZSKV
DRV01505,John,Parker,Male,57,United Kingdom,RLSR0O
DRV01506,Susan,Wilson,Female,29,United States,3T4H8Q
DRV01507,Anthony,Evans,Male,62,Australia,0PLCFR
DRV01508,Christopher,Davis,Male,27,Italy,P3FRB7
DRV01509,Emma,Gomez,Female,30,Brazil,VO4KVF
DRV01510,Christopher,Ramos,Male,51,India,NCC2AT
DRV01511,Charles,Miller,Male,64,United States,AGE9NY
DRV01512,Charlotte,Lopez,Female,59,Germany,B6LBU9
DRV01513,Jennifer,Perez,Female,24,United States,63RJK4
DRV01514,Sarah,Moore,Female,58,Brazil,CVJXZD
DRV01515,Sarah,Jones,Female,39,Canada,OMFRQ8
DRV01516,Donald,Turner,Male,29,United States,3I9LLI
DRV01517,Robert,Hernandez,Male,38,United States,C5F9E0
DRV01518,Christopher,Howard,Male,66,Mexico,IRO7YY
DRV01519,Linda,Stewart,Female,36,Australia,XNOMB4
DRV01520,Patricia,Murphy,Female,67,United States,Q825Q3
DRV01521,Charlotte,Hughes,Female,41,Canada,G5FJD5
DRV01522,Barbara,Rogers,Female,60,Mexico,V86ZP1
DRV01523,Daniel,Ward,Male,41,Mexico,NAR3SH
DRV01524,Olivia,Scott,Female,66,United Kingdom,T69WWP
DRV01525,Joshua,Castillo,Male,57,United States,VK9QKA
DRV01526,William,Stewart,Male,57,United States,3PQ5U7
DRV01527,Andrew,King,Male,36,Poland,KXBI6J
DRV01528,Sophia,Robinson,Female,37,United Kingdom,B8QOP8
DRV01529,Ava,Turner,Female,62,France,A50121
DRV01530,Linda,Morgan,Female,41,Italy,XKEI9U
DRV01531,Ava,Wood,Female,28,Australia,HYCX8A
DRV01532,Mary,James,Female,38,United States,KJFP0N
DRV01533,Mia,Brooks,Female,37,United States,C954AI
DRV01534,Joseph,Ross,Male,62,United States,QE12QE
DRV01535,Matthew,Thompson,Male,25,United States,NG806W
DRV01536,Daniel,Lee,Male,41,France,SYG91M
DRV01537,Donald,Ramirez,Male,67,India,GWRVZ9
DRV01538,Emma,Bailey,Female,20,United Kingdom,1NXHBQ
DRV01539,Matthew,Williams,Male,49,France,97XO48
DRV01540,Thomas,Gonzalez,Male,66,Italy,VUEER9
DRV01541,Joseph,Richardson,Male,22,United States,32WITP
DRV01542,Susan,Carter,Female,51,Germany,9K499N
DRV01543,Karen,Evans,Female,58,France,A9LZ57
DRV01544,Richard,Campbell,Male,57,United States,E91LEU
DRV01545,Elizabeth,Miller,Female,55,United States,J4TT43
DRV01546,Mia,James,Female,62,Germany,K61B7P
DRV01547,Michael,Moore,Male,43,Italy,C8VDRQ
DRV01548,Ava,Wilson,Female,61,Canada,JVU2CG
DRV01549,Thomas,Perez,Male,37,Germany,03YIOY
DRV01550,Jennifer,Murphy,Female,42,Canada,TCHYGT
DRV01551,Steven,Howard,Male,51,Italy,KI4EPX
DRV01552,Joseph,Phillips,Male,62,United States,V0YU3U
DRV01553,Robert,Sanders,Male,33,Australia,CO8JEA
DRV01554,James,Evans,Male,40,Germany,DHF025
DRV01555,Jessica,Cruz,Female,62,Canada,X4FOGX
DRV01556,Jessica,Parker,Female,49,Italy,BAQC6C
DRV01557,Steven,Anderson,Male,53,Poland,5FKPA2
DRV01558,Jessica,Morris,Female,61,United States,8JRPE2
DRV01559,Mia,Rogers,Female,62,United States,XFJNJD
DRV01560,Karen,Myers,Female,35,Germany,OC8D6J
DRV01561,Mia,Ward,Female,21,Mexico,U77W9A
DRV01562,Mia,Turner,Female,36,France,UAGDL1
DRV01563,Amelia,Sanchez,Female,59,Canada,WY8UMN
DRV01564,Barbara,Adams,Female,55,Italy,BMQIMI
DRV01565,William,Wilson,Male,67,United Kingdom,UEOBQT
DRV01566,Thomas,Lewis,Male,37,Brazil,0HDJ7O
DRV01567,Amelia,Edwards,Female,58,Canada,6D7WDJ
DRV01568,Emily,Ruiz,Female,33,Germany,JG107R
DRV01569,Daniel,Gonzalez,Male,42,India,DU7JPM
DRV01570,Mia,Hughes,Female,30,Canada,F09UYG
DRV01571,Patricia,Sanchez,Female,22,United States,3HKCQW
DRV01572,Paul,Martin,Male,31,United Kingdom,Y4FNGB
DRV01573,Steven,Wilson,Male,30,India,DFCOPZ
DRV01574,Mia,Gray,Female,48,Germany,T6V8VL
DRV01575,Harper,Morgan,Female,40,United States,XHQG4Q
DRV01576,Harper,Ramirez,Female,49,United States,724HK1
DRV01577,Amelia,Anderson,Female,55,United Kingdom,2EB0T4
DRV01578,Amelia,Alvarez,Female,23,France,0ESTIE
DRV01579,Harper,Cooper,Female,41,Mexico,5ITMTJ
DRV01580,Thomas,Thompson,Male,25,France,BR4F2Z
DRV01581,Charles,Richardson,Male,63,Canada,PPWC1Q
DRV01582,Daniel,Brown,Male,21,Brazil,BAAXA3
DRV01583,David,Ruiz,Male,60,Canada,G8D2TN
DRV01584,John,Castillo,Male,38,United States,FMNE6X
DRV01585,Ava,Jackson,Female,31,India,VURR6C
DRV01586,Olivia,Richardson,Female,23,Italy,2LQSQB
DRV01587,Susan,Young,Female,44,United Kingdom,NWD0JF
DRV01588,Steven,Martin,Male,30,Canada,2S9NBL
DRV01589,Mark,Sanders,Male,59,United States,BZWBHO
DRV01590,Joshua,Richardson,Male,53,France,M91284
DRV01591,Michael,Wright,Male,53,India,275JT6
DRV01592,Susan,Watson,Female,35,Italy,08XTR5
DRV01593,Jennifer,Carter,Female,29,Australia,ZGXOIY
DRV01594,Evelyn,Gray,Female,30,Brazil,KGUY0O
DRV01595,Barbara,Turner,Female,36,United States,1E04PD
DRV01596,Mark,Nguyen,Male,22,France,8WF8NK
DRV01597,Donald,Robinson,Male,66,Brazil,ZNTGG5
DRV01598,Steven,Scott,Male,34,Germany,5S8T6A
DRV01599,Anthony,Walker,Male,49,India,USG9L9
DRV01600,Michael,Gray,Male,33,Canada,YBYC4I
DRV01601,Matthew,Harris,Male,29,Australia,3JLZOH
DRV01602,David,Gonzalez,Male,32,Australia,ZQQ5EB
DRV01603,Amelia,Lopez,Female,46,United States,WHHOLI
DRV01604,William,Hernandez,Male,49,France,7WS1LO
DRV01605,Linda,Brown,Female,58,Australia,9BD2EE
DRV01606,Mark,Nelson,Male,66,Mexico,RZJK9E
DRV01607,Linda,Gomez,Female,27,United States,N2ECLC
DRV01608,Richard,Cooper,Male,46,Italy,KITMAF
DRV01609,Mary,Ramirez,Female,25,United States,VSCQMP
DRV01610,Robert,Hughes,Male,43,France,00ET7B
DRV01611,John,Jimenez,Male,53,Canada,2I7P80
DRV01612,Joseph,Myers,Male,53,Italy,E2ABG9
DRV01613,Anthony,Roberts,Male,24,Australia,OV31NY
DRV01614,Linda,Gonzalez,Female,55,Brazil,81JMBP
DRV01615,Paul,Kelly,Male,33,Australia,DWR1XF
DRV01616,Susan,Nguyen,Female,48,Italy,0BI6AT
DRV01617,Sophia,Moore,Female,43,Italy,OHXWED
DRV01618,Michael,Cook,Male,21,India,NUZ2KG
DRV01619,Susan,Howard,Female,59,United States,3OVU7P
DRV01620,Harper,Ross,Female,38,Italy,V0Y9Q6
DRV01621,Amelia,Roberts,Female,39,United States,WUFUK1
DRV01622,Evelyn,Harris,Female,29,Italy,86D43I
DRV01623,Donald,Reed,Male,45,Italy,U7OZ9R
DRV01624,Joseph,Collins,Male,66,United States,19BP0L
DRV01625,Elizabeth,Adams,Female,55,Canada,YVNI8E
DRV01626,Sarah,Smith,Female,59,Australia,685EFZ
DRV01627,Charles,Parker,Male,33,Germany,XDTUMW
DRV01628,Mia,Morris,Female,40,United States,3D3513
DRV01629,Daniel,Long,Male,39,France,E41OFV
DRV01630,Mary,Morris,Female,44,Mexico,1AYSV6
DRV01631,Michael,Anderson,Male,41,Brazil,41SCY3
DRV01632,Michael,Rodriguez,Male,67,United States,NCXCWC
DRV01633,Michael,Collins,Male,46,United States,OGWHUP
DRV01634,Anthony,Lewis,Male,23,Canada,WJ6PVO
DRV01635,Donald,Ross,Male,51,Mexico,5YVMTD
DRV01636,Emily,Roberts,Female,21,Brazil,79U7C1
DRV01637,Sophia,Gray,Female,40,United Kingdom,TCHHI7
DRV01638,Mary,Sanchez,Female,30,United States,M8DTCA
DRV01639,Richard,Hernandez,Male,62,United States,VAE1IS
DRV01640,Emma,Cooper,Female,38,United States,UMEHCY
DRV01641,Susan,Ramos,Female,52,Australia,B85LFO
DRV01642,Richard,Parker,Male,50,Poland,J9IHJD
DRV01643,Richard,Jackson,Male,30,Mexico,60RS6C
DRV01644,David,Morales,Male,46,Poland,6V3DGS
DRV01645,Charlotte,Cooper,Female,34,Poland,M32YP1
DRV01646,Olivia,Thompson,Female,67,Canada,T9OMUQ
DRV01647,Emma,Hughes,Female,64,India,VZPY9Q
DRV01648,Barbara,Phillips,Female,29,United States,S34A1N
DRV01649,Elizabeth,Watson,Female,41,Canada,MYDO5N
DRV01650,Andrew,Wilson,Male,24,India,YOFCX7
DRV01651,Thomas,Adams,Male,63,Germany,U818UT
DRV01652,Ava,Williams,Female,64,Australia,8E7428
DRV01653,Ava,Parker,Female,58,Canada,9VYSKE
DRV01654,Evelyn,Rogers,Female,22,Brazil,TCDMWS
DRV01655,Barbara,Cooper,Female,59,India,OOH1XA
DRV01656,William,Ward,Male,29,Mexico,CW9RTN
DRV01657,Charlotte,Parker,Female,51,Australia,SZF4LU
DRV01658,Ava,Green,Female,64,United States,YAXY2N
DRV01659,John,James,Male,56,Germany,6M9NWY
DRV01660,John,Gray,Male,36,United States,EKT2MN
DRV01661,Sophia,Gomez,Female,35,United States,QOF3WG
DRV01662,Thomas,Mendoza,Male,32,Australia,TUJO55
DRV01663,Charlotte,Wilson,Female,41,United States,MFCYLT
DRV01664,Patricia,Baker,Female,41,India,O8G8HZ
DRV01665,Anthony,Wilson,Male,61,Italy,I9SUON
DRV01666,Emma,Foster,Female,63,Brazil,Y3IGWE
DRV01667,Charlotte,Martinez,Female,65,Italy,7ERRBS
DRV01668,Amelia,Walker,Female,49,United Kingdom,JB4HLL
DRV01669,Christopher,Adams,Male,66,India,HHGWHP
DRV01670,Richard,Walker,Male,29,Australia,2QLAW8
DRV01671,David,Jones,Male,53,Poland,1GNT9Z
DRV01672,Harper,Sanders,Female,55,Mexico,41AMIS
DRV01673,Donald,Lee,Male,40,United States,67U61O
DRV01674,Olivia,Turner,Female,41,Australia,2QPKGR
DRV01675,Daniel,Patel,Male,40,United Kingdom,6KW0PN
DRV01676,Olivia,Taylor,Female,21,United States,KWECY9
DRV01677,James,Garcia,Male,35,Canada,B2NIXI
DRV01678,Joseph,Adams,Male,60,Poland,5CAMBH
DRV01679,Karen,Torres,Female,51,United States,4SNV9R
DRV01680,Andrew,Castillo,Male,67,Germany,8XFANS
DRV01681,Anthony,Torres,Male,26,Mexico,H8S2GT
DRV01682,Harper,Jackson,Female,25,Italy,5XWWC0
DRV01683,Susan,Morales,Female,53,Brazil,FZQAFQ
DRV01684,Patricia,Hall,Female,44,Italy,RL0NWR
DRV01685,Charlotte,Jones,Female,62,Canada,LWS1YQ
DRV01686,Barbara,Sanders,Female,31,France,DB5Z8X
DRV01687,Linda,Sanchez,Female,21,United Kingdom,PZHUUG
DRV01688,Charles,Kelly,Male,47,India,86HOGD
DRV01689,Mia,Peterson,Female,54,Italy,F6LN82
DRV01690,Christopher,Bailey,Male,51,Mexico,7JE0Q0
DRV01691,Mary,Gomez,Female,51,United States,K7UJJ3
DRV01692,Amelia,Cruz,Female,58,Italy,AUPFLY
DRV01693,Sophia,Murphy,Female,53,United States,ZHZ3E8
DRV01694,Thomas,Martin,Male,66,Germany,BY8EN0
DRV01695,Mia,Harris,Female,49,United States,G5JTV7
DRV01696,Olivia,Cook,Female,62,France,5PYYZ5
DRV01697,Matthew,White,Male,22,Poland,IT7272
DRV01698,Mark,Chavez,Male,30,Mexico,CU2LQM
DRV01699,Charles,Chavez,Male,39,France,U20VMA
DRV01700,Emily,Scott,Female,46,United States,X0GWHA
DRV01701,Amelia,Murphy,Female,33,Italy,D8FBFF
DRV01702,Thomas,Miller,Male,31,United States,E1YEND
DRV01703,Robert,Edwards,Male,59,Italy,EM0TPI
DRV01704,Robert,Nguyen,Male,62,India,UPMTXQ
DRV01705,Sophia,Wilson,Female,45,Germany,F2GDAU
DRV01706,Daniel,Johnson,Male,57,Brazil,ULEVNA
DRV01707,Mark,Rodriguez,Male,42,Canada,30A7ZU
DRV01708,Joshua,Thomas,Male,28,Italy,FG7TTN
DRV01709,Charles,Morris,Male,23,United Kingdom,7PNFIR
DRV01710,David,Parker,Male,26,United States,PVOE4T
DRV01711,Christopher,King,Male,38,United States,8F5WAZ
DRV01712,Barbara,Davis,Female,60,United States,EW6OR6
DRV01713,Anthony,Diaz,Male,43,United States,6LCPY9
DRV01714,Paul,Thompson,Male,20,Canada,8J4E3Q
DRV01715,Robert,Bailey,Male,67,Germany,CE2EH3
DRV01716,Mia,Robinson,Female,54,United States,DO1DFS
DRV01717,Sophia,Gonzalez,Female,41,United States,3YQFBZ
DRV01718,Joshua,Hernandez,Male,25,United States,HBQIQI
DRV01719,Sarah,Campbell,Female,32,Poland,88RHOE
DRV01720,Matthew,Morgan,Male,33,United States,4YQZVR
DRV01721,Mia,Smith,Female,48,United Kingdom,M921VF
DRV01722,David,Rivera,Male,37,Germany,VS3ZRB
DRV01723,Richard,Flores,Male,51,Mexico,8WACEQ
DRV01724,Susan,Jones,Female,65,Italy,AXVT7C
DRV01725,James,Green,Male,52,Brazil,I9C2BV
DRV01726,Amelia,Hill,Female,51,Brazil,XVR62T
DRV01727,Elizabeth,Chavez,Female,67,Poland,CQPEOV
DRV01728,Richard,Evans,Male,56,United Kingdom,68FR8R
DRV01729,Patricia,Ross,Female,57,France,LG08YV
DRV01730,Joseph,Ward,Male,62,Brazil,QAZ6FP
DRV01731,John,Ramirez,Male,23,Brazil,QS3TGD
DRV01732,Susan,Gonzalez,Female,64,United States,46T9DN
DRV01733,Charlotte,Rogers,Female,48,United Kingdom,V52QFE
DRV01734,Amelia,Nguyen,Female,36,Italy,7S3487
DRV01735,Mary,Ross,Female,48,United States,E85S0I
DRV01736,James,Cooper,Male,25,India,G3JBRR
DRV01737,Karen,Kim,Female,57,Germany,O1Y7SR
DRV01738,Olivia,Martin,Female,60,France,Q1U97R
DRV01739,Amelia,Rivera,Female,47,United Kingdom,IE6DUE
DRV01740,Emma,Peterson,Female,41,Canada,XGK6YU
DRV01741,Matthew,Wilson,Male,38,United States,2Q22YO
DRV01742,Steven,Hughes,Male,47,Brazil,X4NTZ7
DRV01743,Jessica,Edwards,Female,30,Mexico,SFPFMN
DRV01744,Barbara,Watson,Female,34,United States,OTESU2
DRV01745,Ava,Phillips,Female,50,Germany,TSW5EJ
DRV01746,Sophia,Cruz,Female,27,Germany,VCA3DC
DRV01747,Barbara,Rivera,Female,46,United States,X9XF3H
DRV01748,Emily,Castillo,Female,52,India,OAGI7L
DRV01749,Donald,Nelson,Male,51,Mexico,2Z6M81
DRV01750,Susan,Thomas,Female,56,United States,WPX5ZJ
DRV01751,Donald,Rodriguez,Male,64,Italy,Q067CS
DRV01752,Ava,Watson,Female,29,Mexico,BT6AO3
DRV01753,Andrew,Wright,Male,45,Poland,O4DILG
DRV01754,Ava,Diaz,Female,59,Italy,WT2I9O
DRV01755,Olivia,Carter,Female,62,Mexico,UY5LV9
DRV01756,Joseph,Thomas,Male,43,United States,W0YCYR
DRV01757,Emily,Hernandez,Female,45,United Kingdom,P0IV1T
DRV01758,Steven,Green,Male,58,Canada,I9XDUL
DRV01759,John,Kim,Male,23,United States,XU3K8J
DRV01760,Emma,Evans,Female,47,United States,B2JA2L
DRV01761,Emma,Long,Female,34,India,PTBQ81
DRV01762,John,Diaz,Male,60,India,E4N252
DRV01763,Steven,Baker,Male,23,Germany,ZBOMVI
DRV01764,Paul,Lee,Male,50,United States,4EFG1Q
DRV01765,Emily,Flores,Female,65,Italy,O1WODG
DRV01766,David,Mitchell,Male,23,United States,643J2X
DRV01767,Ava,Johnson,Female,32,Italy,DV9RRU
DRV01768,Patricia,Kelly,Female,48,Italy,V7P2A2
DRV01769,Steven,King,Male,33,France,4WPFDF
DRV01770,Susan,Robinson,Female,54,United States,05MPZ0
DRV01771,Matthew,Brooks,Male,64,United States,G98GEY
DRV01772,Olivia,Adams,Female,47,Australia,5N18BY
DRV01773,Charles,Sanchez,Male,38,Mexico,4CFG79
DRV01774,Evelyn,Ross,Female,48,United States,09YW3D
DRV01775,Linda,Young,Female,55,United States,XXYFGG
DRV01776,Mark,Mendoza,Male,24,Australia,GCRZXC
DRV01777,Mark,Young,Male,34,France,3JZGN9
DRV01778,Charles,Wright,Male,64,United States,WI45A4
DRV01779,Richard,Rogers,Male,47,United States,C5PSSC
DRV01780,Susan,Allen,Female,54,India,78JP3H
DRV01781,Linda,Edwards,Female,62,Australia,ZTAY12
DRV01782,Barbara,Chavez,Female,67,Poland,VFQSX5
DRV01783,Karen,Green,Female,36,United States,RZ4D4Y
DRV01784,Elizabeth,Jones,Female,31,France,359T8Z
DRV01785,Elizabeth,Ramos,Female,61,United States,QSI2FE
DRV01786,John,Gomez,Male,23,India,7F5HG5
DRV01787,Patricia,Robinson,Female,22,India,GACSQN
DRV01788,Olivia,Watson,Female,55,United States,V57YZE
DRV01789,Sarah,Harris,Female,40,Mexico,N2K7IT
DRV01790,David,Ramos,Male,61,Australia,SBRP14
DRV01791,Jennifer,Green,Female,32,United States,L5V32B
DRV01792,Donald,White,Male,24,Australia,A3KL0N
DRV01793,John,Ruiz,Male,61,France,BP6OJC
DRV01794,Anthony,Hill,Male,20,United States,5ZZ679
DRV01795,Ava,Adams,Female,53,Canada,DW7V1Q
DRV01796,Mark,Morgan,Male,34,India,0UONQA
DRV01797,Charlotte,Thomas,Female,43,United States,R9XRWN
DRV01798,Anthony,Collins,Male,25,United States,4U6AVE
DRV01799,Matthew,Collins,Male,25,Poland,4WU3GA
DRV01800,James,Ross,Male,41,Canada,76NFCQ
DRV01801,Christopher,Thomas,Male,58,Australia,QQZYEK
DRV01802,William,Gonzalez,Male,45,United States,T2XFDZ
DRV01803,Paul,Wright,Male,65,United States,GF7MVQ
DRV01804,Thomas,Wilson,Male,52,Italy,3MKR4L
DRV01805,Charlotte,Williams,Female,37,India,7BWHZM
DRV01806,Joshua,Perez,Male,55,United States,HE4QGF
DRV01807,Christopher,Castillo,Male,53,United States,5KCRX6
DRV01808,Mary,Ruiz,Female,54,United States,JQD9C7
DRV01809,James,Morris,Male,27,Mexico,C27X1C
DRV01810,Anthony,Smith,Male,31,Australia,V45D3D
DRV01811,David,Myers,Male,56,Australia,50I32B
DRV01812,Jennifer,Garcia,Female,36,United States,BCPLA8
DRV01813,Charlotte,Flores,Female,49,France,ULK3FU
DRV01814,Amelia,Bailey,Female,27,Mexico,U5OEJ8
DRV01815,David,Richardson,Male,25,United States,2SFR23
DRV01816,William,Jones,Male,31,United States,JBMUVH
DRV01817,Barbara,Baker,Female,22,Canada,5FTOJT
DRV01818,Andrew,Harris,Male,32,United States,VHZJKT
DRV01819,Karen,Thompson,Female,45,United States,LI72W4
DRV01820,Ava,Miller,Female,48,Brazil,LB37ZO
DRV01821,Daniel,Rivera,Male,22,United Kingdom,C8FU0A
DRV01822,Christopher,Wilson,Male,34,Poland,BWLA9D
DRV01823,Joshua,Jimenez,Male,65,United States,SNVYF2
DRV01824,Patricia,Perez,Female,37,Brazil,WOW7L7
DRV01825,David,Bennett,Male,23,United States,EPL2U5
DRV01826,Mary,Turner,Female,31,Germany,1ZBLM5
DRV01827,Amelia,King,Female,26,Germany,P6MPB4
DRV01828,Joshua,Kim,Male,34,Australia,T7ZVNB
DRV01829,William,Miller,Male,20,Mexico,AO8W81
DRV01830,Amelia,Thomas,Female,64,Poland,AM75PS
DRV01831,William,Martinez,Male,59,France,TW689M
DRV01832,Patricia,Cooper,Female,43,United States,M1INUF
DRV01833,Michael,Evans,Male,55,Germany,8UUXOP
DRV01834,William,Cooper,Male,52,Poland,NPJ269
DRV01835,Jennifer,Reed,Female,45,United States,4LZ95A
DRV01836,Joshua,Carter,Male,20,France,14MAFM
DRV01837,Mark,Green,Male,23,United States,J6GDTG
DRV01838,Patricia,James,Female,24,Brazil,8ZF2L4
DRV01839,Robert,Kelly,Male,54,Australia,B6PYMA
DRV01840,Mark,Gomez,Male,49,India,P2WA6M
DRV01841,Charlotte,Bailey,Female,67,Italy,2TLUGG
DRV01842,Paul,Flores,Male,20,Poland,GB8IY5
DRV01843,Patricia,Martinez,Female,27,Canada,J96ZE6
DRV01844,Matthew,Lee,Male,61,Germany,I1AGZG
DRV01845,Matthew,Ortiz,Male,47,Italy,2S60YU
DRV01846,Joseph,Cook,Male,56,United States,PTLT05
DRV01847,Richard,Carter,Male,54,United States,UBB9MI
DRV01848,Mia,Carter,Female,41,Germany,VF6RGS
DRV01849,Michael,James,Male,55,India,DSG1FB
DRV01850,Evelyn,Nguyen,Female,36,United Kingdom,TW4IXF
DRV01851,Emma,Scott,Female,43,United Kingdom,X0740C
DRV01852,Jennifer,Hughes,Female,23,Italy,AEWABH
DRV01853,Charles,Lewis,Male,26,United States,4EPM7Z
DRV01854,David,Turner,Male,42,Germany,MBJHY3
DRV01855,Joshua,Collins,Male,21,Brazil,M6DTEC
DRV01856,Karen,Carter,Female,21,Germany,5B8U8H
DRV01857,Barbara,Patel,Female,32,United States,TJWOFC
DRV01858,James,Cook,Male,45,United States,CO58P8
DRV01859,Elizabeth,Hughes,Female,57,Mexico,OFU2NC
DRV01860,Susan,Hill,Female,32,France,XPP9YV
DRV01861,Charlotte,Turner,Female,44,United States,MKVGG4
DRV01862,David,Nguyen,Male,61,United States,8J2X70
DRV01863,Christopher,Wright,Male,67,United States,YDSS5B
DRV01864,Barbara,Castillo,Female,32,Canada,L3DVYJ
DRV01865,Daniel,Walker,Male,43,France,5Z8KQ8
DRV01866,Michael,Campbell,Male,35,Italy,TIJH33
DRV01867,David,Price,Male,43,France,44TONZ
DRV01868,Daniel,Collins,Male,60,Poland,OZZ9Z7
DRV01869,Jennifer,Campbell,Female,66,Brazil,8PU9JN
DRV01870,William,Parker,Male,20,Mexico,HKCMNT
DRV01871,Karen,Rogers,Female,56,United Kingdom,DM1VL7
DRV01872,Donald,Hill,Male,28,France,4G4IQ9
DRV01873,Anthony,Jimenez,Male,62,Poland,Z9JN7K
DRV01874,Jennifer,Young,Female,33,Canada,2FOE15
DRV01875,Andrew,Reed,Male,21,Germany,OXQD66
DRV01876,Joseph,Murphy,Male,55,Poland,737FEN
DRV01877,David,Bailey,Male,47,France,KFN8K6
DRV01878,Joshua,King,Male,30,United Kingdom,JY6REG
DRV01879,Sophia,Evans,Female,56,United States,253IQQ
DRV01880,Donald,Mendoza,Male,22,Australia,LGQE6X
DRV01881,Matthew,Martin,Male,62,Brazil,37C7NX
DRV01882,Karen,White,Female,56,United States,LX8EAK
DRV01883,Linda,Ross,Female,27,India,O3YRFB
DRV01884,Mark,Richardson,Male,61,Italy,MZSO6A
DRV01885,Emma,Young,Female,33,Italy,MZ8M6X
DRV01886,Charles,Perez,Male,58,Australia,FY3IW6
DRV01887,Elizabeth,Rivera,Female,25,Poland,IIPS8Q
DRV01888,Robert,Rogers,Male,32,Brazil,GV2ESF
DRV01889,Matthew,Chavez,Male,31,India,43T6UU
DRV01890,Emma,Bennett,Female,45,United States,2W71TJ
DRV01891,Jennifer,Adams,Female,29,United Kingdom,PJF989
DRV01892,Olivia,Williams,Female,67,Germany,W1K9M9
DRV01893,Charles,Alvarez,Male,23,United States,39WG0M
DRV01894,Patricia,Richardson,Female,60,United Kingdom,9MNBO3
DRV01895,Barbara,Rodriguez,Female,35,Mexico,4EBO2J
DRV01896,Mia,Flores,Female,44,India,1XLAXH
DRV01897,Sarah,James,Female,37,Germany,OUZXNL
DRV01898,Patricia,Watson,Female,63,United Kingdom,XNPZCU
DRV01899,Jessica,Williams,Female,48,United Kingdom,UYUN9V
DRV01900,Emma,Rivera,Female,30,Brazil,2C23AG
DRV01901,Evelyn,Wood,Female,35,United States,REXFCH
DRV01902,Evelyn,Phillips,Female,24,Mexico,QUQB8R
DRV01903,Paul,Morales,Male,44,United Kingdom,6I29GP
DRV01904,John,Collins,Male,42,Mexico,8Z8TRT
DRV01905,Linda,Watson,Female,44,Italy,Y6ZLED
DRV01906,Amelia,Brooks,Female,21,Canada,MIFFVM
DRV01907,Emma,Carter,Female,23,Mexico,JKX2KA
DRV01908,Thomas,Turner,Male,39,United States,8QLT1R
DRV01909,Matthew,Diaz,Male,64,Italy,YB4BOM
DRV01910,Emily,Sanchez,Female,48,Germany,B09UW8
DRV01911,Joseph,Brooks,Male,43,United States,UMUNLB
DRV01912,James,Thompson,Male,35,United States,NDTQYP
DRV01913,Christopher,Ward,Male,42,India,KS441W
DRV01914,Paul,Young,Male,39,United States,KLJ670
DRV01915,William,Flores,Male,65,United States,WO7V1I
DRV01916,Jessica,Howard,Female,63,United Kingdom,QI55JS
DRV01917,Mia,Perez,Female,33,United States,FBLPVR
DRV01918,Sophia,Howard,Female,56,Brazil,4JIDA6
DRV01919,Thomas,Davis,Male,53,Brazil,YERBL6
DRV01920,Thomas,Jones,Male,29,Mexico,IBKPK7
DRV01921,Elizabeth,Reed,Female,33,Australia,BA65D2
DRV01922,Daniel,Gomez,Male,50,United States,5TVGUW
DRV01923,Evelyn,Ramirez,Female,44,Poland,7JMKJL
DRV01924,David,Martinez,Male,46,United States,ITN5KG
DRV01925,Barbara,Harris,Female,62,France,LKJHDK
DRV01926,Amelia,Turner,Female,22,Poland,SY2O33
DRV01927,Amelia,Miller,Female,24,Poland,F2DXR6
DRV01928,Robert,Hill,Male,23,Mexico,HLFT2N
DRV01929,Evelyn,Scott,Female,30,Italy,PMQM57
DRV01930,Jennifer,Moore,Female,56,United States,SF2AAL
DRV01931,Linda,Clark,Female,64,United Kingdom,5IHJQC
DRV01932,Paul,Collins,Male,42,Mexico,N3PP1V
DRV01933,Jessica,Chavez,Female,36,India,NC7GIU
DRV01934,Thomas,Garcia,Male,21,Italy,EKC8U0
DRV01935,Joshua,Alvarez,Male,66,Australia,FF2K5C
DRV01936,Ava,Reyes,Female,36,United Kingdom,083RWR
DRV01937,Harper,White,Female,29,India,7BMTT7
DRV01938,Charles,Baker,Male,64,Brazil,S7GLB8
DRV01939,Susan,Cook,Female,24,United States,0FIIGU
DRV01940,David,Lopez,Male,64,Canada,9EQSIM
DRV01941,Steven,Myers,Male,51,France,WY66QB
DRV01942,Robert,Watson,Male,42,Canada,7VMVWJ
DRV01943,Harper,Green,Female,44,Mexico,06DDG6
DRV01944,Patricia,Lee,Female,63,United States,A4FEGY
DRV01945,Amelia,Chavez,Female,32,France,N860AT
DRV01946,John,Flores,Male,21,Poland,SSSULJ
DRV01947,Mark,Foster,Male,51,United States,SMW5GY
DRV01948,Paul,Brooks,Male,48,United States,XF50OJ
DRV01949,Mary,Lee,Female,29,Italy,6UACOT
DRV01950,Thomas,Brown,Male,46,Germany,XU7FKC
DRV01951,Robert,Martin,Male,62,United States,VLXUII
DRV01952,Sarah,Bennett,Female,21,India,1GPCXW
DRV01953,Mia,Baker,Female,37,United States,DHDX1B
DRV01954,Ava,Lewis,Female,31,Mexico,ZF3D4D
DRV01955,Anthony,Myers,Male,54,India,KX5ZT5
DRV01956,Ava,Murphy,Female,55,Poland,9KA1DL
DRV01957,Michael,Roberts,Male,31,Mexico,LLE4A2
DRV01958,Andrew,Brooks,Male,45,United States,SILL0N
DRV01959,Donald,Myers,Male,27,Australia,L0V0HX
DRV01960,Paul,Jackson,Male,36,Canada,GGAYBF
DRV01961,Linda,Anderson,Female,27,France,KRS51Z
DRV01962,Andrew,Martin,Male,26,United States,3OV9JY
DRV01963,Mary,Rogers,Female,21,Australia,ZDTC5P
DRV01964,James,Hall,Male,20,United Kingdom,70TGO5
DRV01965,Robert,Adams,Male,42,India,3J56TA
DRV01966,Evelyn,Perez,Female,30,Poland,XUWCOZ
DRV01967,Olivia,Ward,Female,67,Australia,6Y5H3O
DRV01968,Olivia,Baker,Female,31,India,W58611
DRV01969,Richard,Smith,Male,58,France,9GX2HI
DRV01970,Ava,Rogers,Female,53,France,0I6QV4
DRV01971,John,Phillips,Male,43,Italy,8RNXPW
DRV01972,Mary,Smith,Female,24,Italy,W7S43I
DRV01973,Harper,Cruz,Female,57,Poland,8E7ZMV
DRV01974,Karen,Hall,Female,45,United States,XGY93F
DRV01975,Anthony,Hughes,Male,26,France,8ONG5U
DRV01976,Christopher,Edwards,Male,58,Italy,HWV6FL
DRV01977,Paul,Watson,Male,48,India,W105UV
DRV01978,Emily,Jackson,Female,59,Brazil,1OV9CP
DRV01979,Emma,Williams,Female,42,Canada,UTVLYJ
DRV01980,Sarah,Phillips,Female,46,United States,J8GVSK
DRV01981,Barbara,Torres,Female,54,United States,4SWH0T
DRV01982,Amelia,Morgan,Female,45,Canada,BKAVXS
DRV01983,Joseph,Jones,Male,23,Brazil,FFQOKV
DRV01984,Ava,Thompson,Female,54,Australia,J4MDHU
DRV01985,Robert,Nelson,Male,67,Canada,RYTIVR
DRV01986,Steven,Walker,Male,22,Mexico,A7QNAA
DRV01987,Amelia,Jimenez,Female,55,Mexico,VXA8MK
DRV01988,Andrew,Cooper,Male,66,United States,X6KQB1
DRV01989,Joseph,Ortiz,Male,47,United States,QOXBE1
DRV01990,Elizabeth,Wright,Female,50,India,7K8EVB
DRV01991,Anthony,Perez,Male,59,United States,KBF2E6
DRV01992,Thomas,Green,Male,35,France,71G4EA
DRV01993,Sarah,Cruz,Female,40,Italy,2JL6KK
DRV01994,Harper,Lewis,Female,20,United Kingdom,VLD3II
DRV01995,David,Moore,Male,23,United States,K0HF36
DRV01996,Barbara,Gomez,Female,35,United States,EGD572
DRV01997,Joshua,Murphy,Male,40,Brazil,F1TTIM
DRV01998,Karen,Perez,Female,40,Italy,YMZLO9
DRV01999,Anthony,Ward,Male,39,United States,DCMB4B
DRV02000,Andrew,Collins,Male,48,United States,LQ1WMF
DRV02001,Sarah,Anderson,Female,49,Brazil,34EUZ9
DRV02002,Olivia,Morgan,Female,32,Poland,BHTP5C
DRV02003,Patricia,Diaz,Female,42,United States,7SS63U
DRV02004,Emily,Cooper,Female,31,United Kingdom,RA3PLC
DRV02005,Andrew,Ruiz,Male,52,United Kingdom,LLX70R
DRV02006,Sarah,Scott,Female,45,Germany,5R0PNF
DRV02007,Elizabeth,Clark,Female,36,Mexico,3EVJN2
DRV02008,Michael,Ward,Male,41,United States,VVBBBV
DRV02009,Elizabeth,Kelly,Female,25,Mexico,A63YMD
DRV02010,Sarah,Perez,Female,62,Canada,XO0SSW
DRV02011,Joshua,Howard,Male,60,Brazil,NG6N1R
DRV02012,Matthew,Long,Male,48,Mexico,S804BF
DRV02013,Joshua,Sanders,Male,53,Australia,TXXWCE
DRV02014,Jennifer,Brooks,Female,53,France,V46Q71
DRV02015,Susan,Nelson,Female,53,France,322HR5
DRV02016,Linda,Brooks,Female,56,United States,BTMPT1
DRV02017,Evelyn,Morales,Female,67,United States,4C8MA3
DRV02018,Charlotte,Watson,Female,47,United States,44QUNF
DRV02019,Amelia,Clark,Female,21,United States,H2D3LS
DRV02020,James,Foster,Male,56,Australia,4LEO0E
DRV02021,Ava,Taylor,Female,66,France,49LXLE
DRV02022,Ava,Gonzalez,Female,65,United States,4ZBL5K
DRV02023,William,Baker,Male,48,Italy,72TH1F
DRV02024,Matthew,Rogers,Male,20,United States,ZOIM2C
DRV02025,Daniel,Cooper,Male,38,Canada,L518DW
DRV02026,Daniel,Roberts,Male,26,Germany,3IRGM5
DRV02027,Sarah,Young,Female,51,Italy,OYBESI
DRV02028,Joshua,Brown,Male,35,United Kingdom,4TP1NA
DRV02029,Patricia,Gutierrez,Female,26,Germany,C3J3YC
DRV02030,Joshua,Adams,Male,36,France,WHT37O
DRV02031,Anthony,Thomas,Male,29,Germany,BYTE9A
DRV02032,Steven,Clark,Male,49,United Kingdom,P7SDWY
DRV02033,Sophia,Long,Female,22,Canada,UV27UU
DRV02034,Susan,Ruiz,Female,31,United States,174WYA
DRV02035,Jessica,Ward,Female,35,Australia,S151M4
DRV02036,Joshua,Moore,Male,55,Poland,4EJHXP
DRV02037,Joseph,Wilson,Male,39,United States,14311B
DRV02038,Emily,Cruz,Female,50,Mexico,XMS0HK
DRV02039,James,Allen,Male,32,United Kingdom,DZVWE8
DRV02040,Thomas,Gomez,Male,30,United States,EJGBJX
DRV02041,Robert,Castillo,Male,65,Canada,XQEJKA
DRV02042,Jessica,Gonzalez,Female,23,Italy,UFN24X
DRV02043,Evelyn,Flores,Female,57,Italy,DWF1TQ
DRV02044,Emily,Martin,Female,25,France,095UHG
DRV02045,Patricia,Nguyen,Female,54,Germany,A3YYGD
DRV02046,Jennifer,Flores,Female,45,Poland,NPYHRF
DRV02047,Robert,Jones,Male,56,Italy,V2I6OE
DRV02048,Jennifer,Evans,Female,26,Canada,8VAQVB
DRV02049,Barbara,Moore,Female,25,United States,M28AQW
DRV02050,Robert,Wood,Male,52,United States,QFDTNB
DRV02051,William,Wood,Male,65,United Kingdom,OFE2J5
DRV02052,Emily,Smith,Female,39,France,QLO9FI
DRV02053,Thomas,White,Male,37,United States,MDOFG6
DRV02054,John,Howard,Male,21,United States,J0Q45N
DRV02055,Patricia,Turner,Female,49,United States,XMD7QC
DRV02056,Matthew,Ruiz,Male,27,Canada,MTEBDU
DRV02057,Paul,Cooper,Male,36,United States,59Z025
DRV02058,Olivia,Gray,Female,39,Australia,PHNCAS
DRV02059,Susan,Brown,Female,56,United States,SI3UDU
DRV02060,Emma,Nguyen,Female,66,Australia,WUDKBU
DRV02061,Jennifer,Gomez,Female,54,Canada,V0EHLI
DRV02062,Olivia,Parker,Female,46,Canada,J8BFI8
DRV02063,Patricia,Jackson,Female,67,Mexico,ZACF0R
DRV02064,Daniel,Smith,Male,38,United States,51AATN
DRV02065,Evelyn,Smith,Female,45,United States,AS1UDJ
DRV02066,David,Roberts,Male,49,Germany,U0FIYH
DRV02067,Ava,Foster,Female,41,Brazil,UQZBA2
DRV02068,Emily,King,Female,37,United Kingdom,NBAV4V
DRV02069,Elizabeth,Young,Female,53,United States,P60IQ7
DRV02070,Christopher,Lopez,Male,39,United States,XTNJS1
DRV02071,John,Harris,Male,37,United Kingdom,W2XCH1
DRV02072,Mark,Kelly,Male,29,Poland,VJUZ5P
DRV02073,Richard,Davis,Male,25,Brazil,TJXAF1
DRV02074,Andrew,Kim,Male,42,United States,7KA8OB
DRV02075,Joshua,Robinson,Male,42,Poland,2M8OF7
DRV02076,Sarah,Lopez,Female,55,Poland,FD18TL
DRV02077,Steven,Rodriguez,Male,45,India,W29MAX
DRV02078,Robert,Davis,Male,55,Italy,QGBPAD
DRV02079,Sophia,Jackson,Female,28,Australia,QB00G9
DRV02080,Paul,Rodriguez,Male,51,Mexico,MEXJTN
DRV02081,Paul,Long,Male,44,United States,L8109J
DRV02082,Andrew,Turner,Male,41,United Kingdom,94K3AW
DRV02083,Karen,Morales,Female,54,India,4JM8C9
DRV02084,Richard,Myers,Male,45,Brazil,Y3YGQA
DRV02085,William,Richardson,Male,59,United States,55OTS4
DRV02086,David,James,Male,52,United Kingdom,FCHAO7
DRV02087,Olivia,Reed,Female,39,United States,RKFI53
DRV02088,Steven,Patel,Male,36,Germany,1T8FMW
DRV02089,Matthew,Allen,Male,25,United States,UG8XJK
DRV02090,Jennifer,Cooper,Female,34,India,TTQAYI
DRV02091,Amelia,Torres,Female,46,Mexico,S530TJ
DRV02092,Donald,King,Male,30,France,5A439G
DRV02093,Karen,Sanchez,Female,45,United Kingdom,XK2G5E
DRV02094,Karen,Ward,Female,66,France,0TA8RD
DRV02095,Olivia,Roberts,Female,55,United Kingdom,BCF9HV
DRV02096,Michael,Hernandez,Male,27,Brazil,DJ7H7R
DRV02097,Richard,Long,Male,67,Italy,Y0VQXO
DRV02098,Mark,Martin,Male,52,United Kingdom,17YW1B
DRV02099,Richard,Howard,Male,20,Canada,X4W3LN
DRV02100,Linda,Cruz,Female,53,United States,MMFERF
DRV02101,Thomas,Jimenez,Male,21,United Kingdom,Q1ZQ8D
DRV02102,Evelyn,Stewart,Female,44,United States,9F6Y5V
DRV02103,Joseph,Morgan,Male,20,Mexico,HMIQP5
DRV02104,Mia,Campbell,Female,38,United States,2Q8BGJ
DRV02105,Mary,Thomas,Female,49,Australia,OB9V1T
DRV02106,Mark,Cruz,Male,43,France,YMPYI4
DRV02107,Michael,Patel,Male,20,Germany,EOKFCR
DRV02108,Sophia,Foster,Female,54,India,J2KH0E
DRV02109,Sarah,Cooper,Female,58,Brazil,4SHA60
DRV02110,Elizabeth,Garcia,Female,55,Mexico,FNCRN3
DRV02111,Mia,Lopez,Female,36,United States,DL35JR
DRV02112,Emma,Cook,Female,41,United Kingdom,3VP8LI
DRV02113,Joseph,Moore,Male,57,India,TCQR3E
DRV02114,Charlotte,Murphy,Female,62,United States,SMJN7B
DRV02115,Joshua,Lee,Male,43,United States,INF2P0
DRV02116,Joshua,Reyes,Male,49,United Kingdom,FMPAH3
DRV02117,Emily,Morgan,Female,39,France,91R0HR
DRV02118,Sarah,Martinez,Female,56,United Kingdom,4SLQGB
DRV02119,Daniel,King,Male,53,Poland,1OT96G
DRV02120,James,Edwards,Male,33,United States,XNHRC4
DRV02121,Thomas,Rivera,Male,46,United Kingdom,VHTZ4V
DRV02122,Daniel,Jimenez,Male,58,India,NIA2Y7
DRV02123,Harper,Edwards,Female,48,Canada,PJAGXL
DRV02124,Emma,Price,Female,53,Brazil,MJPCZA
DRV02125,Emily,Clark,Female,31,Mexico,40E0GZ
DRV02126,Richard,Wilson,Male,51,United States,143XRV
DRV02127,Michael,Jimenez,Male,56,Mexico,KWTEJT
DRV02128,Patricia,White,Female,26,Australia,BGO8UT
DRV02129,Donald,Wright,Male,21,United States,RCPACQ
DRV02130,Robert,Baker,Male,31,United States,Y7KHG4
DRV02131,Joseph,Cruz,Male,34,Poland,FKP96A
DRV02132,Robert,Patel,Male,55,Italy,O7JFM0
DRV02133,Richard,Hughes,Male,31,United States,V0IQF1
DRV02134,Matthew,Wood,Male,46,Poland,B9UPEP
DRV02135,Donald,Chavez,Male,57,Poland,LG5TK9
DRV02136,Amelia,Mitchell,Female,67,United States,A0STKA
DRV02137,Richard,Reed,Male,39,Australia,84VF16
DRV02138,Evelyn,Jones,Female,32,Mexico,KT6VGF
DRV02139,Linda,Thompson,Female,41,Mexico,AGMB36
DRV02140,Elizabeth,Baker,Female,55,Brazil,K2YB4U
DRV02141,Sarah,Ruiz,Female,35,India,2W1I5K
DRV02142,Mary,Ramos,Female,61,Italy,PATM0T
DRV02143,Jessica,Long,Female,40,India,JFUPMV
DRV02144,Barbara,Murphy,Female,20,United States,OCQVKC
DRV02145,David,Reed,Male,48,United States,HQW2VG
DRV02146,Charles,Bennett,Male,21,United States,4WON6F
DRV02147,Andrew,Foster,Male,40,United States,IAVX56
DRV02148,Elizabeth,Nelson,Female,26,Canada,MLJZFU
DRV02149,Barbara,Bennett,Female,49,United States,4SP7QF
DRV02150,Susan,Taylor,Female,40,United States,FDTZJ2
DRV02151,Joseph,Ramos,Male,51,France,G7A1RB
DRV02152,Jennifer,Clark,Female,59,United States,51V9PD
DRV02153,Mary,Baker,Female,60,Australia,QTKPCS
DRV02154,Sophia,Ortiz,Female,50,Australia,G0G1ZZ
DRV02155,Donald,Thompson,Male,39,Italy,ASOEVG
DRV02156,Christopher,Patel,Male,20,United States,N2OTG5
DRV02157,Matthew,Sanders,Male,55,United States,27O19Q
DRV02158,Jennifer,Ramos,Female,35,Australia,15XD82
DRV02159,Charlotte,Kelly,Female,64,Italy,GAAZPG
DRV02160,Steven,Phillips,Male,47,Germany,A763BU
DRV02161,Patricia,Rodriguez,Female,25,Germany,RKBZWB
DRV02162,Anthony,Ross,Male,57,Australia,HWEKQD
DRV02163,Robert,Turner,Male,45,France,87FRBO
DRV02164,Emily,Parker,Female,56,Australia,5OHS7A
DRV02165,Jessica,Diaz,Female,32,France,D3X4YH
DRV02166,Evelyn,King,Female,42,Germany,KDPEHD
DRV02167,Jennifer,Collins,Female,22,Italy,GQ6SRP
DRV02168,Linda,Allen,Female,50,France,VG9353
DRV02169,Olivia,Peterson,Female,39,Italy,P94RWG
DRV02170,Robert,Perez,Male,34,Italy,KHL1CR
DRV02171,Charlotte,Allen,Female,67,France,Q1AMKT
DRV02172,Mia,Reed,Female,61,Mexico,BYGS0J
DRV02173,James,Kim,Male,31,India,MSM5R7
DRV02174,Jessica,Walker,Female,54,Italy,LVA2UH
DRV02175,Paul,Miller,Male,53,Mexico,K4W0KQ
DRV02176,Jessica,Ramirez,Female,42,United States,QONTQX
DRV02177,Joshua,Taylor,Male,24,Germany,YNIT38
DRV02178,Karen,Ruiz,Female,48,United States,DNSVBC
DRV02179,Mary,Kelly,Female,55,Germany,4ASMZX
DRV02180,Steven,Long,Male,47,Germany,5B6IIJ
DRV02181,Olivia,Young,Female,64,Italy,HOXXAO
DRV02182,Patricia,Patel,Female,59,Canada,GO46X1
DRV02183,Olivia,Chavez,Female,44,Australia,SLSLV3
DRV02184,Linda,Kelly,Female,52,Canada,OK3ZY5
DRV02185,Donald,Brown,Male,39,France,0L9LAY
DRV02186,Joshua,Davis,Male,63,United States,J4PZC5
DRV02187,John,Evans,Male,63,Mexico,OGCC1U
DRV02188,Amelia,Howard,Female,30,Poland,G44C93
DRV02189,Charles,Turner,Male,67,United States,Z811ID
DRV02190,Susan,Perez,Female,62,Canada,OKBZVY
DRV02191,David,Gray,Male,38,Germany,18K9VA
DRV02192,Steven,Edwards,Male,20,Germany,ANGW3P
DRV02193,Sophia,Lee,Female,35,United States,8JUS1X
DRV02194,Charles,Ruiz,Male,20,United States,Y0QTOS
DRV02195,Elizabeth,Gray,Female,26,Mexico,E5S517
DRV02196,Amelia,Castillo,Female,22,India,X6XDA7
DRV02197,Emily,Miller,Female,21,Canada,79OKQB
DRV02198,Ava,Jones,Female,30,United States,S68CFF
DRV02199,Patricia,Wood,Female,21,Italy,5KKS1B
DRV02200,Charles,Gutierrez,Male,37,India,SUMUXQ
DRV02201,William,Turner,Male,27,India,TPVEV6
DRV02202,Emily,Phillips,Female,49,United States,OABEAW
DRV02203,Jennifer,Gray,Female,31,France,6JJLVW
DRV02204,Emma,Smith,Female,30,France,CA037F
DRV02205,Anthony,Ramirez,Male,35,Poland,OAD78Q
DRV02206,Patricia,Peterson,Female,44,United Kingdom,6UO3ZI
DRV02207,Andrew,Smith,Male,39,Germany,E1IL46
DRV02208,Paul,Allen,Male,63,France,SCTPN7
DRV02209,Jessica,Rogers,Female,43,Poland,TE5U9I
DRV02210,Donald,Evans,Male,58,Australia,FHEPN3
DRV02211,Sarah,Howard,Female,62,Brazil,CNL384
DRV02212,Michael,Allen,Male,44,United States,GSG8UE
DRV02213,Donald,Martinez,Male,59,Germany,88UOGM
DRV02214,Harper,James,Female,40,Australia,3V020I
DRV02215,Joshua,Price,Male,36,France,RVN2AE
DRV02216,Patricia,Miller,Female,58,Italy,S5JVIL
DRV02217,John,Smith,Male,29,United States,6KB9Z7
DRV02218,Linda,Hill,Female,54,Mexico,EH3RFW
DRV02219,Amelia,Ward,Female,64,France,TX3NF2
DRV02220,Sarah,Johnson,Female,34,Germany,L8XCGM
DRV02221,Paul,Diaz,Male,56,Poland,V2WJ6O
DRV02222,Anthony,Phillips,Male,48,United States,T5DXI7
DRV02223,Steven,Evans,Male,66,United States,DSU9F1
DRV02224,Mary,Martinez,Female,31,Germany,R8CP11
DRV02225,Jennifer,Gutierrez,Female,39,United States,RHBKGK
DRV02226,Andrew,Torres,Male,46,Australia,TAJPP8
DRV02227,Elizabeth,Green,Female,58,India,975YQL
DRV02228,Robert,Ruiz,Male,54,Mexico,U2MRIX
DRV02229,Jessica,Rivera,Female,20,Brazil,N8B3UM
DRV02230,David,Sanders,Male,45,United States,0D6QJ2
DRV02231,Anthony,Young,Male,38,Poland,VEOX3A
DRV02232,Amelia,Young,Female,21,Italy,62ZLLT
DRV02233,Ava,Martin,Female,67,United States,G2AHN1
DRV02234,Anthony,Cooper,Male,54,United States,TYK80X
DRV02235,Mary,Cox,Female,33,United States,ZD6KPV
DRV02236,Steven,Taylor,Male,52,Brazil,H7VQJA
DRV02237,Robert,Cook,Male,63,Germany,ZVR8VB
DRV02238,Harper,Hughes,Female,34,Germany,WT0Y5K
DRV02239,Charles,Roberts,Male,45,Poland,NDTTUM
DRV02240,Joseph,Anderson,Male,29,Poland,VOKQY9
DRV02241,Emily,Wright,Female,63,France,NKRZ25
DRV02242,Jennifer,Hernandez,Female,35,United States,PCOCWM
DRV02243,Emma,Roberts,Female,20,Mexico,9EOIZU
DRV02244,Elizabeth,Johnson,Female,55,Mexico,EN0KER
DRV02245,Daniel,Miller,Male,66,Canada,OBOPAB
DRV02246,David,Chavez,Male,57,United Kingdom,WJATE4
DRV02247,Barbara,Brooks,Female,49,United Kingdom,BNAJFH
DRV02248,Charlotte,Reyes,Female,22,Australia,ZN4U38
DRV02249,Evelyn,Alvarez,Female,38,Mexico,TB5Q78
DRV02250,Amelia,Moore,Female,34,Italy,BKUVY7
DRV02251,David,Thomas,Male,53,France,UWETOW
DRV02252,Sarah,Torres,Female,29,United States,1OO5VY
DRV02253,Christopher,Hughes,Male,39,Australia,OA8O34
DRV02254,Paul,Brown,Male,21,Italy,QK5FP7
DRV02255,Jennifer,Rivera,Female,20,Italy,2CSANH
DRV02256,Andrew,Robinson,Male,42,Mexico,YWDRDP
DRV02257,Andrew,Kelly,Male,48,United States,CEJCIL
DRV02258,Michael,Green,Male,56,Mexico,0E7CXS
DRV02259,Donald,Parker,Male,27,United States,874OHL
DRV02260,Christopher,Alvarez,Male,63,Poland,VJYQTA
DRV02261,Michael,Foster,Male,54,Italy,GI0RR0
DRV02262,Emma,Walker,Female,63,United Kingdom,H4FZZH
DRV02263,Donald,Nguyen,Male,45,Canada,JGUEIF
DRV02264,Mary,Cruz,Female,61,Canada,RI7FZ5
DRV02265,Barbara,Mendoza,Female,34,Brazil,GUJ9CW
DRV02266,Sophia,Scott,Female,58,India,KHKXVS
DRV02267,Emily,Nelson,Female,23,Italy,35LJM6
DRV02268,Christopher,Parker,Male,65,France,UVCTHB
DRV02269,Linda,Gray,Female,51,India,F1PW26
DRV02270,Robert,Gomez,Male,43,United States,OKR7PH
DRV02271,Mary,Richardson,Female,65,Mexico,SKWD3X
DRV02272,Michael,Taylor,Male,52,United States,6JY5R1
DRV02273,Anthony,Reed,Male,45,France,74PF4I
DRV02274,Olivia,James,Female,46,Italy,9W2752
DRV02275,Sarah,Kelly,Female,57,United States,QLRVD7
DRV02276,Emma,Myers,Female,65,Mexico,UTK92J
DRV02277,Paul,Jones,Male,62,Canada,VWLL5V
DRV02278,Linda,Taylor,Female,65,Italy,EIV6DD
DRV02279,William,James,Male,20,Brazil,5DWUMJ
DRV02280,Sophia,Price,Female,45,Italy,67K37F
DRV02281,Sophia,Chavez,Female,53,United Kingdom,TRLT4C
DRV02282,Mark,Hughes,Male,49,United States,C0ZJXO
DRV02283,Jessica,Gomez,Female,44,France,AYSYWU
DRV02284,Ava,Davis,Female,42,Brazil,UFDOAP
DRV02285,Andrew,Mendoza,Male,40,United States,S8LXSO
DRV02286,Richard,Thompson,Male,46,Canada,JPABSM
DRV02287,Thomas,Nguyen,Male,36,Poland,YMOMLF
DRV02288,Susan,Rodriguez,Female,32,United Kingdom,1VRKF4
DRV02289,John,Young,Male,52,Italy,OBW3J6
DRV02290,Daniel,Sanders,Male,67,Australia,BWTBV5
DRV02291,William,Cox,Male,37,Mexico,RR43UR
DRV02292,Charles,Bailey,Male,22,India,JHOJAL
DRV02293,Linda,Rivera,Female,56,United States,1NYKS9
DRV02294,Emma,Brooks,Female,55,Italy,XIJAM3
DRV02295,Thomas,Nelson,Male,34,Brazil,SV5Q4F
DRV02296,Charlotte,Myers,Female,27,India,PQKPNN
DRV02297,Karen,Rodriguez,Female,20,Brazil,SPJ6SF
DRV02298,Thomas,Cox,Male,56,Italy,LX5Z3J
DRV02299,Mary,Young,Female,55,Poland,XH8P0M
DRV02300,Jessica,Perez,Female,32,United States,Q4KSD9
DRV02301,Mark,Phillips,Male,53,Italy,GVXXYN
DRV02302,Joshua,Cooper,Male,39,Italy,SKFNNM
DRV02303,Evelyn,Peterson,Female,34,United Kingdom,VAPFE0
DRV02304,Emily,Thomas,Female,63,Poland,QSU95I
DRV02305,Christopher,Sanchez,Male,48,Mexico,VC35TY
DRV02306,Joshua,Rogers,Male,52,United States,CULVUK
DRV02307,Linda,Cook,Female,63,Mexico,JSOS58
DRV02308,Charles,Walker,Male,60,Canada,VYG72V
DRV02309,Ava,Gutierrez,Female,21,United States,X42D13
DRV02310,Donald,Roberts,Male,34,United States,Z4V5BV
DRV02311,Harper,Robinson,Female,49,Mexico,I6S7PK
DRV02312,Christopher,Collins,Male,41,Australia,SOS0I9
DRV02313,Emma,Cruz,Female,40,Germany,IDG26H
DRV02314,Robert,Mendoza,Male,50,United States,4LYBED
DRV02315,Harper,Gray,Female,52,United States,5IJ3JL
DRV02316,Linda,Wilson,Female,26,United States,8LLRB7
DRV02317,Christopher,Miller,Male,54,United States,HTPL13
DRV02318,Andrew,Edwards,Male,60,United States,WT5FWK
DRV02319,Olivia,Nguyen,Female,47,Canada,J9UK69
DRV02320,Linda,Moore,Female,57,India,WR1SHE
DRV02321,Anthony,Edwards,Male,52,Australia,ZF6YXI
DRV02322,Linda,Price,Female,61,United States,BUDU7X
DRV02323,Patricia,Hill,Female,54,Poland,D40CM0
DRV02324,Mark,Brown,Male,44,Australia,86K24Z
DRV02325,Joseph,Hall,Male,67,Poland,0UTX7R
DRV02326,Joseph,Diaz,Male,26,India,CAAFFS
DRV02327,William,Chavez,Male,62,Brazil,4K9I14
DRV02328,Michael,Price,Male,28,Poland,V3HRQA
DRV02329,Thomas,Morgan,Male,29,United States,OX981B
DRV02330,John,Kelly,Male,44,Italy,0VZGUG
DRV02331,Harper,Myers,Female,45,Mexico,NOPCFL
DRV02332,Ava,Garcia,Female,51,Australia,C908T6
DRV02333,Evelyn,Patel,Female,45,France,ARQCFK
DRV02334,Jessica,Nguyen,Female,45,United States,AFI4CK
DRV02335,Thomas,Carter,Male,56,France,3DNREH
DRV02336,Mark,Ward,Male,36,United Kingdom,WM1XRP
DRV02337,Karen,Cox,Female,31,United States,BH423L
DRV02338,Daniel,Rodriguez,Male,63,United States,0932JK
DRV02339,Ava,Robinson,Female,37,United States,UK18C7
DRV02340,Susan,Hughes,Female,64,India,2QSVLC
DRV02341,Jennifer,Miller,Female,35,Brazil,Z2SC0T
DRV02342,Elizabeth,Parker,Female,24,Australia,ROW8A2
DRV02343,Joshua,Gonzalez,Male,49,France,BYWLKL
DRV02344,Steven,Chavez,Male,66,Australia,T4FPUH
DRV02345,Jennifer,Johnson,Female,61,United States,OBHGS5
DRV02346,Mary,Torres,Female,40,Brazil,0D2AOB
DRV02347,Charles,Williams,Male,28,Germany,D4PI4S
DRV02348,Patricia,Bennett,Female,22,United States,GNFA80
DRV02349,Ava,Flores,Female,27,United Kingdom,HUGXNS
DRV02350,Harper,Allen,Female,45,Mexico,M4YLHG
DRV02351,Andrew,Diaz,Male,23,Italy,2GVPGG
DRV02352,Patricia,Roberts,Female,44,Brazil,9O3UCR
DRV02353,Evelyn,Turner,Female,57,United States,ODR9HO
DRV02354,Andrew,Jimenez,Male,33,Germany,9J1PLI
DRV02355,Daniel,Myers,Male,57,France,IK5Z9R
DRV02356,Karen,Wilson,Female,32,Canada,MCX5ZP
DRV02357,Mia,Nelson,Female,54,Australia,SPYA2O
DRV02358,Emily,Ramos,Female,26,Brazil,XW112C
DRV02359,Olivia,Hernandez,Female,21,Australia,D6SHQB
DRV02360,Michael,Stewart,Male,50,Germany,Y117JW
DRV02361,John,Bailey,Male,38,United States,6NJHEE
DRV02362,Karen,Foster,Female,60,Poland,PGX409
DRV02363,Jennifer,Kim,Female,20,United States,DE74V6
DRV02364,Andrew,Gray,Male,26,Canada,AYTHHD
DRV02365,Richard,Perez,Male,37,Australia,M1AOZU
DRV02366,Robert,Ross,Male,46,Australia,1HI8H7
DRV02367,Linda,Mendoza,Female,25,Germany,J2K3TY
DRV02368,Emma,Kim,Female,38,India,HCJTDA
DRV02369,David,Foster,Male,53,United States,A4X76B
DRV02370,Barbara,Nguyen,Female,39,Mexico,F81J67
DRV02371,Michael,Clark,Male,57,Italy,LCCR9D
DRV02372,Linda,Cooper,Female,51,France,NC2DZD
DRV02373,Joshua,Bennett,Male,27,Germany,5F7UXK
DRV02374,Ava,Collins,Female,58,Germany,4KERZ1
DRV02375,Paul,Stewart,Male,55,Australia,4NN4GC
DRV02376,Evelyn,Anderson,Female,27,Canada,XN29GX
DRV02377,Sarah,Miller,Female,47,Australia,CI7HBV
DRV02378,Matthew,Baker,Male,28,United Kingdom,GL1RLC
DRV02379,William,Price,Male,47,Poland,QTZJS6
DRV02380,Michael,Brown,Male,62,Poland,NVW0PM
DRV02381,David,Collins,Male,20,United Kingdom,FO1NNJ
DRV02382,Jessica,Anderson,Female,31,United States,4A3S8P
DRV02383,Ava,Kim,Female,20,India,CJ81RT
DRV02384,Jennifer,Cook,Female,29,United States,ZE5XFF
DRV02385,Patricia,Bailey,Female,58,Australia,FAJLFG
DRV02386,Harper,Hill,Female,27,France,BJB1JV
DRV02387,Joseph,Young,Male,48,United States,MB41G8
DRV02388,Mary,Foster,Female,60,India,XV7A7K
DRV02389,Anthony,Morales,Male,21,Canada,UB1SB7
DRV02390,John,Hill,Male,41,United States,DK57IC
DRV02391,Richard,Wood,Male,55,Italy,JQOQ0W
DRV02392,Elizabeth,Williams,Female,63,Germany,N1R6X8
DRV02393,Joshua,Bailey,Male,65,India,VEFHX0
DRV02394,Charlotte,Johnson,Female,56,Mexico,LLLMRN
DRV02395,Jessica,White,Female,64,Poland,U04VPW
DRV02396,James,Carter,Male,43,United States,CBLQI1
DRV02397,Donald,Green,Male,55,Brazil,FO7PUK
DRV02398,Elizabeth,Brooks,Female,45,India,AKROWX
DRV02399,Jessica,Hill,Female,54,Poland,Q44G23
DRV02400,Patricia,Walker,Female,25,India,06GKAB
DRV02401,Harper,Wilson,Female,31,United States,LMQ4VB
DRV02402,Charlotte,Carter,Female,62,Canada,AJNC9H
DRV02403,Harper,Nguyen,Female,53,United States,M74LT3
DRV02404,Evelyn,Kim,Female,21,Australia,DFR8V3
DRV02405,David,Evans,Male,45,United States,Q7GEYV
DRV02406,Robert,Ramirez,Male,42,Canada,EIFBT7
DRV02407,Patricia,Martin,Female,43,Germany,BDVDII
DRV02408,Harper,Morales,Female,47,Poland,DCCAZX
DRV02409,Mark,Jackson,Male,67,United States,GMZYZC
DRV02410,Matthew,Kim,Male,38,India,L0UW6I
DRV02411,Elizabeth,Hernandez,Female,41,United Kingdom,8XQ6TC
DRV02412,Matthew,Sanchez,Male,46,United States,YZDCQR
DRV02413,Daniel,Davis,Male,56,United States,MXX1CA
DRV02414,Christopher,Morris,Male,24,India,TOCZCE
DRV02415,Mia,Mendoza,Female,28,Germany,7AWRPM
DRV02416,Emma,Thomas,Female,38,Mexico,TVCE3S
DRV02417,John,Myers,Male,64,United States,I31I1U
DRV02418,William,Clark,Male,33,United Kingdom,FPVW4N
DRV02419,Emily,Long,Female,46,United States,8ZDXHY
DRV02420,Daniel,Clark,Male,44,United Kingdom,7FD2YB
DRV02421,Sarah,White,Female,51,Poland,P555N2
DRV02422,Jessica,Green,Female,45,Mexico,7H3I8N
DRV02423,Emily,Evans,Female,56,United States,JPKPF3
DRV02424,Steven,Watson,Male,54,United Kingdom,EAOEUL
DRV02425,Michael,Turner,Male,67,United States,115ZG8
DRV02426,John,Ward,Male,56,Mexico,P1J55C
DRV02427,Emma,Reyes,Female,42,United States,T47Z0A
DRV02428,John,Clark,Male,29,United States,IVEKT4
DRV02429,Jennifer,Cruz,Female,24,Mexico,X5Y7ZJ
DRV02430,Donald,Sanchez,Male,32,United States,OHF59S
DRV02431,Joseph,Rodriguez,Male,66,India,953A8B
DRV02432,Thomas,Roberts,Male,48,Brazil,315H9H
DRV02433,Ava,Cox,Female,60,Italy,O0WZN4
DRV02434,Sarah,Parker,Female,65,Mexico,5VA97K
DRV02435,Joseph,Harris,Male,23,Australia,FW1DUH
DRV02436,Richard,Nelson,Male,61,United States,KDM6Z6
DRV02437,Linda,Ortiz,Female,23,United States,0U10KW
DRV02438,Mark,Rogers,Male,52,United States,MY4GWD
DRV02439,Linda,Morris,Female,45,Canada,LLSHWA
DRV02440,Sarah,Edwards,Female,22,India,D4QJD7
DRV02441,Richard,Phillips,Male,25,Germany,6SUZRD
DRV02442,Anthony,Gutierrez,Male,50,Brazil,7P29EU
DRV02443,Amelia,Patel,Female,40,India,ZHHORB
DRV02444,Linda,Mitchell,Female,29,United States,GMTVPP
DRV02445,Barbara,Howard,Female,26,Australia,X1SKNX
DRV02446,Mia,Garcia,Female,33,Brazil,CL37PR
DRV02447,Charles,Rogers,Male,55,Germany,MF3G1P
DRV02448,Elizabeth,Allen,Female,53,Germany,LW3ZFE
DRV02449,Joshua,Harris,Male,20,France,7A67EZ
DRV02450,Joshua,Ross,Male,49,United States,3UZGRR
DRV02451,Thomas,Ruiz,Male,48,United States,0X7H2C
DRV02452,Michael,Jackson,Male,23,United States,ZKGYR5
DRV02453,Andrew,Stewart,Male,57,Canada,DW7ZPE
DRV02454,Emily,Wilson,Female,38,United States,NZP1OQ
DRV02455,Mark,Ortiz,Male,30,India,4H2AWN
DRV02456,Thomas,Gray,Male,28,United States,NZHQHZ
DRV02457,Evelyn,Price,Female,27,Poland,AAYRIB
DRV02458,Richard,Garcia,Male,45,Brazil,CZ6PBB
DRV02459,Mia,Kelly,Female,33,France,ZY46V5
DRV02460,Christopher,Torres,Male,56,Poland,SZM6VD
DRV02461,David,Allen,Male,38,United Kingdom,N8Z79N
DRV02462,Michael,Lopez,Male,41,United States,K02LVU
DRV02463,Jennifer,Sanders,Female,61,Australia,CX09LP
DRV02464,Mark,Kim,Male,22,Canada,Z3HA6C
DRV02465,Michael,Ortiz,Male,39,United States,3VCPEA
DRV02466,Robert,Thompson,Male,58,Canada,S9IZKM
DRV02467,Michael,Richardson,Male,35,United States,0BJHPP
DRV02468,Donald,Perez,Male,60,United States,TXS3FE
DRV02469,Matthew,Ross,Male,42,United States,U26914
DRV02470,William,Lopez,Male,59,United Kingdom,BMTH2I
DRV02471,Evelyn,Cook,Female,47,Italy,KFU90F
DRV02472,Elizabeth,Stewart,Female,51,Australia,90MB0O
DRV02473,Emma,Morris,Female,35,France,O6XT8O
DRV02474,Mary,Collins,Female,64,Germany,7GFPPS
DRV02475,James,Reed,Male,30,United States,ZHXDO3
DRV02476,Christopher,Reed,Male,58,United States,TEMRQP
DRV02477,John,Peterson,Male,24,India,46N0AB
DRV02478,Emily,Peterson,Female,45,Germany,UU8F85
DRV02479,David,Morgan,Male,61,France,TCE9SB
DRV02480,Susan,Wright,Female,60,Poland,VWSQ4R
DRV02481,James,Rodriguez,Male,21,United States,XOWRG1
DRV02482,Harper,Hall,Female,60,Italy,FGIGV3
DRV02483,James,Murphy,Male,65,Poland,XAEJGN
DRV02484,Charlotte,Edwards,Female,40,France,NQ2W9Z
DRV02485,Jessica,Flores,Female,36,United States,OXV6Y6
DRV02486,Mark,Cooper,Male,41,Brazil,62NK7H
DRV02487,Paul,Peterson,Male,37,United States,9XP7SX
DRV02488,Karen,Gutierrez,Female,20,Canada,LF43RS
DRV02489,Evelyn,Bailey,Female,58,United Kingdom,H3JI9P
DRV02490,Jessica,Phillips,Female,58,United States,Q0AQK7
DRV02491,Jessica,Brooks,Female,24,France,2MWYI7
DRV02492,Daniel,Williams,Male,49,Mexico,X8DHIC
DRV02493,Emma,Richardson,Female,29,United States,41G20D
DRV02494,Matthew,Kelly,Male,29,France,B9GM53
DRV02495,Paul,Gray,Male,34,United Kingdom,NGYDBN
DRV02496,Jennifer,Peterson,Female,22,United States,ZMK8J1
DRV02497,Matthew,Green,Male,31,Italy,1HQB1E
DRV02498,Richard,Turner,Male,62,Italy,QIJD44
DRV02499,Olivia,Allen,Female,23,United States,SS2PFV
DRV02500,David,Cox,Male,24,Poland,3I2IWM
DRV02501,Emma,Davis,Female,28,Mexico,LBLWVF
DRV02502,Steven,Cruz,Male,53,United States,I288H2
DRV02503,Sophia,Jones,Female,43,Poland,LM7XXC
DRV02504,Patricia,Castillo,Female,31,Poland,IIENNN
DRV02505,Joseph,Alvarez,Male,65,Poland,LV0WGD
DRV02506,Mary,Bennett,Female,63,Australia,9REXLO
DRV02507,Joshua,Cox,Male,30,Poland,E6836H
DRV02508,Charles,Mendoza,Male,26,Poland,W00R3F
DRV02509,Mia,Young,Female,50,United States,O62PYP
DRV02510,John,Rivera,Male,58,United Kingdom,ESQAXM
DRV02511,Susan,Scott,Female,53,India,LA9A1N
DRV02512,Karen,Brooks,Female,35,Germany,MBVSQO
DRV02513,Steven,Mendoza,Male,47,United States,YYKCZF
DRV02514,Olivia,Gonzalez,Female,40,Italy,B53XQC
DRV02515,Mary,Martin,Female,55,United Kingdom,AIXG2G
DRV02516,William,Long,Male,35,Mexico,YS0WI4
DRV02517,David,Wood,Male,57,Canada,7RINA0
DRV02518,Emily,White,Female,50,Brazil,BAEJZ2
DRV02519,Joshua,Anderson,Male,58,United States,PJN22Y
DRV02520,Richard,White,Male,25,Mexico,HAN15V
DRV02521,Susan,Chavez,Female,41,Australia,KJNVFO
DRV02522,Joseph,Kim,Male,64,United States,GPCP03
DRV02523,Charles,Diaz,Male,48,Mexico,IMD01N
DRV02524,Anthony,Campbell,Male,22,United States,RQH4S0
DRV02525,Karen,Hill,Female,63,Brazil,25GP0A
DRV02526,Emily,Brown,Female,50,Italy,4NN9NS
DRV02527,Emma,Mendoza,Female,56,Italy,VXOI41
DRV02528,Harper,Anderson,Female,22,United States,XG7NVK
DRV02529,Mary,Taylor,Female,64,Australia,SKEGDE
DRV02530,Michael,Morris,Male,56,France,MQW20X
DRV02531,Evelyn,Edwards,Female,37,Brazil,WCF5DE
DRV02532,Steven,Nelson,Male,20,Australia,9M0TTD
DRV02533,Steven,Sanchez,Male,31,Mexico,3GQ83Q
DRV02534,Harper,Flores,Female,33,United States,VH6SD4
DRV02535,Sophia,Perez,Female,51,United States,ZEH3RP
DRV02536,Evelyn,Ortiz,Female,35,Mexico,LU1BY4
DRV02537,Sophia,Jimenez,Female,58,Poland,LIZ63I
DRV02538,Linda,Cox,Female,37,Mexico,WFL8MP
DRV02539,Susan,Murphy,Female,32,India,566DZG
DRV02540,Robert,Thomas,Male,66,Italy,ZOUJJ3
DRV02541,Linda,Jimenez,Female,67,United States,BI62VS
DRV02542,Jessica,Sanders,Female,60,India,B9W5ZQ
DRV02543,Daniel,Wood,Male,59,Australia,87PSCH
DRV02544,Elizabeth,Price,Female,67,Italy,KA7LXX
DRV02545,Richard,Ruiz,Male,35,Germany,W54I3O
DRV02546,James,Gonzalez,Male,55,Brazil,6D2KG1
DRV02547,Jessica,Young,Female,25,Germany,31AVPM
DRV02548,Olivia,Diaz,Female,26,Italy,X9OJWU
DRV02549,Emma,Hall,Female,60,United States,GTZ6QL
DRV02550,Karen,Adams,Female,24,Australia,9YWS3N
DRV02551,William,Brown,Male,31,United States,XLLJ0V
DRV02552,Emily,Carter,Female,56,United States,ZPX9V1
DRV02553,Susan,Lopez,Female,59,Brazil,4WT1VA
DRV02554,Karen,Taylor,Female,67,Australia,KWFAPG
DRV02555,Karen,Gray,Female,67,Germany,SV8JRD
DRV02556,Paul,Jimenez,Male,59,United States,33GIUN
DRV02557,Sophia,Richardson,Female,35,Canada,9V5745
DRV02558,Paul,Torres,Male,49,United States,LLD5OB
DRV02559,Amelia,Ramos,Female,67,United States,MESQ79
DRV02560,Joshua,Williams,Male,47,Australia,ODZ4A5
DRV02561,David,Brown,Male,48,United States,8HS287
DRV02562,Emily,Rivera,Female,21,United States,P0AMTS
DRV02563,Emma,James,Female,43,Mexico,KU0GKH
DRV02564,John,Chavez,Male,39,Canada,MO4U8R
DRV02565,Susan,Thompson,Female,48,Poland,2PQZV6
DRV02566,Karen,Jones,Female,65,United Kingdom,4L9YIL
DRV02567,Paul,Myers,Male,35,India,GN3S2W
DRV02568,Steven,Bailey,Male,25,Poland,5YHSHZ
DRV02569,David,Ross,Male,33,Germany,FTNM8V
DRV02570,Charles,Price,Male,46,Canada,RMNR6N
DRV02571,Michael,Harris,Male,52,United States,0HKKWJ
DRV02572,Mark,Myers,Male,43,Australia,0IDC8H
DRV02573,Steven,Lopez,Male,48,Italy,R46QHE
DRV02574,Donald,Cruz,Male,51,United States,TZS6T5
DRV02575,Daniel,Moore,Male,21,Canada,V4QQJ3
DRV02576,John,Morris,Male,40,Mexico,PMLQHD
DRV02577,Linda,Wood,Female,37,India,1CV2XB
DRV02578,Donald,Rivera,Male,41,Australia,0F00MS
DRV02579,Thomas,Evans,Male,22,United States,PBY615
DRV02580,Charlotte,Patel,Female,46,India,CCIL9X
DRV02581,Harper,Cook,Female,40,Italy,U049DD
DRV02582,Andrew,Scott,Male,61,Mexico,OC0QPD
DRV02583,James,Scott,Male,55,Canada,Z0OY44
DRV02584,Evelyn,Williams,Female,53,United States,0ZNMVN
DRV02585,Elizabeth,Ruiz,Female,21,Australia,I0UGPK
DRV02586,Barbara,Richardson,Female,25,Mexico,TGFJMH
DRV02587,Emma,Flores,Female,52,United Kingdom,QIT4J0
DRV02588,Mary,King,Female,26,United Kingdom,Q53ALJ
DRV02589,Elizabeth,Cook,Female,46,Brazil,RIMC6Y
DRV02590,Richard,Clark,Male,52,Germany,DHNSGF
DRV02591,Jennifer,Wright,Female,59,United Kingdom,681TCH
DRV02592,Mia,Cox,Female,63,Mexico,L53CUK
DRV02593,Mary,Peterson,Female,49,United States,9L349D
DRV02594,Evelyn,Thompson,Female,56,Germany,HH4VL1
DRV02595,Mia,Alvarez,Female,44,Brazil,1098CJ
DRV02596,Karen,Lee,Female,23,Germany,DVNQ49
DRV02597,Donald,Lopez,Male,24,Mexico,HD5MHB
DRV02598,Karen,Nguyen,Female,67,Australia,APDZ6W
DRV02599,Mia,Hill,Female,39,Poland,XLQ0ZI
DRV02600,Jessica,Baker,Female,21,Canada,FPY772
DRV02601,Thomas,Lee,Male,28,Australia,XE0OF3
DRV02602,David,Brooks,Male,56,United States,3MWG24
DRV02603,Sophia,Harris,Female,56,Brazil,WR2Z0A
DRV02604,Matthew,Murphy,Male,22,United Kingdom,EEWBHF
DRV02605,Thomas,Allen,Male,31,United States,2U7FMK
DRV02606,John,Price,Male,55,United Kingdom,768O3B
DRV02607,Susan,Johnson,Female,64,France,PMKRQ2
DRV02608,Daniel,Garcia,Male,41,India,ZA5W8V
DRV02609,Susan,Clark,Female,52,United States,B6L4PE
DRV02610,Andrew,Sanders,Male,24,Poland,5MZ6W3
DRV02611,Amelia,Williams,Female,37,Canada,5925UA
DRV02612,Linda,Nelson,Female,40,Mexico,EZJ9V9
DRV02613,Karen,Martinez,Female,34,United States,V1J308
DRV02614,Andrew,Taylor,Male,23,United States,UV58OH
DRV02615,Elizabeth,Taylor,Female,45,Mexico,XOAU51
DRV02616,Sophia,Myers,Female,43,Italy,14LYF6
DRV02617,Ava,James,Female,27,Canada,G5SFTA
DRV02618,Linda,Martin,Female,39,Canada,IHPSMT
DRV02619,Charles,Hernandez,Male,65,Germany,IWCR6Y
DRV02620,Harper,Watson,Female,25,France,FSWJZ8
DRV02621,Sarah,Ortiz,Female,67,Brazil,N57PLE
DRV02622,Steven,Rivera,Male,45,United Kingdom,2CMXLE
DRV02623,Paul,Walker,Male,31,United States,7A3UH0
DRV02624,Emily,Wood,Female,67,Brazil,XGKEKT
DRV02625,Harper,Perez,Female,64,Germany,ROBW1P
DRV02626,Olivia,Jones,Female,41,Mexico,J2HKA4
DRV02627,Matthew,Adams,Male,59,Germany,JPAIFO
DRV02628,Emma,Wright,Female,41,United States,73OZRB
DRV02629,Donald,Hughes,Male,42,Brazil,4KUDYZ
DRV02630,Anthony,Patel,Male,61,India,B95880
DRV02631,Linda,Bailey,Female,30,Mexico,IARMLE
DRV02632,Susan,Ramirez,Female,48,France,7NRSKO
DRV02633,Evelyn,Jimenez,Female,56,United Kingdom,333C2U
DRV02634,Anthony,Rodriguez,Male,41,Canada,FYJDL2
DRV02635,Jessica,Richardson,Female,56,Italy,TSYI2M
DRV02636,Matthew,Carter,Male,36,Australia,2UBAL0
DRV02637,Charlotte,Thompson,Female,51,United States,803JW6
DRV02638,Barbara,Hill,Female,23,United States,5MMQEB
DRV02639,Joseph,Nelson,Male,62,Italy,XQ41WJ
DRV02640,Matthew,Campbell,Male,66,Italy,QSODMX
DRV02641,Richard,Gomez,Male,29,United Kingdom,T5NHXF
DRV02642,Anthony,Mitchell,Male,51,Mexico,MA1024
DRV02643,Anthony,Cook,Male,36,Poland,DOB261
DRV02644,Joseph,Jimenez,Male,48,Australia,GGH02W
DRV02645,Richard,Allen,Male,38,Brazil,0RVZ3Y
DRV02646,Donald,Jones,Male,59,Italy,EAVNAQ
DRV02647,Joshua,Kelly,Male,53,United States,2JBTZG
DRV02648,Christopher,Mendoza,Male,35,United States,D6F0N3
DRV02649,Mia,Foster,Female,47,United States,2VQYMH
DRV02650,Steven,Garcia,Male,33,India,RQETJD
DRV02651,Jennifer,Ward,Female,60,France,AJBQ4F
DRV02652,Evelyn,Robinson,Female,46,Italy,P47LZ0
DRV02653,William,Ruiz,Male,62,Australia,J8H19Y
DRV02654,Mia,Martin,Female,46,Germany,OAG4G9
DRV02655,Susan,Price,Female,57,United States,2C55SP
DRV02656,David,Taylor,Male,40,United States,Y82FJX
DRV02657,Mark,Hernandez,Male,41,United States,7V2T3F
DRV02658,Christopher,Scott,Male,64,United States,KCS2YX
DRV02659,Mark,Edwards,Male,61,Australia,G8YFH3
DRV02660,Amelia,Ramirez,Female,37,Italy,Q8PKD2
DRV02661,Mark,Bennett,Male,37,Mexico,EBCXII
DRV02662,James,Sanchez,Male,66,Mexico,AR17QR
DRV02663,Barbara,Jimenez,Female,24,United Kingdom,QFVAPR
DRV02664,Donald,Bailey,Male,62,France,BKS3II
DRV02665,Daniel,Phillips,Male,65,United States,JPKVCB
DRV02666,Elizabeth,Cox,Female,66,France,YN62U8
DRV02667,James,Robinson,Male,23,United States,KMXE8Q
DRV02668,Charlotte,Gonzalez,Female,31,Italy,G9FO8Q
DRV02669,Daniel,Young,Male,30,Germany,CI602M
DRV02670,James,Moore,Male,43,Mexico,GP01TS
DRV02671,Olivia,Johnson,Female,52,Mexico,F4VH9T
DRV02672,Evelyn,Brooks,Female,39,Germany,COQ5LD
DRV02673,Charlotte,Ramirez,Female,25,Australia,1ZE50K
DRV02674,Ava,Young,Female,57,United States,GUN8UR
DRV02675,Harper,Collins,Female,46,France,D7CRAB
DRV02676,Charlotte,Hill,Female,36,United States,CJ7NL8
DRV02677,Elizabeth,Ross,Female,55,Poland,WTLINJ
DRV02678,Donald,Collins,Male,61,Mexico,QY4AKL
DRV02679,Emily,Ross,Female,66,United Kingdom,IIGUP3
DRV02680,Emma,King,Female,22,Mexico,9M2KKT
DRV02681,Karen,Hughes,Female,44,Italy,5P24T9
DRV02682,Daniel,Nguyen,Male,57,Canada,FBV46M
DRV02683,Richard,Miller,Male,67,United States,R9RLQK
DRV02684,Mary,Roberts,Female,33,United States,YHSJ9A
DRV02685,Olivia,King,Female,66,United States,8N40AP
DRV02686,Linda,Gutierrez,Female,48,Brazil,EOTB1P
DRV02687,Robert,Long,Male,57,United States,XU6ONR
DRV02688,Mia,Kim,Female,30,Germany,PG2O8X
DRV02689,Barbara,Miller,Female,45,Poland,2HVIKA
DRV02690,Elizabeth,Mendoza,Female,45,United Kingdom,7OMEMT
DRV02691,Thomas,Kim,Male,44,Poland,KEMR4B
DRV02692,Emily,Jimenez,Female,20,United States,8IEU12
DRV02693,Matthew,Flores,Male,39,Canada,6TAIP1
DRV02694,Mia,Ortiz,Female,28,Australia,WQOYBZ
DRV02695,Robert,Lopez,Male,57,Canada,WZLOOH
DRV02696,Thomas,Cooper,Male,64,Brazil,3U1F5R
DRV02697,Susan,Lee,Female,62,Germany,3U2G3R
DRV02698,Donald,Flores,Male,50,United States,KPI1TS
DRV02699,John,Adams,Male,21,France,CBSLYF
DRV02700,Mary,Sanders,Female,37,Canada,Z1C5MN
DRV02701,Evelyn,Moore,Female,49,Brazil,XZB5OE
DRV02702,Ava,Harris,Female,55,Germany,HUN8FI
DRV02703,Thomas,Phillips,Male,49,United States,RJXMZW
DRV02704,Evelyn,Taylor,Female,42,United States,MUB4F0
DRV02705,Richard,Baker,Male,33,United States,T7663C
DRV02706,Joshua,Hill,Male,49,India,ZD2LGU
DRV02707,Amelia,Evans,Female,31,United States,FEVSTY
DRV02708,Andrew,Walker,Male,39,Germany,1XZQG1
DRV02709,Evelyn,Reyes,Female,45,United States,SF9NRM
DRV02710,Michael,Ross,Male,57,Brazil,3JTAKK
DRV02711,Michael,Reed,Male,38,Germany,KVPMIO
DRV02712,Thomas,Taylor,Male,58,United States,NV7H2I
DRV02713,Richard,Price,Male,41,Australia,EQ3O6J
DRV02714,William,Gutierrez,Male,67,Italy,J72HLS
DRV02715,Charlotte,Morgan,Female,46,India,W48XLP
DRV02716,Harper,Williams,Female,35,Mexico,2F1FK0
DRV02717,Christopher,Johnson,Male,23,Italy,BHVAB8
DRV02718,Karen,Collins,Female,67,Mexico,O5XKQR
DRV02719,Michael,Alvarez,Male,65,Brazil,7GIORF
DRV02720,Paul,Cruz,Male,34,United States,83JUWL
DRV02721,Charlotte,Phillips,Female,64,Poland,VJ40Y5
DRV02722,Patricia,Rogers,Female,26,Poland,QYMH33
DRV02723,Barbara,Williams,Female,31,Canada,7IMW4H
DRV02724,Charles,Nguyen,Male,49,Canada,17AUNZ
DRV02725,Barbara,Taylor,Female,51,India,L3RD8L
DRV02726,Charles,Martin,Male,57,United States,63Y8OC
DRV02727,Mary,Mitchell,Female,51,Brazil,34EI2B
DRV02728,Matthew,Alvarez,Male,59,Brazil,00L879
DRV02729,Christopher,Rivera,Male,60,Brazil,RE7PI8
DRV02730,William,Bennett,Male,20,Italy,YTN8PL
DRV02731,Joshua,Parker,Male,52,United States,7LKBVX
DRV02732,Amelia,Jones,Female,66,Australia,DCK104
DRV02733,Emma,Rogers,Female,45,Mexico,SUTHK9
DRV02734,Joseph,Roberts,Male,42,Poland,7TE8RT
DRV02735,Matthew,Turner,Male,45,United States,7BMBVM
DRV02736,Mary,Carter,Female,20,United States,RSA8ZF
DRV02737,Mia,Anderson,Female,46,United States,Y7KFGH
DRV02738,John,Reyes,Male,45,Australia,S0ZBTB
DRV02739,Harper,Howard,Female,33,United States,WUDJ9V
DRV02740,Susan,Roberts,Female,43,United States,RU7NSP
DRV02741,David,Diaz,Male,39,Australia,KPMVNO
DRV02742,Andrew,Clark,Male,47,Germany,VFZET8
DRV02743,Linda,Walker,Female,51,United States,1ZRIYD
DRV02744,Amelia,Lee,Female,29,Mexico,4DKRF4
DRV02745,Anthony,Nguyen,Male,67,Poland,MACMVB
DRV02746,Charlotte,Ramos,Female,52,France,74URWI
DRV02747,Mark,Gonzalez,Male,62,Mexico,OA21IH
DRV02748,Christopher,Lee,Male,26,Germany,WWIAYZ
DRV02749,Charlotte,Reed,Female,51,Australia,8O9ONS
DRV02750,Matthew,Gonzalez,Male,45,Poland,S2FMQL
DRV02751,Thomas,Young,Male,26,United States,BI8BNQ
DRV02752,Paul,Garcia,Male,38,France,Z24HES
DRV02753,Mark,Harris,Male,38,United States,OLRW33
DRV02754,Karen,Martin,Female,45,United States,AF9YFT
DRV02755,William,Anderson,Male,36,Canada,6BFYW3
DRV02756,Charlotte,Evans,Female,56,United Kingdom,ADJ725
DRV02757,Linda,Nguyen,Female,26,Brazil,CBJKHC
DRV02758,David,Hughes,Male,39,Brazil,ZFWQVA
DRV02759,Anthony,Turner,Male,38,Germany,A0236Q
DRV02760,Olivia,Collins,Female,44,Poland,SCHJ31
DRV02761,Christopher,Stewart,Male,23,United Kingdom,E1QXRJ
DRV02762,Jessica,Brown,Female,53,Australia,I47JWU
DRV02763,William,Smith,Male,24,United Kingdom,4AG1QI
DRV02764,Matthew,Morales,Male,58,India,7OD4C9
DRV02765,Steven,Gonzalez,Male,38,France,FIB7AK
DRV02766,Donald,Reyes,Male,37,United States,V5NWVS
DRV02767,William,Reyes,Male,49,United States,AXOD97
DRV02768,William,Cruz,Male,58,Mexico,R85XL6
DRV02769,Andrew,Ortiz,Male,23,Italy,D7CDZP
DRV02770,Daniel,Ramos,Male,66,United States,PKIXSX
DRV02771,Michael,Flores,Male,66,Germany,W2VNOM
DRV02772,Evelyn,Morris,Female,47,Germany,XQDQ85
DRV02773,Jessica,Cook,Female,42,Italy,R07H0U
DRV02774,David,Walker,Male,22,Poland,JHE17O
DRV02775,Richard,Morris,Male,28,Mexico,53QE5E
DRV02776,James,Wilson,Male,34,United States,7XWLR4
DRV02777,Barbara,Allen,Female,67,India,XR4DTO
DRV02778,Charles,Campbell,Male,44,Australia,LV4BA7
DRV02779,William,Howard,Male,25,Poland,QU280W
DRV02780,David,Robinson,Male,39,Italy,AYUF1T
DRV02781,Evelyn,Miller,Female,28,France,1Y6ZUO
DRV02782,Linda,Martinez,Female,60,United States,CXTR69
DRV02783,Thomas,Martinez,Male,53,Australia,1TEFO1
DRV02784,Olivia,Harris,Female,35,United States,LWVOQJ
DRV02785,William,Alvarez,Male,60,United Kingdom,UIGM2T
DRV02786,Patricia,Green,Female,35,Poland,GW1JYK
DRV02787,Sophia,Brown,Female,62,India,LRDMZV
DRV02788,Mary,Jimenez,Female,29,United States,RRVGMD
DRV02789,Jessica,Roberts,Female,66,India,8QEG0O
DRV02790,William,Morgan,Male,49,United States,2GLXV8
DRV02791,Jennifer,Cox,Female,61,Poland,394LMU
DRV02792,Susan,Castillo,Female,49,United States,QYCRHO
DRV02793,Sophia,Diaz,Female,43,Canada,FM8QPD
DRV02794,Donald,Young,Male,60,United States,B8ZUFJ
DRV02795,Joshua,Lewis,Male,53,United States,84GD5Y
DRV02796,Mary,Brooks,Female,31,Mexico,PZ91KM
DRV02797,Paul,Ross,Male,41,Brazil,5WLF0L
DRV02798,John,Williams,Male,36,United States,85BEKT
DRV02799,Thomas,Diaz,Male,28,Mexico,5HBHAQ
DRV02800,Christopher,Jones,Male,29,Poland,FXIZGJ
DRV02801,Jessica,Sanchez,Female,55,Canada,9LHEPU
DRV02802,Steven,Price,Male,50,India,OE42W4
DRV02803,Karen,Johnson,Female,44,United States,I4JKJ7
DRV02804,Joshua,Smith,Male,66,Canada,BTK0TD
DRV02805,James,Ramos,Male,46,United States,EDMLAV
DRV02806,Charlotte,Price,Female,43,Italy,O01E4Z
DRV02807,Christopher,Cook,Male,37,Poland,4GQQKM
DRV02808,Ava,Peterson,Female,35,Canada,TOH9JV
DRV02809,Amelia,Stewart,Female,28,United States,ETC543
DRV02810,Matthew,Reed,Male,32,Italy,OLRV4D
DRV02811,Amelia,Peterson,Female,36,Canada,IZ1Q8P
DRV02812,Richard,Hall,Male,58,France,X8G1HZ
DRV02813,Michael,Smith,Male,60,Poland,6HQYCY
DRV02814,Sophia,Ramos,Female,67,United States,WIY7K6
DRV02815,Emily,Kelly,Female,45,Poland,54ED6L
DRV02816,Olivia,Campbell,Female,54,Italy,08UWOX
DRV02817,Karen,Scott,Female,22,United States,LYXJ2J
DRV02818,Donald,Howard,Male,61,France,6GPN1M
DRV02819,Daniel,Howard,Male,56,France,XS7S8W
DRV02820,Olivia,Long,Female,50,United States,IYLX2C
DRV02821,Karen,Ramirez,Female,61,United States,9YR8H9
DRV02822,Amelia,Cox,Female,28,Italy,M8L10I
DRV02823,Daniel,Thomas,Male,35,France,KQJYG8
DRV02824,William,Nguyen,Male,42,Brazil,PW5VZL
DRV02825,Robert,Garcia,Male,43,France,OQCPL7
DRV02826,Jessica,Stewart,Female,25,Mexico,2EFTIX
DRV02827,Christopher,Brown,Male,61,India,PO6GF9
DRV02828,John,Campbell,Male,43,France,NKUMY7
DRV02829,Christopher,Baker,Male,51,United States,UB8HLA
DRV02830,Thomas,Morales,Male,22,India,O9UVJ3
DRV02831,Sophia,Thompson,Female,29,India,Y3ONX3
DRV02832,Richard,Collins,Male,41,United States,1BX6AZ
DRV02833,Joseph,Carter,Male,57,United States,GCXY13
DRV02834,Evelyn,Jackson,Female,22,United States,E4IRF7
DRV02835,Elizabeth,Wood,Female,40,Italy,Q0G2LW
DRV02836,Jennifer,Martin,Female,30,Australia,FX30AC
DRV02837,Michael,Nguyen,Male,51,France,JZNUE5
DRV02838,Paul,King,Male,33,Canada,PZJ3MN
DRV02839,Mia,Reyes,Female,64,Italy,ZQTTAA
DRV02840,Michael,Parker,Male,39,United States,D6SV8F
DRV02841,Donald,Gutierrez,Male,24,Australia,CVS96Y
DRV02842,Mark,Allen,Male,47,France,EAM5CS
DRV02843,Jennifer,Martinez,Female,43,United Kingdom,Y8OLQ5
DRV02844,William,Jackson,Male,28,France,QS6519
DRV02845,Anthony,Gray,Male,59,Italy,YCOAUD
DRV02846,John,Gutierrez,Male,45,United States,P7EAS0
DRV02847,Richard,Castillo,Male,57,Germany,8QKKI9
DRV02848,Michael,Adams,Male,23,Italy,9D7UAY
DRV02849,Anthony,Brown,Male,63,Poland,0ABMKR
DRV02850,Paul,Adams,Male,29,Canada,V0QL3G
DRV02851,Susan,Bennett,Female,48,Italy,XCDKMZ
DRV02852,Anthony,Lopez,Male,48,Canada,69I791
DRV02853,Donald,Patel,Male,44,Germany,U2VNEY
DRV02854,Daniel,Murphy,Male,39,United States,13QVBN
DRV02855,Michael,Ramirez,Male,48,Australia,82SG0Y
DRV02856,Barbara,Green,Female,23,Australia,FPVDEY
DRV02857,Anthony,Ruiz,Male,62,Italy,58JY6V
DRV02858,Linda,Miller,Female,20,United Kingdom,3QZXY4
DRV02859,Charles,Hall,Male,54,Canada,W8XEML
DRV02860,Richard,Alvarez,Male,58,Germany,V842QY
DRV02861,Barbara,Collins,Female,31,United States,8RTJR2
DRV02862,Paul,Richardson,Male,50,Brazil,7SWVTQ
DRV02863,Daniel,Rogers,Male,59,United States,JQKCJE
DRV02864,Linda,Turner,Female,41,United States,97Y8PZ
DRV02865,William,Hughes,Male,37,Germany,UJ6SAF
DRV02866,Thomas,Edwards,Male,61,United Kingdom,WKIHPY
DRV02867,Steven,Martinez,Male,34,Germany,L5M5LO
DRV02868,Mary,Watson,Female,53,Germany,4YGF76
DRV02869,Amelia,Garcia,Female,53,United States,6L8JVZ
DRV02870,Olivia,Lee,Female,35,Mexico,949QBF
DRV02871,Ava,Bailey,Female,21,France,5Q21G0
DRV02872,Paul,Carter,Male,44,United States,S9EP5R
DRV02873,Emily,Edwards,Female,62,Mexico,U3PC0O
DRV02874,Emma,Chavez,Female,50,India,ZBJHTZ
DRV02875,Andrew,Williams,Male,41,Brazil,LFJ18L
DRV02876,Steven,Gutierrez,Male,49,Mexico,V2Y926
DRV02877,Steven,Morris,Male,38,Brazil,8T8MVW
DRV02878,Olivia,Bennett,Female,31,India,7JYRIG
DRV02879,James,James,Male,57,Mexico,46IW7U
DRV02880,Jessica,Lee,Female,25,United Kingdom,PBOWVH
DRV02881,Michael,Lewis,Male,51,United States,4ISYI8
DRV02882,John,Anderson,Male,21,Australia,NHQ4HO
DRV02883,Andrew,Morales,Male,62,Mexico,F1CLNV
DRV02884,Sarah,Rivera,Female,41,Poland,8MMU9A
DRV02885,Barbara,Ruiz,Female,38,Poland,WEZCES
DRV02886,Evelyn,Hall,Female,23,United States,7YE46F
DRV02887,Karen,Mitchell,Female,62,Mexico,RZLCH2
DRV02888,Karen,Davis,Female,30,United States,G0YI0D
DRV02889,Paul,Robinson,Male,25,Germany,K42UD2
DRV02890,Mary,Rivera,Female,58,United States,RLUZK3
DRV02891,Christopher,Hill,Male,39,Canada,OD6D8E
DRV02892,Linda,Kim,Female,31,Germany,1WY6PO
DRV02893,John,Foster,Male,25,United States,FDZHDI
DRV02894,Michael,Bailey,Male,30,United States,TTCNO3
DRV02895,Joseph,Kelly,Male,40,United States,DUVSCH
DRV02896,Donald,Morales,Male,25,United States,BK7596
DRV02897,Linda,Lee,Female,21,Canada,A5I8JN
DRV02898,Emma,Collins,Female,44,United Kingdom,MZM4QI
DRV02899,John,Sanchez,Male,67,India,X8SCX4
DRV02900,Linda,Davis,Female,58,France,P5AMVO
DRV02901,Thomas,Foster,Male,20,United Kingdom,IYCR0L
DRV02902,Barbara,White,Female,51,United States,HHB1MT
DRV02903,Emma,White,Female,55,India,F4LTYY
DRV02904,Christopher,Anderson,Male,39,United States,H16828
DRV02905,Mia,Price,Female,21,India,ROUWFI
DRV02906,Susan,Cruz,Female,65,Mexico,NLP2S0
DRV02907,Robert,Phillips,Male,27,France,IQMGPO
DRV02908,Olivia,Wilson,Female,65,Brazil,D1JCPT
DRV02909,Linda,Hughes,Female,21,Mexico,NCONDN
DRV02910,Mark,Martinez,Male,65,United States,DVO02M
DRV02911,Susan,Jimenez,Female,38,Australia,89RDJA
DRV02912,Emma,Jimenez,Female,28,United States,FHS2QJ
DRV02913,Ava,Mitchell,Female,57,Germany,X57LYQ
DRV02914,Jessica,Ortiz,Female,20,Poland,WUG0RQ
DRV02915,Patricia,Morales,Female,31,Germany,7LXMZK
DRV02916,Sarah,Ward,Female,64,Germany,0PLED0
DRV02917,Thomas,Stewart,Male,65,Canada,MS8E80
DRV02918,Joseph,Evans,Male,51,Germany,ZT3P6S
DRV02919,David,Cruz,Male,61,United States,AU8EZK
DRV02920,Andrew,Phillips,Male,56,United States,80I452
DRV02921,Mia,Torres,Female,35,United Kingdom,D7KW64
DRV02922,Matthew,Jimenez,Male,63,Poland,F93TXR
DRV02923,Emily,Gonzalez,Female,53,Germany,3MU50C
DRV02924,Jessica,Martinez,Female,24,United States,77RUEO
DRV02925,Donald,Allen,Male,23,United States,JZCDUS
DRV02926,Joshua,Campbell,Male,62,France,2G15R8
DRV02927,Daniel,Price,Male,66,Mexico,GRZRKY
DRV02928,Joseph,Watson,Male,55,United States,FIMDDX
DRV02929,Mia,Lee,Female,46,United States,1OUVWX
DRV02930,Steven,Alvarez,Male,65,Canada,ZP3UFR
DRV02931,Karen,Cooper,Female,38,Germany,POYWM4
DRV02932,Andrew,Moore,Male,26,France,POYDVF
DRV02933,Charlotte,Hall,Female,23,India,A7BL11
DRV02934,Donald,Ward,Male,36,Italy,9IH4O8
DRV02935,Andrew,Lewis,Male,36,Italy,IWZB91
DRV02936,Mark,Robinson,Male,50,Germany,MPMXJO
DRV02937,Matthew,Clark,Male,34,Canada,O7O7GR
DRV02938,Elizabeth,Murphy,Female,65,Poland,YG1HB3
DRV02939,Charles,Wood,Male,34,United States,H7B0AH
DRV02940,Jessica,Campbell,Female,20,India,O1CMRT
DRV02941,Joseph,Morris,Male,38,United States,8UNA9W
DRV02942,Karen,Sanders,Female,59,United Kingdom,3FNXTI
DRV02943,Mary,Parker,Female,58,United States,KLZWQX
DRV02944,Linda,King,Female,58,Canada,0E9H2B
DRV02945,Linda,Hernandez,Female,63,Brazil,YAFVNU
DRV02946,David,Mendoza,Male,61,Mexico,YBLOP6
DRV02947,Donald,Brooks,Male,25,Australia,YBXIKP
DRV02948,Barbara,Jackson,Female,31,United Kingdom,UMW6AS
DRV02949,Charles,Stewart,Male,48,Mexico,NFLUO6
DRV02950,Steven,Robinson,Male,42,United States,VJMVAU
DRV02951,Sarah,Turner,Female,33,United Kingdom,N2XHQS
DRV02952,Charles,Patel,Male,30,United States,3QHYH0
DRV02953,Joshua,Clark,Male,37,France,Z3G0KS
DRV02954,William,Diaz,Male,53,Poland,YADEVK
DRV02955,Jennifer,Bennett,Female,23,United States,QMN7D9
DRV02956,Anthony,Brooks,Male,46,Mexico,8DK13Z
DRV02957,Elizabeth,Cooper,Female,28,Poland,PTC16Z
DRV02958,Charlotte,Brown,Female,39,Canada,XOM9TP
DRV02959,Barbara,Cruz,Female,33,United States,J3MVOL
DRV02960,Elizabeth,Hill,Female,31,United Kingdom,1IJOL9
DRV02961,Matthew,Roberts,Male,39,Poland,BIQATH
DRV02962,Amelia,Davis,Female,62,Germany,HOPQ0U
DRV02963,Paul,Hernandez,Male,63,Australia,GEM9IU
DRV02964,Charlotte,Brooks,Female,43,Poland,B2KLVH
DRV02965,Donald,Smith,Male,57,Canada,DIL01A
DRV02966,Richard,Brown,Male,43,India,C434DT
DRV02967,Sarah,Cox,Female,42,France,UUGO2N
DRV02968,Amelia,Lewis,Female,24,Italy,3UTCPX
DRV02969,James,Chavez,Male,55,France,L8VHF4
DRV02970,John,Morales,Male,28,United States,7ZVD8H
DRV02971,Jennifer,Scott,Female,36,United States,UFEU71
DRV02972,Emily,Gray,Female,48,United States,C7RSMF
DRV02973,Ava,Smith,Female,67,United Kingdom,NDY696
DRV02974,Elizabeth,Davis,Female,25,Mexico,9V37PR
DRV02975,Thomas,Bennett,Male,23,Australia,Z25WVH
DRV02976,Amelia,Myers,Female,27,Mexico,SRZEPF
DRV02977,Mark,Brooks,Male,30,Poland,D14BKB
DRV02978,Sophia,Thomas,Female,36,Mexico,OJDYUA
DRV02979,Robert,Jimenez,Male,21,Australia,TIPLK5
DRV02980,Ava,Hall,Female,62,United States,UBJVJK
DRV02981,Mark,Cox,Male,38,United States,DVMBO4
DRV02982,Mark,Roberts,Male,28,France,EZOAGV
DRV02983,Sarah,Garcia,Female,29,Poland,F63RED
DRV02984,Daniel,Martin,Male,59,United Kingdom,M03AL4
DRV02985,Patricia,Wilson,Female,34,Poland,N4MFW6
DRV02986,David,Harris,Male,59,United States,ZSNOL8
DRV02987,Charles,Young,Male,57,United States,F0ZADF
DRV02988,John,Morgan,Male,60,United States,7RIZ2H
DRV02989,Karen,Garcia,Female,51,United States,1DE7FD
DRV02990,Charlotte,Mendoza,Female,56,Brazil,6SSX82
DRV02991,Mary,Evans,Female,41,Mexico,MQ11PH
DRV02992,Steven,Ramirez,Male,51,Australia,1KSTH1
DRV02993,Charles,Green,Male,49,Germany,L0ELLC
DRV02994,Mia,Long,Female,67,Poland,GABIMI
DRV02995,Robert,Morgan,Male,25,Germany,ETRLZS
DRV02996,Jennifer,Wilson,Female,38,United States,N1EEXB
DRV02997,Susan,King,Female,42,France,HWE2C7
DRV02998,Jessica,Clark,Female,43,Poland,HVWR3Y
DRV02999,John,Lopez,Male,58,United States,ABHWIK
DRV03000,Matthew,Peterson,Male,52,Mexico,ZW0SD7
