driver_id,driver_name
8270,Paul Bell
1860,Tyler Carr
6390,Michael Bradley
6191,Gabriela Logan
6734,Sergio Murray
7265,Wesley Rios
1466,Lisa Gill
5426,Matthew Joseph
6578,Joseph Silva
9322,Monica Price
2685,Dr. Kristy Green
1769,Laura Montgomery
7949,Jennifer Ball
3433,Wendy James
6311,Johnny Rodriguez
6051,Alexandra Villegas
7420,Frederick Wagner
2184,Danny Little
5555,Adam Dennis
4385,Jonathan Gonzales
7396,Cody Miller
9666,Cynthia Obrien
3558,Martin Gutierrez DDS
8849,Tara Hines
3047,Kathleen Wright
3747,Megan Holt
1189,David Russell
3734,Mr. Thomas Reed
4005,Frank Thomas
5658,Michael Torres
2899,Steven Schultz
8734,Julia Lucero
2267,Steven Thomas
2528,Bobby Baker
4556,Lawrence Clark
4890,Molly Marshall
9838,Jennifer Schultz
6393,Elizabeth Davis
9792,Lindsay Koch
9433,Christine Fitzgerald
8513,Linda Nichols
3612,Stuart Larsen
8041,Sarah Malone
7235,Brian Morales
6486,Leah Jones
8099,Stephen Huff
1775,Maria Patterson
9226,Joseph Clark
4152,Michelle Hurley
2585,Desiree Owens
4943,Michael Shelton
8555,Christopher Smith
4073,Mr. Alec Johnston
2021,Robert Bush
4843,Daniel Hendrix
8989,Richard Johnson
7873,Jeremy Mullins
6675,Holly Cabrera
1161,Kathleen Brown
5297,Tammy Briggs
1995,Kristie Park
8629,Jennifer Rasmussen
2016,Jeremy Stevenson
8869,Nicole Rivas
7439,Larry Nelson
8892,Jason Forbes
7863,Evelyn Farmer
8916,Brian Larsen
9529,Timothy Richardson
1878,Robert Ramsey
5887,Samuel Henderson
5859,Nicholas Perry
7331,Carl Cole
9571,Dawn Armstrong
9684,Richard Garcia
8208,Brian Smith
6276,Michael Barnett
3062,Andrea Fowler
1064,Sarah Kane
9006,Laura Greene
3568,Michelle Hester
6463,Richard Duke
3027,Don Davidson
3695,Nicole Stewart
6258,Kimberly Moore
6618,Melinda Bates
7736,Emily Sellers
1391,Jordan Gregory
6892,Nancy Smith
4561,Andrew Burns
7184,Stephanie Becker
4099,Leah Calhoun
7278,Anthony Hernandez
9392,Robert Thompson
4104,Richard Norton
8215,Richard Klein
3454,Christie Meyer
9996,Danielle Wilson
3731,Hannah Brown
9154,Robert Hudson Jr.
6056,Sean Taylor
9110,Sandra Garcia
4840,Emily Frank
2028,Robert Strong
8385,Ann Morales
1502,Angela Scott
7910,Kathryn Gonzalez
7938,Kevin Gibson
5488,Nichole Simmons
1206,Christine Lawson
6134,Daniel Diaz
6977,Catherine Jackson
8721,Alexandria Brown
8035,Jose Hood DVM
2484,Rachel Blankenship
8858,Christopher Lynn
1863,Makayla Velez
3790,Maria Patel
8408,James Olson
9755,George Richards
6116,Kenneth Ferrell
7019,Thomas English
2757,Ariel Weaver
8574,Patricia Guerrero
7374,Sheila Owens
7892,Howard Peterson
2678,Rebecca Garcia
4242,Cody Murray
5636,John Tucker
2059,William Jimenez
7668,Joseph Torres
4157,Paul Herrera
6915,Erik Hinton
3693,Jacob Stone
4627,Jessica Smith
6450,Jennifer Washington
2663,Jimmy Bryan
6592,Karen Greene
8392,Heather Tanner
2306,Ashley Davis
7776,Deborah Stokes
6864,Grant Thompson
8526,Sarah Schroeder
9901,Nicholas Ray
6575,Emily Ayers
6530,Jessica Chapman
5413,Holly Ramirez
4748,Marie Contreras
1663,Carla Allison
2998,Stephanie Chapman
8994,Amber Young
2495,Alexandra Shelton
4304,Sarah Espinoza
4763,Frank Collins
6232,Austin Snyder
2853,Stacy Vasquez
7585,Nicole Gonzales
2291,Christine Jones
4581,David Kidd
8554,Monique Norton
8280,Kendra Byrd
2636,Taylor Edwards
4696,Jeffrey Roberts
1698,Alex Walker
5737,Mark Martin
1854,David Keith
9164,Jenny Barry
6855,Michael Wang
7528,Michael Rios
6249,Anita Turner
6172,Justin Ford
2707,Ashley Woodard
6791,Terri Chavez
6535,Jacob Williams
5931,Jeffrey Mcmahon
4510,Catherine Brown
1202,Harold Cole
5218,Mitchell Elliott
9958,Anthony Rogers
5389,Brendan Martin
3327,Malik Powell
9004,Patricia Myers
3931,Richard Fernandez
8777,Jessica Martinez
1197,Jennifer Gordon
8125,Donna Gill
2930,Robert Hopkins
7287,Travis Miller
9800,Michael Sullivan
5282,Nicholas Moss
3511,Carolyn Bishop
1659,Richard Jones
3811,Matthew Hall
8098,Phillip Jones
7546,Jeremy Roberts
2986,Lisa Patel
9338,Dylan Williams
3911,Jonathan Chavez
2734,Laura Guerrero
2843,Jill Dominguez
9680,Christopher Huerta
3976,Rachel Todd
2959,Gregory Smith
6759,Shannon Berry
7694,Sarah Oliver
3385,Kevin Smith
5736,Christine Ellis
2802,Michael Wilkinson
9155,Whitney Ray
9120,Kelly Sanders
7616,Rebecca Yates
6534,Maria Franklin
5061,Joan Phillips
1262,April Barber
9815,Melissa Hall
3049,Nancy Ramirez
6423,Andrea Miller
5548,Jennifer Mcgrath
4108,Joe Ramos
8158,Sean Curry
8400,Anita Johnson
4170,Peter Stuart
3255,Melissa Parker
2154,Brett Adams
5499,Theresa Green
7295,Richard Ramirez
7197,Misty Adams
2648,Courtney Phelps
6539,Spencer Rodriguez
5199,Hunter Lee
9445,Amber Rodriguez
3557,Alexis Arnold MD
1098,Louis Oconnor
3200,Kevin Stanley
3961,Brian Williams
5973,Loretta Hamilton
5433,Anita Wolfe
3869,Zachary Wilson
1956,Marissa Scott
9352,Sara Jackson
6699,Gregory Rodriguez
7944,Daryl Potter
5493,Laura Hogan
5911,William Johnson
4987,Abigail Steele
7015,Dr. Leslie Whitaker MD
2218,James Lam
5496,Brent Odom
5735,Kenneth Summers
9050,Jonathan Maxwell
4446,Christopher Flores
2045,Michelle Matthews
7893,Christopher Shaw MD
2693,Nathan Garza
4436,Samantha Collier
9754,Jeremiah Butler
6895,Tyler Stuart
4354,Savannah Miller
1225,Angela Gray
5893,Tina Malone
8022,Marcus Dillon
6600,William Green
8996,Jeffrey Carter
8683,Melissa Rogers
5642,Lisa Martin
8679,Casey Banks
9208,Angela Humphrey
8339,Luis Thomas
3205,Diane Zamora
2069,Ian Monroe
4444,Karen Estrada
2060,Tiffany Wells
4420,Stephanie Lowery
1301,Brett Long
1606,Sean Thompson
1699,Cathy Berry
6088,Theresa Thornton
1190,Courtney Wong
1980,Eric Taylor
3975,Amanda Duran
7102,Jennifer Hernandez
4327,Michelle Wright
4394,Sandra Poole
9319,Edward Richard
2816,Samantha Brooks
6854,Shannon Haney
7709,Jonathan Vaughn
1569,Jennifer Noble
6442,Michele Rogers
2895,Raymond Johnson
3733,Marisa Schneider
4863,Nicole Drake
8455,Larry Jefferson
5014,Michael Nolan
2686,Evan Martin
4009,Elizabeth Parker
8806,Christina Luna
1154,Joshua Weaver
2409,Beverly Collins MD
1784,Wendy Robinson
9096,Lisa Jackson
8560,Hannah Schultz
8343,Wesley Hodges
8206,Larry Newman
6596,Angela Griffin
6801,Jesse Hicks
3806,Mary Miller
1537,Dr. Gabriella Nicholson
6986,Christina Small
2841,April Castro
9716,Kayla Newman
7971,Douglas James
6625,Jennifer Nguyen
3950,Nicholas Jenkins
8992,Erin Hayden
5780,William Powell
3368,Ashley Allen
7655,Sandra Martinez
9173,Emily Kirby
5495,Stephen Alexander
7002,Theresa Torres
7614,Joshua Fisher
6919,Sheryl Rivers
1853,Catherine Allen
5146,Paul Shelton
4769,Sandra Leblanc
1574,Keith Davidson
2148,Robert Harrington
7293,Caitlin Tran
7457,Daniel Dyer
8509,Heather Marquez
5777,Donna Wiggins
4854,Melanie Johnson
3491,Tom Fleming
4124,Mary Perkins
6691,Kristen Dixon
4051,Mason Johnson
1004,Timothy Hickman
6222,Tiffany Smith
6315,Christopher Ellis
5869,Zachary Miller
1876,Amanda Arellano
8027,Elizabeth Freeman
5142,Jeffrey Hall
7966,Gary Ramsey
8079,Angela Webb
8987,Joshua Davis
7799,Jonathan Green
5465,Henry Rosales
1635,Dennis Williams
5752,Theresa Kennedy
9311,Tina Chapman
1830,William Campbell
6177,Patrick Gonzalez
9932,Kimberly Salinas
9308,Benjamin Joyce
6949,Caitlin Espinoza
3838,Sandra Stewart DDS
2150,William Garcia
2931,Russell Jackson
2664,Tamara Rodriguez
2081,Nathan Turner
1512,Wendy Phillips
8805,Daniel Hernandez
6237,Isaac Barnes
1559,Daniel Madden
4672,Lisa Wright
8404,Lindsey Martinez
4343,Sean Wilson
5070,Tyler Jordan
1580,Jennifer Stanton
8004,Heather Good
9130,James Kennedy
4147,Timothy Barr
5249,Heather King
2679,Jeff Simmons
4506,Austin Garcia
8253,Joe Cox
3744,Daniel Mann
6188,Mark Vaughan
3141,Jessica Thomas
7617,Andrew Kramer
3479,Levi Mayo
7484,Anthony Patrick
8421,Mary Banks
5452,Julie Hernandez
6881,Jeffrey Lee
7665,Karl Baker
3849,Michelle Pena
8390,Patricia Smith
7905,Cody Miles
3489,Debra Cooper
5611,Emily Andrews
3839,Beth Sims
9527,Shane Woodward
6878,Sara George
7303,Mark Turner
1851,Eric Richmond
2687,Joseph Frye
7833,Mary Kaiser
3427,Crystal Spencer
5000,Tyler Jennings
6052,Angela Leblanc
3738,Daniel Clark
6732,Vanessa Adams
6387,Mrs. Deanna Rios
9002,Vincent Garrett
6536,Michelle Watson
4913,Joshua Love
2066,Christopher Benjamin
8723,Morgan Taylor
5380,Charlotte Moore
5107,Miss Cynthia Mcgrath DDS
6726,Joseph Bautista
4373,Stephanie Werner
9945,Kathleen Watson
3082,Anthony Harris
9967,Adam Taylor
7748,Sandra Martin
1417,Michael Williamson
9306,Stacey Miller
9808,Victoria Ponce
4974,Joshua Rivers
4267,Kelly Franklin MD
1825,Richard Adams
8668,Heather Sandoval
6745,Andrea Gutierrez
1412,John Rojas MD
8543,Pamela Williams
8587,Michelle Hill
1728,Anthony Ryan
8164,Mr. Steven Pierce MD
9867,Rita Willis
6988,Barbara Cox
3504,Karen Henry
3967,Michael Nelson
3786,Marie Copeland
2122,Lisa Newton
5079,Andrew Rivera
2571,John Murphy
6073,Michael Nelson
6104,Lori Stone
3143,John Gonzales
7806,Julie Roberson
8357,Andrew Simon
4440,Curtis Freeman DDS
4766,Omar Perez
6644,Deanna Ashley
3914,Lynn Davis
5968,Elizabeth Roberts
6917,Emily Stewart
9787,Steven Hodge
2365,Gavin Jenkins
5492,Thomas Richmond
8186,Stephen Silva
1395,Rhonda Lindsey
9082,Stephen Haas
5171,James Barry
5360,Victor Rodriguez
3502,Alexander Perez
1717,Eduardo Summers
3782,Emily Garcia
5946,Chelsea Nguyen
9335,Tammy George
5980,William Davis
8266,Brian Chen
5491,Mrs. Maria Smith
8192,Austin Rangel
6588,Aaron Murphy
8651,Richard Sims
4636,Donna Fisher
2167,Darren Rose
2062,Jodi Ray
3156,Wanda Harris
8860,Kathleen Jackson
6161,James Morrison
6305,Ricky Reynolds
7541,Deborah Williams
5729,Jill Tanner
8330,Janet Clark
6334,Sherri Wade
9924,Tara Robinson DVM
5330,Jessica Torres MD
9010,Kenneth Harris
7801,Aaron Moore
5846,Jason Cox
7731,Michelle Lee
8241,Cheryl Fuentes
1953,Zachary Scott
3539,Jason Cohen
8056,Michael Adkins
2542,Miss Sharon Cole
6293,Kyle Best III
2191,Theresa Mcguire
7313,Jessica Hayes
3681,William Thornton
2540,Sara Johnson
7172,Chad Webb
6541,John Poole
9691,Lauren Brown
9702,Edward Allen
8494,Gloria Mullen
5312,Matthew Pratt
2324,Dorothy Williamson
4141,Tiffany Rosales
8419,Sharon Hinton
4486,Mrs. Shelley Vasquez
2810,James Evans
7588,Natalie Gonzalez
3923,Jeffrey Roberts
6301,Robert White
5186,Jonathan Thompson
9905,Kimberly Hamilton
5268,Evan Harrell
5748,Tracy Hanna
5849,Mrs. Beverly Wilson
4709,Lisa Ewing
7619,Holly Heath
9647,Eileen Campbell
4072,Jenna Weaver
7530,Keith Wright
1504,Lisa Olson
2214,Jessica Martinez
2531,Charles Wallace DDS
8576,Linda Freeman
1823,David Calhoun
1928,Steven Sharp
6029,Ryan Morse
1133,Brian Livingston
3105,Gregory Collins
7316,Mary Lewis MD
2852,Jennifer Newman
5910,Brian Jackson
5175,Mrs. Laura Landry
6348,Stacey Fritz
7190,Bruce Macdonald
2256,Joshua Young
4376,Lauren Harvey
6645,David Kidd
4584,Megan Byrd
9053,Justin David
4330,Raymond Miranda
3703,Andrew Lopez
9662,Michael Lee
8114,Joseph Mason
2353,Dwayne Cooper
6063,Timothy Boyle
9549,Jeffrey Sanders Jr.
8575,Rachel Christensen
1667,Danielle Martinez
5468,Mrs. Mariah Johnson DDS
7819,Robin Smith
4719,Elijah Anderson
3745,Diane Hicks
8483,Chase Fox
1539,Kimberly Greene
5964,Christopher Savage
5835,Mrs. Michelle Leblanc
4775,Mckenzie Thomas
7042,Angela Ramos
8102,Michelle Blevins
8312,Kyle Curtis
6320,Stacy Camacho
7132,Christopher Chen
8891,Brittany Hunt
3779,Paul Jones
1924,Jennifer Stewart
2581,Amanda Ayala
8714,Aaron Cooper
4324,Ms. Linda Mullins
6713,James Johnson
8026,Christopher Huffman
1255,Michael Norman
5804,Alex Bennett
2838,Denise Neal
1009,Erica Sims
3871,Peggy Williams
9989,Jason Soto
8409,Jeremy Ross
8418,Matthew Taylor
6124,Danny Robertson
2015,Joshua White
3193,Kevin Bailey
9415,Jon Snow
8449,Olivia Davis
5158,Jeremy Whitaker
4925,Edward Morrow
7970,Kimberly Wells
5784,Matthew Bates
2633,Daniel Gibbs
1384,Ronald Johnson
1404,James Andrews
9175,Lisa Andrews
3000,Amber Smith
6989,Jasmine Deleon
2460,Deborah Anderson
8190,Ashley Duncan
8140,Jessica Richardson
5809,Christopher Knight
5178,Joshua Perez
8245,Mrs. Carolyn Holland MD
7600,Valerie Mccormick
6997,Nicholas Hickman
3048,Kyle Campos
1716,Jeremy Lester
8939,Albert Hughes
6565,Jason Zuniga
5544,Jessica Wallace
5976,Jason Hudson
4419,Dawn Jackson
8239,Haley Carr
1249,Heather Scott
9865,Marie Jones
1770,Andrew Smith
5363,Richard Garcia
2077,Kevin Gilmore
9427,Charles Lopez
9580,Brenda Mcclure
8901,Michael Ellis
5858,Angela Ruiz
7544,Brittany Osborne
5719,Alexander Ross
3814,Thomas Garza
4374,Michael Cisneros
2252,Julia Suarez
7996,Michael Vang MD
5673,Troy Thomas
5530,Daniel Daniel
7881,Dawn Marshall
7241,Joel Joseph
9017,David Davis
7941,Tami Lewis
8002,Jacob Smith
2331,Erika Kramer
5261,Matthew Norton
8648,Katherine Zuniga
6115,Alexandra Browning
5637,Charles Hughes
5854,Adam Eaton
4177,Steve Walker
8730,Jose Sanchez MD
3180,Morgan Ward
5892,Angela Dunn
8043,Jocelyn Armstrong
1137,Timothy Phillips
7327,Evelyn Weaver
4472,Jeremy Reynolds
6449,Michele Eaton
3832,Betty Turner
4579,Jose Dominguez
6971,Brianna Hendricks
5164,Tommy Jackson
8941,Brandon Johnson
6569,Ann Rhodes
5300,Caitlyn Fitzgerald
7269,Jorge Jones
4818,Thomas Gibbs
2906,Michael Rosario
7254,Shane Bryant
1760,Victoria Davis
8830,Jacob Rice
8350,Scott Hood
7238,Michael Williams
7090,Kristin Fields
7031,Christina Paul
8687,Steven Peck
9472,Megan Sanders
2887,Melanie Vasquez
4266,Angela Hayes
1666,Victoria Gray
5188,Stacy Gaines
1671,Mitchell Bennett
7777,Duane Lee
8570,Jose Fuller
8956,Jodi Shaw
6585,Alan Hawkins
4900,Sabrina Morris
7677,Michelle Singh
7981,Jesus Brown
7376,Sandra Hernandez
1523,Kirsten Smith
3393,Patty Bryant
3593,Michelle Chapman
8240,Jessica Holt
7937,Alejandro Cooper
6240,Kimberly White
7493,Monica Ferrell
3878,Sean Golden
5143,Patricia Mills
4644,Danielle Fuentes
5432,Michelle Jones
2276,Julie Sparks
6811,Jessica Hernandez
1302,Sydney Koch
1638,Michael Fuller
1055,Courtney Barry
9717,Fernando Humphrey
9150,Molly Mercado
3125,Stephanie Baker
1364,Jonathon Wu
7809,Paul Miller
5621,Dylan Jenkins
6126,Matthew Miller
6122,Joseph Chen
2646,Joseph Lucas
1918,Mr. Michael Beck PhD
3797,Cindy Cooper
7506,Kaylee Williams
6870,Ryan Martinez
9172,Chloe Short
4345,Travis Anderson
8673,Pamela Allen
7882,Nathan Robinson
4086,John Kerr
9152,Dr. John Roberts
6750,Jane Anderson
2976,Aaron Jones
2296,Joseph Poole
7229,Kristin Carroll
8641,Morgan Snyder
1125,Erin Mercado
5632,Kendra Richardson
7288,Carolyn Horn
4596,Alexis Roberts
7168,Michael Schwartz
8561,Lauren Russell
9258,Nathaniel Cisneros
1232,Jeff Santiago
7371,Brett Palmer
5206,Anthony Martin
8943,Christopher Hickman
7891,Robert Hall
7738,Ms. Heidi Jenkins PhD
3472,Maria Cook
3739,David Cox
6401,Gregory Snyder
2761,Jennifer Henry
4812,Wayne Hines
2733,Cynthia Kim
2605,Veronica Flores
6622,Wesley Martinez
7767,Lauren Coleman
7986,Katherine Ewing
4517,Jennifer Wheeler
4735,Jeanne Boyd
9434,David Cross
3590,Kimberly Mills
2063,Jessica Brown
5324,Teresa Ford
6342,Jennifer Smith
1005,Luis Reyes
8489,Jennifer Chandler
9659,Jeff Marsh
9195,Julie Kelly
6966,Rebecca Evans
9837,Tyrone Curtis
1117,George Anderson
3551,Henry Thompson
6560,Victoria Luna
5289,Andrew Rhodes
1846,Christopher Le
7469,Nina Khan
9915,Thomas Pennington
1224,Nathan Morales
5208,Virginia Dixon
7283,Marcia Rose
7233,Karen Mcdowell
2828,John Payne DDS
2917,Elizabeth Weber
5234,Timothy Stewart
7988,Mitchell Allen
3026,Jason Fletcher
4744,William Fields
1260,Christopher Franklin
7038,Melinda Spence
3219,Jack Mitchell
3060,Tracy Parker
6287,Mr. Ronald Dunn MD
2619,Theresa Austin PhD
9512,John Acosta
2342,Amanda Collins
3824,Felicia Smith
2994,Beth Bradley
4490,Robert Thompson
8984,Jenna Nunez
2604,Mrs. Stephanie Casey
1235,Stephanie Jones
2908,Carrie Rodriguez
9567,Joshua Parrish
4530,Lauren Harris
6256,Christopher Hutchinson
3635,Lydia Wilkerson
9162,Amanda Davis
3560,Andrew Thompson
6415,Susan Shelton
4391,Jeffrey Green
6951,Whitney Greene
6468,Mr. Todd Burns
9007,Theresa Sheppard
7413,Ariana Hall
5820,Michelle Mills
3898,Dr. Susan Walker
8546,Lisa Rodriguez
1077,Peter Daniels
8577,Carol Johnson
5227,Melissa Henderson
1600,Shelly Stein
2065,Natasha Payne
3136,John Patterson
7943,Julie Greene
8804,Lauren Rose
7565,Mary Gutierrez
6984,Jennifer May
6142,David Davis
5670,Elizabeth Hall
3190,Steven Grant
3712,Megan Perez
3192,Jaclyn Brown
2248,Mrs. Deanna Pearson MD
5033,Sarah Brady
2997,Brianna Hoover
4687,Steven Booker
5018,Mary Harris
2970,Thomas Martinez
9389,Julian Smith
6765,Matthew Hernandez
2202,Andrew Rios
9135,Kelly Fisher
6567,Jeffrey Lewis
8667,Erica Davis
6742,Cameron Richard
6788,James Gonzales
6408,Thomas Woods
9669,Nancy Pugh
1922,Thomas Owens
1419,Christine Kim
3204,John Pratt
2120,David Conrad
1950,Vincent Hernandez
3336,Patrick David
6373,William Drake
3243,Ashley Davis
3645,Andrew Fischer
5612,Joann Henson
2865,Karen Cline
7028,Kathryn Fernandez
8326,Kevin Mason
7359,Laura Pratt
8863,John Brooks
4228,Kelsey Guerra
3371,Nancy Martin
3891,Zachary Jenkins
4756,Nathan Anderson
5225,Juan Harmon
1094,Ana Richardson
3674,Mario Green
7898,Michael Mcmillan
1793,Kelly Williams DVM
3116,Robert Coleman
6779,Steve Rangel
7166,Timothy Jacobson DVM
1814,Kevin Gallegos
1345,Alyssa Russell
9554,Amanda Wiggins
3443,Jeffery Carter
8783,Lauren Gibson
1984,Richard Duran
8790,Chase Lane
1827,Matthew Dickerson
4531,Chelsea Rodriguez
8147,Gregory Bender
5451,Bryan Mcgee
4876,Christopher Grimes
6959,Jenny Erickson
1126,Nathaniel Sanford
9795,Fred Cooper
7024,Ana Cruz
6109,Tiffany Smith
8196,Sara Davis
4368,Kimberly Martin
4797,Deborah Rogers
2792,Chelsea Meyer
4476,Jennifer Roberts
4417,Amy Villanueva
2645,Stacy Jennings
4030,David Sullivan
3872,Timothy Callahan
2854,Mary Bailey
5021,Kelly Dunn
5662,Jason Olsen
7514,Erika Harris
6031,Jason Roberts
3708,Randy Bullock
8112,Patricia Fox
9393,Erica Weeks
4507,Ashley Shepherd
7456,Robert Hammond
5212,Jonathan Anderson
8970,Richard Smith
9766,Kelsey Williams
1536,Debra Todd
2625,Brian Thompson
8973,Gloria Gilbert
9577,Tyler Herrera
9070,Kimberly Newton
9609,James Walker
7490,Alex Dennis
4600,Glenn Marshall
7783,Tanya Webb
5971,Katherine Lopez
2205,Jennifer Mclaughlin
2990,Tiffany Collins
6299,Sarah Jackson
4572,Kimberly Campbell
6975,Elizabeth Miller
7320,Alexis Rangel
5757,Steven Delgado
3713,Crystal Jackson
1966,Laura Tucker
5944,Nathan Thompson
4432,John Weaver
1688,Anna Lewis
5243,Adam Ross
4701,Phillip Chen
9533,Wyatt Brown
6182,Tammy Edwards
7704,Nathaniel Owens
5422,Patricia Garcia
2759,Elizabeth Brown
3482,Daniel Morgan
9058,Megan Salazar
1951,Evan Medina
9914,Trevor Willis
3079,Courtney Lester
3717,James Phillips
5524,Antonio Gonzalez
9477,Jaime Delgado
8311,Chad Melton
3065,Maria Gentry
1768,Michael Mitchell
6490,Andrew Wright
7645,Judith Jackson
6083,Catherine Diaz
6797,April Davenport
5926,Amanda Burton
7016,Stephen Robertson
4335,Derek Allen
9038,Anne Ball
5873,Michelle Deleon
2481,Carolyn Martinez
7305,Nicholas Brewer
4451,Summer Carey
1054,Julia Sullivan
8643,Erik Murray
4462,Christopher Gomez
1832,Sheila Dixon
6954,Elizabeth Baker
9519,Debra Orozco
8221,Travis Beck
4310,Jacob Campbell
4300,Michael Cruz
7722,Casey Oneill
8218,Kyle Graves
8776,William Carlson
4675,Joseph Mckay
4054,Donald Morton
6207,Jason Adams
3538,Randy Rich
5547,Luis Johnson
6619,Mark Gregory
9356,Adam Patterson
7612,Ashley Smith
6005,Michelle Olson DDS
1822,Chad Vance
1943,Timothy Mitchell
7150,Jeremy Barrett
5425,John Newton
9966,Stacy Key
3198,Tara Sanders
5242,Jamie Banks
4695,Mr. John Romero DVM
4452,Alexis Cowan
2308,David Watts
5177,Joseph Owen
9705,Laura Gates
7852,Charles Hawkins
7035,John Smith
4594,Erica Cortez MD
5841,William Andrews
5566,Terry Carroll
2555,Charles Cooper
1804,Kimberly Smith
2279,Deborah Gonzalez
8083,Lucas Cervantes
2387,Gregory Hawkins
3679,Ms. Jessica Lamb
3106,Jessica Johnson
5223,Brenda Hardy
5831,Katherine Ramirez
3768,Joseph Ware
4186,Trevor Jackson
3573,David Cabrera
3599,Ann Rich
9428,Scott Rivera
2304,Helen Fisher
8368,Taylor James
6877,James Monroe
2301,Steven Savage
3541,Matthew Miller
3051,Michele Ramirez
9633,William Newman
1074,Daniel Oneal
6475,Samuel Williams
9232,Craig Smith
8184,Elizabeth Johnson
6796,Elizabeth Barnett
8141,Kimberly Good
2622,Monica Walsh
9041,Joshua Chang
1341,Justin Gallegos
3074,Jennifer Morales
1645,Allison Barber
5263,Robert Sims
9801,Nicole Rowland
7136,Rebecca Castillo
9646,Nathaniel Carter
3969,Peter Hendrix
4028,Brittney Frazier
4629,Charles Miller
4067,Jay Harris
6941,Jasmine Moran
2386,Jennifer Rice
3866,Robert Joseph
5788,David Rodriguez
5124,Peggy Best
9340,Dr. Christina Mckinney
4850,Megan Chandler
9378,Kevin Brown
2333,Jonathan Martin
5150,Margaret Davis
7766,Nancy Smith
3711,Mark Kennedy
5853,Sara Armstrong
7212,Jennifer Jones
8479,Bonnie Davis
8715,Michael Thompson
9942,Molly Mcgrath
2762,Alyssa Newman
8101,Anthony Johnson
8674,Ashley Figueroa
7122,Joseph Scott
1481,Ryan Camacho
1153,Sherry Decker
8617,Amanda Key
2524,Thomas Wright
3120,Christina Lopez
3343,Cindy Martin
6136,Eric Andersen
6760,Rebecca Fisher
2240,Paul Ford
1060,Lorraine Jordan
2639,Daniel Lee
7185,Gregory Francis
5203,Alicia Shaw
9363,Jennifer Middleton
4549,Sherri Lee
5197,Heather Stewart
8009,Billy Brown
7667,Stacy Dawson
3322,Stephanie Patterson
5090,Dennis Brown
7960,Andrew Barrett
4004,Taylor Mclean
1329,Sarah Brooks
4640,Marvin King
8982,Michael Crane
2341,Ray Friedman
9407,Charlene Grant
1338,Dakota Green
2750,Eric Vaughn
6604,Natalie Jackson
3421,Heather Stewart
8119,Justin Savage
6319,Vincent Murphy
7609,Chad Lopez
4993,Donald Frank
9044,Melissa Gibbs
9238,Nicole Mcdaniel
5806,Travis Austin
9592,Kelly Wang
6913,Bradley Middleton
8124,Misty Davis
1390,Caleb Fox
5430,Johnny Williams
9820,Jason Foley
8686,Jennifer Garcia
5232,Richard Reyes
2521,Dana Richardson
2500,Dennis Lee
7737,Jonathan Brown
4294,Alan Richardson
6085,John Adams
3419,Jason Robinson
4042,Brian Carlson
5497,Sherry Thompson
2466,Julie Hayden
1614,Eddie Cooper
6392,Catherine Gordon
8693,Ryan Romero
4223,Anthony Kelley
8138,Tammy Carpenter
3667,William Kelly
8980,Jim Maldonado
1130,Mrs. Mary Campbell
3983,Mr. Sean Parks
5278,Douglas Green
8126,Amanda Burton
9230,Miguel Phillips
8694,Rodney Rogers
7640,Juan Jackson
1920,Steven Bentley
8564,Hayley Lopez
9502,Nicole Hoffman
9930,Bradley Jacobs
4241,Pamela Proctor
1545,Jason Daniels
5346,Denise Campbell
4810,Ryan Brown
3032,Shelley Howard
9436,Danny Ingram
1271,Nicholas Jones
4511,Juan Gilbert
2771,Melissa Long
5361,Linda Jordan
8069,Anthony Hernandez
9190,Brooke Little
4430,Jeremy Anderson
5435,Kristen Brown
4760,Daniel Vega
3050,Jeffrey Flores
2165,Leon Johnson
3033,Albert Phillips
7467,Steven Mendoza
1145,Leslie Sanders
5388,Jane Mccoy
8832,Megan Green
9623,James Norman
9896,Justin Blackwell
3632,Rebecca Norman
5494,Kelli Harrell
9056,Aaron Mitchell
8511,Nicole West
5805,Anna Sanders
1806,Jennifer Ray
8486,John Bradley
9202,Heather Cervantes
2868,James Freeman
8878,Nicholas Bennett
6690,Karen Rios
8827,Christopher Ramsey
6429,Dustin Lane
4564,Susan Davis
2389,Ronald Snyder
8274,Michael Cochran
1824,Robert Thompson
3265,Kelly Gonzalez
1936,Melanie Downs
7402,Nancy Roberts
4845,Joanna Davis
2796,Elizabeth Thomas
9245,Andrew Morris
8214,Antonio Mcintyre
1726,John Mcdonald
3736,Angela Walker
2913,Jennifer Walker
8657,Rhonda Monroe
3466,Kathryn Smith
9194,Nathan Trujillo
8906,Steven Turner
5876,Steven Mccall
8287,Alexandria Horn
1892,Brian Schultz
5675,Matthew Dean
2933,Robert Manning
2380,Richard Lawrence
2290,Michael Black
2640,Kathryn Gallegos
8490,Keith Jackson
6016,Brianna Forbes
1954,Carl Alvarez
8291,Lisa Foley
1974,Tyler Cole
5133,Laura Butler
6370,Shane Case
4972,David Mcgee
6295,Julie Brown
9228,Leslie Sanders
4020,Thomas Jones
9987,William Larson
5036,Paul Solomon
6068,Thomas Farley
6233,Terry Hooper
1317,Timothy Taylor
3396,Jessica Butler
3162,Kayla Mathews
2591,Laura Martin
7183,Bradley Oneill
4930,David Davis
2312,Timothy Williams
5311,Kimberly Powell
8314,Deborah Nelson
3383,Richard Smith
4239,April Garcia
3139,Mark Scott
2704,Vanessa Taylor
7924,Jeremy Hughes
1362,Katherine Jones
3604,Lindsay Graves
5286,Jordan Garcia
4738,Caleb Lester
3469,Walter Davis Jr.
5795,John Phillips
1556,Mary Carter
3808,Jesse Mueller
6150,Jessica Nunez
3719,Brittany Mack
4741,Natasha Gonzalez
4998,Carol Watson
3403,Kimberly Baker
9780,Edward Rush
1294,Heather Russell
6343,Dale Turner
2136,Ebony Garcia
3064,Ashley Williams
5543,Amanda Henderson
2007,Daniel Martin
6445,Alexandra Scott
6352,Frank Obrien
2435,Jason Smith
1571,Shelby Gomez
3382,Theresa Caldwell
6084,Stephen James
1277,David Brooks
8059,Vincent Quinn
2265,Colleen Andrews
8491,Jessica Garcia
2040,Barbara Morrison
9073,Justin Keller
3752,Nicole Waters
9213,Brandon Martinez
5569,Angela Scott
7353,Vickie Robinson
3353,Sophia Miller
8437,Heather Love
5799,Alexander Shaw
1686,Michelle Olsen
9476,Lisa Johnson
5811,Sean Douglas
9954,Keith Nielsen
6346,Mitchell Smith
6043,Roger Davis
3428,Michelle Wright
9220,Jeffrey Walton
8813,Jesus Bird
4356,Sara Boyer
9707,Matthew King
7540,Pamela Hoffman
1038,Robert White
4342,Kevin Mann
3844,Kathryn Joyce
2098,Robert Owens
2823,Jennifer Morris
4155,Timothy Clark
4093,Andrew Robinson
6658,Larry Randall
4778,Megan Murphy
3896,Gerald Smith
1988,Laura Torres
5116,Alan Chen
7446,Stephanie Peterson
5179,Samantha Carson
2682,Michael Gonzales
6626,Amy Jacobs
8424,Theodore Willis
1933,David Rodriguez
4598,Patricia Lane
2980,Jeffrey Johnson
4056,Rickey Brewer
9984,Jody Thompson
1791,April Walker
7635,John Bullock
4610,William Wilkerson
2607,Jose Cervantes
6179,John White
7573,Tammy Diaz
6776,Michelle Walker
4676,Rebecca Pineda
4380,Jaime Vazquez
9711,Sean Parrish
9782,Tara Ballard
2050,Katie Pearson
4633,Robert Mitchell
7342,Joanne Vasquez
1959,Rachel Wright
7059,Cole Irwin
9884,Sean Blankenship
6655,Jacob Fuentes
5473,Chris Garcia
3946,Brenda Ortiz
8725,Cameron Pacheco
1526,Rachael Flores
4224,Jacob Castro
2875,Anthony Wall
2763,Julie Hall
9712,Michael Deleon
7644,Mrs. Sydney Hernandez
1116,Steven Garcia
1583,Joshua Olson
9586,Jason Orozco
4788,David Jackson
5167,Matthew Smith II
9465,Cheyenne Butler
9357,Tina Murphy
7154,Perry Li
6420,Kevin Cox
9920,Kristine Taylor
3043,Tiffany Munoz
4496,Jane Woodward
1778,Emily Raymond
1213,Jon Campbell
4762,Allison Sanchez
4117,Eric Poole
9783,Melissa Grant
3720,Mark Clark
7047,Kim Luna
9032,Bryan Garcia
1001,Tamara Meyer
7368,Benjamin Duran
2949,Brandon Walker
7732,Thomas Huffman
8833,Richard Wilson
1917,Peggy Garcia
4174,Nicole Brock
8014,Michelle Martinez
1089,Dennis Osborne
2709,Christine Brown
4041,Kevin Gonzalez
1105,Rodney Walters
9619,Derek Brown
9508,Donna Juarez
7082,Susan Bishop
1634,Kelly Edwards
2925,Stephen Foster
3056,Isabella Blankenship
7917,Shelly Cole
4144,Christopher Romero
1552,Brad Pearson
9907,Christopher Hamilton
6383,Christopher Ray
4911,Christopher Roach
4389,John Williams
9442,Jaime Montgomery
3430,Andrea Harris
1458,Michelle Bell
1207,Kelsey Allen
1899,Kristy Shaffer
1021,Charles Watts
9601,James Turner
1894,Robert Tyler
1514,Peter Hernandez
8294,Christopher Burke
5904,Mitchell Lane
8867,Jessica Hansen MD
5109,Olivia Johnson
8179,Steven Morgan
2560,Tiffany Arnold
2266,Kristen Romero
4638,Michael Brown
9941,Karen Gomez
4427,Mr. Patrick Bradley
2927,William Mathis
3356,Christopher Henderson
5790,Shannon Lamb
1306,Tony Collier
8979,Patrick Wilson
4665,Donna Roberts
8057,Cassandra Lowe
1661,Jose Brooks
5644,Stephen Hammond
9503,Todd Wallace
3920,Dr. Michael Smith
9946,Crystal Jackson
7236,Mary Soto
7078,Ashley Mckinney
1352,Mr. Brian Brown
8005,Sarah Medina
1158,Ralph Freeman
3071,Richard Palmer
9595,Melissa Patton
4453,Bonnie Moss
7675,Dr. John Fisher
1955,Nicole Woods
2712,Joseph Collier
5703,Andrea Jones
7563,Paul Lewis
6631,Samantha Mercado
2394,Stacey Taylor
5732,Joseph Henson
4714,Ronald Chavez
1529,Lisa Zavala
3958,Angie Bryant
8904,Frank Edwards
4591,Daniel Cline
7895,Michael Fleming
1525,Melissa Powell
7477,Keith Conley
1374,Rachel Kim
5648,Nancy Aguirre
3365,Shane Williamson
2525,Julie Castillo
1013,Shannon Jordan
5599,Mike Fleming
3278,Frances Walter
9321,Nicholas Young
4814,Gilbert Benson
4216,Andrea Clayton
9219,Jennifer Aguilar
3113,Matthew Watts
5356,Richard Hines
6543,Gwendolyn Mayo
8062,Jennifer Morse
7430,Emily Rice
4466,Stephen Moore
4081,Regina Bell
1629,Jordan Stewart
1269,Craig Juarez
6724,Matthew Brown
6897,Adrian Clark
7276,Christine Gutierrez
8115,Kristy Ward
7656,Kenneth Vasquez
1575,Joan Nguyen
8029,Taylor Whitney
7099,John Barber
4192,Elizabeth Newman
4178,William Smith
7052,Teresa Clay
7116,Kelli Simpson
4568,Yolanda Marsh
3203,Terry Anderson
2390,William Alvarado
2742,Daniel Ford
1619,Regina Holland
2274,Karen Garcia
2939,Maria Green
4953,Samantha Avery
1968,Cynthia Williams
1281,Bobby Murray
7262,Sean Hall
2058,Bryce Taylor
5293,Donna Levy
6178,Wendy Ortega
7980,Jason Garcia
2229,Jodi Hicks
5585,Brady Phillips
9467,Rebecca Tran
3740,Leah Baker
3289,Melanie Morgan
2239,Jacqueline Roberts
8473,Cody Rodriguez MD
8351,Charles Williams
7638,Randall Jensen
7570,Becky Reed
4249,Joseph Richardson
8595,Eric Gilmore
7294,Jessica Terry
7527,Sarah Taylor
6757,Michael Taylor
2969,Madeline Sandoval
1891,John Howard
5470,Elizabeth Campbell
8175,Blake Brown
9320,Heather Taylor
7812,James Herrera
8519,Brett Ortiz
2198,Jeremy Leach
6238,Melissa Hayes
7089,Catherine Smith
7257,Mario Williams
8705,Dave Glover
1986,Bailey Lopez
5440,Michele Wilson
5909,Tiffany Nelson
9125,Jared Cole
4291,Chelsea Brandt
6105,Alicia Reed
1703,Austin Madden
9133,Holly Jones
6704,Sarah Figueroa
8848,Jonathan Reed
6208,Rose Rocha
4828,Richard Vazquez
4230,Nicole Mendez
1488,Timothy Wilson
4173,Sarah Myers
2667,Daniel Brooks
5114,Shawn Mora Jr.
4553,Michelle Green
8761,Mr. Gerald Singleton
2000,Joshua Nelson
2388,Shane Walker
4712,James Mack
2367,William Hubbard
9189,Garrett Vang
1454,Amanda Davis
3772,Timothy Santiago
4726,Michael Fuller
8232,Michael Calhoun
3875,Bryan Hall
2440,Dylan Kelley
9927,Jeffrey Smith
8010,Jonathan Allen
8117,Becky Wong
3989,Alyssa Garcia
7228,Mark Hernandez
7471,Brian Vasquez
3863,Valerie Adams
2177,Allison Buchanan
5760,Alexis Wang
1011,Charles Lee
6252,Sheena Martin
5399,Michael Holt
9234,Matthew Day
9212,Kimberly Collins
1406,Alan Hampton
5431,Melanie Boyle
6243,Sarah Farley
7542,Jose Carter
7936,Dakota Thomas
9906,Mr. Christopher Wright DVM
1140,Joseph Arnold
5882,Scott Nixon
7012,Nancy Lowe
1963,Nancy Bell
8151,Mrs. Patricia Morris
9564,Joshua Wilson
7894,Carl Wells
7787,Brianna Johnson
3137,Heidi Porter
5445,Lisa Burgess
2286,Nancy Stewart
8052,Michael Cook
4654,Jennifer Ross
3359,Stephanie Weiss
9105,Micheal Andersen
9636,Alexander Flores
7441,Christopher Allen
6047,Mr. Bryan Hill
9227,Allison Henderson
6203,Nancy Lane
2798,John Myers
6291,Cassandra Carlson
6495,Christopher Fischer
7284,Jared Tate
8285,Sharon Smith
2300,Madison Velasquez
7869,Cynthia Brown
4097,Heather Gray
5616,Carol Ford
6752,Troy Graves
5815,Karen Smith
2072,Christopher Romero
4225,Erika Johnson
2316,Jamie King
7807,Hunter Guzman
7674,Dwayne Marks
4683,Deborah Cantrell DDS
8227,Justin Edwards
4273,Barbara Cook
8000,Shannon Miller
6010,Manuel Whitaker
4040,Melissa Sullivan
1482,Maria Cunningham
4179,Steve Leonard
2249,Monica Foster
1630,James Mcmillan
9853,Jennifer Wilson
3852,Kelly Smith
1987,Jordan Williams
8622,Jasmine Fuentes
8327,Chad Jones
9841,Carolyn Garza
2100,Kenneth Johnson
7652,Mikayla Hatfield
9632,Jon Olson
2343,Samantha Larson
5358,Christina Hernandez
7780,Sarah Hancock
7602,Tyler Russell
3349,Mrs. Sydney Patel
2241,Michelle Campbell
2125,Martha Morgan
7764,Jeffrey Williams
6101,Lisa Stevens
8843,Sheryl Rose
1072,Crystal Bautista
6472,Julie Elliott
6189,Richard Gill
1707,Alan Watkins
2804,Gregory Parker
4713,Samantha Brock
3475,Laura Jones
5255,Michael Curtis
8397,Heidi Holland
2735,Madison Reyes
8426,Henry Hall
3817,Kathryn Morris
4874,Corey Howard
5211,Emily Mcdonald
3665,Matthew Miller
3493,Angela Holland
7813,Jessica Macdonald
1632,Paul White
4083,Anthony Warner
8123,Deanna Day
1236,Brian Hill
8446,Mr. Thomas Jimenez MD
5443,Miss Debra Lewis
7770,Justin Hernandez
9555,Tyler Santiago
1285,Megan Johnson
1148,Keith Kim
5037,Adriana Bailey
7549,Anna Stone
8121,Valerie White
5895,David David
6280,Mark Williams
2012,Maria Adams
3785,Scott Oneill
4725,Ryan Evans
5576,Christopher Lewis
6782,Maria Burns
3408,Veronica Perry
1340,Mitchell Douglas
3496,Justin Perez
6962,April Green
2689,Barry Willis
5406,Melissa Bradley
9453,Beth Oconnell
2442,Laura Chang
9597,Norma Robles
5437,John Henry
6435,Carrie Werner
9435,Colin Brown
1560,Christopher Rogers
9785,Kevin Meyer
6548,Joshua Combs
2826,Mary Golden
9325,Carlos Eaton
4138,Sarah Greene
9264,Melanie Diaz
8842,Andrew Mann
7721,Rose Jones
3978,Amber Rodriguez
8373,Kayla Bauer
6907,Donna Duncan
7097,Edward Smith
6656,Charles Hernandez
5259,Whitney Willis
9286,William Ward
6901,Lauren Perry
5917,Donna Wiley
9429,Tracey King DDS
3530,Peggy Snyder
2960,Frank Lopez
8045,Jennifer Reilly
2048,Jessica Ewing
6772,Christine Taylor
3529,Jacqueline Morales
3964,Henry Scott
8137,Kathryn Schneider
8340,Sharon Jones
8967,Dr. Donna Murphy
9734,Chad Hoover
1845,Daniel Harrell
6777,Christian Clay
4036,Ashley Miranda
6947,Shawn Haynes
3494,Kenneth Williams
2884,Michael Edwards
5349,Justin Smith MD
7610,Linda Castaneda
8154,Christopher Morgan Jr.
7488,Darryl Mcclure Jr.
7525,Roberta Taylor
1689,Pamela Hanson
6175,Tammy Young
9648,Douglas Murphy
6078,Brianna Jones
6448,David Jenkins
2179,Hannah Wilson
7406,Anne Guerrero
9591,Laura Guerra
7907,Carol Anderson
2638,John Hines
6671,Victoria Brown
7928,Erin Nunez
2382,Jeffrey Kaufman
2403,Tammy Carpenter
4292,Anthony Anthony
5517,Amanda Castillo
4302,Timothy Wallace
8857,Michael Becker
8870,Richard Sanders
6693,Crystal Beck
1767,Maria Farmer
3044,Brian Leonard
2549,Christina Li
7140,Vanessa Griffith
4716,Angela Lowe
5481,Ariel Shaw
8898,Corey Brooks
7548,Wesley Lewis
3293,Jordan Henderson
5837,David Robinson
8758,Amanda Blackburn
7793,George Riggs
8638,Joseph Buchanan
8993,Jennifer White
7007,Rebecca Anderson
6542,Lisa Holmes
7356,Anthony Hayes
8380,Brittany Hart
1163,Gary Howell
9656,Doris Payne DDS
5592,Megan Smith MD
5798,Richard Hall
7036,Stacy Williams
3355,Brendan Jackson
6887,Toni Lee
8961,Lisa Acosta
6827,Mark Schneider
9737,Michael Ramos
1593,Kimberly Cross
5839,Deborah Phillips
8394,Anna Phillips
4493,Kelly Flores
7164,Gabriel Perez
3672,Steve Nguyen
5200,Madison Moore
1016,Joseph Mayer
4191,Brandon Griffith
1392,Belinda Flores
9616,Travis Blankenship
7272,Danielle Hickman
4631,John Lynch
8177,Victor Blair
4897,Andrea Martin
9123,Dana Ewing
3279,Jose Jones PhD
9980,Renee Sanchez
8451,Eddie Clark
3247,Steven Rose
8088,Rebecca Wilson
1078,Rhonda Garcia
9080,Eric Chambers
4926,John Armstrong
7230,Amber Pittman
5940,Amanda Roberts
4271,Amy Dominguez
4456,Jeff Collins
8788,Latoya Gomez
9599,Kathleen Bryant
8650,Erin Harvey
2668,Anthony Dillon
1147,Brian James
1365,Melissa Brown
5531,Christopher Rhodes
6330,Robert Mejia
6510,Jason Monroe
9964,Rebecca Wright
6439,Andrew Gomez
7511,Jennifer Cruz
8504,Brandon Kim
2246,Tanner Bailey
4839,Dennis Hernandez
9551,Danielle Owen
3376,Maria Byrd
2827,Joshua Dyer
7979,Jamie Ramirez
9569,Adam Castaneda
5285,Jennifer Davila
9561,Jeffrey Smith
3196,Kenneth Morales
4747,Michele Brooks
9843,Ian Henderson DVM
6978,James Villa
6607,Jason Zimmerman
1780,Virginia Welch
4983,David Walter
9714,Jennifer Smith
1521,Jack Calderon
8569,David Mccarthy
6784,Andrew Rodriguez
5583,Lori Wood
6946,Daniel Tapia
5941,Catherine Martin
7267,Krystal Porter
8128,Bianca Davis
3461,Melanie Collins
1685,Jeffrey Sullivan
3160,Kathy Robles
8031,Paula Allen
6341,Victoria Scott
5875,Megan Williams
8697,Ashley Wright
8165,Cory Munoz
8527,Shane Frye
7381,Jerry Harrison
1646,Blake Williams
9789,Michael Johnson
8003,Douglas Thomas
4537,Krista Anderson
5558,Taylor Hicks
7579,Rachel Clayton
9474,Rachel Bender
5082,Ross Hayes
5183,Alexandra Gardner
9652,John Duncan
4754,Rebecca Harvey
2724,John Brock
2376,Laura Ruiz
9706,Amy Le
9894,Marie Lam
2653,David Lopez
3066,Ricardo Romero
1022,Victoria Bryant
3460,Douglas Pierce
6926,Mark Haynes
7251,Kari Johnson
8295,Shawn Pearson
7279,Sharon Bray
9553,Sonya Foster
8353,John Parsons
4727,Debra Lopez
6995,Emma Douglas
1448,Ryan Carter
9033,Kristina Santos
3520,Rachel Tucker
2428,Donald Stewart
4967,Mary Smith
7445,Larry Tran
3159,Kristina Gibson
6132,Timothy Berry
3547,Brittany Ortiz
3979,Kim Moore
3649,Karen Collins
9505,Andrew Williams
2037,Valerie Barrett
4489,Ruben Smith
8604,Bradley Mcgee
8544,Zachary Medina
3634,Dawn Melendez
2778,Gina Moreno
8902,Jaclyn Reyes
6110,Rhonda Harris
8378,April Alvarez DVM
2124,Michael Hernandez
1697,John Page
3179,Scott Odonnell
6251,Michael Turner
2929,Sara Frank
2013,Theresa Gonzalez
1226,Corey Guerrero
8321,Anne Lane
8909,Deanna Porter
3023,Cynthia James
5966,David Lewis
6891,Sheila Alvarado
2080,Olivia White
6036,Michael Anderson
3563,Amanda Butler
4586,Richard Roth
7841,James Reeves
7643,Dennis Campbell
4959,Aaron Bolton
4390,Martin Gonzalez
7354,Renee Austin
1541,John Dickson
6433,Danielle Clark
6093,Anthony Williams
1867,John Myers
6469,Rebecca Foley
7256,Leonard Holmes
2169,Cynthia Mitchell
2651,Gary Riley
3810,Mary Yates
9667,Mandy Anderson
2019,Derek Greene
2283,Joel Matthews
3010,Mark Gibbs
9590,Bobby Pruitt
3171,Christina Allison
9266,Matthew Petersen
4471,David Gross
6624,Laura Reynolds
9329,Joseph Smith
3097,Alyssa Meza
7397,Mr. Gregory Flores DDS
3757,Johnny Obrien
4920,Janet Hawkins
9186,Michael Dunn
2900,Benjamin Jacobson
3610,Carol Navarro
7900,Patrick Jenkins
2449,David Nash
9738,Daniel Cohen
6017,Jeffrey Johnson
8999,Christopher Porter DVM
3096,Kathleen Cardenas
9895,Nicole Kennedy
7404,Michele Thompson
4331,Brandi Contreras
8462,Robert Navarro
4384,Daniel Love
8531,Michele Harris
5283,Donna Brown
8736,Doris Pierce
8710,Nancy Garcia
7868,Tommy Mcdaniel
2431,Joyce Shepherd
5713,Ryan Harrison
5998,Judith Hicks
1162,Troy Barber
2974,Brian Graves
9461,Edward Miller
1631,Angela Odonnell
1905,Dr. Rebecca Smith PhD
3014,Charles Eaton
8896,Derek Hansen
1204,Megan Horton
1581,Kristin Parker
6347,Ashley Fisher
3643,Christine Haas
3297,Bradley Burke
1874,Joseph Warren
8927,Krystal Cooper
2171,Lance Martin
6591,Meredith Cooley
7285,Tracy Stewart
6432,Elizabeth Lane
5260,Craig Reed
3361,Sandra Hunt
4670,Thomas Powell
2753,Rodney Young
9100,Jesse Fowler
2938,Amanda Neal
9562,Kayla Acevedo
6976,Diana Adams
7304,Megan Wilson
8345,Roy Palmer
8875,Melanie Sanders
7633,Daniel Woodard
1597,Penny Rojas
4062,Craig Nunez
1572,Jessica Ryan
8521,Christopher Smith
7171,Alicia Carroll
8097,Michelle Russell
3090,Linda Watkins
7566,Christopher Clayton
5624,Regina Bailey
2517,Loretta Choi
4648,Andrea Rich
2537,James Kim
4137,Jessica Aguirre
7985,Christopher Gamble
1097,Jeffrey Dalton
4750,Michele Baker
9535,Robert Ford
9174,Ashley Hernandez
9103,Natalie Rodriguez
6413,Richard Woods
5666,Angelica Smith
1610,Jessica Phillips
2727,Denise Scott
6055,Timothy Davis
3324,Kimberly Davis
6774,Seth Craig
7519,Andrew Crawford
2749,Timothy Arnold
1781,Christina Hayes
8548,Tina Vang DVM
7823,Philip Kim
4867,Ivan Horne
8193,Alex Williams
6879,Mark Curtis
4970,Rebecca Diaz
8264,William Garrison
2577,Jennifer Ramirez
3274,Bryan Johnson
7744,Robert Moore
3426,Heather Murphy
6546,Dr. Justin Gross
7411,David Reeves
1007,Becky Jones
9087,Francisco Hill
3555,Sabrina Reyes
1475,Angela Guerra
6416,Dana Clark
9676,Jasmine Shaw
7710,Michael Harrison
6000,Charles Davis
5654,Anthony Hall
9078,Dawn Abbott
7063,Rebekah Lane
3285,Rebecca Steele
6223,Amy Nguyen
4525,Amy Wade
3822,Tony Sexton
5943,Rachel Torres
1258,Victor Cross
1282,Timothy Watson
2898,Amy Duffy
5135,Anna Mason
7629,Brian Moore
4200,William Beard
8167,Brittany Webb
1612,Stephanie Woods
1687,Sarah Jackson
4690,Mrs. Andrea Jones
9804,Janice Webster
3307,Stephanie Price
8133,Scott Brown
7509,Rebecca Hendricks
6906,Nathan Sullivan
3591,Daniel Mitchell
8183,Kenneth Jones
6248,Marc Ryan
6108,Frances Richardson
4604,Nicholas Wilson
1669,Paul Carpenter
5364,Matthew Buck
8329,Mark Leon
1923,Scott Becker
2529,Veronica Farrell
9438,Michael Wise
4711,Marcus Brown
7274,Claudia Schmitt
4864,Wendy Hernandez
7788,Clayton Solis
1264,Judith Garcia
3990,Alisha Lopez
1587,Donald Phelps
4348,Robert Moore
7299,Susan Harrison
4831,Nicholas Douglas DDS
9381,Brett Porter
2715,Kendra Clark
7450,Nathan Dillon
8096,Christina Schwartz DVM
3326,Joe James
7416,Richard White
7763,Bobby Johnson
2674,John Tucker
8950,James Johnson
7049,Cynthia Adams
2089,Corey Spencer
5578,Anna James
1155,Mark York
2958,Megan Johnson
7344,Mary Johnson
7144,Troy Howard
4830,Jennifer Turner
9831,Joshua Walsh
7659,Christopher Jones
1441,Kayla Rodriguez
7040,Amber Peters
6925,Robert Weber
8358,Vicki Lopez
5628,Ruth Russell
7370,John Leon
1948,Kelly Martin
9179,Sara Bennett
7115,Shannon Campos
1459,Thomas Bush
8568,Daniel Bryan
5646,Elizabeth Williams
2787,Jason Kelly
8374,Kevin Jones
2138,Victoria Cantu
5741,George Thompson
7362,Dakota Hughes
4674,Tyler Brown
2377,Brian Turner
7701,Jacqueline Hayes
3597,Daniel Rodriguez
1141,Lisa Bond
3659,Heather Roach
5596,Carolyn Stewart
6661,Craig Villegas
7142,Stephanie Arias
1423,Marcus Tate
7999,Brittany Shelton
2967,Thomas Norris
5088,Rhonda Williams
8789,Jennifer Burns MD
6394,Mandy Grant
8880,Madison Williams
6075,Dominique Cruz
8230,Jerry Brown
8155,Robert Johns
3723,Mrs. Julia Henderson MD
7816,Eric Higgins
1040,James Sheppard
9259,Paula Miller
6717,Gina Stewart
4198,Jason Hooper
6374,Richard Mcfarland
3524,Dawn Edwards
6154,Carol Hudson DVM
2492,Justin Long
1660,Jennifer Davis
2348,Shirley Navarro
8851,Christina Berger
8156,Daniel Steele
4516,Angela Hudson
5577,Katherine Patterson
1727,John Nash
8468,Danielle Boyd
1342,Gary Sanford
2447,Stephen Coleman MD
7581,Carol Robinson DVM
7317,Colin Horn
1405,Kenneth Brown
8986,Caleb Riggs
4740,Kelly Brown
2846,Christopher West
2478,Maria Mullins
1771,Courtney Foster
6525,Kerry Bradley
9770,Alex Ferguson
1193,Matthew Austin
3007,Deborah Cortez
2185,Gloria Shields
3394,Carlos Brown
5005,Aimee Huynh
8429,Jennifer Reyes
3261,Andrea Harvey
4736,Logan Ford
7716,Garrett Harris
9921,Kristy Mitchell
5378,Rebecca Cabrera DVM
8815,Julie Friedman
8616,Mathew Mendez
3800,Terry West
9333,Catherine Lewis
6410,Jacob Booth
2455,Nicholas Wilson
6808,Stephen Baxter
7796,Gregory Fuller
5796,Dana Keller
2325,Lisa Simmons
2159,George Hammond
5650,Stephanie King
5987,Robert Jenkins
5697,Manuel Campos
2968,Caroline Phillips
6482,Michael Nelson
2800,Julian Davis
5912,Barry Byrd
1855,Joseph Cole
1182,Ashley Morris
4112,Mariah Brown
6670,Joann Thomas
6823,Christian Anderson
6002,Edwin Mann
2356,Paul Smith
4628,William Horton
9210,Taylor Rogers
4311,Kenneth Clarke
7048,Gail Smith
7246,Kyle Mosley
4321,John Moore
5615,Norman Andrews
9365,Jake Mcneil
4052,Veronica Stewart
7574,Austin Adkins II
6806,Terry Martin
7993,Wesley White
6443,Emily Mayer
1989,Paul Johnson
9611,Ann Hanson
2774,Jessica Davis
1935,Maria Reyes
4808,Angela Irwin
1331,Cathy Escobar
8922,Kelly Sherman
3702,Brian Richards
6889,Bonnie Collins
6054,James Morris
4868,Dr. Jason Clark
1201,Doris Stewart
3497,Ernest Jackson
2842,Aaron Edwards
8718,Holly Gonzalez
2628,Felicia Moon
1386,Kelsey Travis
7401,Scott Serrano
5008,Jessica Anderson
3282,Monica Little
2856,Michael Thomas MD
6476,Brian Fitzgerald
5669,Jose Lara
5318,Mr. Mason Vega
8064,Arthur Cardenas
8461,William Mason
2819,Lisa Jackson
2130,Cynthia Cooper
3658,Amber Stevenson
4500,Tyler Anderson
9566,Paul Rivers
5020,Donna Davis
4259,Ryan Salinas
2474,Vernon Brown
3242,Daisy Kennedy
4243,Robert Taylor
7990,Adam Parker
6160,Meagan Decker
4134,Kathleen Chapman
3070,Jordan Mason
1359,Robert Johnson
2141,Sarah Long
2635,Alyssa Howard
4361,Jennifer Jenkins
7583,Amy Smith
8835,Priscilla Gonzalez
1006,Kimberly Jackson
7564,Rachael Olsen
5928,Amber Fields
3606,Kimberly Franklin
8611,Teresa Powers
1913,Robert Ramirez
3011,Matthew Rogers
2829,Allison Cohen
9767,Justin Williamson
7468,Mark Santana
1929,Mary Chambers
4699,Jennifer Little
2054,Brittney Mccoy
6744,Daniel Smith
4415,Kara Jacobs
1442,Scott Greene
7218,Mary Johnson
5652,Robert Black
8597,Lisa Rose
5458,Thomas Knapp
7591,Matthew Castro
3309,Justin Beck
7268,Samantha White
1910,William Harris
5340,Adam Hopkins
5009,Janet Esparza
7628,Christina Paul
3169,Jeremy Alvarez
3172,Lisa Reid
6668,Clinton Haas
9315,Kevin Young
9036,Linda Gonzalez
7789,Michael Costa
1785,Tony Jacobson
7139,Greg Bruce
3416,Kara Gonzalez
9988,Shannon Jacobs
5154,Debra Rios
2936,Theresa Hill
4807,Michael Miller
4236,Brandon Vargas
3352,Richard Le
2932,Ryan Morton
9556,Jennifer Martin
5916,Johnathan Sullivan
6498,Tami Gill
1946,Heather Cunningham
2439,Mary Cochran
5857,Kiara Baldwin
1382,Gail Gomez
9491,Natalie Wallace
1138,Chelsea Schneider
1358,Timothy Harvey
2627,Kelly Murphy
7626,Jessica Ryan
6004,Amy Gonzales
4835,Kelly Garcia
3151,Marvin Galloway
3834,Robert Roy
3567,Alexandra Davidson
2307,Kristen Moore
9848,Michael Garcia
3660,Amy Richardson
4730,Tony Johnson
7207,Eric Owens
4162,Gabriel Gonzalez PhD
2140,Ernest Jackson
9458,Robert Lewis
2708,Kevin Durham
4630,Nichole Yang
4211,Jennifer Garcia
7538,Brian Taylor
8684,Taylor Nash
2207,Casey Roach
1557,Autumn Davis
1882,Cynthia Johnson
5761,Susan Ruiz
6867,Trevor Grimes
7963,Amber Garcia
8166,Andrea Hamilton
8929,Christina Pena
8269,Kelsey Phillips
2946,Mary Escobar
7642,Joshua Moreno
4825,Samantha Vaughan
4536,Alexandra Gilmore
7068,Amber Reynolds
4802,Nicole Dickson
5699,Jennifer Walker
3819,Emily Salazar
5258,Jodi Miller
4119,Steven Vaughn
2863,Daniel Newman
1115,John Dixon
8084,Jim Smith
9016,Bobby Shaw
3384,Kayla Collins
4935,Jerry Franklin
8742,David Lopez
3490,Rebecca Rogers
8661,Benjamin Jones
9182,Jillian Campbell
3767,Melissa Gomez
2137,Sheri Rivers
5117,Victoria Neal
6845,Scott Mckee
5778,Michelle Edwards
4906,Mrs. Melanie Rodgers
4637,Alex Herman
3953,Juan Beltran
6929,Katherine Ingram
1276,Susan Hahn
2999,Brian Johnson
2227,Bruce Hebert
7337,Mathew Carr
1695,Jason Fisher
5152,Joshua Huff
8470,Eddie Lynch
8537,Wesley Bush
3841,Brian Clements
9733,Christopher Fisher
2088,Dillon Aguilar
4363,Lisa Holland
1024,Michael Ramirez
5236,Brittany Williams
9068,Megan Parker
3235,Jason Lutz
9448,Sharon Kim
4175,Debra Walters
5897,Kevin Fisher
6037,Brian Morgan
8427,Jessica Whitehead
9605,Matthew Soto
2381,Jamie Owens
4426,Brandon Sandoval
4655,Patrick Hughes
8938,Stacy Mills
1187,Daniel Taylor
6409,David Parker
3092,Janice Cervantes
3130,Phyllis Jacobson
6242,Michael Lang
6647,Joan Bender
6185,Jessica Sanchez
8913,Crystal Moore
8547,Mary Burke
8823,Jon Miller
8355,Nathan Edwards
7465,Richard Boyle
2497,Olivia Hudson
3951,Teresa Forbes
2238,Lee Roth
5727,Michael Johnson
4965,Lori Woods
6686,Sean Herrera
3780,Jordan Powell
8398,Anthony Ramsey
2588,Jason Harris
6789,Cody Bell
1436,Benjamin Phillips
3828,Sharon Abbott
2556,Andrew Cohen
8480,Crystal Smith
7687,Megan Webb MD
2589,James Smith
9851,Christopher Marshall
1159,Connie Duke
7555,Anne Alexander
9244,Jenny Rogers
7846,Erika Sandoval
2228,Desiree Mercer
8226,Ashlee Morris
6590,Casey Adams
7919,Gabriella Bruce
7046,Sarah Thompson
5945,Donna Smith
8016,Gary Williams
6086,Travis Griffin PhD
8161,Alison Morris
2809,Deborah Lyons
4167,Lydia Chapman
7352,Rebecca Conner
7056,Robert Anderson
3437,Christopher Ayers
9859,Carrie Navarro
8818,Brittany Romero
5728,Jacob Anderson
3624,Christopher Stewart
6738,Adam Murray
6793,Sharon Rogers
5523,Jimmy Atkinson
6571,Diane Alvarez
3224,Mrs. Michelle Kim
7091,Jesse Allen
7361,Michelle Hughes
2948,Lisa Garcia
8094,Colleen Oliver
7318,Candace Hodges
4796,Jason Turner
1234,Brian Hernandez
4607,Miss Amy Ward MD
9043,Ebony Fernandez
1522,Nancy Scott
6904,Nathaniel Moore
5888,Robert Rollins
6832,Danielle Morales
8122,Heidi Mclaughlin
6842,James Lewis
6621,Michael Berry
3587,Cynthia Cobb
6672,Patrick Alvarado
2378,Derrick Howell
2519,Mr. William Delgado
8935,Justin Kaiser
7093,Yolanda Rios
9418,Jesse Dorsey
6355,Deanna Hall
6574,Timothy Villarreal
5072,Kelly Campbell PhD
3257,Christina Castillo
9588,Ronald Smith
5424,Angie Oliver
4237,David Perez
4893,Jennifer Reyes
3005,Valerie Rodriguez
3016,Jacqueline Lewis
2772,Brian Schultz
9353,William Barton
4976,David Sanchez
2751,Danielle Rangel
8430,Larry Friedman
8170,Cynthia Grimes
4220,Shawn King
2461,Madison James
6184,Michael Garcia
9547,Erik Lee
2548,Robert Walker
5213,Kimberly Ortiz
2673,Alexandra Khan
7708,Claire Taylor
3100,Karina Silva
2815,Michael Hall
4841,Gina Mcbride
8011,Tracy Giles
1674,Katherine Ramos
9088,Brent Massey
9578,Deborah Velasquez
3158,Shawn Flores
3661,Brandi Parker
4253,Jonathan Anderson
5979,John Hampton
8703,Emily Peterson
9931,Sabrina Sanders
2401,Stacey Rivas
4923,Donald Caldwell
5214,Heather Werner
4227,Jonathan Sutton
4866,April Black
6818,Michael Doyle
3222,Amanda Carlson
3792,Chelsea Brown
5063,Nicole Lee
9224,Sylvia Dunlap
7198,Laura Perry
5025,Marcus Humphrey
3566,Vanessa Torres PhD
3803,Heather Jennings
7155,Ashley Hayden
1719,Krystal Young
7516,Kevin Andrews DDS
5579,Devin Hill
1972,Teresa Hill
4718,Barbara Riley
8395,Michelle Hampton
5402,Jennifer Kim
5552,Tiffany Brown
3207,Mrs. Christina Kramer
9835,Ashley Hull
9386,William Johnson
6345,Sarah Richardson
4276,Anthony Beck
2102,Vanessa Sawyer
9584,Melinda Schwartz
7683,Jessica Williams
8659,Dawn Huff
1025,Joseph Bowman
7410,Shannon Gordon
4764,Chelsey Navarro
7599,Philip Calderon
6102,Erica Smith
8006,Stacey Short
4483,Crystal Diaz
9682,Steven Scott
7707,John Hawkins
1215,Connie Collins
8605,Brian Hobbs
9350,Cody Carlson
5781,Michael Vazquez
4313,Amy Goodman
8763,Corey Taylor
6939,Michael Young
3295,Carrie Frederick
6685,Matthew Santos
2696,Shannon Mcdonald
3783,Yesenia Holloway
6241,Sheri Black
8557,Colleen Owens
7589,Scott Howard
6637,Jonathan Casey
2116,Misty Steele
1492,Jessica West
9811,Lindsey Rogers
8888,Beverly Dean
7474,Stephanie Davidson
5958,Jessica Copeland
3743,Hailey Owens
8866,Melissa Lopez
8160,Paul Arroyo
6451,Emily Peters
9548,Steven Johnson
4642,Linda Wood
3895,Carmen Smith
7593,Aaron Peterson
6366,Joseph Edwards
4212,Ashley Jimenez
3409,Shannon Davis
9199,Elijah Williams
4423,Benjamin Buckley
7976,Brandon Ramirez
8594,Rodney Bryant
6158,Dorothy Gordon
4667,Edward Willis
6973,Anthony Johnson
9277,Danielle Davis
3468,Hannah Lawrence
7217,Evelyn King
4619,Samantha Rodriguez
4583,James Dickerson
4326,Eric Carter
9148,Anna Lin
3217,Mr. Jose Calhoun
5967,Ronald Massey
3369,Andrew Morgan
6722,Amanda Gray
5444,Teresa Edwards
8618,Penny Wright
4947,Stephanie Garrett
2676,Wendy Mercado
2196,Amy Schmidt
3787,Tyler Mason
8432,James Hardin
4318,Frank Nicholson
9858,Nathan Myers
7689,Patricia Holloway
3176,Casey Edwards
4743,Hayden Hodge
4824,Austin Thomas
3451,Mrs. Tonya Gallagher
1628,Thomas Malone
8778,Michael Torres
4929,Katherine Robinson
3765,Colleen Jones
5369,Lisa Green
9307,David Perkins
5956,Robert Robinson
1692,Brenda Whitehead
2105,Brandon Davidson
4008,Jennifer Warren
3161,Patricia Mann
9345,Luke Hoffman
4786,Kimberly Gonzalez
6520,Whitney Smith
8423,Jeremy Crawford
7242,Daniel Townsend
2132,Jeffrey Hill
7297,Jerry Howard
8812,Gregory Phillips
5557,Lisa Graham
9275,Valerie Mcmillan
2422,Timothy Chapman
4180,Lauren Taylor
5316,Tracy Perez
7696,Kathleen Smith
5570,Brandy Harris
1270,Bill Aguilar
4075,James Williams
1289,Jessica Lopez
4252,Manuel Jennings
8415,Olivia Cunningham DVM
7771,Terry Baker
1278,Nathan Cox
5276,Sharon Cole
8997,David Rodriguez
5776,Amy Mcguire
4832,Bonnie Gomez
9891,Charles Hutchinson
7534,Charles Rose
4156,Katie Myers
5307,Jason Johnson
6634,William Barron
9575,Jessica Wheeler
6810,Kenneth Myers
6934,Pedro Sanders
4109,Candace Mayer
4240,Christopher Ramirez
2849,Mrs. Wendy Rodriguez
9497,Barbara Garza
3749,Jennifer Hendrix
7680,Karen Wallace
1205,Michael Peterson
8352,Anita Martinez
5591,Scott Herrera
4450,Shannon Hernandez
4811,Jennifer Jenkins
6141,Kim Taylor MD
9501,Jessica Thornton
2991,Anne Robinson
9463,Michael Lewis
5538,Stephanie Miller
4722,Jeffrey Clark
4551,John Henry
6679,Joseph Scott
1152,Lisa Hayes
6754,Debbie Nguyen
6310,Nathan Randolph
2104,Daniel Jennings
8361,Mary Ramirez
8263,Michael Steele
2914,Brenda Willis
8365,Barry Gonzales
1166,Brian Mcintyre
1508,Stephen Adams
2661,Stephanie Moore
4664,Mr. Craig Hanson MD
1680,Keith Meyer
6260,Steve Grant
5357,Ryan Sullivan
2363,Jacqueline Anderson
3292,Jerry Ross
2538,Rodney Haley
4408,Sarah Thomas
9752,Jessica Ramirez
2903,Mr. Matthew Munoz
1174,Ernest Smith
3230,Dale Campbell
5287,Robert Monroe
5160,Michele Reed
8106,Brian Wilcox
4171,Juan Burke
2567,Justin Roberts
2151,Olivia Vasquez
8619,Jamie Johnson
7033,Dr. Denise Bowman DDS
9560,Nicole Taylor
2907,Tony Shah
3535,Derek Hooper Jr.
5173,Jennifer Baxter
2293,Becky Henderson
5769,Mary Daniels
7871,Patrick Sutton
3972,Clayton Blair
4922,Brian Mitchell
5997,Thomas Morrison
8032,Cindy White
1992,Benjamin Collins
9112,Tammy Smith
3240,Timothy Barrett
2476,Jeffery Flores
7426,Bryan Wu
1389,Jonathan Barnes
1999,Angela Morrow
2855,Melanie Miles
9850,Pamela Allen
3763,William Harris
4663,Taylor Johnson
5986,Stacey Clements
8256,Spencer Ingram
4731,Alicia Tanner
8262,Dwayne Smith
1451,Patrick Young
5408,Darlene Johnson
5068,Jeffrey Moore
4277,Hannah Campos
8951,John Haynes
5690,Jennifer Acosta DDS
5595,Dakota Clarke
5559,Miguel Walters
9160,Randy Cunningham
1112,Alexandra Patterson
6131,Joseph Woodard
4197,Maria Butler
1139,Lisa Lewis
2424,Julie Jackson
3949,Brandon Stephens
4168,Natalie Brewer
9708,Regina Lee
7043,Stephanie Harris
7989,Scott Nelson
8236,Bobby Wright
7261,Julie Erickson PhD
1887,Brandi Cannon
1049,Kimberly Kaiser
4951,Heather Hernandez
4560,Timothy Spencer
1018,Mike Hernandez
5821,Julie Summers
7340,Amanda Case
8846,Melissa Dawson
9643,Melissa Johnson
7432,Joseph Smith
4765,Nichole Franklin
3438,James Mcgee
7358,Gerald Peters
8644,Rodney Howard
5855,Renee Carter
7547,Jennifer Murphy
6911,Sierra Jones
7481,William Johnson
3761,Raymond Johnson
5456,Nicholas Scott
7160,Brittany Stevens
1517,Pamela Williams
8737,James Jimenez
2988,Damon Molina
8162,John Carlson
9399,Julie Mayer MD
6633,Jacob Hall
6755,Kimberly Kelley
7309,Christina Perez
2518,Julia Brown
7163,William Garcia
3600,Laura Nguyen
3195,Maria Fowler
4554,Jeremy Peck
4849,Jay Gregory
5195,Sara Smith
3305,Barbara Ramsey
3642,Richard Smith
7409,Alyssa Randall
3994,Sara Lee
9751,Justin Elliott
2271,Yvonne Schultz
2813,Gavin Brewer
5120,James Harvey
7124,Tonya Mcintosh
9475,Amy Jenkins
5396,Elizabeth Burns MD
1816,Jessica Hernandez
8304,Robert Elliott
8331,Cynthia Berger
1082,Casey Oliver
2920,Kathleen Ramos
8817,Kayla Collins
3093,Philip Gray
8071,Nicholas Harvey
9367,Terry Johnson
6285,Marie Mcintosh
5937,Jeffrey Moran
1369,Claudia Smith
2818,Cynthia Ross
3101,Matthew Peterson
2779,Holly Hubbard
2364,Daniel Wilson
9089,Jeremiah Munoz
3962,Ronald Powers
1859,Kathy Hogan
5138,Yvonne Stein
3424,Joel Stephens
5017,Roberta Flowers
9342,Julie Martin
2134,Timothy Atkins
6166,Heather Gray
6119,Angela Sanders
6694,Stephanie Banks
6485,James Morris
3346,Donald Gonzales
6039,Christopher Nelson
9252,Joseph Merritt
6041,Leslie Lucas
4901,Juan Joyce
2337,Jessica Diaz
2551,Aaron Lee IV
2629,Nicole Thompson
2526,Nicholas Allen
2361,Jason Myers
5370,Paul Montgomery
6283,Lawrence Long
8610,Scott Underwood
2993,Evan Stein
1869,Melissa Goodman
2014,Sean Nash
1602,David Welch
1690,Michael Williams
9685,Sarah Wright
1489,Hannah Brown
7864,Lisa Ruiz
8786,Kevin Welch
9024,Taylor Sanchez
6488,Barbara Arnold
5027,Crystal Lynn
3912,Kathleen Higgins
5744,Diane Hebert
2873,Erica Duncan
4258,Brianna Guerrero
4641,Lisa Dyer
6307,Mark Fitzpatrick
9933,Tiffany Arnold
3041,Jennifer Turner
1679,Stephanie Perry
1062,Amy Brown DVM
8829,Andrew Henry
7915,Elizabeth Nelson
9326,Albert Johnson
5970,Lindsay Walker
9003,Debra Green
4278,Ryan Bailey
8296,Benjamin Munoz
4074,Debbie Anderson
9312,Timothy Hughes
8552,Sarah Delgado
2637,Kevin Jackson
6103,Shelly Sloan
1644,Corey Weeks
3068,Philip Mejia
1241,Alan Huang
3668,Keith Osborne
1802,James Patterson
6059,Michael Smith
1195,Eric Moody
3187,Michael Brown
3330,Anna Campos
4606,Carlos Lambert
9468,Ashley Williams
4927,April Marshall
7296,Bonnie Smith
9758,Eric Jordan
7121,Kristen Adams
2200,Jose Cohen
3854,Gregory David
8024,Shannon Robinson
7972,Juan Hutchinson
1136,Rachel Carroll
2029,Amber Matthews
3594,Andrew Ford
1086,Joshua Bowman
7219,Crystal Jackson
9143,Denise Tran
7968,Maria Peterson
3773,Andrea Lee
2700,Devin Jordan
3700,Danielle Thomas
7815,Darren Perry
2647,Paula Jones
6164,Tony Rosales
1596,Kevin Barnett
5545,Jennifer Choi
5384,Daniel Howell
9912,Justin Ball
5733,Patricia Mcdaniel
8081,Dawn Warren
9690,Steven Rodriguez
8178,Heather Turner
3294,Tina Cuevas
1146,Evan Williams
5507,Patricia Francis
6783,Jeremy Avery
8751,Justin Flowers
6628,Sherri Rose
9328,Janice Taylor
4360,Philip Adams
4552,David Lopez
6097,Kathleen Bond
9640,Marc Mason PhD
7901,Mrs. Denise Jackson
1238,Carol Nguyen
6552,Erika Gonzalez
5927,Bryan Garcia
5390,Michael Kelly
3687,Debra Lopez
5951,Gabrielle Johnson
6388,Kimberly Williams
1192,Jaime Jones
2776,Edward Townsend
4645,Andrea Whitaker
7314,Teresa Barrett
2788,Daniel Little
4700,Larry Bradley
7811,Shawn Krueger
4904,Michael King
8260,Scott Tucker
7773,Bryan Bishop
4816,Becky Moore
5434,John Baker
1658,Leroy Dean MD
6057,Susan Garrett
5994,Gregory Bowers
3104,Nancy Morrison
3607,Heather Patterson
9385,Jessica Bates
3581,Erica Long
3565,William James
7328,Steven Robinson
6991,Brandon Dunn
4406,Michael Galvan
9923,Dr. Thomas Brown
7476,Emily Washington
9181,Sandra Hernandez
1531,Lisa Baker
7079,Lindsey Morgan
1002,Kelly Kaufman
9397,Douglas Herman
8739,Eric Cochran
7003,Joseph Baker
3890,Philip Nelson
7239,Crystal Hughes
9026,Scott Reyes
4306,Clinton Contreras
1897,Robert Martinez
1670,Brandon Garcia
2505,Kevin Flores
7460,Crystal Moore
6167,Edgar Taylor
6255,Bryan Hines
2892,Joshua Whitaker
4439,Madeline Cruz
4792,Johnny Gross
8871,Sara Edwards
9235,Seth Malone
4612,Tamara Guzman
3618,Brittany Rodriguez
5678,David Jones
4163,Emily Richardson
3942,Natalie Carter
9411,Amy Smith
1990,Jennifer Mason
2812,Jessica Hernandez
9995,Laura Riggs
6876,James Smith
4340,Miss Jamie Hobbs
1053,Teresa Tucker
3575,David Mccullough
1615,Jennifer Green
6944,William Young
7859,Hannah Hunt
6455,Michael Sanders
4801,James Smith
3561,Cassandra Clayton
7539,Jessica Scott
1370,Carlos Shea
1857,Kyle Martin
5886,Richard Valdez
8485,Kevin Carter
1383,Amanda Moore
5334,William Moss
5290,Phillip Molina
3725,Johnny Mccarthy
7204,Kathryn Taylor
7111,James Adkins
5251,Justin Powers
3915,Courtney Todd
8957,Christopher King
4046,Gregory Richards
2230,Elizabeth Dunn
8647,Alyssa Sellers
5933,Manuel Decker
4940,April Massey
7483,Christopher Moran
1203,Amanda Estrada
1160,Aaron Brown
9960,Ashley Harvey
7718,William Watson
2093,Mark Schneider
5500,Joseph Baker
9799,Sarah Rice
6710,Emily Moore
2837,Mr. Travis Dillon
4759,Steven Walker
3103,Ashley White
9092,Veronica Brown
5172,Gabrielle Gray
3378,Michael Ward
5988,Brian Freeman
6669,Karen Smith
3735,John Holt
9490,Theresa Gallagher
7623,Lisa Jones
5460,Kevin Luna
3850,Andre Morales
5594,Jennifer Jones
1165,Kyle Stevens
1919,Benjamin Russell
9305,Felicia Reyes
4504,Shawn Johnson
1991,Sheila Fields
2258,Heather Gilmore
8609,Sara Bullock
1067,Heather Lee
6660,Leah Weber
5478,Haley Reyes
4521,Yolanda Fleming
8082,Jennifer Lambert
6395,David Hardy
3258,Lisa Hudson
7039,Kevin Harris
1650,Gary Davis MD
6741,Sean Davis
7838,Kyle Simpson
8876,Gary Williams
4262,Dominic Miller
2338,Karen Ramos
5996,Jason Castillo
6780,Ralph Smith
3827,Christina Scott
4539,Tara Nelson
8845,Elizabeth Rivera
5383,Alexander Rice
4226,Shari Mendez
7837,Randy Garcia
4414,Zachary White
2448,Cathy Gentry
1570,Mark Wilson
3904,Laura Fowler
3505,Courtney Campbell
7982,Jill Larson
7336,William Moore
8086,Jonathan Mcintosh
5749,Richard Acosta
4505,Allison Martin
5529,Victoria Shannon
2135,Anthony Brewer
6162,Barry Smith
2319,Brooke Douglas
5627,Maria Ayala
8389,Thomas Valencia
3690,Steven Melendez
8323,Melissa Robinson
4255,Ashley George
9281,Tanya Evans
6213,Kayla Murphy
5108,Mary Thompson
2857,Charles Saunders
3789,Jeffrey Young
4875,Madison Bell MD
7055,Stephanie Simpson
4882,Jeremy Miller
8129,Leslie Walton
6021,Victoria Rodriguez
3387,Stacie Daniels
7582,Brian Sims
6866,Jennifer Moore
1975,Kevin Brown
8212,Stephanie Bryant
2262,Tricia Johnson
8382,Michele Norton
7231,Melinda Tapia
6630,Margaret Walker
3259,Martin Baird
2257,Sarah Butler
1464,Sonya Deleon
7774,Katherine Burke
8431,Karen Aguirre
4805,Paige Parks
7419,Matthew Butler
4856,Ryan Bell
4135,Peter Sanders
7953,Warren Harrison
7034,Jeffery Thornton
5589,Brandon Hale
2546,Beth Hudson
7065,Sara Nelson
2094,Jacob Garza
3411,Mary Ayala
3617,Johnathan Davis
5145,Matthew Mahoney
3775,Erica Adams
8972,Michael Henry
9775,Michelle Carr
5331,William Payne
2942,Jose Miller
7026,Angela Anderson
9301,Brent Ortega
1191,Erica Blankenship
1861,Mr. Thomas Williams Jr.
7711,Pamela Roberts
1649,Brian Hendrix
5134,Tina Reid
9828,Melissa Howard
2036,Donald Lewis
5131,Valerie Nguyen
3148,Mr. Matthew Hanson DDS
6457,Christina Jensen
2879,Dan Green
8542,Dustin Richmond
2289,Jason Williams
4199,Wendy Chase
8522,Robert Cervantes
4183,Peter Williams
6462,Michelle Garcia
4136,Ashley Dickerson
5920,Kimberly Barber
7324,Tiffany Copeland
9417,Juan Thomas
1776,Troy Richardson
6067,Sherri Price
6518,Karen Haynes
3153,Matthew Jenkins
7094,Mr. Anthony Evans II
7974,Anthony Hammond
5774,Willie Long
8692,Laura Velazquez
4103,Andrew Black
3440,David Mckee
6201,Harry Martinez
1844,Melissa Alexander
1446,Sean Brooks
4915,Kara Hunter
2234,Morgan Bautista
7587,Ricky Reed
8185,Christopher Taylor
6558,Kristina Sullivan
1186,Patricia Smith
6509,Jason Barr
6074,Michael Alvarez
2881,William Houston
2630,Lauren Martin
5405,Cheryl Becker
2574,Ashley Taylor
2695,Amanda Hunter
2445,Linda Lee
7263,Madison Hartman
1052,Elizabeth Carter
6570,Justin White
8579,Rose Guerrero
2666,Lauren Bowman
7855,Gregory Floyd
9263,Martin Smith
5482,Morgan Smith
8243,Crystal Solis
6918,Deanna Cruz
1348,Andrew Pearson
1307,Luis Perkins
4416,John Nguyen
4558,Tammy Baldwin
7531,Kathleen Webster
5620,Rebecca Davis
3985,John Young
1336,Scott Mason
4968,Michael Dalton
2996,Douglas Monroe
4129,Michele Torres DDS
6447,Jack Heath
7129,Deborah Dyer
6850,Matthew Garrett
5204,Alicia Landry
1314,Ryan Rocha
9102,Gregory Joseph
9347,Alexis Blackwell
1886,Johnny Kaufman
1721,John Miller
8678,Mark Farley
4357,Dr. Cheyenne Walsh
1870,Richard West
7751,Travis Berry
1497,Brenda Pitts
2756,Whitney Mendoza
2117,Kim Fisher
7992,Alyssa Johnson
1142,Marc Harris
4435,Joseph Davis
7622,Jane Warren
5512,Alicia Anderson
2848,Laurie Glover
3696,Ryan Farley
2717,Brian Graham
4791,Jason Soto
4871,Jeffrey Bright
2806,Christopher Gross
2504,Brian Kelley
4308,Stephanie King
6048,Thomas Mcdonald
2690,John Rivera
4303,Clinton Barnett
4113,Jacob Elliott
8850,Angela Brown
4924,Kim Smith
9615,Melissa Gomez
5485,Ryan Yang
6831,Allison Moore
5322,Alvin Dalton
8282,Cameron Boone
2874,Michelle Burke
5763,Kevin Lowery
9464,Christopher Strong
2051,Joshua Murphy
8538,Steven Williams
8411,Kayla Rodriguez
4359,Ashley Williams
4176,Samuel Stewart
2251,Veronica Potts
7226,Mary Aguirre
6869,Sierra Gross
9039,Amanda Alexander
5891,Tonya Smith
5992,Amanda Baldwin
2961,Sheri Petersen
7603,Paula Brown
5567,Jeffery Molina
7513,Valerie Garcia
1183,Haley Roberts
8755,Cassie Waters
4358,Kelsey May
7615,John Harrell PhD
7797,Anna Gonzales
9728,Paige Johnson
6698,Vanessa James MD
2273,Nicole Morgan
7653,Nicholas Lopez
2096,Lisa Larson
5247,Kristy Turner
6314,Carla Murphy
2186,Lori Roberts
3398,Alvin Lee
7995,Dr. Steven Wolfe Jr.
8299,Tonya Murphy
5182,Nicole Adams
1128,Laura Warren
5765,Susan Murillo
8545,Donald Baldwin
1627,Barry Valencia
3341,Reginald Brown
6884,Erika Whitehead
9185,Danielle Davis
3925,Charles Harmon
8279,Victor Smith
2987,Bradley Foster
1090,Karen Griffin
9721,Christian Mays
5059,Bonnie Johnson
9383,Angela Gomez
8347,Vincent Villa
2008,Kyle Odom
4783,Amber Martinez
7646,Carrie Walker
5298,Joanne Jones
5668,Kevin Cruz
3052,Paul Murray
7009,Phillip Bryant
2716,Shannon Parker
1310,Dwayne Williams
2260,Jeffrey Wilson
4932,Joshua Shaw
1584,Rhonda Jones
6898,Peter Williams
5939,Andrew Mcdonald
5006,Lori Higgins
1890,Shirley Vaughan
8036,Eric Jones
4961,Brittney Collins
9806,Jennifer Garza
4806,William Smith
7100,Laura Sloan
2719,Joshua Hill
7686,Jared Jordan
2587,Daniel Johnston
1896,Courtney Jones
9469,Larry Clay
5647,Jeffrey Carpenter MD
3432,Robert Sanders
6454,Erika Wilson
9869,Rachel Maynard
3028,Joseph Bailey
7845,Roger Jones
4758,Caitlin Stanley
1589,Monica Rodriguez
3821,Elijah Robinson
1071,Bryan Torres
4580,Gregory Stewart
8962,Catherine Rice
1268,Yolanda Jimenez
3462,John Larson
8384,Yvette Richards
7169,Stacey Sullivan
1985,Kristine Mcknight
7289,Melissa Long
6368,Brandon Garcia
8566,Brian Fuller
8658,Lisa Stone
2003,Richard Williams
9095,Joshua Wood
7524,David Brown
2073,James Carpenter
3402,Kimberly Johnson
2956,Paul Conley
8023,Bob Lane
4907,Cameron Bush
1807,Mark King
5827,Danielle Thomas
3284,Peggy Chandler
6313,Martha Murray
1757,Jason Wright
1961,Travis Harvey
4847,Laura Ortega
7726,Jeffrey Ramsey
4575,Donna Stewart
3418,John Wood
5198,Randy Rogers
2001,Derek Robertson
6244,Joseph Larson
5066,Loretta Rodriguez
3845,Marissa Allen MD
9849,Matthew Cain
6316,Kari Gonzales
1422,Kendra Gonzalez
7715,Stephanie Williams
5266,Jody Collins
8549,Susan Hill
3710,Elizabeth Martinez
9644,Timothy Scott
9069,Cynthia Sanders
2657,Mr. Nicholas Cortez
4164,David Knox
3053,Timothy Clarke
9479,Elijah Powers
6737,Joshua Yates
4217,Dana Elliott
1607,Nathan Schwartz
2764,Jason Nguyen
3671,William Middleton
4962,Lori Pearson
5906,Francisco James
1808,Jessica Hines
1725,Kelly Ramirez
8701,Douglas Gonzales
2216,John Perez
5051,Laura Gonzalez
3197,Melissa Yoder
9970,Jacob Walter
3123,Emma Harrison
9790,James Smith
2814,Tara Curry
2106,Kim Moon
1124,Scott Mosley
4246,Gary Zimmerman
3971,Susan Flores DVM
3017,Teresa Hanna
3415,Michael Johnson
4096,Karina Mack
2609,Michelle Allen
7782,Richard Jones
8905,Amy Morgan
2620,Tamara Wilkerson
8381,Shane Townsend
3941,Jesse Jackson
6695,Tyler Anderson
9975,Alejandro Salinas
9432,Ashley Moreno
6874,Lorraine Hill
2553,Kelsey Taylor
5586,Jennifer Schmidt
9622,Erin Roy
9430,Albert Harris
7447,Jessica Kelly
3345,Veronica Berger
1075,John Jackson
7785,Timothy Vang
5922,Katherine Austin
9090,Dylan Bradshaw
5686,Kent Nicholson
2902,Travis Elliott
8143,Julie Frazier
3059,Cynthia Johnson
2789,Carlos Mclaughlin
5471,Brian Mcdonald
6956,Christopher Carlson
3851,Steve Johnson
3843,Jason Hayes
7543,Christopher Williams
1969,Luis Woods
4195,Todd Garner
2404,Joseph Mann
7940,Christopher White
4982,Dr. Monica Sharp
6555,Kevin Parker
8954,Thomas Johnson
4092,Michael Martinez
5159,Kevin Boyd
7308,Brandon Sanders
8478,Christopher Hines
4969,Dale Townsend
3965,Margaret Phillips MD
5319,Amanda Pena
8108,Derrick Lewis
4939,Kathy Martin
1044,Robert Jones
2909,Brett Meyers
7364,Jennifer Mitchell
1691,Sue Evans
1931,John Olson
8910,George Becker
7382,Calvin Miller
9339,Linda Mcpherson
2032,Heather Sampson MD
2311,Miguel Cantu
9579,Mark Johnson
4121,Jessica Norton
7781,Sara King
2859,Patricia Ferguson
7792,Jacqueline Spencer
2170,Katelyn Adams
9681,Nicole Johnson
6308,Kelly Massey
1287,Elizabeth Gray
6953,Sandra Smith
2161,Kiara Nunez
1129,Sylvia Smith
3363,Carl Wheeler
9151,Jesse Butler
6983,Elizabeth Jones
1143,Tracy Estes
9207,Dr. Diane Gomez
8469,Mark Sullivan
1244,Justin Jackson
1926,Christopher Solomon
9532,Robert Williams
4398,Jason Jensen
3654,Nicole Bryant
2371,Timothy Miller
8135,Timothy Sims
1320,Christopher Espinoza
6300,Laura Daniels
7761,Natalie Banks
7854,James Cantu
6505,Mary Potter
7553,Jessica Duncan
5042,Jerry Patterson
8498,Jonathan Todd
7636,Joyce Baker
8362,Thomas Garner
1194,Kelsey Bailey
3537,Wendy Jackson MD
3842,Charles Hines
3229,Mark Briggs
3077,Brittany Burnett
9635,Kimberly Moore
1297,Robert Hutchinson
6856,Dylan Nielsen
2384,Jerry Walker
9745,Donna Taylor
3350,Michael Williams
2269,Olivia Robinson
9376,Amber James
5563,Jason Rice
7897,Garrett Potter
6593,Adam Adams
5683,Kristin Lucero
9713,Kimberly Campos
4809,Allison Davis
6807,Crystal Roberts
5883,Kenneth Jones
5155,Benjamin Strong
6197,Robert Wade
8452,Brian Harris
9718,Kristen Haynes
1279,Travis Romero
4977,Cory Sanchez
3669,Joanna Wheeler
8825,Jose Bates
4981,Alicia Daniels
6247,Karen James MD
5427,Cathy Martinez
7135,Jason Carr
6573,Emma Walker
8189,Sharon Berry
5535,Heidi Dalton
3776,Heidi Flores
1662,Christine Mcconnell
9671,Jorge Owens MD
6060,Sarah Fisher
6581,Amy Moore
4789,Samantha Hunt
8148,William Vaughn
8766,Margaret Gray
3364,Jonathan Ingram
9872,Brad Brown
5651,Katelyn Young
1609,Tammy Ellis
8940,Sara Thompson
1371,Francisco Powell
7998,David Rodriguez
7911,Samuel Chan
7010,Antonio Gay
3253,Michael Stewart
5942,Jennifer Reyes
1864,Heather Dunn
2268,Kristine Miller
8454,Amanda Harrison
9976,Debbie Flores
5571,Theresa Jones
6229,Michael Griffith
3237,Walter Patterson
5054,Keith Powell II
7394,Sarah Kelly
1325,Matthew Luna
8774,Elaine Warren
4861,Sheri Rhodes
2985,Brian Alvarez
5932,Anthony Mendoza
5603,John Dominguez
3778,Barbara Wilson
9832,Diane Owens
8754,Nathan Wong
5078,Angela Hunter
7754,Lynn Flowers
4966,Eric Velazquez
6968,Peter Young
8493,Ashley Foster
5103,Michael Smith
3076,Latoya Finley
6231,Travis Calderon
6594,Rachel Schwartz
8371,Christopher Bender
2644,Stephanie Charles
1242,Jack Bender
5085,Lisa Flores
8130,Robert Smith
7828,Eric Gibson
9362,Alexis Jackson
9844,Amy Meyer
4512,Dawn Taylor
2499,Shawn Aguilar
5039,Lisa Conway
3035,Preston Jackson
8977,Heather Flores
4823,Michele Combs
1298,Ronald Kidd
8244,Marvin Dickerson
5306,Matthew Jones
3799,Edward Robertson
7578,Zachary Jones
6326,Jeffery Nunez
3657,Sherry Hernandez
4346,Todd Olson
1941,Dawn Howell
2243,Amanda Palmer
6696,Todd Vargas
4957,Curtis King
2966,Diana Hayes
1375,Jeffrey Frey
5362,Sue Dunn
7502,Paul Mclaughlin
2893,Monique Frazier
9106,Jacqueline Hester
2652,Brian Lewis
6540,Ashley Hunter
4892,Kristy Hood
1599,Kenneth Smith
2912,Ethan Morgan
9572,Elizabeth Davis
6599,Robert Norman
7448,Jodi Anderson
9557,Stephen Larson
9982,Cynthia Forbes
4569,Michael Walter
8707,Jessica Alexander
1746,Elizabeth Erickson
9504,April Vazquez
5633,Jennifer King
8008,Jeremiah Krueger
3381,Zachary Green
4618,Jacqueline Diaz
1272,Danielle Barry
2773,Dr. Richard Tran MD
1506,Timothy Watson
7719,Jordan Petty
9697,David Turner
7360,Douglas Hall
4590,William Miller
2192,Kevin Casey
2464,Sarah Miller
6615,Sara Eaton
7106,Anthony Hall
9864,Karen Gill
2211,Shannon Gibbs
2539,Kenneth Flores
1643,Claudia Hayden MD
9693,James Roth
8680,Melanie Perry
5386,Sonya Randall
3339,Andrew Kennedy
9947,Melissa Wright
6930,Ryan Lynch
6402,Amy Wagner MD
6663,Rachel Morales
6275,Abigail Day
1507,Ethan Taylor
2436,Samuel Scott
9750,John Rodriguez
8354,Michael Costa
5516,Antonio Barker
4622,Jason Baker
9111,Andrea Bates
4715,Jeffrey York
8837,Mark Porter
8370,Jill Ward
3155,Ruth Mills
7365,Michele Palmer
3646,Michael Hernandez
6209,Dustin Miller
7533,Melinda Bradley
5677,Samantha Roberts
8211,Laurie Montoya
8933,John Nichols
8928,Mary Pitts
3080,Tammy Phillips
8396,Linda Nunez
8797,Jonathan Hall
9346,Terri Harris
4494,Ryan Mann
1904,Beth Brewer
9938,Gary Smith
2725,Martin Huffman
9462,Cynthia Robinson
6606,Glenn Roberts
4956,Julian Guerra
1171,Rebecca Mitchell
3306,Michael Benson
1421,Laura Harrell
7103,Henry Shaw
2473,Cindy Rodriguez
3181,Megan Huber
6882,Dr. Robert Johnson
6982,Amanda Pugh
6798,Ann Morales
9456,Sarah Booth
7559,Sara Marquez
8620,Courtney Jones
3774,Jessica Lamb
6673,William Campbell
9134,Gabriel Combs
3170,Alexander Wilson
6506,Brian Fleming
3395,Robert Kelly
6515,Casey Torres
3670,Pamela Moore
4365,Kathryn Mcdaniel
1588,James Hardy
7663,Sherry Mitchell
5086,Kristy Wagner
9531,Catherine Diaz
5270,William Miller
9022,Amanda Washington
6452,Rebecca Gonzalez
4567,Michael Norris
4899,Sara Murphy
8500,Nicole Ballard
7470,Travis Moore
5321,Eric Watson
3313,Julie Sellers
2231,Leonard Espinoza
3999,Sally Holloway
5056,Anita Olsen
1305,Susan Sanders
4917,Kyle Gordon
8080,Lauren Buchanan
3936,Jeffrey Fox
4862,Troy Williams
6649,Joseph Knox
4261,Debbie Jordan
3226,Thomas Howard
2079,Jessica Mills
7280,Benjamin Smith
8235,Mr. Aaron Edwards MD
1813,Nicole Warren DDS
6089,Dr. Matthew Gentry MD
3031,Kristen Schwartz
9514,Brooke Mclaughlin
3653,Mitchell Bray
9558,William Bishop
3897,Sean Parker
5041,Corey Wilson
3038,Mark Austin
1494,Taylor Stewart
8116,Bridget Harper
2784,Maria Gutierrez
6266,Brittney Kim
6428,Joseph Griffith
7681,Alicia Acosta
8607,David Holloway
8669,Brian Stewart
5534,Gregory Miller
6979,Shannon Bryan
9890,Lisa Lester
3938,Brandi Patrick
6296,Mrs. Kaylee Martin
8204,Thomas Price
6730,Bobby Singh
6602,Kari Miller
3639,Joanne Winters
2366,Lori Mason
7453,Christina Taylor
7671,Megan Woods
5539,Carol Taylor
9876,Jonathan Soto
3887,Thomas Torres
5180,Mary Norman
5758,Robert Griffin
1626,Debbie Robbins
6014,Mary Edwards
2375,Brittany Hansen
2181,Stephanie Wong
6708,Tina Rodriguez
1490,John Hawkins
4729,Allen Hickman
6974,Marc Wells
4534,Brett Conrad
4296,Madison Lee
2940,Eduardo Mcknight
2882,Ashley Jones
5908,Linda Edwards
3987,Alicia Riley
4159,Marco Tucker
1681,Sandra Harper
6254,Sarah Lee
8966,Patrick Gross
3580,William Deleon
8257,Pamela Booth
7772,Travis Morgan
9488,Phillip Gardner
3296,Jessica Valenzuela
1901,Nicole Avila
7060,Antonio Russell
2677,Pamela Sullivan
3881,Danielle Johns
9052,Mr. Todd Welch
6650,Kathleen Rangel
7487,Brent Neal
5248,Anthony Martin
3476,Hannah Newman
1220,Tracy Acosta
5818,Todd Escobar
5623,Charles Jordan
8349,Monica Colon
8209,Eric Coleman
2871,Michael Mitchell
8915,Jeffrey Griffin
2462,Erin Smith
6521,Karen Massey
9536,Renee Shah
9236,Michael Powell
6753,Caroline Burgess
8237,Sarah Anderson
7191,Olivia Bowen
2514,Kara Mueller
3598,Andrea West
2033,Richard Warner
7899,Deanna Mejia
5476,Antonio Martin
1478,Sandra Morgan
1515,Sheri James
9334,Kathryn Chaney
7008,Gabriel Orr
4332,Ashley Smith
1787,Brittney Walker
7222,Darren Stephens
1622,Jenna Ramirez
3572,Jeremy Johnson
6033,Rhonda Gallagher
6214,Shari Glass
5712,Michele Phelps
1066,Joshua Roy
8533,Kristen Kennedy
8465,Bobby Russell
4339,Richard Skinner
1548,Michael Hardin
8675,Jerry Moore
1198,Christopher Benson
1790,David Moreno
2174,Pamela Adams
1178,Steven Walker
3244,Robert Chandler
1734,Michael Moreno
7232,Brianna Chen
1798,Joel Campbell
8601,Kimberly Anderson
9979,Edward Mccoy
3795,Elizabeth Young
5588,John Thomas
8297,Tyler Carroll
4084,Brandi Davis
1731,Joshua Byrd
2129,Sheri Hawkins
3933,Alexandra Andrews
9516,Elizabeth Martinez
2490,Darlene Ramos
1893,Tamara Kelly
5239,Dana Williams
5479,Sherry Hamilton DVM
3263,Krista Fowler
2515,Wyatt Rodriguez Jr.
7326,Jill Collins
6586,Michelle Howell
3917,Jessica Jones
6731,Matthew Arnold
9302,Michael Wilson
5327,Stephen Evans MD
4793,Kristopher Russell
3220,Wanda Ayala
2030,Gina Crane
7691,John Yu
4992,Courtney Hughes
8037,Tony Avery
7221,Walter James
8090,Casey White
8769,Daniel Owens
5661,David Saunders
2894,Angela Wilson
7322,Douglas Willis
3716,Donna Johnson
2335,Thomas Wagner
1378,Yolanda Torres
4829,Jessica Jackson
7380,Joseph Hernandez
2754,Andrew Rivera
1463,Cindy Jackson
5267,Joshua Johnson
4158,John Williams
4624,Mary Prince
5938,Gavin Chang
6417,Kenneth Haas
7004,Amber Williams
9881,Anna Crawford
6603,Christopher Forbes
3212,Meghan Smith
7120,Monica George
3256,Scott Mendoza
2412,Kathy Ray
7146,Jessica Snyder
9802,Vincent Lynn
2391,Alison Keller
2340,Gabriel Harris
3939,Samantha Avila
6969,Crystal Sanchez
5813,Christopher Scott
4150,Richard Camacho
7414,George Hudson
5657,Wendy Davis
7947,Benjamin Martinez
4662,Lynn Wells
5797,Kiara Davidson
6480,Matthew Decker
1983,Kelsey Gutierrez
9543,Brandon Ramos
5174,Melinda Burns
8265,Jason Reeves
5645,Sarah Green
3061,Michael Robertson
5487,Stephanie Moore
3644,James Hall
7449,Stephanie Perry
7768,Dawn Owens
8440,Matthew Barber
3550,John Blackburn
7054,Suzanne Hall
9042,Natalie Miller
8893,Seth Austin
8445,Thomas Spence
3721,Sandy Rivera
8104,Kimberly Brown
7240,John Hughes
4153,Jose Schneider
8450,Robin Jones
2706,Megan Gray
2128,Bobby Day
6583,Samantha Moore
6718,Mark James
7001,David Nicholson
3741,Anthony French
1228,David Bennett
5284,Garrett Hernandez
9617,Erin Combs
1498,Keith Goodwin
3809,Dr. Sherri Smith
5961,Ashley Davis
4779,Frederick Dunn
3118,George Stuart
7391,Debbie Richardson
8942,James Williams
5565,Kathleen Gilbert DDS
6187,Taylor House
7637,Hailey Taylor
9243,Cynthia Jackson
3410,Billy Kelly
2820,Randall Brooks
3521,Hannah Phillips
2867,Joan Gilbert
8602,Joseph Peterson
1240,Arthur Reynolds
5631,David Wilson
9274,Robert Castillo
6077,Tracy Avila
4768,Mr. Richard Flores
8995,Angel Johnson
7429,Samuel Thompson
4605,Elijah Anderson
3173,Brian Wiggins
7568,Richard Perez
3601,Andrew Stephens
7080,Diana Carter
8325,Dr. Ashley Garcia MD
9313,Jerry Mahoney
5368,Matthew Gibson
2317,Michael Schultz
2133,Leslie Cain
2910,Vanessa Rubio
9107,Mrs. Mary Price
2916,Stacy Morgan
7464,John Wilkins
9683,Justin Rivera
1585,Dennis Brown
1534,Sharon Adkins
5011,Lawrence White
7957,Betty Rice
6325,Stephanie Smith
9518,Brenda Valdez
3706,Mark Price
9316,Aaron Hill
2861,Molly Cook
6269,Dan Watts
1437,Kirsten Roberts
9081,Thomas Bruce
6398,Shannon Murphy
7678,Lisa Owen
6529,Robin Rivers
7604,Sue Campbell
4918,Heidi Lee
2067,James Santana
1026,Tracy Garcia
8118,Troy Silva
1547,Joel Simpson
6338,Sherry Clark
4140,Kelly Patterson
2590,Heidi Chang
9997,Kevin Marquez
8798,Cynthia James
2357,Danny Delgado
3728,Abigail Martin
8481,Dylan Jenkins
4114,Benjamin Brown
1616,Sandy Mcclain
2203,Andrea Ross
3630,Johnny Walker
4161,Brian Rodriguez
9861,Joseph Cook
8376,Jason Lang
5151,Regina Wright
9911,Manuel Hall
7175,Brenda Strickland
1283,Aaron Mcdonald
6840,Marilyn Rodgers
4565,Carlos Whitney
5593,Chris Craig
2465,Matthew Bennett
5734,Erika Duffy
8366,Melissa Gomez
7858,Robert Wolfe
3121,Danielle Wells
3223,Christopher Evans
5522,Corey Jenkins
4188,Patrick Reed
5136,Kent Johnson
1343,Sara Carter
5704,Rhonda Serrano
5823,Sandra Jones
4201,Kathleen Barrett
6471,Christopher Walsh
1888,Jamie Davis
8127,Laura Flowers
4720,Martin Hoover
3883,Mario Holden
7961,Robert Duncan
4001,Dominic Rodriguez
2738,Nancy Jones
1151,Adrian Hunter
9777,Andrea Walsh
1912,Debra Jones
3321,Stephen Clark
1495,James Clark
2552,Matthew Hughes
4085,Ashlee Coleman
1156,John Brown
9926,Shaun Smith
8505,Rachael Soto
6523,Jennifer Bentley
9055,George Swanson
7250,Lori Morales
8246,Paul Berg
1996,Sara Crosby
5626,David Flores
3905,Alexis Lindsey
8853,Jennifer Gray
1786,Danielle Thompson
5272,Audrey Hopkins
4767,Adam Schmitt
9834,Sandra Flores
6994,Ryan Sanchez
8216,Joseph Marshall
9857,Carolyn Spencer
6427,Kenneth Ortiz
8055,Cynthia Price
2212,Cheryl Webb
7965,Thomas Wagner
8433,Kimberly Brown
8367,Deanna Anderson
5582,Michael Gomez
5185,William Arellano
8328,Sarah Wells
1300,Morgan Crane
1723,Brittney Rogers
4010,Diana Rodgers
3506,Chad Chaney
1397,Jennifer Adams
6680,Thomas Brooks
5825,Christopher Sanders
9747,David Ward
4661,Kenneth Stout
8067,Anthony Allen
6091,Dr. Harry Reese
2601,Dr. Daniel Marshall
2480,Ronald Turner
6499,Adam Murray
7273,Natalie Johnson
2299,Marvin Wilkins
9269,Mary Hutchinson
3831,Rebecca Lewis
2532,Donald Torres
6253,Christopher Collins
4089,Linda Glover
5275,Michele Marshall
6365,Duane Norton
4122,Jeffery Munoz
9167,Roy Phelps
6190,Carolyn Conner
5575,Lisa Leonard
8727,Samantha Roberson
2797,Melissa Houston
3131,Brian Lee
8322,Eric Kidd
7500,Amy West
1815,Nicholas Watkins
9634,Bradley Obrien
7666,Steven Carpenter
2410,William Davis
4364,Kristine Brown
7085,Patricia Matthews
2172,Mr. Michael Anderson
2641,Jacqueline Harvey
1471,Jennifer Villegas
3940,Kara Torres
5726,John Roy
8670,Matthew Petty
4723,Robert Carey
1363,Kathleen Moreno
4309,Julie Wilson
7923,Christopher Mosley
6204,Mary Johnson
8288,Donna Williams
4203,Brett Morgan
1641,Mr. Drew Campbell
6200,Tina Stewart
9521,Jonathan Merritt
1865,Tammy Carr
1773,Allison Johnson
4518,Jennifer Garrett DVM
7795,Stephen Day
7984,Michael Thornton
1739,William Brown
2545,Melissa Thompson
6127,Christina Robertson
7620,Richard Fowler
9943,Adam Hayes
4732,Karen Morales
3283,Stephanie Moody
8868,Adam Morse
3603,Paul Peterson
6961,Matthew Hancock
2680,Stephanie Wolfe
6682,Rick Sloan
9084,Heather Wells
6367,Angela Anthony
1069,Melinda Tran
7200,Maria Gomez
9992,Gregory Carr
9119,Darrell Nguyen
1755,Amy Barber
7495,Kimberly Schultz
6935,Caitlin Short
6705,Robert Wilson
9216,Justin Murray
1737,Susan Martin
9371,Steve Calhoun
1231,Brandon Cooper
9534,John Martinez
3623,Peter Shaw
8072,Tommy Guerrero
3276,Vickie Kelly
8393,Sandra Faulkner
3135,Anne Miller
7727,Chase Foster Jr.
2565,William Poole
1308,Jason Moore
9627,Kendra Wright
9368,Audrey Taylor
4257,Brandon Charles
4235,Michael Dominguez
1942,Michael Garza
6720,Thomas Moyer
5957,Vincent Martinez
4381,Debra Vazquez
6839,Debra Boyle
3880,William Jordan
6533,Amber Kelly
6378,Michelle Ryan
3663,Spencer White
4659,Angela Torres DDS
2131,Brandy Johnson
6092,James Duarte
7022,Joseph Glenn
7159,Monica Flores
8318,Jesse French
9520,Bobby Baldwin
4044,Jennifer Martin
6636,John Ryan
3892,Mark Castro
6288,Cheryl Bradley
6812,Timothy Morgan
1654,Denise Morgan
6481,Russell Warren
1759,Alyssa Ellis
6159,Natasha Yates
9446,Richard Galvan
6262,Ian Shelton
2876,Ashley Edwards
8787,Crystal Lee MD
4734,Daniel Perez
6972,Cynthia Garrett
7639,Jerry Smith
6356,Tiffany Johnson
5314,Gina Robertson
3508,Stephanie Harris MD
3682,Joseph Coleman
5711,Bradley Harris DDS
7479,Jorge Richardson
7964,Diana Conner
9075,Christopher Jackson
9447,Christopher Buck
7496,Nicole Harrison
8688,Jordan Acevedo
4908,Brianna Young
5379,Daniel Galvan
9388,Madeline Mcmillan
1877,Adam Page
9761,Bryan Allison
3637,Nicholas Bray
8242,Sophia Shields
9613,Douglas Crawford
2204,Corey Buckley
1544,Timothy Sanchez
2223,James Taylor
4172,Taylor Love
9959,Brandon Ortega
7520,James Perez
7821,Jeremy Livingston DDS
3446,Aaron Tran
9412,Jack Green
4666,Paula Campbell
5277,Gary Brown
3569,Amber Marshall
4985,Jason Gibson
8448,Meredith Bowman
5310,Kevin Hunt
4019,Karen Reid
4681,Miss Elizabeth Garcia DVM
5196,Melissa Johnson
5753,Kristen Flores
5002,Cody Sanders
6629,Renee Green
9963,Ashley Hardin
8422,Travis Ibarra
9625,Brian Anderson
4407,Jacob Walker
8795,Jennifer Peterson
3793,James Garrett
8334,Angela Orr
8952,Dr. Lawrence Johnson
1250,Jeffrey Ortiz
9098,John Hamilton MD
6289,Stacy Bowman
7437,Lawrence Hoover
2173,Ray Bentley
9624,Adam Daugherty
1835,Danny Sanford
3262,James Medina
4815,Amber Hughes
1246,Phillip Barry
3429,Robert Griffin
5022,Mary Bradley
4151,Brandi Vargas
6580,Kimberly Tate
8054,Jason Lynch
8706,Lisa Torres
5573,Jennifer Lewis
4491,Jennifer Burgess
1706,Kimberly Maldonado
7997,Susan Johnson
9779,John Acevedo
2334,Emma Prince
2847,Kayla Chambers
7851,Katherine Gallagher
8865,Kaylee Brandt
4317,Kari Mckenzie
1164,Seth Morgan
8060,Colleen Weber
4057,Christina Holmes
5428,Lynn Camacho
1402,Hannah Morgan
7349,Michael Roman
5157,Gabriel Gonzalez
8467,Lauren Anderson
7571,Chad Johnson
1579,Richard Campbell
4039,Travis Price
5137,Brian Brown
1452,Emily Baker
7537,Evan Martinez
2467,Mary Morris
8572,Sarah Morris
7747,Tyler Leonard
1880,Mr. Kenneth Hicks
4149,Shaun Newman
9276,Benjamin Rice
5144,Christina Oliver
2168,Lynn Clark
3526,Roy Harris
4367,Sarah Hoffman
8338,Andrew Brown
4555,Stacy Munoz
6111,Jake Harris
7752,Courtney Morgan
1445,Alfred Ballard
4626,Eric Rodriguez
5016,Tracy Holmes
6497,Melanie Hughes
1261,Nicholas Campbell
9283,Matthew Herring
5222,Vicki Jenkins
4443,Jessica Rodriguez
6011,Brian Vance
1693,Brandon Price
2407,Kevin Mccullough
4497,Catherine Watson
5372,Mitchell Davis
1551,Ashley Pierce
5332,Miguel Carter
1997,Emily Roth
5076,Daniel Palmer
5052,Stephanie Edwards
6303,Crystal Jones
9118,Joseph Brown
6616,Jared Carr
3248,Paul Anderson
1848,Julie Coleman
9695,Crystal Randolph
4625,Heather Davenport
9449,Shane Clark
6492,Herbert Waters
9949,Patrick Miller
7567,Theresa Wilson
4459,Larry Mercado
7117,Ronnie Ortega
2992,Thomas Moss
9498,Christopher Patel
2860,Steven Roberts
6176,Matthew Day DDS
1722,Jesse Conner
9971,Donna James
9720,Anthony Rivera
9400,Michael Robertson
6819,Kevin Cobb
1418,Debra Martinez
2099,Darryl Harris
4392,Douglas Morgan
7784,Amy Watts
2070,Derek Obrien
7522,Norman Murphy
2850,Kyle Joyce
6053,Kelly Bradley
8194,Peter Reynolds
6851,Joseph Brown
7673,Melissa Garza
1678,Jocelyn Mccoy
2502,Anthony Hill
6281,Claudia Robinson
6027,Anne Lin
2425,Michelle Moore
7654,Amber Riddle
7856,Mark Trujillo
5689,Andrew Davis
3436,Michael White
6517,Colleen Estrada
7310,Erin Weber DDS
3241,Elizabeth Mcintyre
7378,Nichole Wilson
1403,Brooke Gomez
4382,Donna Wagner
5163,Tyler Wade
8630,Eric Adkins
1087,Adam Schroeder
6816,Michele Mcclure
6470,Mary Henry
6739,Brianna Wilkins
5273,Melissa Pitts
7523,David Randolph
6003,Timothy Davis
7606,Katrina Eaton
7130,Ronald Wright Jr.
3042,Maria Miller
5598,Nicole Frost
1118,Melissa Torres
1709,Chelsey Wade
4557,Mary Porter
4250,Ann Schmidt
9061,Lauren Prince
2101,Bailey Wilson
5421,Steven Miller
9177,Elizabeth Fields
7658,Jaime Wall
9021,William Griffin
3379,Eric Simmons
9879,Michelle Franklin
4209,Tina Sanchez
7743,Brian Higgins Jr.
6648,Laura Walker
6171,Amber Mcguire
8890,Joseph Mcclure
1324,Amber Frost
4587,Michelle Mcconnell
5354,Alexandra Brown
4127,Jonathan Ward
4395,Michael Ibarra
2164,Mark Anderson
6360,Christine Cantu
1354,Lawrence Barber
2872,Cristian Shaffer
3024,Michael Brown
9257,Matthew Edwards
3486,Michelle Good
9919,Maria Williams
8435,Jenny Hanna
6065,Annette Bailey
1639,Maurice Ramsey
1172,Sarah Cooper
6666,Katrina Shea
3886,Alex Jones
3164,Dennis Krueger
4945,Joseph Ayala
6235,Michael Taylor
8746,Jeffrey Young
5934,Frederick Wilkerson
4880,Anita Contreras
6676,Charles Erickson
9060,Travis Daugherty
4990,Ana Le
6210,Patricia Andrews
5845,Carlos Harrell
2189,Haley Wilson
3689,Richard Lopez
5095,Aaron Allen
8768,Andrew Bullock
9240,Eugene Simmons
8406,Nicole Shields
3833,John Gonzalez
8645,Jennifer Harris
9273,Mark Powers
9278,Shawn Thomas
1821,Zachary Martin
8525,Sheila Owens
4535,David Brooks
3707,Joseph Walker
8959,Jacob Parker
4933,Mr. Eddie Hunter MD
1564,Sharon Miller
3500,Jennifer Rivas
7030,Brenda Cohen
1223,Sharon Phillips
1350,Rebecca Garcia
2928,Tammy Hernandez
8743,Nicole Meyer
9540,Christian Blankenship
2017,Amanda Wallace
6322,John Sanders
7878,Angela Kramer
5161,Jacob Sweeney
9638,Mckenzie Skinner
3944,Tony Green
8210,Laura Lozano
8653,Rebecca James
2074,Robin Johnson
5305,Felicia Vasquez
4007,Andres Wallace
9772,Kimberly Khan
1229,Denise Leonard
4185,Kevin Ortiz
1501,Miss Lisa Gordon DVM
1048,Melissa Holt MD
4566,Samantha Mccann
4055,Nicole Holland
9880,Johnny Stout
6820,Mark Cook
3302,Ryan Gilmore
5366,Rebekah Wiley
1122,David Cooper
9450,Jerry Scott
1524,Lacey Washington
9001,Daniel Higgins
4749,Karen Rivera
5453,Daniel Bradshaw
6336,Adam Wilson
5551,Diana Cunningham
3823,Ricky White
6728,Melissa Sanchez
9677,David Parsons
9391,Justin Sullivan
2982,Jerry Bush
3311,Joseph Campbell
8225,Alexis Waller
1604,John Evans
6785,Carlos Allen
5597,Tammy Grant
8759,Jose Hull
8532,Elizabeth Bowman
9740,Mark Bell
1838,Erica Thompson
1847,Juan Gallagher
5709,Ryan Leach
7575,James Gardner
5773,Anthony Tran
6192,Jennifer Lopez
4320,Tracy Burke
5698,Zachary Trujillo
4673,Colin Hernandez
2564,Christopher Martinez
2840,Timothy Lin
7058,Michelle Walker
8131,Karen Price
7697,Faith Palmer
4885,Stephanie Rangel MD
3970,Eugene Hayes
1947,Miss Linda Mason
3251,Jackie Smith
2235,Jessica Campbell
7720,Scott Travis
7906,Jacob Logan
5141,Peter Chavez
6335,Dominique Werner
6611,Taylor Wright
6577,Kimberly Escobar
2559,Christopher Skinner
2507,Ariana Herman
3063,Lindsay Jackson
2294,Claudia Riley
5065,Stacy Ramos
9014,Ann Garza
2603,Tanner Jimenez
2322,Monica Gonzales
3441,Lauren Lynch
4787,Cindy Evans
3208,Sarah Wright
1175,Sandra Johnson
8169,Alan Rowe
7014,Kevin Taylor
6147,Bill Hawkins
7199,Rachel Reynolds
1546,Julie Osborn
8965,Alexander Branch
3083,Jeffrey Taylor
3040,Michael Webb
2752,Zachary Frazier
2600,Jacqueline Cox
4799,Susan Harper
1618,Keith Rivas
6491,Scott Rodriguez
6795,John Chambers
8633,Kathryn Adams
2487,Thomas Anderson
6009,Charles Davis
2044,Kayla Huffman
3431,Tammy Davis
2582,Antonio Spence
9793,Amanda Chase
8503,Steven Mendoza
5766,Don Martin
6362,Richard Roberts
1100,Jesse Martinez
7657,Stephanie Pena
6875,Kenneth Marshall
5271,Jesse Jones
1237,Taylor Smith
6218,Andrew Moore
7073,Michelle Barajas
3542,Katie Frank
1754,Alexander Deleon
6507,Nancy Hamilton
5235,Bryan Valdez
1540,Jamie Harris
8926,Victor Cole
4145,Timothy Diaz
5067,Roberto Vargas
8281,Kristin Lowe
3509,Ryan Anderson
9511,Andrea Davis DDS
3149,Amber Morgan
7713,Javier Williams
5207,Ashley Smith
4936,Elizabeth Johnston
2075,Michelle Johnson
7379,Craig Thompson
8456,John Bond
5674,Kelly Miller
7041,Julia Moore
6419,Sandra Davis DDS
3722,Dr. Tanya Horton
1470,Megan Clark
2468,Daniel Franco
8925,Patrick Wilson
9012,Nicholas Weaver
9249,Nicholas Smith
4895,Tina Miller
9874,Ethan Moss
4454,Jessica Grant
2790,Krista Williamson
1885,Christopher Ross
3073,Theodore Bates
1312,Kiara Williams
6317,Sherry George
1810,Scott Mcmahon
3705,Regina Martinez
9788,James Marquez
3147,Anna Smith
6677,Joseph Campbell
3013,Michael Smith
4697,Christina Williams
5350,Amy Freeman
3926,Kristin Williams
5376,Kimberly Romero MD
5868,Aaron Hill
7862,Carlos Morgan
5423,Margaret Warren
7870,Christopher Lowe
9159,Joshua Smith
7170,Jonathon Conway
1701,Stephanie Brown
9113,Julie Oconnell
7825,Jeremy Smith
5264,Natasha Jimenez
8968,Brenda Williams
9146,Jane Turner
9719,Michele Roach
5619,Linda Hernandez PhD
7875,Kayla Lee
8856,Cody Perez
4022,John Garrison
2770,Laura Davis
4215,Robin Bass
4737,Anna Hernandez
1752,Jonathan Jones
2392,Christopher Ryan
1677,Matthew Fleming
6544,Michael Perry
2095,Cathy Walton
2782,Jeanne Thomas
5541,Megan Blair DDS
7213,Robert Mcdowell
2561,Lisa Dixon
5550,Emma Clay
4123,Nancy Ellis
2209,Daniel Holland
6153,Traci Ortiz
5898,Mark Grant
3178,Sonya Grant
3544,Julie Hanson
6522,Marie Weber
3370,Sara Morris
4281,Harold Li
5710,Courtney Tyler
1328,John Mathis
6579,Christopher Hanson
5228,Tommy Kline
7794,Brittany Lester
1120,Elizabeth Keller
7749,Cindy Keith
1964,Tara Wilson
5224,Travis Wallace
7865,Corey Nelson
6643,Angela Kirby
9524,Susan Blair
1355,Sandra Mcmahon
1028,Ernest Moreno
9961,Jerome Miller
8399,Catherine Gregory
5601,Stephanie Kim
2416,Ryan Johnson
8529,Brad Woods
5474,Heather Khan
4071,Kayla Baker
1555,Kim Cline
2563,Jeffrey Walker
3686,Linda Hall
3553,Veronica Jensen
5326,Lisa Carrillo
6835,Sylvia Mcdaniel
4229,Paul Cook
2108,Stephanie Grant
4677,Scott Bell
7363,Bridget Munoz
9222,Patricia Rivera
8690,Charles Haas
2400,Cindy Turner
5071,Stephanie Black
1940,Renee Montoya
4457,Benjamin Gomez
1453,James Leach
9184,Ashley Hanson
1818,Jennifer Maldonado
1012,Derrick Shah
7475,Timothy Lyons
5792,Spencer Tucker
7830,Daniel Franklin
3434,Justin Phillips
3868,Jennifer Nelson
2438,Brad Mcintosh
4543,Tina Haney
2781,Larry Allen
7343,Nicholas Sharp
1211,Dr. Melissa Roy DDS
9699,William Smith
7860,Brandon Bruce
9169,Jason Carr
9742,Shelia Gardner
5975,Dennis Berry
1648,Melissa Scott
6095,Steven Cruz
2009,Melissa Holt
2550,Jennifer Barnes
8492,Tiffany Maxwell
4401,Breanna Williams
8447,Logan Hernandez
6424,Daniel Foster
5241,Victoria Ferguson
2176,Kevin Martinez
3233,John Cook
5700,Tina Turner
6559,Brenda Bennett
3513,Kelly Ortiz
2951,Christina Turner
8799,Gabriel Poole
1595,Alexis Wood
5439,Kelsey Cooley
1858,Kellie Gomez
6519,Seth Hansen
5317,James Fields
7952,Heather Kennedy
5055,Heather Turner
2672,Sydney Moore
5532,Melissa Peters
5924,Catherine Wright
5864,Thomas Hernandez
2221,Julie Stone
3860,John Walker
4782,Brian Diaz
1766,Tony Stevens
8482,Denise Brown
8964,Angela Lopez
4513,Carolyn Downs
6822,Austin Diaz Jr.
3072,William Mills
4949,Mary Johnson
5415,Christopher Hansen
6993,Rebecca Rhodes
3907,Michelle Holland
4870,Sarah Wilson
1938,Robert Thomas
3510,Heidi Williams
2649,Nicholas Mcguire
9405,Christopher Nguyen
1058,Richard Thomas
9314,Ricky West
1561,Monica Curtis
2737,Monica Cooper
8095,Paul Garcia
5655,Anna Graves
2109,John Smith
4771,Rachael Bennett
9563,Andrew Snyder
7123,Michael Simmons
5466,Sherri Ortiz MD
6538,Terry Mccoy
8111,Jesse Turner
5607,John Torres
2541,Juan Yates
9598,Joshua Roberts
3269,Donald Davis IV
6072,Elizabeth Carter
9420,Rachel Zavala
2313,Laura Dickson
8847,Samuel George
4285,James Cervantes
4095,Savannah Conner
8637,Cathy Lane
4803,Lindsey Watts
9809,Christopher Watson
3165,Erica Martinez
7452,Michael Lawrence
9067,Kyle Hoffman
8642,Wayne Wright
5381,Kayla Patel
5782,Hailey Robles
8460,Jennifer Harris
4078,Linda Montoya
8259,Austin Charles
3523,Cassie Donaldson
5581,Connie Chapman
6609,Melissa Bailey
3001,Jamie Davila
7552,Jill Gill
2220,Gary Vasquez
9074,Mark Morris
1834,Walter Ortega
7598,Donna Davis
3413,Susan Benton
5498,Mary Conrad
1209,Michael Taylor
1233,Philip Robertson
1792,Samantha Sherman
4110,Aaron Reynolds
3166,Stephanie Hall
9526,Ricky Moore
6193,Daniel Watkins
5419,Paul Porter
1212,Lisa Skinner
2658,Stephanie Thompson
6024,Bonnie Wu
2794,Jamie Roberts
9296,Melissa Thomas
6551,Rebecca Lee
4293,Alex Alvarado
4329,Jonathan Donaldson
5808,James Lewis Jr.
8937,Rachel Martinez
1711,Madison King
2888,Mark Rojas
8173,Caroline Hunter
2259,Kenneth Dennis
6246,Kelsey Rodriguez
8271,Dylan Pitts
1748,Amy Lyons
7400,Amanda Taylor
9701,Melvin Andrews
2777,Michael Becker
2222,Brett Lopez
9893,Donna Mccullough
9343,Mary Hoffman
9998,Debbie Waters
5656,Kathleen Simon
2242,Sonia Cunningham
9539,Megan Ross
2831,Hannah Hobbs
2569,Jeremy Reyes
2918,Louis Thompson
4232,Mr. Timothy Thomas DVM
2824,Anna Webb
5060,Lisa Scott
6324,Deanna Thomas
2721,Joseph Holmes
5210,Roger Sanders
1368,Shaun Simmons
9424,Justin Collins
2469,Elizabeth Ball
5725,Robert Forbes
4431,Autumn Allen
8420,Jordan Gonzales
1779,Walter Gonzalez
3902,Catherine White
6212,Steven Montgomery
9587,Nancy Richardson
8174,Daniel Brown
6114,Stephen Taylor
5335,Mrs. Tricia Smith DVM
6494,Mrs. Erika Allison DDS
9817,James Baldwin
4994,Sandra Rodriguez
9414,Anthony Hawkins
1743,Andrew Wolf
1462,Paula Mitchell DVM
2568,Timothy Nguyen
2736,Dwayne Mahoney
8903,Amanda Mosley
9856,William Jones
4370,Stephanie Massey
9290,Tara Lopez
4650,Michael Brown
4620,Justin Palmer DDS
4190,Richard Brewer
3650,Micheal Charles
1809,Michael Roberts
9047,Daniel Brock
6501,Nichole Webb
4548,Anthony Ingram
6264,Patricia Villarreal
3423,Jessica Rodriguez
9071,Krystal Meyer
3908,Brian Roberts
7755,Adrian Price
4883,Marcus Good
4515,Jeffrey Gilbert
4403,Edward Gardner
6008,Sandra Wood
9593,Gabrielle Campbell
5613,Sarah Pennington
9183,Raymond Marsh
9401,Sally Ramsey MD
4928,Christine Welch
7558,Tracy Clark
1393,Rebecca Schneider
7839,John Perez
1132,Lauren Rogers
4770,William Rodriguez
3268,Joseph Flores
8213,Michele Butler
3835,David Evans
2963,Ellen Cruz
1889,Kevin Barrett
4061,Maurice White
7461,Nicholas Jordan
7967,Christopher Marshall
9101,Joseph Mercer
8379,Danny Stewart
3362,Amy Brock MD
2726,Karen White
8013,Alan Simpson
1837,Tom Thompson
5584,Keith Baker
1356,Taylor Rollins
5418,Nancy Bartlett
5879,Patrick Davis
3870,Kyle Williams
1292,James Perry
3374,Jill Lewis
3272,Jennifer Mccoy
4400,Julia Valencia
5542,Rachel Fischer
4523,Kenneth Holt
3488,Derrick Hutchinson
2558,Mitchell Jones
2103,Scott Mccullough
8520,Alan Serrano
3956,Wendy Berger
7017,Taylor Fisher
9897,Lisa Garza
8756,Steven Hardy
7948,Dana Montgomery
4602,Christopher Warren
6062,Marissa Gonzalez
7372,John Hernandez
8105,Christopher Jackson
3762,Aaron Clark
5050,Lisa Cooper
4777,Christy Allen
2349,Michele Massey
4896,Jordan Huffman
9384,Christopher Avila
3577,Pam Guzman
1091,Phillip Reed
9672,Tami Miles
7592,Brian Wyatt
9128,Juan Lewis
9168,James Wade
7861,Judith Peterson
9990,Donald Little
8065,Sonya Murphy
7800,Patty Wilson MD
8320,James Keller
2877,Ronald Rogers
2699,Sean Sanders
1665,Amanda Walsh
7611,Courtney Smith
9419,Alicia Armstrong
6263,Nicholas Fisher
5508,Logan Phillips
2755,Nancy Fleming
1519,Thomas Smith
8233,Monica Hansen
6781,Taylor Ortiz
8258,Brian Stewart
7554,April Fisher
7605,Kevin Jones
3986,Taylor Levine
1400,Danielle Hughes
3855,Cynthia Torres
4412,Zachary Chen
1056,Kimberly Chase
5833,Mitchell Bentley
7597,Lori Bernard
3934,Michael Ponce
9940,Sheila Russell
5416,Christopher Porter
4671,Alicia Hanson
8292,Jennifer Kennedy
8001,David Campbell
3098,Janice Bridges
9444,Diane Willis
6061,Victor Thornton
4264,Stephen Evans
9493,Sheila Everett
1550,Beverly Pratt
6411,Jennifer Mata
6920,Zachary Gutierrez
5409,Carlos Horton
1712,Christopher Carter
6406,Jeffrey Sandoval
8990,Vanessa Ramsey
7843,Laura Hoover
4301,Guy Garner
6257,Steven Hart
7214,Dana Williams
6006,William Owens
9791,Joseph Schwartz
7227,Linda King
3514,Cory Wells
4284,James Kane
8740,Brenda Shepherd
1789,Christian Cruz
4475,Ashley Acosta MD
2309,Anne Meadows
6389,Christina Morris
9215,Alyssa Jackson
4003,Tracey Serrano
2834,Michael Potter
8332,Kristin Christian
7131,Hannah Mendez
5480,Ryan Tran
9934,Randy Barnes
3138,Michael Clark
1109,Lisa Juarez
4632,Wesley Dunn
7728,Evan Brown
6684,Daniel Stanley
7499,Ryan Williams
2915,Raymond Hancock
1104,Mary Bonilla
1873,Edward Wagner
4238,Courtney Snow
7596,Joseph Owens
1783,Megan Flores
1486,Mrs. Lynn Brown
4196,Paige Farrell
3691,Robert Rivera
9023,Peter Gilbert
7849,Mark Garza
4247,Dr. Michael Thompson II
3592,Jimmy Sanchez
2224,Elizabeth Martin
4064,Kathryn Baker
1440,Richard Gutierrez
3367,Brandon Hoover
5663,Scott Robinson
4034,Danielle Smith
3107,Meagan Rogers
5320,Gabriella Knight
6938,Taylor Benson
4133,Caitlyn Taylor
3211,Joseph Rice
8764,Jennifer Walters
4541,Connie Hopkins
5521,Jennifer Perkins
6641,Jonathan Rivera
2702,James Nelson
7912,Cheryl Zimmerman
4878,Kevin Brown
9736,Scott Preston
3401,Danielle Williams
9974,Jeffrey Thompson
9077,Katherine Ware
6087,Christine Joseph
7942,Kevin Molina
2616,Alejandro Singh
7458,Kathleen Choi
3756,Russell Barton
7853,Victoria Hall
8709,Kimberly Rice
4091,Audrey Blackburn
6173,Brandi Houston
1801,Jessica Sherman
4349,Kent Miller
9005,Carol Garza
1349,Robin Davis
4377,Catherine Diaz
7196,Cristian Thompson
4347,Blake Morris
1788,Keith Roman
3889,Ethan Martinez
6273,Cynthia Rodriguez
4272,Ronald Hicks
6234,Kristine Phillips
7902,Scott Griffith
8612,Brandy Whitehead
3492,Hailey Carpenter
7745,Jeffrey Little
5240,Nicholas Lee
6298,Ashley Villarreal
5047,Craig Cruz
8581,Sabrina Carney
6909,Michael Hernandez
7302,John Goodman
8593,Kelly Stokes
9163,Melissa Frank
3191,Danielle Price
8586,Annette Hayes
3846,Anna Booth
3463,Bryan Black
5392,James Norman
3997,Erica Preston
7521,Martin Ray
2155,Thomas Ward
5477,Diana Roy
3185,Christopher Miranda
3317,April Scott
4621,Johnny Ellis
9641,Rickey Gibson
6404,Luis Levy
3465,Kerry Suarez
3759,Timothy Henry
5323,Corey Johnson
6773,Stefanie Hood
2885,Joe Stevens
8844,Rachel Bailey
3338,Anthony Huff
5810,John James
7791,Logan Long
8171,Ryan Poole
1093,Danielle Garrett
5947,Mr. Charles Swanson
7651,Arthur Brown
1076,Blake Burgess
9297,Mary Harper
3873,Cynthia Brooks
4148,Kathleen Smith
3625,Rebecca Miles
6487,Anne Skinner
8251,Michael Kelley
8310,Anna Johnston
3399,Joshua Wood
5640,Jacqueline Kemp
3960,Katelyn Edwards
9847,Amanda Miranda
8923,Christopher Roberts
8631,Michael Sims
3110,Leslie Ramsey
1957,Stacy Williams
8146,Melinda Lee
8413,James Andrade
2821,Laura Lowe
6646,Kenneth Mcclure
3651,Krista Payne
5701,Kelsey Landry
3877,Andrew Jackson
6582,Taylor Kim
5083,Alison Bishop MD
1745,Mary Garcia
9749,Shelly Armstrong
5023,Mrs. Crystal Rodriguez MD
1939,Jeffrey Davis
2610,Cheryl Cardenas
7300,Christopher Ho
8187,Brenda Morton
1032,Angela Davis
6985,Zachary Floyd
2156,Rose Carter
4126,Derek Clark
2543,Eduardo Jackson
6902,Melissa Jackson
3709,Christopher Terrell
6221,Jasmine Hamilton
9201,Amy Simpson
1730,Phillip Yoder
5890,Jeffrey Zimmerman
2506,Wesley Reynolds
3916,Adam Torres
7152,Eric Walker
8219,Judy Carr
6328,Eric Sullivan
8872,Vincent Underwood
1652,Jonathan Torres
6799,Sara Tate
9812,Caleb Gonzalez
4790,Justin Kirk
5759,Bobby Edwards
4688,Michael Cruz
8689,Jordan Allen
2379,Stephanie Hutchinson
7507,Elizabeth Reed
8819,Suzanne Gutierrez
7127,James Hatfield
9459,Rodney Reed
6912,Laurie Roth DVM
6130,Gloria Rush
2232,Mary Marshall
9480,Gerald Guzman
9205,Thomas Lewis
1256,Nathan Rhodes
2423,Vincent Wood
5953,John Andrews
2195,Christine May
5365,Jeffery Robinson
2244,Mrs. Dana Peterson MD
6302,April Sanchez
1496,Emily Gonzalez
4399,Tammy Bennett
1909,Marcus Arellano
1372,Victoria Contreras
2344,Krystal Martinez
9515,Rachel Norris
3784,Steven Hunter
5814,Janice Phillips
2426,Brenda Nelson
9855,Timothy Moore
6868,Taylor Hahn
1010,Mary Cordova
7330,Ryan Fitzgerald
3825,Katherine Roberts
8464,John Aguilar
8195,Christopher Powell
4088,Glenn Rodriguez
8377,Julia Walters
8598,Deanna Rosario
5838,Tricia Weaver
6872,Brooke Collins
4653,Randy Garcia
5299,Pamela Pitts
1973,Dawn Johnston
5348,Anthony Smith
6873,Katherine Moore
5394,Andrea Clarke
6844,Megan Chung
1108,Gordon Patterson
6931,George Williamson
5053,Michael Watts
5537,Kelsey Mcbride
2245,Ronald Evans
8741,Alexander Powers
3922,Tina Blankenship
3801,Kevin Fuller
9221,Lindsey Thomas
6958,Catherine Lane
8436,Felicia Gonzalez
5793,Alexandra Ingram
1179,Charles Watson
4873,Shannon Powell
4960,Tiffany Haynes
6202,Hannah Jones
6344,Amanda Nguyen
5830,Billy Ibarra
7802,Erica Hicks
9298,Emma Johnson
1243,Colleen Coffey
8012,Maria Williams
6329,Heather Curtis
1603,William Huffman
6756,Christian Peck
3015,Dawn Walker
6829,Janice Davis
2613,Lisa Young
6372,Lisa Mitchell
9978,Dana Galloway
6692,Jason Morgan
5803,Gwendolyn Perkins
3377,Megan Johnson
4182,Nathaniel Williams
4160,Wendy Nelson
7576,Jeffrey Rodriguez
9903,Dennis Jacobson
3586,Nathan Todd MD
3648,Erik Neal
8313,Jose Smith
8407,Kristen Maldonado
4574,Jessica Baker
9741,Aaron Clark
6769,Kirsten Anderson
6733,Jacob Moreno
6318,Scott Wilson
5382,Jill Evans
2785,Benjamin Zavala
1295,Tonya Ho
4118,Erica Cox
1906,Patricia Yang
4413,Kristen Jordan
9027,John Gallegos
3829,Sarah Gonzales
2741,Joseph Branch
6830,Angela Franklin
8523,Johnathan Harmon
1625,Michael Goodman
9282,Wendy Bennett
4006,Brenda Robbins
5302,Sharon Nunez
5490,Brad Davis
2597,Catherine Thompson
9431,Christopher Roberts
9330,Taylor Frazier
9759,Rebecca Buchanan
3335,Jeremy Perez
1713,Phillip Marks
4988,Alan Christensen
7203,Tara Gonzalez
9768,Richard Rodriguez
1037,Nicole Gray
2832,Catherine Armstrong
8600,Michelle Pena
1432,Patricia Wells
7889,Andrea Hudson
6121,Sarah Bean
2975,David Hurley
5515,Thomas Cook
6563,Stephanie Lawson
3963,Brandon Rivera
7786,Jack Schmitt
1976,Mr. Henry Montgomery
1045,Kimberly Smith
2193,Maureen Thomas
7282,Jean Morrison
4219,Cathy Krause
9983,Cindy Cortez
1636,Christopher Vaughn
6323,Christopher Townsend DDS
7032,Cassandra Harper
8773,Jennifer Taylor
3108,Charles Garcia
4614,Nicole Martinez
6279,Jeremy Russell
5568,Vanessa Peters
8838,Brittany Garza
2845,Emily Rowe
5112,Richard Cohen
2509,Abigail Holden
8573,Anthony Olsen
2578,Valerie Abbott
1879,Maria Snow
2359,Melody Anderson
5217,Michael Lutz
1080,Lucas Mckinney
3732,James Salinas
3422,Troy Hernandez
4499,Craig Lowery DDS
9650,Jeffrey Anderson
2025,Eric Roberts
8785,Brett Dougherty
3685,Sharon Nolan
8372,Michael Glover
3022,Claudia Cole
7338,Sandra Kelly
2298,Stephen Boyd
5102,Craig Parker
4026,Lisa Patterson
3620,Timothy Vargas
5865,Matthew Jones
4872,Timothy Ortiz
1765,Christopher Hays
5092,Rachel Pace
3666,Connie Green
9655,James Gilmore
4888,Isaac Fields
1840,Brandon Jackson
6899,Jeremy Bennett
5118,Daniel Kim
1565,John White
7005,Sarah Moyer
6890,David Ritter
3982,Tony Williams
7083,Christopher Martin
5019,Kimberly Fritz
1777,Amanda Richardson
4139,Jordan Santiago
2046,Robin Ortiz
1500,Amber Scott
5608,Brandi Cook
8234,John Schneider
5483,Henry Solomon
3464,David Howard
5695,Joseph Bolton
3588,John Cunningham
7594,Bryan Davis
4520,Joshua Barber
4218,Katelyn Patton
4757,Ryan Stafford
3837,Marie Smith
7000,Teresa Kramer
8034,Anthony Sandoval
8309,Jonathan Armstrong
2446,David Thompson
6790,Ryan Brown
6080,Jordan Bauer
9663,Zachary Welch DDS
5684,Brandon Lindsey
5659,Melissa Scott
5001,Grace Davis
5562,Hunter Martinez
1598,Cory Edwards
3750,Stephen Miller
9661,Marcus Rojas
2631,Melanie Romero
1774,Melissa Campbell
7107,Alexis Davis
4012,Jeffrey Wilson
7264,Ryan Davis
1527,Tammy Johnston
1916,Tara Brown
4319,Joshua Bell
2406,Sandra Jones
6206,Samantha Farmer
8249,John Thompson
2523,Dustin Tyler MD
3888,John Clark
5091,Steven Small
7249,Lisa Clark
5503,Karl Jones
1710,Michael Stein
8188,Crystal Johnson
6778,Diane Torres
6013,Lori Stanley
1415,Barbara Cooley
5262,Valerie Aguilar
3515,Jeremiah Smith
6640,Justin Mendoza
3373,Paige White
3576,Brenda Ellis
5184,Francisco Smith
9899,Chris Conley
3397,Jennifer Acosta
7883,James Mccormick
9127,Kenneth Wong
5099,Theodore Lamb
3901,Jamie Foster
4082,Anthony Cain
3389,Daniel Marshall
6138,Taylor Rangel
3239,William Ramirez
4773,Matthew Ross
3627,Adam West
7618,Morgan Howard
9015,Lori Sullivan
4130,Jade Steele
1096,Nicole Lewis
4858,Jonathan Martinez
6397,Courtney David
1456,David Young
6914,Heidi Li
2937,Kevin Stewart
2146,Christopher Hernandez
6152,John Grant
8953,Lawrence Pope
5775,Angela Griffith
4409,Christopher Martinez
8028,Jamie Day
6664,Jason Oconnor
1952,Kathleen Coffey
6967,Alexandria Baker
8205,Casey Villarreal
3484,Kelly Mullins
4231,David Hart
7684,Steven Williams
1656,Logan Bennett
7312,Andrea Curtis
7176,Mark May
4563,Kayla Burgess
5817,Haley Bennett
7182,Chase Smith
4244,Kelly Byrd
3273,Christian Webster
3114,George Stone
8364,William Jones
4094,Michael Gregory
6729,Brian Fuller
1694,Jamie Potter
8807,Melissa Walker
2971,Linda Miller
2671,Cole Young
2728,Erin Moore
8632,Keith Bell
7403,Robert Mooney
7092,Cindy Coleman
3142,Gwendolyn Holt
1253,George Peterson
4542,Sara Mcneil
9457,Christian Willis
2004,Bradley Brown
5717,Stephen Wilson
4593,Anthony Ellis
9606,Cassie Deleon
2284,Daisy Collier
4202,Makayla Alvarez
3210,Scott Hall
1849,Michael Parsons
2472,Sherry Watson
7435,Charles Jenkins
8978,James Edwards
5238,Tammy Smith
7112,Angela Krueger
5722,Matthew Cruz
3532,Jacqueline Cabrera
8770,Chelsea Ford MD
5995,Duane Bass
2501,Sherry Brown
4080,Laura Lopez
9009,Anne Hernandez
1623,Sean Cook
7081,Jill Palmer
6484,Amy Matthews
4772,James Jarvis
4916,Brandon Williams
2329,Andrew Parker
2573,Wesley Bray
6955,Andrew Saunders
2160,Stephanie Phillips
4540,Ricky Tran
5635,Amanda Rodriguez
9370,Teresa Meyer
3847,Christopher Cox
6697,Darrell Ford
6137,Michael Bolton
1591,Kristen Cruz
8855,Hannah Russell
2292,Tiffany Townsend
2654,Michael Duncan
3758,Julie Joseph
7431,Edward Smith
7037,Anthony Davis
9494,Michelle Taylor
7973,Robert Bates
9953,Ms. Pamela Davis MD
6794,Julia Gonzalez
4785,David Robinson
6220,Angela Warner
8750,Jack Robertson
7818,Valerie Roberson
1684,David Humphrey
5233,Jean Boyd
1577,Melissa Rodriguez
1227,Charles Smith
3328,Alexis Pierce
1430,Ryan Howard
6205,Guy Ortiz
2420,Randy Smith
5355,Brittany Lee
4305,Charles Smith
7939,Jill Sanchez
9261,Lisa Walsh
1480,Hector Singh
5094,Christian Rice
7167,Shawn Beltran
9011,Brian Harris
3372,Amy Graham
2883,Melissa Rodriguez
6467,Christopher Brooks
1797,Rebecca Cox
9209,James Cherry
5962,Cynthia Smith
5080,Jennifer Page
4424,Edwin Perkins
8412,Megan Schultz
3018,Joshua Vaughn
3314,Jason Olson
5412,Christine Bennett
7739,Brent Meyer
8342,Carlos Ford
7884,Shelley Carlson
6369,Mrs. Amanda Reyes
4037,Carrie Turner
4131,Kyle Sparks
8634,Jaime Weaver
1427,David Merritt
1799,Elizabeth Hodge
8025,Jacob Harris
8624,Christopher Smith
8388,Stephen Giles
6145,Barbara Kramer
2115,Misty Goodwin
4573,Kenneth Reed
5925,Jasmine Green
9051,Matthew Reed
6292,Isaac Brown
6403,Theresa Erickson
2995,Dana Higgins
4891,Melanie Phillips
8145,Anna Anderson
3102,Casey Freeman
3186,Nathaniel Edwards
9904,Sarah Taylor
7572,Benjamin Rodriguez
2374,Charles Harrison
1756,Jonathan Burns
4751,Richard Clark
6261,Dr. Heidi Rogers
2494,David Chen
6740,Kathryn Martin
1672,David Duke
9630,Scott Kirby
1444,Justin Arias
3287,Donna Jones
2463,Kristopher Reilly
5253,Tracy Tate
1493,John Gonzalez
6430,Daniel Carey
2793,Cristian Ayers
5190,Mary Hill
1477,Emily Wilson
2145,Patty Roberson
2864,Lauren Zimmerman
1296,Casey Smith
5292,Savannah Warner MD
1994,Brian Rodriguez
2417,Michael Kramer
3316,Julia Dennis
2287,Stephen Martin
2118,Mr. Christopher Vaughan MD
9744,Kimberly Stewart
7922,Barry Romero
9104,Stephen Lee
8416,Kelly Mclean
2897,Maria Miller
5087,James Wright MD
5374,Donald Brown
8255,Maria Orr
5867,Lynn Frank
2264,Andrea Wade
4724,Bryan Farmer
5587,Alyssa Steele
6353,Maria Obrien MD
7857,Christian Davis
5511,Lisa Perez
5403,Jamie Johnson
4954,Ernest Faulkner
8238,Omar Ellis
9664,Adam Brooks
1958,Bradley Wright
9724,Jennifer Matthews
8042,Sandra Lewis
1081,Antonio Williams
8824,Lauren Webb
1761,Brandi Brown
6824,Darius Armstrong
1594,Nathaniel Morgan
2055,Dana Hill
6957,Gabriela Martinez
5181,Mark Davis
2830,Stephanie Brown
7071,Brenda Patel
8272,Monica Cruz
4514,Patricia Jackson
7192,Trevor Jones
1144,Kimberly Edwards
8507,Amy Barry
4146,Steven Flynn
5414,Kyle Lambert
2110,Steven Brooks
4937,Julie Graham
4963,Hailey Estes
6064,Kelly French
4397,John Zimmerman
9265,Michael Boone
2941,Jenna Phillips
2285,Laura Mueller
1073,Bonnie Pruitt
2660,Sabrina Arnold
9000,Zachary Walker
2421,Ronald Cooke
8512,Rachael Reynolds
7890,Ashley Garrison
7025,Robert Williams
6113,Jill Mcgee
3865,Jay Clay
1065,Patrick May
9594,Valerie Woodward
7255,Sarah Jones
8441,Derrick Gutierrez
5692,Jeffery Thomas
8960,Melissa Jones
2437,Tiffany Holloway
9620,Andre Barnes
4378,Kenneth Odom
7347,Gabriela Collins
9324,Joseph Johnson
2434,Nicole Bennett
6327,James Blackburn
3354,Karen Thompson
8044,Heidi Hernandez
5549,Jerry Williams
7334,Sara Lewis
3218,Shannon Lopez
8640,Victoria Kennedy
6712,Robert Lynch
5377,Jesse Ellis
8058,Amanda Parrish
2031,Alex Mckinney
1562,Susan Adams MD
8862,Anna Chen
2233,Susan Gutierrez
7044,Brandi Sanders
4487,Casey Greer
8383,Jeffrey Wood
2188,Robert Pena
1740,Shelly Bennett
2369,Colleen Price
2471,Carol Brown
2536,Carl Wood
1318,Timothy Martinez
8991,Erin Wilkinson
3329,Cristian Ibarra
3770,Anne Townsend
1267,Kathleen Cole
2973,William Hayes
9250,Jeffrey Smith
9581,April Ryan
9910,Eric Compton
7908,Richard Mclaughlin
3303,Jesse Chan
5861,Charlene Crawford
9991,Michael Wilson
7929,Randall Miller
2250,Emily Hull
6828,Donna Castillo
7436,Sarah Stewart
8614,Angela Short
9994,Timothy Robbins
5747,Steven Owens
9402,Casey Gomez
5681,Edward Davis
3507,Richard Duncan
4428,Danny Sullivan
4955,Dylan Morales
4705,Jonathan Shelton
5038,Melissa Carter
2746,Andrea Scott
8073,Vanessa Delacruz
6775,Jessica Stout
4708,Christopher Reyes
7398,Elizabeth Henderson
8252,Amanda Oconnor
5187,Jeremy Lane
8767,Wanda Banks
1036,Richard Walsh
9065,Stephanie Bates
6932,Tyler Fuller
7333,Terri Poole
7485,Edward Jones
7386,Robert Hernandez
8887,Carlos Greer
1414,David Ortega
7850,Travis Coleman
3729,Luis Ellison
2878,Ashley Patterson
7454,Sean Douglas
3867,Lauren Duran
4544,Sophia Adams
3980,Debra Brown
1039,Madison Flynn
8565,Jonathan Small
5606,Clifford Barrera
1416,Jake May
7702,Anthony Long
4717,Angel Jones
1107,Gregg Thompson
5513,Kenneth Hernandez
8283,Chad Black
8248,James Daniels
9372,Robert Gomez
2477,Mr. Joshua Knapp MD
9762,Eric Taylor
5952,Susan Merritt
6880,Cody Williams
8091,Gary Vega
7277,Michael Schaefer
3260,Todd Gates
1347,Natasha Weaver
6032,Christopher Nicholson
9774,Steven Blanchard
4038,Christopher Chavez
8864,Austin Callahan
3470,Christine Chase
4660,Emily Higgins
2068,Theodore Calderon
5829,Christopher Bailey
2950,Anthony James
5274,Mary Thompson
4206,Kim Roy DVM
3924,Jason Wilson
9471,Zachary Burgess
2618,Steven Ford
6896,Jason Evans
8063,Victoria Houston
9495,Virginia Simon
6556,Lucas Hubbard
4033,Dr. Ruben Reynolds
7157,Neil Lewis
9860,Melissa Howell
2414,Steven Peck
3347,Mark Cruz
5923,Linda Hall
3815,Amanda Dixon
4279,Shelby Scott
3984,Christina Lloyd
7351,Leslie Garrett
4838,Sean Schroeder
6044,Ryan Nguyen
6837,Joshua Klein
4822,Sonya Robinson
2780,Brenda Klein
7319,Benjamin Hall
8410,Justin Huynh
4680,Jane Prince
2758,Ryan Rodriguez
6813,Amy Parsons
4853,Amanda West
9422,Sandra Glover
8550,Mark Molina
5250,Kathryn Fox
7991,Carolyn Stevenson
1114,Gary Ortiz
2041,Patrick Yu
7927,George Shaffer
7375,James Brown
7109,Paula Bryant
4065,Debra Mack
3036,Courtney Dawson
1023,Derek Martin
1675,Lindsey Stuart
8652,Kimberly Sanchez
2485,Fernando Mccoy
4495,Jennifer Jackson
5075,Terry Wilson
4017,Brittany Greene
5341,Danielle Chung
5746,Billy Barrett
1068,Robert Santos
6396,Brian Oliver
1573,Sarah Martin
8636,Joseph Sharp
7676,John Morales
9166,Jason Hubbard
9846,Robin Lowery
7050,Jason Kelley
9484,Shannon Gonzalez
5526,Nicole Taylor
4869,Linda Butler
8971,Erin Mejia
8822,Catherine Willis
6340,Tracy Palmer
8444,Alison Gardner
5329,Michael Evans
9218,David Smith
1092,Elizabeth Oliver
9500,Timothy Oliver
1051,John Jones
6688,Vanessa Webb
8018,Robert Willis
7057,Michele Nelson
2278,Jason Ortiz
7125,Leonard Davis
8874,Jennifer Padilla
4464,Jesse Marsh
8496,Teresa Norris
7158,Eugene Young
1613,Daniel Vaughan
4116,Cindy Parker
1330,Donna Robertson
6493,Austin Washington
6614,Matthew Cook
1319,Kelsey Lopez
9085,Tina Jones
5791,Rhonda Fernandez
7742,Jade Black
6703,Austin Sullivan
3611,Donald Mcbride
1095,Kaylee Rasmussen
9437,Matthew Hartman
7560,Kevin Smith
5077,Stephanie Villa
1110,Cameron Burch
8391,Holly Travis
9289,Jeffery Wade
6239,Nathan Lee
6120,Vanessa Gibson
7393,Tiffany Daniels
6228,Levi Jones
5359,Mr. David Martinez
8254,Brandi Valenzuela
9217,Kenneth Oconnor
1321,Jason Chavez
6674,Christopher Edwards
1949,Sandra Rogers
6425,Monica Cruz
7945,Rachel Osborne
3400,Evan Reyes
3955,Andrew Atkinson
2018,Dr. John Nelson
4819,Megan Burns
1979,Amy Townsend
3280,Benjamin Roth
2626,Garrett Miller
7877,Collin Bryant
5969,John Sanchez
1043,Yvonne Pitts
2760,Gary Barnes
4275,Jose Crawford
6040,Samuel Logan
5295,Jaime Barnes
4527,Tara Scott
2811,Sandy Casey
8963,Andrew Lane
9916,Michelle Montoya
3582,Stephen Fletcher
4837,Jane Adkins
2665,Susan Jackson
9651,Joshua Bradley
7975,John Booker
3552,Alan Pacheco PhD
8475,Christine Gray
7096,James Brooks
9823,Scott Knight
3456,Lucas French
7805,William Lane
3952,Melissa Herrera
7630,Jennifer Rojas
9776,Brooke Webster
2415,Tina Higgins
5062,Monique Boyle
1185,Steve Parks
8635,Kelsey Butler
7201,Ian Gutierrez
8623,Shannon Reed
4879,Juan Collins
4270,Tara Day
5687,Eric Daniel
1582,Kenneth Spencer Jr.
1288,Robin Spencer
4859,Hannah Melton
4060,Terry Perry
2183,April Valencia
7679,Jeffrey Briggs
8894,Holly Morales
7341,Arthur Francis
2919,Kara George
1530,Ryan Hardin
5756,Dana Ortega
2801,Erin Smith
6156,Jennifer Martin
6461,Stephanie Robinson
7189,Joyce Olson
2142,Seth Wilson
8076,Laurie Sampson
5840,Sara Blankenship
1762,Jason Cantu
5889,Ashley Graham
1839,Brian Wallace
9348,Heather Kelley
1510,Sarah Rowland
6434,Diana Walker
8820,Alexander Smith
5457,Anna Herman
2977,Anthony Hamilton
5919,Felicia Taylor
9798,Eric Haney
1543,Jacqueline Stevens
1883,Katie Arroyo
9040,Matthew Clark
2786,Jacob Hernandez
6715,Jorge Williams
9839,Michael Brennan
9473,Brian Collins
2596,Jennifer Carlson
1479,Ryan Ballard
4312,Robin Lawson
7156,Brandy Anderson
8919,Monica Robinson
4898,Christopher Reynolds
9176,Ryan Young
2669,Heather Hawkins MD
7634,Alan Moreno
8308,Travis Williams
2126,David Douglas
7021,Nancy Walker
8039,Raymond Kennedy
9674,Alexandria Taylor
3477,Michael Blake
8207,Cathy Mckee
3913,Steven Walter
3340,Erika Simpson
9836,Mark Bowers
9955,Courtney Clark
8663,Teresa Guerrero
7486,Isabella English
9771,Kimberly Lopez
4804,Ronald Porter
5878,Clinton Jones
9093,Emily Martinez
6608,Donald Riley
7395,Robert Gonzalez
7101,Raymond White
6531,Michael Johnson
9408,Elizabeth Ferguson
4679,Jennifer Miller
8540,Elizabeth Bowen
8074,Richard Jordan
4996,Jason Lowe
5786,Mr. Jaime Horne
3366,Matthew Moss
2614,Nathan Harmon
8699,Ryan Murphy
5960,Michelle Lewis
7194,Andrew Ashley
1978,Joseph Hayes
2701,Todd Black
8229,Natasha Grimes
9303,Casey Vaughan
5121,Stephanie Copeland
6651,Jason Harris
8273,Melissa Doyle
1908,Kimberly Thompson
5617,Veronica Brown
2049,John Garcia
5129,Kayla Murphy
9653,Thomas Munoz
9272,Michelle Morgan
3804,Kimberly Brown
9031,Erin Morrison
6526,Michelle Mcintyre
5694,Scott Martinez
2934,Melissa Rivas
4909,Benjamin Bowman
4066,Jeffery Koch
5872,Patricia Reeves
3337,William Brown
7820,Jade Ford
4442,Lauren Peters
3655,Mrs. Beth Lewis DDS
1704,Jessica Edwards
1376,Daniel Duke
1443,Richard Villanueva
4465,Tiffany Garza
3407,Dawn Mccormick
9814,Charles Tucker
7104,Jessica Ryan
6747,Julie Smith
2723,Heather Wheeler
8224,Daniel Rios
5215,Barbara Matthews
4881,Jonathan Miller MD
3628,Patricia Clements
2656,Robert Smith
1620,Patricia Salazar
7758,Lisa Shaffer
2839,Tyler Sawyer
3903,Jeffrey Chavez
7205,Eric Douglas
5395,Toni King
6767,Ian Alexander
4691,Jessica Reed
7621,Tara Middleton
4338,Joseph Wood
9621,Calvin Sloan
3459,Tonya Lara
2718,Alexis Garcia
6479,Stephanie Small
3249,Sherry Becker
3921,Peter Fox
5676,Steven Williams
3417,Jeff Harris
1532,Alejandro Mccarthy
8142,Jennifer Griffin
5649,Pamela Horne
7931,Ryan Hernandez
2091,Christina Price
6936,Thomas Thompson
5301,William Miller
7208,Brett Chase
2924,Briana Wallace
6181,Stephen Pierce
5231,Travis Davis
1872,Ryan Nelson
5030,Chad Parsons
8859,Roberto Wright
4355,Michael Brady
2858,Emily Simpson
5064,Michael Hamilton
4469,Alexander Little
1642,Emma Delacruz
3548,Nicholas Santiago
6444,Hannah Williams
7632,Timothy Silva
2482,Paige Baker
7994,Tanya Gill
3215,Nichole Lee
5716,Tammy Barnes
6821,Jennifer Parker
7339,Aaron Richards
8075,Sheila Marquez
3058,Jeffrey Schroeder
8749,Anthony Archer
9600,Michael Santana
7505,Audrey Reynolds
5802,Daniel Mueller
7762,Chad Dickerson
8050,Debbie Parker
5959,Diane Armstrong
1881,Walter Sutton
8514,Matthew White
8803,Bruce Martinez
4283,Todd Jackson
8762,Evan Wells
3570,James Allen
8487,Jonathan Rowe
2945,Dwayne Richardson
5486,Thomas Nunez
1567,Brian Houston
3019,Joanna Roberts
3320,Linda Griffin
6123,Lindsay Carr
5209,Joseph York
1465,Rachel Jordan
5536,Miguel Garner
5162,Mariah Meyer
1303,Janice Vega
3631,Robert Scott
9287,Anthony Clark
1528,Melanie Silva
5905,Emily Howard
6950,Deanna Cannon
2360,Christian Smith
6562,Mary Aguirre
9730,Deborah Hartman
7018,Tina Green
9784,Mary Cooper
1184,John Hernandez
3945,Leslie Maldonado
7765,Diana Ray
3474,Justin Hughes
5313,Bryce Anthony
2152,Joseph Dillon
9559,Brenda Oneal
9062,Jessica Carr
1944,Kimberly Hayden
8078,Nicholas Daniels
3957,Jonathan Ramirez
2178,Melissa West
6768,Kathleen Howard
1070,Antonio Smith
8879,Andrea Kelly
6612,Amy Stafford
3228,Robert Chavez
9888,Monica Dean
7746,Erin Thomas MD
3406,Gary Ruiz
9440,Melissa Mcguire DVM
1637,Samantha Thomas
2111,Sherry King
4842,Chelsea Smith
5866,Patrick Harrison
1702,Alicia Schroeder
3128,Steven Contreras
3517,Mr. Jason Flynn
2149,Linda Andrews
1309,Linda Rodriguez
4952,Teresa Ross
8728,Randy Hernandez
4049,Nicole Smith
6766,Jessica Cline
7412,Lisa Meyer
1015,Jeremy Zuniga
1605,Joshua Dean
9507,Carrie Fischer
2953,Ralph Gutierrez
3769,Pamela Gonzalez
7840,Julie Williams
6066,Jenna Smith
6924,Cynthia Riley
1763,Sandra Patton
8541,Alex Bridges
7174,Stephanie Hubbard
5826,Christopher Thomas
5643,Susan Thompson
1131,Jamie Smith
7147,Jason Richardson
5604,William Daniel
6294,Brenda Castaneda
8319,Larry Howard
6079,Douglas Rice
7724,Jeff Hull
4524,Leslie Saunders
9596,Timothy Gibson
4280,Joseph Hernandez
1868,Matthew Curry
1811,Kerry Crawford
5862,Jesse Reid
2744,Nicholas Hicks
7608,Elizabeth Caldwell
3675,James Cole
2513,Julie Dawson
2451,Eric Larson
2612,Lisa Johnson
5764,Corey Hernandez
8202,Robert Allen
5682,Deanna Berry
9968,Matthew Brown
6803,Evan Hobbs
4325,Anthony Tyler
9379,Cheryl Preston
8556,Steven Chen
9722,Sierra Mccarthy
6265,Becky Stewart
8089,Mary Sparks
7569,George Vasquez
2491,Emma Contreras
8508,Andrea West
1590,Shelby Collins
3206,Melissa Macdonald
6981,Victoria Strickland
1747,Jerome Thompson
9871,William Grant
8360,Elizabeth Schultz
9875,David Myers
2295,James Watson
2385,Joel Rodriguez
4205,Timothy Smith
3882,Barbara Gardner
1170,Zachary Martin
9140,Lindsey Cox
5122,Blake Morales
5169,Michelle Payne
7804,Dylan Love
4132,Corey Thompson
1633,Omar Brown
7822,Christine Wilson
4098,Sean Johnson
9097,Robert Flynn
9253,Jessica Benson
2817,Meghan Cole
9824,Timothy Ray
2454,Lisa Davidson
4029,Joshua Mcknight
1063,Catherine Douglas
2345,Jeff Jones
9649,Matthew Joseph
2740,Ronald Knight
7321,Michael Johnson
2954,Ryan Thomas
3391,Abigail Johnson
7827,Jamie Haas
2217,Ryan Cross
5130,Julie Ball
9142,Anthony Hancock
7260,Emily Nelson
8897,Karen Klein
2922,Dana Torres
3473,Joshua Walker
9108,Scott Zuniga
2399,Kimberly Maldonado
8854,Paula Fields
6681,Eric Norris
4678,Matthew Griffin
9204,Rachel Gray
9153,Nathan Crawford
2408,David Gillespie
3288,Anthony Norman
8501,Jordan Sanders
5098,Roberta Nielsen
3816,Donna Harris
8562,Yolanda Johnson
3057,Susan Erickson
3029,Brenda Hensley
6125,Randy Tapia
5948,Angel Reid
1394,Grace Kent
4597,Christopher Williams
1772,Monica Bennett
2803,Victoria Johnson
6860,James Leon
4973,Aaron Prince
2615,Jennifer Williams
5221,Diana Roy
1216,Kenneth Ayala
4774,Lisa Hall
5429,Brent Taylor
2896,Elizabeth Collins
6361,James Johnson
9387,Chris Williams
5553,Victor Schultz
3304,Cynthia Collins
8092,Samuel Chambers
8720,Alexander Foster
4905,Monica Jones
6030,David Martinez
8463,Jenna Russell
8276,Charles Floyd
8711,Mario Johns
7459,Alexander Beltran
5096,Mark Randall
9254,Stephen Robinson
6965,Connie Silva
5721,Donna Williams
8401,Brian Nguyen
3755,Christopher Baker
6623,Jonathan Guzman
2562,Joseph Maynard
3030,Paul Palmer
8836,Dawn Carpenter
1611,Michael Howard
1749,Christopher Murphy
1173,Sylvia Nichols
4646,Lori Tucker
8053,Sarah Marsh
1455,Anna Jackson
1965,Ronald Freeman
7387,Dr. Edward Davis
8716,Robert Brooks
4404,Amy Davis
1106,John Travis
4154,Dr. Scott Anderson
5801,Benjamin Knight
1214,Christian Green
6400,Jeffrey Russell
7247,Linda Brooks
7177,Robert Wells
7834,Zachary Hart
1333,Albert Hines
5506,Tracy Hernandez
3331,Jesse Martinez
5561,Andrea Hill
1079,Gina Davis
6196,Rodney Elliott
1732,Miss Caitlin Pittman
6659,Amber Pace
3124,Elizabeth Reid
8176,Samantha Edwards
6707,Joshua Mendez
5664,Gabriela Green
3357,Nicole Smith
8471,Angela Craig
5718,Shane Nelson
2024,Kathy Wright
2745,Marc Miranda
6270,Brittany Harris
6886,Robert White
9271,Teresa Cisneros
6399,Antonio Dorsey
2076,Kenneth Bailey
1033,Dustin Harper
8261,Amanda Martin
8017,Sara Patel
8771,Jeffrey Long
5004,Theresa Lewis
1337,Casey Johnson
8066,Sara Mason
4611,Sabrina Walker
7118,Susan Wilson
3673,Christopher Dalton
3122,Patrick Graham
2254,Heather Pennington
5257,Tammy Smith
5035,Jason Johnson
3899,Kimberly Lowe
5789,Gina Jefferson
2711,Michael Robinson
9866,Shaun Martin
6613,Christopher Hughes
6375,Michael Pearson
8103,John Avila
9877,Johnny Jones
5216,Barbara Tran
2508,Erika Mcintyre
1871,Regina Baker
6133,Jeffrey Harrington
6278,Nancy Davis
6386,Richard Burgess
1020,Amanda Alvarez
9585,Sarah Lucero
9481,Terry Bruce
9552,Kevin Weber
9076,Monica Duran
3453,John Robinson
8453,Gerald Wyatt
3853,Adam Acevedo
3236,Elizabeth Miller
5176,Sharon Snyder
7829,Jessica Smith
9537,Patricia Robertson
2886,Diana Ward
9746,Daniel Morgan
8899,Ryan Figueroa
3692,William Hampton
1275,Charles Bennett
6271,Alan Pratt
6025,Joseph Silva
4460,John Bates
2844,Erica Daniels
8386,William Murray
2043,Juan Pham
7661,Kevin Castaneda
7886,Amy Massey
1794,Elizabeth Burnett
5237,Justin Stewart
9115,Jessica Jones
7627,David Kramer
3163,Justin Jackson
4980,Suzanne Morgan
5502,Jason Dickson
9885,Anthony Lee
8182,Jeffrey Clark
6441,Charles Riddle
9645,Brandy Rodriguez
6595,Kyle Reed
3798,Dr. Jeffrey Calhoun
6349,Sarah Ramirez
9035,Anthony Thompson
1925,Mr. Arthur Munoz
1805,Andres Miller
5147,Justin Martin
1027,Brandon Barnes
9660,Amber Thomas
7690,James Hahn
8344,Anna Smith
5929,Stacey Kelly
4647,Gabriela Hodge
7088,Michael Myers
6838,William Curry
7601,Kristen Berry
5459,Valerie Nicholson
3094,Ashley Daniels
4032,Sarah Livingston
4299,Justin Freeman
6639,Catherine Walsh
6620,Daniel Foley
4889,Michelle Gonzales
2395,Ann Jones
8336,Jeremy Morris
6358,Taylor Stewart
2459,Mitchell Butler
6422,Steven Estes
1061,Corey White
2180,Megan Kemp
3788,Kimberly Rodriguez
8702,Christopher Mclaughlin
7266,Kenneth Mack
5860,Joseph Cox
7110,David Smith
7955,Jessica Stevens
5754,Michael Cobb
7408,Allen Benson
2225,Jeffrey Brown
1895,James Shields
9950,Joel Johnson
6440,Nicholas Munoz
7291,Isaac Lam
4307,Derek Smith
5708,Mitchell Roberts
4833,Theresa Dixon
5762,Tina Price
5723,Christina Martinez
8472,Anthony Scott
6524,Mallory Lopez
2263,Kristina Garrison
5665,Dale Aguirre Jr.
2351,Mr. Brian Potter
4827,Jenny Berry
1266,John Rice
8434,William Hardy
2022,Melissa Bates
8947,Valerie Middleton
3037,Kerry Barnett
9756,Alison Brown
5123,Mr. Jon Lee
1219,Paul Robertson
3318,Makayla Roberts
6058,Peter Thompson
8621,Francis Kelly
2617,Lauren Goodman
2520,Johnny Horn
2583,Timothy Flynn
8988,Erica Smith
2575,Andrew Copeland
7935,John Bailey
3613,Selena Smith
7733,Troy Vazquez
5454,Cheryl Maxwell
7489,Christopher Hart
3525,Crystal Howard
3333,Tina Carter
9046,Aaron Williams
8181,Kristin Walters
1568,Thomas Gomez
8664,Casey Gross
6465,Julie Wheeler
8222,Jamie Harrison
6069,James Howe
8704,John Wang
8975,James Caldwell
5870,Suzanne Molina
1461,Edwin Doyle
9803,Jacob Butler
6012,Christine Freeman
8038,Mr. Vincent Torres
6922,Katherine Avery
1014,Donna Sellers
5100,Ryan Phillips
4297,David Vega
3633,David Kennedy
4063,Mary Palmer
7367,Kimberly Davis
3091,Kimberly Little
3977,Russell Salazar
1842,Samantha Harris
2659,Leonard Freeman
4603,Connor Turner
3291,Kristen Mejia
5993,Kenneth Reyes
7211,Troy Torres
4021,Tiffany Jordan
4447,Thomas Mason
4991,John Black
5899,Barbara Perez
2935,Robert Dawson
9825,Jeremiah Smith
9545,Dana Moody
2547,Angel Fischer
8590,Alexis Pierce
2368,Jose Clay
4484,Timothy Phillips
9382,Justin Ramos
1932,Alexander Mccarty
9753,Jason Ayala
5280,Mary Gamble
8506,David Reyes
7962,Timothy Norris
4445,Karen Johnson
9986,Matthew Rubio
5856,Alexander Taylor
1434,Frederick Murphy
9260,Joseph Cook
6725,Patrick Wheeler
2904,Katherine Mills
7512,Katherine Lee
7867,Crystal Morris
4546,Jill Poole
8852,Richard Richards
4221,Jeremiah Klein MD
2082,Brittany Clements
9637,Jordan Gray
2592,Jose Grant
7472,David Hancock
3231,John Russell
6118,Matthew Clarke
8596,Scott Wilson
6700,Tara Taylor
7693,Tricia Young
4101,Mark Johnson
6309,Regina Martinez
1796,Rachel Davis
8666,Cynthia Johnson
7584,Tiffany Lindsey
9530,Ann Schultz
2516,Eric Thompson
4290,Alison White
1800,Joshua Adams
6267,Steven Roman
1981,Ashley Smith
3088,Angela Vega DDS
3126,Donald Carter
5812,Kayla Oconnell
9063,Lauren Murray
6903,Jennifer Patterson
4322,Isaac Santiago
3861,Kimberly Holland
2655,Tina Mclaughlin
9237,Jeffrey Peterson
5638,Scott Johnson
5907,Gregory Scott
8150,David Aguilar
2766,Ann Reyes
8180,Patty Wheeler
9917,Jeffrey Lee
6987,Samantha Ewing
8425,Mr. Jeffrey Randolph DDS
9689,Paula Woodward
4090,Leah Bell
2370,Brenda Johnson
7180,Angela Griffin
1831,John Thomas
9455,Charles Bowers
6431,Stacy Perry
3478,Tracy Arnold
4087,Ronnie Smith
6786,Connor Cook
6632,Mrs. Jennifer Freeman
9981,Sarah Anderson
4657,Wendy Gamble
8791,Maria Brown
5040,Christopher Bates
1008,Susan Russell
7086,Susan Frazier
7383,Kelli Stephens
3246,Craig Price
1850,Heather Wells
2107,Jordan Miller
1299,Howard Marshall
2452,Heather Kennedy
2681,Andrew Thomas
8157,Steven Ramsey
2851,Bobby Reed
6825,Julian Johnson
9948,Paul Hall
8021,Christina Pham
1473,Shannon Erickson
6858,Terri Hart
2511,Brittany Orr
5081,Carl Lee
9421,Mary Spears
9369,Kimberly Fuentes
3615,Margaret Morris
3840,Laura Beck
4260,Sherri Walker
8802,Thomas King
7695,Jacob Smith Jr.
5288,Rodney Lewis
6758,Emily Poole
9131,Melinda Smith
8816,Stephen Wang
7066,Roberta Thomas
2799,Tracy Meadows
5407,Jennifer Craig
2127,Karen White
8535,Steven Owens
5308,Timothy Banks
4944,Cheryl Hammond
6761,Micheal Waller
8517,Nancy Gomez
7831,Desiree Gonzalez
5367,Kylie Ray
4371,Sherri Ross
7556,Mark Salazar
8810,Laura Vance
5554,Anthony Montes
6805,Jennifer Riley
8061,Sarah Fitzgerald
4902,Theresa Clark
2352,Victor Bowen
9509,Desiree Mann
8981,Frank Fuentes
3996,Zachary Jenkins
6028,Dr. Steve Singh
7113,James Harris
9723,Thomas Lewis
3562,Austin Cabrera
7641,Nicholas Mack
1435,Jean Stone
2650,Katie Jackson
6894,Jose Wheeler
2326,Lisa Parker
1388,James Morris
3791,Ryan Moore
6834,Albert Wright
3820,Amanda Walker
8696,Matthew Wright
8881,Elizabeth Peters
4013,Jessica Andrews
7114,Brian Taylor
7209,Jessica Perez
4577,Rachel Morales
9380,Danielle Henderson
1157,Jesse Chavez
8200,Maria Gay
8528,Chelsea Williams
8895,Mr. Albert Davis DDS
7323,Randy Gray
6605,Patricia Gay
4076,Michael Howard
3344,Rodney Le
4914,Kyle Pope
5294,Jay Scott
4599,Laura Hodges
7373,Laura Carter
6587,Amy Herrera
3471,John Reyes
9284,Andrea Ramirez
2281,Terri King
6667,Stanley Robinson
2544,Amber Love
5514,Michael Thomas
2566,Chris Lee
9522,Kristy Cunningham
9045,Chase Martinez
8443,Melissa Allen
4761,Thomas Sanchez
7141,Alexander Morales
3742,Christopher Cuevas
1533,Bonnie Whitaker
8120,Jenna Smith
8289,Leon Roberts
2955,Jodi Jones
3836,Cole Spears
4166,Nicole Matthews
1782,Ryan Fletcher
1676,Tammy Brooks
8250,Debbie Brown
6723,Jessica Solomon
1578,Steven Perez
2683,Mr. George Cole
9678,Melvin Morgan
8414,Leah Patel
9732,Daniel Farmer
8945,Jorge Wallace
8726,Brian Massey
6169,Mr. Dylan Thomas
5467,Mario Lewis
7734,Crystal Wall
8814,Johnny Buck
7866,Emily Morales
4692,John Martinez
4989,Ruben Wong
1332,Linda Smith
8333,Brandon Diaz
2064,Jennifer Ruiz
5089,Dawn Foley
6861,Ashley Wilson
3574,Ronald Morgan
6272,Megan Long
9694,Samantha Burns
7670,Trevor Smith
5385,Priscilla Smith
6964,Willie Ewing
9171,Pamela Williams
3006,Todd Richardson
4107,Yvonne Cook
8883,Tyler Smith MD
5750,Mr. William Hill DDS
6007,Justin Dennis
9709,William Fernandez
9138,Leslie Case
6489,Alyssa Rios
7443,Catherine Matthews
2083,Roberto Diaz
9626,Lonnie Price
8744,Paul Kelly
8457,Edward Stuart
2354,James Delgado
5353,James Hill
4550,Julie Johnson MD
5105,Tamara Page
9816,Heather Frost
3175,Roy Duncan
6224,James Garcia
3069,Sarah Gray
5244,Tara Hawkins
8983,Willie Bennett
1753,Michael Payne
7926,Melissa Smith
9359,Rebecca Ward
4685,Shelley Davis
9191,Brianna Brown
4016,Adam Ruiz
7389,Rebecca Fernandez
4079,Jose Brown DVM
3991,Michelle Higgins
1085,Darrell Pham
9323,Donna Rivas
8588,Madison Hogan
1903,Gerald Hicks
2226,Jack Schmidt
6143,Emily Allen
5881,Elizabeth Cruz
1429,Alan Frank
4781,David Brown
9794,Zachary White
9631,Nathaniel Pena
4467,Ryan Williams
7817,Karen Solis
6297,Laura Beck
9573,Matthew Walton
3390,Miss Jennifer Berry DDS
7074,Ashlee Johnson
3348,William Price
1750,Amanda Winters
4333,Kimberly Wright
1511,Lawrence Robertson
6082,Clifford Cook
1252,Amanda Morrow
9496,Amy Mendoza
3807,Darrell Kim
7301,Heather Martinez
9698,Janet Gonzales
6046,Patrick Summers
3894,Veronica Torres
8203,Jennifer Odom
6274,Joseph Cain
4613,John Reyes
1758,Regina Oliver
5342,Chad Allen
1764,Amy Baker
5029,Stephanie Young
1700,Amy Mcguire
2593,Steven Williams
7954,Denise Mullen
3928,Megan Fisher
8681,Sarah Cantu
5127,April Pope
5963,Norman Gardner
3025,Susan Gibson
2965,Todd Gomez
8316,Gary Turner
7451,Pamela Martin
7385,Kelly Reed PhD
3818,Todd Romero
8580,Kimberly Wolf DVM
8518,Kara Bell
9122,Olivia Powell
4855,Andrew Diaz
9523,Anthony Carlson
2714,Charles Nguyen
3688,Steven Johnson
6149,Alan Ryan
2332,Jonathan Owens
8402,Jennifer Haynes
2634,Jamie Garcia
6568,Matthew Martin
8284,William Pollard
5901,Matthew Walton
8873,Kelly Hernandez
5885,Matthew Hunt
2496,Carlos Goodman
1914,Logan Walton
8625,David Thompson
4069,Nancy Gonzales
1149,Ronald Lopez
9486,Denise Nicholson
2143,Sean Page
9360,Christopher Wilson
6817,Brandy Jones
6380,Darlene Roach
2320,Shelly Pineda
7153,Michael Ferguson
4851,Diana Compton
1084,Carol Hayes
9499,Carol Hicks
9822,Erik Johnson
8068,Anita Newman
2602,Norman Garcia
7903,Tyler Werner
3481,Rebecca Hanna
4684,Kyle Mueller
4651,Frank Black
7220,William Reyes
6942,Robert Jones
8599,Brooke Porter
7259,Alison Fernandez
8020,Victor Owen
6702,Kim Perry
5315,Bonnie Parker
4411,Michael Reeves
8324,Tiffany Martinez
1111,Brenda Gay
1682,Brenda Wilson
6426,Don Chan
8040,Nicholas Banks
8530,Olivia Holden
5533,Michael Hall
8199,Julia Shaw
5281,Travis Berry
5768,Christina Beck
6020,Charlotte Oconnor
1998,Michael Spencer
1284,Vanessa Adams
9612,Darlene Sampson
3543,Jamie Reyes
5800,Michael Allen
9913,Jessica Lopez
5816,Janet Contreras
3629,Melissa Diaz
2057,Christian Clark
2795,Steven Brown
6458,Rebecca Kramer
6381,Mary Jenkins
9973,Nina Martinez
1566,Jesse Chapman
5622,David Cruz
5132,Hunter Bishop
9830,James Payne
3132,David Hernandez
5304,Timothy Wells
2275,Mario Murillo
3099,Joshua Davidson
9565,Leonard Johnson DVM
4234,Nathan Long
8662,Taylor Ward
1653,Jay Keith
9700,Lori Allison
5111,Matthew Jones
8015,Andrew Craig
3531,Michael West
7810,Erika Johnson
5693,Robert Valentine
6268,Misty Myers
1425,Patricia Tate
4997,Amber Chandler
3584,Katherine Pineda
1135,Tammy Jones
6049,Anna Walker
1472,Jason Taylor
1113,Andrew Hess
7473,Brenda Zavala
3652,Meghan Garrett
6385,Elizabeth Fernandez
9805,Daniel Mccormick
7064,Nicholas Mcintyre
8144,Michaela Garza
5352,Nicholas Snyder
6809,Thomas Le
3087,Amanda Foster
6537,Carlos Russell
1357,Joseph Smith
1377,Gregory Baldwin
3596,Jennifer Mason
8831,Timothy Bailey
4526,Christina Knight
4478,Brooke Hawkins
3656,William Mack
4251,Kyle Simpson
6905,Christopher Wall
2310,Christina Wright
1617,Rebecca Esparza
1468,Cathy Mckay
2139,Juan Pearson
7075,Frederick Foster
6952,Candice Johnson
8077,William Perry
8765,Richard Walker
7193,Jacob Jones
1304,Wanda Lee
7848,Lisa White
9366,Brandon Klein
8920,Laura Johnson
6996,Timothy Pratt
5848,Monica Flores
9262,Laura Perry
6642,Todd Padilla
1254,Kristi Hernandez
8087,Angela Jackson
5787,Joel Moore
4742,Judith Davis
9291,Alison Stone
7740,Thomas Stark MD
7958,Michael Franklin
5822,David Lewis
8149,Katherine Carter
5614,Brandon Sullivan DDS
2688,Daniel Molina
8583,Jennifer Krause
2890,Donald Roberson
8559,Marie Fisher
1366,Jeffery Hubbard
9727,Ashley Garrett
1449,Laura Richards
6943,Gilbert Roth
1398,Patricia Andrews
3995,Rickey Carter
7329,Anna Cantu
3216,Travis Mills
2825,Jennifer Leonard
5918,Brian Hodge
5880,Frank Haney
4562,Stephanie Benton
8626,Justin Hanna
2769,Justin Chapman
9852,Joanna Ramirez
2085,Adrienne Jones
2210,Valerie Sanchez
5965,Susan Martinez
1937,Steven Davis
7023,Sharon Adkins
3358,Michael Tran
8159,Anna Stevenson MD
1518,William Daniel
4865,Pamela Smith
9083,Timothy Reyes
9294,Jennifer Davis
3746,Scott Adams
6735,Tyrone Harris
8796,Bradley Walker
7613,Jeffrey Chavez
2327,Marcus Griffin
8772,Cody Reyes
4746,Ashley Mercado
3234,Mrs. Mary Smith
7335,Lynn Jacobs
2236,Tiffany Lynn MD
2623,Scott Williams
8275,Renee Hays
1176,Taylor Smith
7006,Joan Lynch
3954,Geoffrey Mendoza
8197,Shawn Gay
1934,Kristen Jensen
7311,Rodney Ward
9568,Brian Pope
6363,Joseph Caldwell
2010,Heather Bernard
4477,Joann Davis
4857,Robert Rice
6566,John Castillo
7298,Amanda King
6146,Jane Perez
3589,John Brown
4999,Daniel Bell
9962,Eric Bowman
1248,Patricia Bailey
5930,Michael Moore
9985,Madeline Barber
4656,Melissa Morris
5983,Kathryn Hernandez
9818,Teresa Hurst
1181,Stephanie Butler
4344,John Kim
3556,Christine Dorsey
7098,Stephen Garcia
3021,Carrie Perez
4545,Amanda Estrada
5625,Matthew Johnson
9129,Emily Krause
8459,Patrick Rodriguez PhD
6106,Anna Calderon
5436,Juan Hall
3857,Kristin Hernandez
3737,Rebecca Moore
7956,Nicholas White
6933,Joan Weaver
7723,Julia Garrett
2002,Christine Young
7444,Deborah Lowery
6250,Stephen Anderson
6960,Tiffany Thomas
9773,Trevor Thompson
2767,Christopher Blake
5896,Christopher Cordova
6990,Patrick Hayes
6438,Tracey Soto
8677,Jeremy Carter
3636,Ashley Carr
3614,Mary Robertson
5999,Destiny Griffin
4120,Elizabeth Lopez
7832,Ann Ho
9748,Melissa Reeves
8914,Melanie Ray DDS
5852,Melissa Young
2270,Alexis Santos
3054,Jennifer Jones
3802,Nancy Bailey
8735,Brian Donovan
7105,Matthew Crawford
7243,Craig Rush
7076,Vincent Anderson
2315,Steven Mitchell
9675,Dylan Campbell
9614,Courtney Johnson
2486,Renee Smith
2621,John Phillips
6849,Monica Davis
6321,Keith Butler
1413,Elizabeth Guzman
4449,Maxwell Rice
9327,Jeffrey Walker
8524,Jennifer Perez
3271,Jonathan Lopez
6852,Samuel Callahan
3144,Benjamin Myers
1000,Jerry Henry
2783,Natalie Aguilar
2042,Tyler Moran
2984,Timothy Sullivan
2594,Erica Perkins
2952,Joshua Jones
9883,Amanda Terry
6736,Jennifer Hinton
8931,Susan Lopez
2038,Michael Mckenzie
7369,Patrick Hurley
3499,Virginia Jones
2213,Steven Robinson
5755,Dr. Brandon Newton
4289,Nicole Anderson
1047,Frederick Woodard
3086,Daniel Kent
1751,Hailey Kim
2983,Amy Smith
9506,Nicole Warner
8700,Susan Peters
4800,Robin Owens
8387,Angela Woods
3487,April Hubbard
2643,Rachel Gutierrez
1019,Matthew Martin
1608,Hector Thomas
7286,Dawn Clark
6022,Jimmy Vargas
4269,Scott Smith
4194,John Soto
6350,Candace Barnes
3959,Bryan Smith
4649,Richard Snow
9833,Alexander Gonzales
4480,Carl Craig
1339,Anna Taylor
1426,Diana Sullivan
9126,Joseph Wagner
8695,Omar Sellers
2373,Andrew Walton
6230,Nathaniel Miller
6970,Christopher Martin
8300,Mark White
4755,Karen Morales
9541,Tiffany Martinez
9878,Jeremy Martinez
3919,Ashley Shelton
5691,Richard Hall
6893,Jose Gonzalez
3067,Travis Armstrong
2979,Krista Rodriguez DDS
5046,Sarah Reed
4048,Stacy Evans
9116,Joshua Ferguson
5464,Justin Pace
2119,Kimberly Beasley
4975,Devin Wagner
7590,Carolyn Burns
9239,James Anderson
7647,Charles Zavala
3089,Emily Spence
3046,Jennifer Brown
8775,Sandra Frank
3452,Kelly Ramirez
7669,Diane Robinson
6015,Jason Butler
9657,Robert Hampton
2964,Tina Hicks
3360,Diane Delgado
3039,Tom Orozco
4934,Travis Fleming
4379,Bridget Jordan
3439,Kimberly Bailey
2989,Veronica Sims
6751,Sarah Estrada
2697,Rebecca Russell
6885,Bruce Thompson
9951,Natalie Reed
6948,Charles Rodriguez
8660,Mary Chapman
5671,Kristen Stewart
9395,Heather Malone
9898,Michael Moore
9546,Hayden Thomas
6023,Linda Stewart
1982,Shirley Jimenez
1930,Danielle Cooper
8110,Gina Mccullough
9583,Nicole Warner
5828,Jaclyn Perez
9715,Stephanie Lee
5398,Charles Turner
1050,Edward Mathis
5731,Veronica Collier
6748,Valerie Mooney
9066,Elizabeth Ramirez
5045,Michael Thomas
9117,Jessica Baker
9109,Michael Bowen
3771,Jennifer Hernandez
2005,John Patterson
6701,Heather Ball
4538,Jeff Cruz
9977,Brian Kent
3298,Jamie Bowers
3154,Ms. Jessica Winters
8476,Jeffrey Roy
3522,Allen Frye
3183,Brian Freeman
3078,Matthew Hernandez
9654,Pamela Schmidt
7969,Marvin Smith
9603,Kelly Rivera
7345,Michelle Willis
3167,Timothy Walker
7532,Lawrence Prince
8134,Scott Lee
1549,Nathan Mitchell
5012,Lindsey Johnson
2691,Brianna Smith
6547,Chris Lopez
1967,David Gross
3968,Joshua Wright
2579,Matthew Rubio
6992,Michelle Kline
8019,Judy Hall
5230,Scott Livingston
6412,Christopher Rosales
8654,Andre Myers
6376,Charles Vance
7053,Robert Cameron
5770,Linda Brown
6833,Laurie Holloway
3045,Jason Greene
7162,Danielle Singh
5073,Robert Rogers
6945,Jonathan Yang
3184,Elizabeth Holder
9550,Richard Melton
4187,Lisa Newman
6151,Michael Baker
3134,Dawn Tate
4903,Bradley Sherman
4245,Mr. Trevor Fisher
9679,Danielle Jones
3626,Michele Mosley
7932,Ronald Ruiz
7959,Stacey Lee
1460,Jason Thomas
4024,Roger Stark
7577,Matthew Hampton
1361,Connie Robinson
2670,Randy Mccormick
2277,Bryan Mata
7348,Antonio Reid
1535,Ronald Myers
2836,Gary Miller
9268,Melissa Leonard
5333,Randall Turner
9086,Matthew Anderson
4682,Robert Graham
1558,Daryl Fernandez
9854,Lindsey Mcdaniel
4143,Eric Reynolds
8551,Nicholas Smith
5935,Spencer Moore
2157,Elizabeth Chandler
8649,Tracey Good
9441,Andrew Baker
7315,Anthony Jones Jr.
9198,Christopher Payne
2586,Samantha Aguirre
8615,Amanda Garza
1381,Christopher Heath
9909,James Vasquez
8717,Jennifer Miller
5629,Logan Dennis
4669,Jeffrey Fry
7181,Doris Wright DVM
4852,Jenny Conway
6459,Laura Smith
8048,Jillian Stewart
6129,Luke Greene
3455,Roy Mack
1169,Christopher Gonzalez
7844,Megan Hodge
1592,David Frost
3794,Mrs. Laura Espinoza DVM
7407,Timothy Mason
4011,Melissa Oneill
5126,Justin Butler
6916,Kevin Cisneros
4337,Wanda Murphy
3699,Karen Henderson
4025,Samantha Anderson
4528,Raymond Strickland
4886,Jennifer Wade
7729,Matthew Duran
7013,Kellie Russell
2957,Katherine Weber
3680,Kimberly Campbell
5441,Pamela Silva
3948,Richard Mason
6170,Michele Morgan
9935,Natalie Smith
7775,Denise Anderson
6112,Daniel Webb
1553,Christine Garcia
2112,Thomas Williamson
3777,Colleen Salinas
2314,Micheal Hawkins
9668,Sierra White
2705,Nathaniel Stevens
5325,Lisa Martinez
7497,Michael Miller
6168,Marissa Parker
6277,Randy Gibson
3906,James Myers
8985,Kathleen Pearson
5609,Christopher Allison
3753,Matthew Owens
2372,Vincent Mata
6364,Rhonda Mullins
5446,Paul Ashley
8307,Rodney Phillips
3448,Laura Fisher
8592,Donald Ryan
2358,Miranda Mcclain
1387,Elizabeth Gibson
5193,Brittany Chang
2305,Todd Hill
5192,Ashley Miller
9114,Peggy Flores
8608,Alejandro Cox
4721,John Horton
8911,Kyle Mcguire
5007,Mark Whitney
2905,Colton Cook
4485,Timothy Mendoza
2321,Christopher Smith
5743,Wayne Serrano II
4481,Felicia Ramos
8163,Phillip Mitchell
5113,Bryan Yang
2570,Chad Hanna
4405,Amanda Huynh
6527,Paula Dillon
6848,Diane Dalton
7143,Ryan Gonzalez
9396,Antonio Herman
8153,Russell Tanner
5166,Tonya West
3993,Christian Bennett
4372,Amber Kelly
2479,Lisa Miller
5518,Courtney Richard
2123,Lisa Ferguson
3578,Summer Webster
9233,Audrey Schwartz
2237,Thomas Zimmerman
2720,Dr. Bonnie Mitchell
2071,Adam Stuart
9642,Chelsea Barrera
9928,Pamela White
3935,Diana Wells
9826,Maria Smith
7987,John Garcia
9813,Crystal Burgess
6800,Lisa Leonard
1915,Charles Daniels
1293,Denise Hall DDS
8584,Eric Richardson
1286,Nicole Lindsey
7586,Alexis Hart
5411,Robert Gibson
6557,Randy Fritz
1862,Jeffrey Smith
5527,Christopher Torres
2219,Zachary Farmer
4795,Joseph Johnson
8369,Caroline Holmes
2162,Angelica Olsen
4323,Lauren Pearson
4948,Daniel Harper
5921,Traci Fowler
8646,Allison Walter
2430,Andrew Werner
4912,Molly Kelly
9582,Patrick Adkins
6617,Amanda Molina
6921,Nina Clarke
6743,Angela Mitchell
5074,Thomas Velazquez
9349,Megan Larsen
7415,Renee Garcia
3483,David Harmon
9764,Amber Clark
3640,Christopher Lopez
8958,Patrick Long
1420,Amy Rodriguez
5049,Tyler Matthews
4570,Amy Vaughan
1042,Eric Solomon
9576,Thomas Taylor
1177,Tracy Caldwell
9937,Sandra Smith
9425,Tyler Sanders
1407,Jessica Adams
8782,Alexandria Sawyer
1467,Shannon Andrews
6371,Vincent Butler
9059,Emily Haynes
3503,James Schwartz
1399,Laurie White
5509,Denise Mullins
7051,Steven Hoffman
4950,Ann Jones
1379,Gordon Mathews DVM
3301,David Reyes
6792,Edward Massey
9918,Roberto Hardin
6999,Alexis Garcia
9607,Anthony Mccullough
8921,Maria Franklin
2458,Colleen Sosa
9404,Holly Collins
4894,Bradley Mooney
8139,Christine Cooper
7930,Stephen Villegas
2732,Matthew Poole
5842,Jessica Sampson
3312,Andrew Wheeler DDS
9608,Michael Hicks
9406,Clinton Reilly
6721,Christina Johnson
9423,Jordan Turner
9829,Mr. Rodney Lynch
2694,Daniel Robinson
4887,George Watts
6846,Shannon Evans
6900,Sharon Griffin
7515,Erika Harper
5328,Tonya Meyer
1921,Chad Carter
5462,Kimberly Hall
4434,James Lane
1724,Ronald Stein
3609,Elizabeth Mahoney
9956,Michael Frost
9361,Erin Mills
3796,Amanda Mckay
4576,Robert Peters
5373,Michelle Adams
3392,Nathaniel Rivera
7705,Amanda Cook
7790,Holly Dixon
3677,Christopher Mahoney
1817,Teresa Morgan
8861,Eric Parker
2835,Tiffany Evans
3177,John Williams MD
1576,Kimberly Nichols
5779,Evelyn Horn
9187,Dustin Murray
2488,Jaime Hopkins
4458,Aaron Williams
7423,Elizabeth Stephenson
1841,Michael Harrington
9280,Antonio Oconnor
9149,Lindsey Rodriguez
7735,Sharon Carter
1977,Jordan Davis
7798,Angela Mcknight
5279,Benjamin Hogan
1673,Stacey Jones
1439,Brandon Jensen
2208,Jennifer Dennis
8466,Jason Perez
2253,Lisa Wilson
6862,Benjamin Hall
2194,Ryan Carter
9882,Colleen Greene
4468,Cynthia Frost
9703,Janet Mitchell
6446,Michael Sanders
5572,Carol Livingston
7510,Melissa Nicholson
2432,Kristy Moore
8655,Laura Simpson
7874,Catherine Burton
3480,Shannon Clements
5590,Ashley Mccarthy
3988,Elizabeth Hernandez
4015,Tammy Taylor
2608,Corey Gill
2692,Geoffrey Walker
2199,Ronnie Castro
6502,Megan Wheeler
3498,Tanya Dalton
6709,Christina Hunter
4388,Marissa Howard
7161,Sean Kent
8290,Kyle Parks
9018,Mckenzie Lang
4817,Hailey Mclean
5600,Scott Hensley
5767,Henry Williams
7045,Monica Stewart PhD
1031,Nancy Gray
5874,Elizabeth Strong
3003,Victoria Todd
4615,Alexander Porter
8458,Jacob Conway
4479,Scott Rich
8356,Ronald Kennedy
3112,Karen Jones
2576,Jill Johnson
2624,Frank Mccarthy
5269,Susan Lambert MD
5914,Lauren Smith
5337,Nicole Brown
1483,Renee Simmons
2533,Perry Bowen
2020,Marc Sanchez
8093,Jennifer Carson
7466,Kenneth Martinez
9887,Joanna Thomas
5013,Patrick Brock
8877,Jamie Young
3315,Levi Cummings
7225,Christopher Wright
7685,James Butler
2748,Michael Perez
5024,Emily Pierce
6689,Jared Young
6716,Collin Lopez
6473,Kathy Olson
5505,Robin Oconnell
5863,Stephanie Camacho
9064,Dennis Kaufman
9842,James Hardin
4375,Jared Martin
3182,Christine Cervantes
2522,Robert Figueroa
7756,Theresa Rivera
8944,Lonnie Allen DVM
5139,Benjamin Ayala
7405,Susan Crawford
3199,Laurie Ramirez
3910,Michael Hudson
1360,Jason Miller
7270,Anne Adams
7545,Tanya Haas
6333,Stephen Moore
6351,Amber Allen
7518,Michele Ruiz DDS
8946,Kenneth Weaver
3146,Nancy Williams
5680,Mason Gonzalez
6217,Joy Morales
3458,Rebecca Freeman
7306,Samuel Fox
9251,Jane Hawkins
5714,Holly Espinoza
7491,Craig Joseph
7357,Dale Porter
9965,Tracy Garner
5417,Angela Gonzalez
3189,Matthew Cisneros
1410,Jeffrey Robinson
3109,Maria Miller
5401,Thomas Sanchez
4295,William Evans
4582,Ernest Day
3621,Jill Farrell
9810,Jennifer Collins
7808,Andrew Hawkins
1962,Jonathan Zimmerman
4941,Edward Arnold
3966,Olivia Smith
4728,Jonathan Harris
9410,Greg Clark
5205,Jamie Zamora
8603,Derek Edwards
5807,Gabriella Kerr
8738,George Chan
2158,Christopher Stafford
5630,David Brown
2144,Samuel Torres
2187,Elaine Pratt
4043,Robert Edwards
1586,Susan Jimenez
9542,Matthew Burton
3927,Trevor Myers
7195,Grace Fitzgerald
7660,Steven Bowers
7421,Elizabeth Gonzalez
9939,Anthony Richard
2419,Johnathan Moore
7536,Christopher Jones
2166,Elizabeth Lyons
2870,Karen Franklin
2362,Christian Pena
1059,Steven Rodriguez
8201,Derek Washington
9165,Amy Vance
6483,Tammy Miller
1245,Andrea Mitchell
9797,Meagan Estrada
6714,Jesse Gonzales
4652,Elizabeth Andrews
7307,Steven Martinez
6140,Matthew Nixon
2535,Angela Rhodes
8591,Wendy Bailey
4018,Susan Davis
4846,Tiffany Mcdonald
5309,Jessica Gilbert
4821,Brian Swanson
8719,Gabriella Fernandez
2097,Damon Lewis
6888,Monique Wagner
9443,Mary Sanchez
6652,Christina Vasquez
4501,Edward Wilcox
8359,Leah Jackson
1513,Elizabeth Smith
9192,Mark Frederick
7501,Isabel Snyder
1902,Chelsey Bartlett
6719,Tristan Frederick
8712,Vincent Shepherd
7624,Patricia Thornton
3697,Kimberly Kerr
8639,Ricardo Jones
1509,Nathaniel Turner
5442,James Patrick
4204,Richard Yoder
8834,Brandy Perez
8589,Christopher Chapman
7978,Rodney Lee
9796,Jeremy Day
3380,Samuel Miller
3150,Julia Garcia
7061,Aaron Oneal
6857,Curtis Ward
7649,Jennifer Franklin
7062,Robin Drake
7077,Megan Wagner
7700,Randy Floyd
4314,Ivan Hooper
2768,James Watson Jr.
2405,Rebecca Atkinson
1123,Maria Martinez
5031,Abigail Anderson
6923,Allen Sawyer
7664,Anthony Baker
9781,Maria Williams DDS
9482,Mrs. Katherine Vasquez MD
4958,Emily Choi
6331,Kevin Cortez
2039,Ruben Cunningham
9452,Brittany Clark
4571,Christopher Lewis
1353,Brandon Barrett
1433,Betty Hernandez
6764,Aaron Sullivan
5574,Audrey Dodson MD
7292,Michael Bradley
5653,Michael Mcdonald
8808,Daniel Rojas DVM
1829,Angela Leach
4519,Dr. Mark Adams
9008,David Weber
5420,Janice Nunez
3447,Nathan Anderson
7084,Curtis Hardin
2943,Andrew Vega
7384,Lindsay Reyes
1101,Elizabeth Terry
3545,Jean Russell
5936,Richard Moss
9229,Angela Williams
7595,Chris Rodriguez
4213,Sara Gray
1041,Tammy Johnson
2061,Martin Campbell
4689,Tammy Williams
1803,James Holmes
5834,Kenneth Lopez
3450,George Miller
4733,Marc Davis
1484,Hunter Rasmussen
5660,Stephen Ferguson
3202,Brian Finley
4165,Albert Anthony
7027,John Smith
7210,Emily Mooney
8247,Kimberly Walters
4437,Carla Li
9019,Melinda Abbott
3238,Michelle Grimes
8298,Brooke Perkins
8051,Hannah Hall
2584,Juan Haas
4288,Jennifer White
9936,Brian Haney
6090,Michael Mckenzie
1411,Kevin Leonard
2206,Howard Weaver
9863,Tony Fernandez
4559,Andres Ford
7692,Tracey Black
4233,Pamela Miller
2833,Nicole Spears
6928,Lauren Clark
3781,Nicholas Davies
3188,Jesus Garcia
3608,Anita Chavez
8948,Rebecca Parks
1714,Jacqueline Curtis DDS
4341,Natalie Christensen
1424,Brenda White
9034,Scott Mason
6357,Cassandra Stafford
3127,Roberto Thompson
9200,Joseph Hawkins
7950,Mark Benjamin
6071,Christopher Jefferson
7648,Stephen Brown
3519,Judy Nichols
7417,Morgan Walker
1744,Valerie Anderson
3930,Mark Johnson
6802,Stephanie Reid
6847,Kimberly Morrison
5504,Marie Webster
4522,John Walker
4984,Mr. Donald Ford
8691,Emily Johnson
8315,Kaitlyn Taylor
8733,Katie Christian
5245,Travis Long
7607,Michael Martin
1335,Steven Chavez
1257,Aaron Khan
3002,Dana Mills
1239,Michael Johnson
2944,Jennifer Avila
7561,Amy Torres
8930,Sue Fisher
4369,Pamela Hernandez
6635,Mallory Taylor
5069,Amy Kim
8656,Sarah Garcia DDS
1812,Cathy Garcia
8900,Bryan Mendez
1668,Mrs. Heather Fletcher
9460,Anne Hardy
9673,Jason Wilson
6549,James Hall
7750,Matthew Frederick
8752,Ashlee Ortega
6019,Timothy Anderson
9726,Mark Ross
8046,Katie Smith
6180,Jenna Ellis
1218,Kevin Quinn
4433,Karen Frank
3704,Andrea Thompson
3115,Danielle Gibson
3267,Daniel Brooks
1735,Kristen Todd
2272,Valerie Cox
5836,Monique Evans
2862,Ricardo Wilson
5226,Courtney Horne
1542,Lauren Gibbs
8268,Briana Fischer
1884,Tina Smith
1057,Allen Roberts
4877,Danielle Blair
6508,Brenda Buchanan
2775,Maria Moore
3998,Elizabeth Nelson
2880,Linda Hutchinson
5489,Daniel Hunter
2084,Melissa Barnes
2153,Sarah King
3245,Alvin Hines
9091,Melanie Conley
2443,Abigail Woods
8732,Alexis Brown
2722,Darin Clark
1898,Michael Pham
1102,Stephen Gonzalez
2534,George Reed
7706,Candace Brown
9246,Olivia Santos
3512,Thomas Church
6528,Deborah Blackburn
6418,Sarah Mack
6826,Mallory Smith
7920,Pamela Nichols
8784,David Henderson
5044,Angel Haynes
4059,Stephanie Mayo
8007,Christina Bartlett
3826,Lori Smith
1313,George Calderon
4429,Jillian Robinson
9203,Amanda Park
2739,Kelsey Hull
5724,Stephen Newton
5954,Sergio Day
7275,Jonathan Gray
6076,Robert Kelly
6050,Nancy Moore
9819,Penny Sanders
8811,Joshua Page
6597,Mr. Derek Love III
3264,Tyler Joseph
8884,Loretta Phillips
3812,Miss Amy Garcia MD
2926,Tasha Harper
1856,Megan Wheeler
9743,Brandon Miller
9807,Shane Lam
3412,Paul Ferguson
5564,Isabel Schultz
7913,Justin Harrell
3727,Meghan Cardenas
9778,Carl Everett
1554,Christopher Johnston
4336,Michelle Vasquez
3534,Cindy Simpson
7178,Raymond Conway
9760,Alexandria Stephens
4739,Robert Johnson
9020,Lauren Ayala
9299,Joseph Moore
2527,Ralph Bradley
4529,Jason Lang
2355,Joanna Reid
6290,Amanda Martin
8613,Scott Martinez
7714,Michael Shaw
2498,Richard Roy
3698,Tom Grant
2557,Sherri Weeks
4352,Elizabeth Chavez
9972,Laura Velazquez
1945,Darryl George
8168,Olivia Pearson
9739,Douglas Martinez
5397,Susan Banks
8172,Randy Baker
4070,Austin Mcgrath
9870,Patricia Hensley
1088,Melanie Stephens
2554,Kimberly Evans
4533,Brian Gilbert
6963,Eric Day
3075,Kimberly Davis
1373,Jacob Webb
1322,Stephanie Barnett
9309,Christine Gray
7698,Frank David
2350,William Smith
8428,Christine Phillips
3909,Joseph Roth
9922,Jonathan Espinoza
3766,Scott Roberts
4784,Brian Mills
5610,Christopher Salas
8821,Tracey Weaver
7880,Mrs. Carrie Jones DDS
8337,Douglas Neal
4693,Marc Ryan
8198,Jason Dixon
5338,Mrs. Jasmine Odonnell
4393,Andrea Rosario
2632,Veronica Hudson
1003,Eduardo Curry
8477,Daniel Schroeder
6998,Roger Wagner
9692,Brian Nunez
9144,Robert Mathis
1826,Brent Burgess
2606,Karen Andrews
3751,Jordan Oconnor
2383,Madison Kirk
6099,Joseph Singleton
4617,Nicole Brown
9099,Nichole Mcfarland
7557,Jo Stewart
6474,Justin Rivera
8698,Tina Clark
8363,Kelly Allen
1683,Matthew Gonzalez
4836,Anita Murphy
1708,Shane Oconnor
2713,Jody Davis
8936,Bobby Dixon
2891,Jacob David
3351,Dr. Laura Gilmore
3605,Charles Coleman
5153,Patricia Wilson
8809,Sandra Hobbs
5510,Jessica Diaz
4686,Curtis Williamson DVM
3254,Laura Lane
9331,Rodney Adams
2611,Kevin Thompson
2429,Adam Olsen
5191,Denise Perez
5057,Michael Berry
6194,Phyllis Rodriguez
8882,Andrew Grimes
3981,Chelsea Parks
9158,Paula Walker
8585,Sarah Thornton
1960,Connie Reed
2869,James Glover DDS
5345,Michael Gordon
1029,Scott Phelps
9827,Jennifer Sanchez
8713,Nicole Gonzalez
2297,Tammie Randolph
4860,Anthony Schmidt
5447,David Wade
8502,Todd Tapia
2027,Brian Price
1469,Mary Taylor
1180,Susan Kaiser
4623,Roy Ryan
6259,Anna Bell DVM
9029,Alyssa Williams
2413,Alejandra Thompson
7504,Johnny Leach
7842,Christopher Campbell
7173,Debra Griffith
6421,Julie Smith
6516,Joseph Horton
7703,Misty Simon
1696,Bryan Rivas
3270,Kirsten Holt
7717,Daniel Webster
2572,Daniel Hernandez
4111,Elizabeth Williams
9763,Eric Strickland
6359,Allison Williams
1316,Jonathon Hamilton
4422,Jessica Fowler
4351,Ashley Rice
1134,Cheryl Morris
5618,Alexis Barnes
2006,Amber Turner
8908,Jennifer Ramirez
3748,Alicia Marsh
7165,Andrew Patel
5745,Ethan Glass
7244,Timothy Mccoy
1326,Keith Davis
5015,John Allison
9242,Lisa Miller
8826,Cameron Jenkins
1970,Craig Moody
4461,Nicholas Mckay
5043,Julian Taylor
4328,Thomas Taylor
3225,Joanna Washington
6437,Rebecca Cox
8760,Carrie Rice
4366,Austin Dickerson
7137,Jay Bryant
1828,Tammy Bruce
9295,Carmen Pennington
7918,Jean Williams
9489,Joseph Burke
9454,Nicholas Wright
9862,Kathleen Madden
9710,David Williams
5715,Cristina Patton
9247,Kimberly Cisneros
1836,Katrina Rodgers
6312,Christopher Henry
3420,Luke Meyer
3528,Anthony Wall
2978,Linda Mccall
3662,Kellie Garrett
7433,Anthony Washington
2201,Terry Gaines
5371,Krista Randall
7682,Charlene Hart
9873,Joshua Hopkins
5696,Collin Horton
1168,Marie Garcia
4142,Kim Castillo
6245,Laura May
5950,Jonathan Thomas
2743,Kenneth Clark
4616,Thomas Andrade
4181,William Brown
4214,Felicia Moore
6564,Brian Brooks
8731,Curtis Richard
3319,Vicki Smith
4207,Kathryn Morgan
3232,David Johnson
8841,Joseph Velazquez
6391,Taylor Davis
2595,Joshua Mcpherson
1208,Keith White
3546,Timothy Larson DVM
9145,Tiffany Snyder
2493,Denise Bowman
6163,Morgan Manning
7688,Justin Brady
3020,Shannon Leon
7029,Benjamin Calderon
1265,Carla Moore
7503,Jennifer Aguilar
4274,Kirk Baker
6339,Richard Dalton
2747,Shannon Pruitt
3516,Nicholas Allen
7069,Sara Spencer
5291,Kimberly Bailey
8676,Mathew Miller
2580,Jennifer Richardson
7550,William Bailey
5785,Gregory Summers
5843,Joseph Chavez
7625,Robert Ramirez
5003,Justin Lester
6512,Darryl Phillips
3864,Debbie Ramos
9373,Melissa Johnson
7759,Kimberly Aguilar
5685,Michael Fitzgerald
3701,Judy Burns
7428,Gregory Taylor
1385,Cassandra Patterson
1259,Carmen Jackson
8536,Marisa Gregory
5048,Isaiah Alvarez
1476,Daniel Davis
8405,Amy Flowers
2261,Mario Daniels
6937,James Bryant
3209,Heather Freeman
8228,Denise Brown
9196,Linda Gutierrez
9267,Stephen Ryan
1327,Joe Jensen
9048,Ashley Flynn
3862,Pamela Acosta
4421,Michelle Chavez
7741,William Figueroa
3152,Anne Graves
2822,Jenny Carey
1221,Marc Simpson
8152,Daniel Collier
7508,Timothy Jordan Jr.
9136,Edward Sanchez
4350,Lacey Coleman
1409,Jeffrey Hill
3859,Erin Smith
9214,Jeffrey Cooper
1601,Wanda Schroeder
8934,Justin Johnson
4608,Christopher Lowe
3145,Amy Sims
3332,Jeffrey Smith
7779,Amber Floyd
2086,Todd Richardson
1720,Kyle Hendricks
7325,Lisa Garcia
5026,Jeffrey Obrien
7909,Robert Jones
5720,Kristin Bailey
1450,Allison Kramer
9544,Bonnie Smith
1247,Jessica Price
4503,John Taylor
3760,Wayne Ramos
6940,Hannah Clark
1167,Christopher Patterson MD
8442,Jamie Stevens
9629,Jackie Barber
7440,Edwin Key
9079,Jessica Lopez
8582,Courtney Benitez
1875,Deborah Smith
9900,Michael Cook
3813,Wayne Stephens
1315,Dawn Bishop
8217,Sarah Gilbert
5336,Gregory Miller
8132,Brenda Ortega
7145,Maria Chambers
9337,Ronald Brown
1907,Michael Aguilar
9025,Cindy Turner
9390,Danny Reynolds
9769,Thomas Tyler
4844,Suzanne Charles
9300,Zachary Abbott
1503,Mark Simpson
6098,Brooke Rogers
5501,Alan Booth
9364,Michael Parks
6804,Dr. Brandon Gibson
9952,Gary Crawford
6284,Angela Greene
3694,Jason Smith
4595,Tyler Wiggins
6042,Rodney Rivera
5194,Jonathon Day
6727,Jacob Harris
6405,Desiree Vargas
9351,Joanna Mitchell
2175,Robert Klein
7290,Douglas Caldwell
9157,Wendy Williams
4794,Michael Yang
2675,Elizabeth Carter
9137,Carly Smith
9030,Pamela Burgess
4702,Matthew Horne
8907,Anthony Gibson
3250,Lauren Garcia
8918,Peter Cisneros
3595,Lisa Vasquez
7699,William Scott
8627,Cheryl Mckinney
9892,Danielle Cantu
8748,Karen Valentine
4169,Victoria Greene
2730,Jessica Miller
1035,Paul Baker
2026,Vanessa Estes
2947,Joseph Campbell
6407,Sean Goodman
4658,Heather Henderson
4884,Michael Watts
4995,Tracy Espinoza
8286,Jennifer Nelson
9696,Marcus Reese
4482,Shawn Medina
7517,Tamara Farrell
4668,Brandon Dean
7462,Carrie Martinez
3485,Phyllis Santana
9398,Morgan Williams
9485,Jason Bowman
2642,Kimberly Smith
2470,Teresa Moon
6678,Deborah Snyder
9139,Lindsey Torres
8747,Dawn Lucas
6589,Stephanie Thomas DDS
9704,Randall Hernandez
3221,Jo Nunez
4978,Kyle Howell
1188,Steven Smith
6927,Michelle Delacruz
6453,Martha Duke
5702,Laura Christensen
5438,Kayla Jones
5739,Danielle Hurst
3549,Elizabeth Crosby
5104,Jacob Hill
8976,Emily Scott
9868,Jeremy Andrade
5303,Jacqueline Wolfe
2765,Dean Wilson
3085,William Henry
1291,Jonathon Lopez
3579,Adrian Kaiser
8558,Robert Wright
1103,Mrs. Kristy Butler
1741,Scott Watson
8278,Maria Andrews
4334,Brandon Anderson
3684,Amy Swanson
3559,Gary Moore
4971,Shawn Rodriguez
7916,Gabriel Mccarthy
2729,Steven Johnston
3583,Kenneth Drake MD
6545,Alicia Potts
5125,Robert Huang
8488,Nathan Wright
9670,Laura Leon
4919,Amber Moreno
7202,Michael Phillips
8839,Amanda Hall
3386,Sean Hamilton
1030,William Mccarthy
2805,Colin Smith
1367,Michaela Holmes
5256,Christopher Freeman
9628,Peter Hamilton
8417,Rachel Roy
9688,Alex Banks
2489,Alice Mclaughlin DDS
3334,Thomas Garrett
1230,Ashley Shannon
8047,Heidi Kennedy
4532,Tyler Nelson
6456,David Wolf
8085,Christopher Wells
7498,Jonathan Anderson
1820,Ronald Obrien DDS
5115,Virginia Noble
9336,Cynthia Evans
9538,Ryan Williamson
5560,Samantha Hawkins
1199,Kyle Hughes
7020,Ann Adams
3495,Molly Johnson
6554,Andrea King
8671,Walter Wilson
9255,Angela Schmidt
1715,Stuart Byrd
1651,Bobby Roberson
5742,Kimberly Mercado
2035,Anthony Choi
5149,David Smith
5484,Mark Payne
9665,Mary Green
6500,Jessica Hall
5010,James Carey
4848,Amanda Irwin
4492,Brian Shaffer
6496,Jeanne Martinez
9072,Kevin Lopez
6107,Peter Jensen
5706,Jason Rice
6771,Robert Davis
2121,Taylor Johnson
9451,Aaron Mccall
5894,Ryan Trujillo
5902,Alexander Mays
6236,Scott Herman
3227,Heidi Hampton
2393,William Mckee
8885,Elizabeth Griffith
3641,Carla Hunt
1280,Joshua Ryan
4254,Drew Rodriguez
7151,James Ross
5978,Patricia Wilson
7836,Lauren Wright
4222,Lauren Morgan
5991,Zachary Taylor
3214,Mr. Ralph Hawkins
3724,Sarah Landry
9121,Mary Hoover
4463,Kyle George
8606,Raymond Cuevas
3714,Christine Davila
8484,Robert Li
9197,Alfred Johnson
7672,Perry Harvey
4410,Tara Garcia
6096,Kristin Campbell
4509,Katrina Wilson
7438,Diana Robinson
6863,Edwin Miles
7138,Teresa Wilson
2011,Rebecca Greene
1431,Dominique Oconnell
4256,Andrew Stewart
3252,Dr. James Burgess
6094,Amanda Daniel
4023,Kevin Moore
4045,James Brown
9513,Michael Hicks
4473,Mariah Esparza
6871,Kristi Sanchez
2302,Amber Cohen
4027,Gerald Berry
4609,James Martinez
2047,Amanda Torres
5871,Patricia Weaver
9886,Corey Nichols
8113,Carl Miller
7377,William Graham
6601,David Gomez
1852,Lisa Richard
2056,Michael Kerr
4498,Heather Hill
8682,Jennifer Hughes
3718,Jessica Murphy
9902,Kimberly Brown
3194,Curtis Baldwin
9731,Kimberly Herrera
3084,Mr. Michael Lawrence Jr.
8553,Mr. Albert Johnson MD
4710,Alan Grant
4752,Crystal Oconnor
4050,Christina Williams
8912,Kelly Ochoa
6332,Stephanie Wilkerson
7087,Emily Leach
3281,Melissa Reilly
1351,Carla Schmidt
1563,Stacey Buchanan
2190,Alex Jones
4210,Mark Dunn
1487,Dawn Shannon
5472,Alicia Jackson
9589,Holly Weiss
7332,Barbara Brennan
5344,Brett Collins
8439,Adam Pennington
5296,Kenneth Hartman
1485,Carl Caldwell
6117,Sarah Fletcher
6379,Shannon Ruiz
1150,Richard Martinez
3619,Kevin Bartlett
7223,Marcus Walker
9757,Beverly Walton
4387,Lindsay Bird
4745,Kristen Silva
1290,Amy Jenkins
1474,Theresa Reed
5110,Ronald Smith
6584,Michael Garrett
6081,Tyler Munoz
1833,Timothy Wheeler
9377,Samuel Chen
2444,Samantha Blankenship
4402,Elizabeth Garner
3947,Aaron Lopez
3405,Derek Valentine Jr.
4813,Marc Bowen
9604,Megan Black
2475,Caitlin Gibson
3805,Christine Carter DDS
8757,Cody Green
2972,Brian Crawford
1705,Amanda Ferguson
5794,Heather Avila
3444,Ryan Smith
9332,Jennifer Young
9483,Walter Avery
8220,Michael Anderson
2598,Andrea Serrano
7712,Jeffrey Wood
1718,Diane Castillo
3435,Lauren Parker
4383,Christopher Thompson
8534,Joshua Jones
7234,Joseph Fritz
7070,Anthony Butler
5101,John King
8267,Mark Carroll
7977,Michael Ferrell
4125,Rachel Evans
7011,Matthew Wright
1971,Deborah Smith
3157,Sharon Schmidt
1795,Mr. Jeffrey Kelly
8107,Raymond Smith
7463,Matthew Jones
5391,David Harris
4268,Maria Cruz
3467,Charles Stewart
2921,John Walker
4014,Oscar Gonzalez
7983,Heidi Bell
8828,Nicole Swanson
5546,Eric Dominguez PhD
1401,Jonathan Christian
6665,Tasha Acosta
9574,Justin Cuevas
5343,Christopher Mendoza
2450,Thomas Brewer
4634,Bryan Carter
4706,Jill Rosales
5847,Jo Richardson
1520,Robert Johnson
7258,Jacob Morris
8793,Jessica Myers
8708,Joseph Gonzalez
5097,Travis Compton
3937,Meagan Walker
4547,Francis Mitchell
1121,John Clark
1900,Nathan Rubio
9487,Ashley Nichols
1017,Jennifer Larson
3533,Derek Solomon
3918,Felicia Ross
5832,Cynthia Moreno
7422,Kenneth Johnson
3715,Stacy Patterson
3425,Raymond Johnson
5525,Jordan Jones
3616,John Duncan
6414,Barbara Thomas
5254,Oscar Harris
8348,Mark Mann
5119,Megan Walker
6706,Bridget Calderon
7951,Joshua Rhodes
2328,William Garcia
9525,Christopher Wood
3884,Miranda Weber
9180,Shannon Conner
3404,Shelby Ramirez
8801,Elizabeth Greer
9094,Laura Lewis
7067,Kevin Sullivan
3388,Yvette Jones
7896,Kathryn Cruz
7876,Elizabeth Frank
6135,Chelsea Campbell
5982,Michelle Moore
3201,Kyle Burton
2336,Cody Hall
3375,Adam Wilson
7248,Thomas White
8136,Shannon Oconnell
9344,Mary Ward
5375,Jessica Taylor MD
9292,Sarah Baird
7355,William Wright
9478,Kyle Hart
2923,Sean Mack
7455,Julie Carpenter
8917,Thomas Richards
7872,Amanda Wilson
3536,Sherri James
6514,Philip Pope
3449,William Kelly
8495,James Mitchell
7148,Amy Chan
8924,Amber Richards
6139,Tanner Mcintyre
6477,Katherine Ross
6155,Joseph Mayer
5688,Raymond Anderson
1099,Renee Cantrell
5475,Michelle Andrews
5189,Melissa White
4639,Anthony Molina
7126,Christopher Mcguire
7128,Sherry Chavez
5252,Lauren Jones
6337,Kevin Perez
7934,Andrew Watkins
8889,Kelli York
7494,Brian Gilbert
9470,William Warren
3973,Jenny Johnson
2280,Clinton Robinson
8510,Lisa Phillips
5540,Sonia Browning
5220,Corey Stephens PhD
1736,Cheryl Snow
6711,Kristine Norris MD
3764,Larry Johnson
4964,Joseph Carpenter
6464,Stephanie Cobb
6550,Joseph Mcfarland
5084,Michael Gray
8628,Suzanne Cardenas
7562,Nathan Fields
3129,Jason Ortiz Jr.
5989,Kyle Jones
1222,Taylor Calderon
3664,Louis Jones
1046,Roy Walker
1819,Antonio Aguilar
8293,Holly Smith
5450,Anna Allison
6460,Paul Stevens
3501,Courtney Gray
4588,Shawn Brandt
3540,Christopher Weber
9686,Joseph Salas
3414,Dwayne Reid
9211,Patrick Galvan
8341,Valerie Mathis
4910,Krystal Sanders
6282,Ashley Smith
9466,Adriana Cantrell
5106,Robert Robbins
1346,Lucas Kelly
2215,Margaret Phelps
2087,Anthony Copeland
9310,Robert Sullivan
4694,Kevin Wang
4448,Haley Thompson
8955,Kelly Bates
1408,Karen Baker
8346,Hannah Robertson
6436,Curtis Thomas
5461,Matthew Weeks
6038,Melissa Rodriguez
5977,Alexis Ramirez
3678,Robert Wise
1127,Charlotte Moore
7392,Danny Carrillo
4047,Charles Fuentes
2330,Erik Miller
9318,Hannah Dean
2255,Jessica Hill
3932,Samuel James
2163,Nathan Garza
6763,Derek Tucker
4362,Mary Jimenez
3012,Valerie King
5984,Alex Pierce
5972,Debra Clark
4921,Kylie Stevens
7425,James Conway
6070,Richard Deleon
9929,Alicia Johnson
4353,James Avery
4508,Timothy Rodriguez
6814,Karen Barron
8792,Kevin Ortiz
5705,Maria Cook
9355,Christina Diaz
4316,Bill Gilmore
7095,Daniel Wolfe
1380,Mark Perez
8317,Joseph Carroll
7281,Lisa Simon
6627,Susan King
8305,Abigail Nicholson
3929,Henry Sanders
2530,Kristi Warren
8223,Michael Andrews
3140,Shelby Smith
9610,Kimberly May
8539,Jessica Butler
9840,Mr. Roberto Turner
2698,Taylor Johnson
7826,Lisa Prince
3876,Amanda Velazquez
6980,Melissa Anderson
9141,Allen Boyd
4282,Brittany Thompson
9416,Mark Flores
4058,Rebecca Carney
7760,Kevin Church
7187,Laura Hines
8840,Cheryl Moore
8100,Crystal Davis
1664,Michelle Duncan
1866,Amanda Williams
6513,Mark Young
6859,Justin Gonzalez
5877,Kellie Howard
6561,Jesus Butler
8794,Mr. Duane Patel
1334,Melinda Smith
9944,Cassandra Brooks
1742,David Carpenter
9285,David Collins
5140,Morgan Santos
2247,Christina Atkinson
6910,Adam Freeman
9028,Shannon Moore
7535,Peter Sparks
7179,Alexander Bailey
6157,Cody Clayton
8302,Joann Williams MD
4386,Curtis Jordan
8403,Jodi Mcgrath
5605,Angela Gray
6532,Earl Cardenas
3119,Jennifer Dunn
8277,Megan Bond
5915,Matthew Burke
3168,Renee Pearson
3008,Brandon Hill
5463,Tim Davis
5751,Leon Richards
2981,Robin Mcgee
4470,Roger Gibson
7252,Michael Valencia
4315,Stephanie Kelley
9270,Daniel Patterson
2662,Carly Martinez
9821,Benjamin Nunez MD
4208,Richard Bailey
3638,Allison Hood
5170,Patrick Mccoy
3009,Jeffery Cole
5985,Elizabeth Smith
5783,Kenneth Brown
1119,Alexis Wolf
7580,William Shelton
7778,Amanda Bennett
3900,Mary Avila
5981,Jason Oliver
8753,Kimberly Paul
9969,Christopher Hernandez
5667,Aaron Perez
3310,Kayla Nelson
5469,Elizabeth Wallace
9845,Michael Kim
2318,Crystal Taylor
9132,Alexandra Stafford
7725,Thomas Johnson
7814,Kathryn Taylor
7149,Robert Patrick MD
7879,Jonathan Kramer
8438,Courtney Ramsey
5634,Stephanie Johnson
7216,Janice Turner
5641,Alexis Lambert
9725,Christina Robinson
3034,Kristina Trevino
4592,Angela Long
9729,Kathy Harvey
2147,Mr. James Taylor Jr.
2182,Donna Luna
2197,Ryan Ward
3879,Kenneth Chambers
2433,Eric Morgan
4585,Sherry Hogan
4703,Leah Haas
9439,Nicholas Hutchinson
7388,Jasmine Kim
9049,Ashley Miller
6026,Nathan Schneider
9687,Savannah Martinez
9170,Matthew Jordan
4820,Ryan Richmond
7492,Nicole Wade
4128,Susan Carter
2288,Joshua Cooley Jr.
6384,Keith Munoz
8571,Michael Hoover
8109,Alex Sims
1034,Christina Thomas
4100,Rhonda Weber
9618,Shelby Gonzalez
3518,Johnny Ochoa
3564,Pamela Brooks
5602,Kristin Dunlap
3602,Linda Rose
8301,Christopher Williams
9403,Megan Patrick
2347,Brett Perez
9925,Megan Peterson
4474,Dwayne Park DVM
3266,Nicholas Cunningham
8998,Shelia White
4286,Alicia Mcconnell
3275,Marc Reynolds
6511,Susan Williams
7662,Dr. Sandra Rowe
3683,Tina Acevedo
4589,Rose Maxwell DDS
9602,Aaron Oliver
5058,Michael Rodriguez
4826,Vincent Vang
5339,Scott Mejia
7933,Dustin Torres
8335,Joel Wood
8729,Kathleen Ellis
2510,Hannah Newton
4938,Mary Gonzales
7480,Jennifer Patterson
1993,Joseph Cruz
5404,Michael Lopez
9889,Richard Franklin
2092,Nancy Hunt
3647,Scott Braun
1344,Jon Stevens
6638,Francis Zimmerman
5410,Scott Wells
5528,Erin Atkinson
4834,Kathy Walsh
1927,Dr. Melissa Cohen PhD
8578,Kimberly Cowan
1538,Monica Hull
5955,Brent Lawrence
3974,Stephanie Washington
9013,George Marshall
6018,Robert Smith
2889,Brandy King
9735,Sheila Harris
7399,Carol Burch
5771,Patrick Kaiser
1196,Garrett Thomas
6226,Mark Valentine
6219,Elizabeth Mitchell
2456,Gregory Simon
3117,James King
7271,Timothy Petty
6174,Phillip Herrera
7824,Kenneth Buckley
1738,Philip Young
5974,John Green
1083,Carol Gordon
9223,Morgan Anderson
6654,James Hall
9354,Tamara Mitchell
6198,David Duran
5819,Billy Cole
1251,Paul Williams
6306,Mrs. Melissa Miller
8722,Ariel Scott
7914,Lauren Lewis
4635,David Contreras
9231,Jessica Scott
7186,Brittany Franco
5202,Zachary Zimmerman
5639,Breanna Lozano
2411,Maria Stuart
8724,Thomas Orozco
3676,Susan Rodriguez
4106,Sheila Garcia
8665,Roberta Rivera
8685,Joanne Harris
9426,Adrienne Gilbert
5824,Deborah Harding
2113,Timothy Simpson
5387,Billy Wood
2512,Daniel Taylor
5738,Kimberly Williams
7442,Vicki White
7134,Michael Young
1274,Barbara Tate
1733,Stephen Lane
2441,Jerome Hodge
6883,Michael Pierce
9054,Robert Barrett
8231,Clayton Meyers
8303,Matthew Hernandez
4438,Jasmine Estes
8030,Alan Duran
4193,James Murphy
2090,Peter Walters
3856,James Palmer
5032,Jonathan Bowen
6148,Jeffery Williams
3622,Eric Wood
8375,Jonathan Pena II
6815,Dr. Kimberly Howell
9993,Eric Wilkins
6183,Beverly Weeks
8567,Andrea Cannon
5148,Kara White
1396,Lauren Wells
5900,Brian Guzman
2427,Christina Elliott
4102,Julia Parker
2346,James Hill
3858,Alan Chaney
9341,Tom Cunningham
9124,Laura Johnson
7482,Daniel Lawrence
3308,Natalie Ford
1263,Matthew Gibbs
5990,Dr. Shannon Green MD
3133,Justin Dixon
4441,Cesar Fox
7346,Victoria Howell
2303,George Turner
9765,Luis Scott
8049,Nicole Espinoza
1447,Charles Green
5913,Nichole Morton
2339,Daniel Nelson
9957,Bianca Lynn
5219,Heather Gonzalez
5679,Traci Malone
3277,Daniel Lopez
3754,Ricky Gomez
1438,Jeremy Walton
9304,Stephanie Boyd
1311,Lisa Gonzalez
7551,Felicia Malone
6128,Tony Wilkerson
4287,Juan Turner
7237,Ray Smith
5949,Crystal Vega
2023,Ian Welch
5400,Sergio Freeman
4704,Dr. Melissa Phillips
9147,Jacqueline Malone
4248,Laura Brown
4643,Mary Sanchez
8969,Todd Murray
2398,Mrs. Sylvia Williams
4601,Scott King
2323,Antonio Gray
7753,John Swanson
3323,Jerry Miller
9288,Daniel Griffin
2396,Tonya Thornton
9156,David Johnson
6001,Michael Cruz
4578,Shelby Tran
2457,Michelle Phillips
8191,Tom Bradley
4979,Wendy Mueller
6749,Katherine Huang
5393,Rebecca Williams
2791,Michael Harvey
8516,Kathy Lee
2078,April Harrison
6144,Shannon Smith
6853,Mariah Dixon
9374,Robert Rowland
1457,Matthew Williams
9413,Carolyn Jacobson
5520,Daniel Pierce
2807,Jacob Wilson
3442,Juan Scott MD
4942,Catherine Gilbert
1911,Michelle Brown
7253,Christina Smith
3299,Sandra Jones
6286,Megan Brown
7245,David Lucas
5093,Jasmine Ware
5851,Robert Jimenez
7803,John Marshall
5156,Mark Lee
8886,Nicholas West
7885,Benjamin Christensen
1491,Robert Gonzalez
5201,Diana Davis
7133,Robert Gonzales
9256,Tabitha Rodriguez
2418,Catherine Sanders
6787,Amanda Owen
7730,Jordan Mckinney
2453,Veronica Coffey
7119,Marco Davis
3290,Donna Cardenas
7757,Scott Cooke
7350,Rebecca Robertson
4753,Jonathan Bradley
1516,Yvette Cruz
8745,Emily Hernandez
2052,Sierra Williams
3848,Dawn Vargas
7206,Mark Fitzgerald
3300,Jennifer Lopez
6225,Lisa Welch
9206,Matthew Romero
8974,David Lee
5903,Richard Lewis
5556,Ethan English
1200,William Davis
8563,Manuel Calderon
9358,Leslie Sanders
1323,Dawn Castillo
3342,Karen Stone
1843,Brian Davies
4488,Michael Kelly
2962,Brian Ortiz
3571,Dana Quinn
3457,Janet Olson
8033,Courtney Galloway
6478,Melanie Patton
6199,Carl Walker
5730,Mary Walter
4946,Andrew Thompson
9317,Teresa Martin
9248,Jennifer Allen
1647,Scott Flynn
4115,Kimberly Walker
4105,Charles Frazier
3730,Christine Kramer
1217,Amy Carlson
1621,Melissa Lester
1499,Nicholas Perez
1624,Cynthia Montoya
9293,Sherry Anderson
6100,Michael Garcia
4455,Chris Robinson
2684,Amanda Mercer
3111,Tracy Norman
9658,Mr. Gary Mcdonald
9037,Michael Lindsey
8800,Anna White
2808,Lynn Pearson
6662,Joseph Haney
6504,Melissa Cooper
7847,Craig Wells
4031,Kayla Erickson
6382,Isabella Garcia
2034,Pamela Conrad
7835,David Guerrero
3585,Susan Mejia
5707,Andrea Hartman
6165,Lydia Todd
7224,Amanda Cook
1657,Olivia Suarez
9225,Andrew Underwood
3943,Stacy Gomez
7529,Scott Velazquez
6304,Christine Rodriguez
6746,Jamie Beck
6186,Richard French
7215,Karen Mcmahon
6553,Linda Mann
6354,Bethany Robinson
6503,Richard Bailey
1640,Paula Mills
9057,David Sandoval
8779,Steven Fitzgerald
4068,Mr. John Campos
9409,James Jackson
3081,Scott Mullen
5034,Jaime Miller
6908,Douglas Moore
7427,Katherine Wall
4000,Derrick Winters
9570,Alexander Chase
7946,Benjamin Ballard
5844,David Kelly
2503,Susan Delgado
3554,Amanda Peterson
5351,Vanessa Wilcox
5455,Angela Dunn
9639,Evan Carney
3325,Abigail Campbell
6762,Adam Martinez
6215,Aaron Morris
7925,Kristin Cox
8672,Sherry Reyes
7424,Jesus Cook
7888,Lori Wright
2911,Katherine Wilson
3174,Meghan Martin
5246,Alexis Mann
6377,Michael Murray
1655,Jeffrey Fields
4986,Crystal Wise
9178,Becky Morgan
4396,Amanda Brown
6216,Nicole King
2282,Susan Brandt
5449,Amanda King
3213,Heather Reeves
2703,Alexandra Hodge
6035,Johnny Holt
2114,Kimberly Torres
8474,Michael Gregory
6653,Benjamin Jones
6865,Travis Mack
5740,Joan Martinez
6576,Gloria Myers
7887,Julia Melendez
9510,Kelly Pacheco
6195,Brandon Nash
3830,Justin Bennett
9908,Matthew Schultz
5165,Michelle Edwards
3004,Thomas Green
3445,Patrick Snyder
4931,Glenn Campbell
3286,Anthony Gross
9528,Cody Gray
4298,James King
2599,Selena Evans
8949,Matthew Mann
7478,Andrew Solomon
3874,Sara Holmes
8070,Dr. Elizabeth Green
6836,Mrs. Shelly Miller
7631,William Anderson
6045,Heather Ortiz
4002,Alex Fleming
8932,Michael Harris
5850,Charles Tran
9394,Tina Reid
6687,Joanna Matthews
7188,Courtney Hartman
7921,Nathan Diaz
3055,Timothy Wolfe
2483,Hannah Frazier
2731,Janet Leon
4035,Denise Hutchinson
6211,Jonathon Esparza Jr.
7072,Lisa Cooper
7434,Andre Reed
7418,Patrick Walker
9375,Christopher Warren
4780,Gabriella Perez MD
5265,Joseph Harrison
5347,Paul Hernandez
2402,Jason Anderson
6683,Ryan Lopez
7769,Justin Gross
8306,Kenneth Rivera
6034,Crystal Adams
4189,Megan Kelley
2397,Teresa Brewer
4698,Nicholas Gates
1505,Hayley Simmons
9279,Shelley Scott
9517,Raymond Gray
4077,John Murphy
4798,Jeffrey Reynolds
4263,Julie Tucker
3726,Sierra Anderson
1210,Caitlin Goodwin
6770,Evan Gordon
6572,Dillon Jensen
4776,Anthony Cooper
4184,Bradley Fox
4265,Sarah Odom
8497,Stephen Wells
2053,Jeffrey Armstrong
5448,Mark Schmidt
5519,Tyler Golden
5580,Paul Maxwell
5168,Joshua Ward
7390,Brandon Hernandez
1428,Cathy Mann
2866,Melanie Miller
3095,Erika Mitchell
1729,Crystal Murphy
4418,Oscar Clark
9786,Jamie Rivas
5672,Richard Gallegos
6227,Madison Ross
