driver_id,driver_name
8270,Kayla Horton
1860,Amanda Pham
6390,Chad Murray
6191,Lisa Clements
6734,Dawn Morgan
7265,Christopher Smith
1466,Jacqueline Kennedy
5426,Amber Ramsey
6578,Jessica Hoover DVM
9322,Jason Thomas
2685,Jorge Smith
1769,Meghan Howard
7949,Shannon Patterson
3433,James Monroe
6311,Theresa Fisher
6051,Victoria Matthews
7420,Hannah Tate
2184,Brooke Mcguire
5555,James Williams
4385,Jackie Simmons
7396,Eric Wheeler
9666,Maria Ramos
3558,Valerie Rice
8849,Joshua Conner
3047,Adrian Warren
3747,Whitney Weiss
1189,Kyle Guerrero
3734,Edward Walker
4005,Jeffery Mullins
5658,Priscilla Clayton
2899,Michael Kim
8734,Paul Buchanan
2267,Brett Johnson
2528,Jose Raymond
4556,Brittany Molina
4890,Thomas Douglas
9838,Abigail Garcia
6393,Hector Colon
9792,Chad Cooper
9433,Tiffany Williams
8513,Brian Collier
3612,Patricia Kirk
8041,Joseph Lewis
7235,Gregory Campbell
6486,Steven Yoder
8099,Jason Calhoun
1775,Jennifer Ballard
9226,Ashley Zimmerman
4152,Erin Rodriguez
2585,Diane Ho
4943,Monique Johnson
8555,Brittany Young
4073,Denise Sherman
2021,Caleb Sanders
4843,Chad Delgado
8989,Mr. Scott Padilla
7873,Jason Gutierrez
6675,Emma Pham
1161,Adam Rivera
5297,Rebecca Harris
1995,Tyrone Davis
8629,Brandon Hoover
2016,Alexis Chaney
8869,Michael Reyes
7439,Denise Pennington
8892,Tracey Gibson
7863,Connie Rivera
8916,Trevor Petersen
9529,Brent Miller
1878,Heather Robinson
5887,Morgan Wells
5859,Jason Cortez
7331,Patricia Hunt
9571,Kurt Phillips
9684,Matthew Meza
8208,Bradley Carlson
6276,Kimberly Gray
3062,Joseph Downs
1064,Jacob Miller
9006,Jordan Sawyer
3568,Robert Ball
6463,Carrie Norton
3027,Natalie West
3695,Jack Ramirez
6258,Dalton Nelson
6618,Nicole Huang
7736,Jeremy Irwin
1391,Travis Ryan
6892,John Roberts
4561,Stacey Henderson
7184,Monica Jackson
4099,Melissa Smith
7278,Ann Baker
9392,Zachary Evans
4104,Gene Cummings
8215,Randy Boyd
3454,Peggy Hebert
9996,Aaron King
3731,Christine Thomas
9154,Michael Snyder
6056,Cynthia Richardson
9110,Denise Rodriguez MD
4840,Krista Salinas
2028,Brian Farley
8385,Philip Hammond
1502,Melissa Martin
7910,Monique Glenn
7938,Sandra Mcpherson
5488,Tiffany Collins
1206,Terry Hardy
6134,Elizabeth Davis
6977,Alice Weaver
8721,Erin Boyd
8035,Carolyn Yang
2484,Debbie Bryant
8858,Michaela Orozco
1863,Gregory Allen
3790,Cynthia Riley
8408,Jason Rice
9755,Scott Torres
6116,Catherine Wilson
7019,Paul Yates
2757,John Norton
8574,James Weeks
7374,Audrey Martinez
7892,Jesse Massey
2678,Terry White
4242,Shari Williams
5636,Larry Mclaughlin
2059,Timothy Caldwell
7668,Christopher Adkins
4157,Elizabeth Gardner
6915,Jason Goodman
3693,Krystal Mendoza
4627,Michelle Cobb
6450,Carolyn Williams
2663,Melanie Murphy
6592,Michael Gay
8392,Ana Pierce
2306,Shannon Ward
7776,Amanda Knox
6864,Ronald Wagner
8526,Melinda Washington
9901,Molly Jones
6575,Tina Barnes
6530,Nicole Mendez
5413,Mark Kelly
4748,Hannah Mack
1663,Nathan Carter
2998,Jason Mclean
8994,Douglas Brown
2495,Jessica Smith
4304,Angela Moore
4763,David Walters
6232,James Thomas
2853,Jeffrey Hall
7585,Dr. Chad Gamble
2291,Kathleen Lang
4581,Betty Keller
8554,Ashley Chapman
8280,Alexis Jones
2636,Jennifer Reynolds
4696,Sonia Anderson
1698,Michael Sullivan
5737,Ryan Potter
1854,Joshua Johnson
9164,James Stanley
6855,Justin Alexander
7528,George Roberts
6249,Drew Reyes
6172,Isabella Fleming
2707,Alexandria Young
6791,Ashley Greene
6535,Dawn Bennett
5931,Jesse Taylor
4510,Jacqueline Carter
1202,Alison Taylor
5218,Robin Mendoza
9958,Robert Lowe
5389,Kari Brown
3327,Melissa Small
9004,Christina Gates
3931,Jeffrey Best DDS
8777,John Rodriguez
1197,Bryan Townsend
8125,Kaitlyn Ward
2930,Mark Valenzuela
7287,Mrs. Rebecca Gibson
9800,Allison Wilson
5282,Emily Stone
3511,Joseph Hudson Jr.
1659,Wendy Barr
3811,Katrina Gaines
8098,Linda Garza
7546,Mark Ortega
2986,Alicia Schaefer
9338,Lauren Bowman
3911,Peter Johnson
2734,Jeffrey Mccall
2843,Kyle Tucker
9680,Sharon Lucas
3976,Richard Harding
2959,Teresa Sims
6759,Nathan Martinez
7694,Michael Ashley
3385,Krista Warren
5736,Lisa Norton
2802,Todd Melendez
9155,Mary Montgomery
9120,Kimberly Mack
7616,Michael Hart
6534,Henry Gonzalez
5061,Lisa Porter
1262,Elizabeth Chavez
9815,Kaitlyn Gonzales
3049,Gilbert Houston
6423,Ryan Rivas
5548,David Kelly
4108,Thomas Anderson
8158,Selena Jensen
8400,Joseph Morrison
4170,Gail Johnson
3255,Tiffany Woods
2154,Maria Smith
5499,Desiree Valdez
7295,Jennifer Pope
7197,Angela Stuart
2648,Dr. Robert Jackson DDS
6539,Marcus Harris
5199,Kyle Porter
9445,Elizabeth Henderson
3557,Michael Smith
1098,Tonya Branch
3200,Susan Dalton
3961,Marc Frederick
5973,Jose Krueger
5433,Eileen Gregory
3869,Marvin Willis
1956,Robert Spence
9352,Dr. Arthur Garcia
6699,Stephanie Anderson
7944,Michael Hall MD
5493,Dawn Newman
5911,Adam Lawson
4987,Erica Castillo
7015,Anthony Aguilar
2218,Jason Franco
5496,Danielle Porter
5735,Erin Smith
9050,Paula Buchanan
4446,Christopher Valenzuela
2045,Lauren Cook
7893,Dawn Carr
2693,Andrew Brooks
4436,Jonathan Rogers
9754,Ashlee Long
6895,Joanne Jenkins
4354,Cynthia Green
1225,Joshua Santiago
5893,James Wilson
8022,Penny Robles
6600,Jessica Robertson
8996,Daniel Wright
8683,Melissa Allen
5642,Miranda Green
8679,Daryl Dixon
9208,Dennis Morrow
8339,Stephanie Cruz
3205,Robert Cunningham
2069,Michael Vance
4444,April Daniel
2060,Erin Kelly
4420,Timothy Silva
1301,Jennifer Durham
1606,Peter Patrick
1699,Shelby Warren
6088,Andrea Whitney
1190,Kyle Rogers
1980,Chloe Valentine
3975,Gregory Richardson
7102,Kenneth Dean
4327,Stephen Wiggins
4394,Wendy George
9319,Mary Velasquez
2816,Timothy Molina
6854,Isaiah Adkins
7709,Scott White
1569,Timothy Castillo
6442,Stephanie Avery
2895,Charles Glass
3733,Cory Morrison
4863,Melissa Stevens
8455,Carol Bentley
5014,Debbie Gonzalez
2686,Lori Nixon
4009,Justin Montes
8806,Matthew Wolf
1154,James Hayes
2409,Christopher Pacheco
1784,Patrick Chambers
9096,William Hall
8560,Patricia Sullivan MD
8343,Jonathan Velazquez
8206,Amanda Maldonado MD
6596,Joseph Ortiz
6801,Cheryl Gomez
3806,Natasha Vasquez
1537,Wayne Henry
6986,Jonathan Jackson
2841,Rachel Clark
9716,Edward Payne
7971,Rachel Kelly
6625,Julie Schmidt
3950,Jeffrey Matthews
8992,Nicholas Mcfarland
5780,Allison Mitchell
3368,Brandy Foster
7655,Richard Davis
9173,Terri Palmer
5495,Scott Campos
7002,Katie Maxwell
7614,Patricia Aguilar
6919,Rebecca Moss
1853,Thomas Walker
5146,Daniel Larson
4769,Stacie Ware
1574,Lori Browning
2148,James Kelly
7293,Jimmy Jackson
7457,Michael Welch
8509,Paul Montgomery
5777,Benjamin Lopez
4854,Heather Carter
3491,Anna Fleming
4124,Erica Banks
6691,Corey Cole
4051,Jonathan Hale
1004,Mary Walker
6222,Andrea Martinez
6315,Mason Nash
5869,Trevor Gonzalez
1876,Paul Ramirez
8027,Scott Nguyen
5142,Thomas Matthews
7966,Lori Young
8079,Cody Bailey
8987,Timothy Gregory
7799,Tracy Freeman
5465,Katherine Strickland
1635,Jennifer Spencer
5752,Michelle Edwards
9311,Robert Turner
1830,Mark Olsen
6177,Frederick Cook
9932,James Evans
9308,Timothy Berry
6949,Christine Brown
3838,Michael Campbell
2150,Edward Martin
2931,Stephen Burton
2664,Randy Howard
2081,Levi Michael
1512,Jessica Williams
8805,Alex Henderson
6237,Aaron Simon
1559,Tracy Martin
4672,Ruben Scott
8404,Russell Banks
4343,Paul Brown
5070,Matthew Flowers
1580,Tammy Cardenas
8004,Cynthia Oliver
9130,Maria Watts
4147,Kenneth Graham
5249,Laura Perez
2679,Kelly Rivers
4506,Carol Garcia
8253,Edgar Jenkins
3744,Jason Hoffman
6188,Emily Martin
3141,Susan Cowan
7617,Cassandra Olson
3479,Clayton Hull
7484,Robert Keller
8421,William Mccoy
5452,Sarah Parker
6881,Nicole Flores
7665,Lance Ingram
3849,Samantha Martinez
8390,Barbara Thompson
7905,Henry Edwards
3489,Victoria Roman
5611,Karen Mccarthy
3839,Erin Townsend
9527,Timothy Brewer Jr.
6878,Christopher Ross
7303,Timothy Carter
1851,Henry Sanchez
2687,Shelby Schmitt
7833,Stacey Lopez
3427,Catherine Evans
5000,Erin Daugherty
6052,Joshua Fisher
3738,Sandra Brown
6732,Yolanda Acosta
6387,Juan Santiago
9002,Amanda Sharp
6536,Melissa Harper
4913,Maria Turner
2066,Jody Jensen
8723,Erin Miles
5380,Jennifer Sampson
5107,Vincent Brooks
6726,Aaron Willis
4373,Mark Collins
9945,Veronica Beasley
3082,Charles Wade
9967,Maureen Jones
7748,Brittany Alexander
1417,Nicholas Vance
9306,Raymond Melton
9808,Diana Steele
4974,Jennifer Bradley
4267,Lori Knox
1825,Kayla Berg
8668,Brenda Hernandez
6745,Kristin Smith
1412,Tiffany Waters
8543,Jaime Smith
8587,Kimberly Ortiz
1728,Ryan Terrell
8164,Nina Smith
9867,Mary Little
6988,Joshua Moore
3504,John Russell
3967,Greg Bradshaw
3786,Ian Ruiz
2122,Michael Ramirez
5079,Theodore Perez
2571,Nicholas Burch
6073,Benjamin Cook
6104,Olivia Fox
3143,Cole Harris
7806,Juan Hart
8357,Katherine Carr
4440,Kelli Gutierrez
4766,Lindsay Walker
6644,Yesenia Frey
3914,Susan Davenport
5968,Raymond Reynolds
6917,Patricia Hernandez
9787,Steven Dixon
2365,Dylan Reid
5492,Candice Escobar
8186,Stephen Abbott
1395,Meghan Harrison
9082,Ronald Kelly
5171,Austin Fitzpatrick
5360,Jane Perkins
3502,Chad Montgomery
1717,John Mejia
3782,Elizabeth Stein
5946,Jessica Blake
9335,Sandra Burns
5980,Joshua Wilson
8266,Caroline Butler
5491,Kayla Reed
8192,Danny Castillo
6588,Crystal Johnson
8651,Brian Barry
4636,Mandy Fletcher
2167,Bryan Moreno
2062,George Phillips
3156,Jimmy Wallace
8860,Amber Banks
6161,Kayla Knox
6305,Paula Edwards
7541,Jennifer Wilson
5729,Susan Howard
8330,Jamie Charles
6334,Kathleen Brown
9924,Mr. Timothy Evans PhD
5330,Jason Gates
9010,Thomas Suarez
7801,Joseph Hernandez
5846,Teresa Mathews
7731,Robert Burns
8241,Donna Beck
1953,Gina Davis
3539,Jessica Castillo
8056,Thomas Andrade
2542,Shawn Spears
6293,Carol Frey
2191,Barbara Schroeder
7313,Patrick Hodges
3681,Donald Sexton
2540,Joseph Ford
7172,Robert Lee
6541,Chelsea Wilson
9691,Brittney Mills
9702,Julie Valencia
8494,David Keller
5312,Jessica Fitzgerald
2324,Jesse Davis
4141,Brittany Castro
8419,Anthony Newton
4486,Andrew Foley
2810,Courtney Perry
7588,Paige Mitchell
3923,William Lewis
6301,Travis Campbell
5186,Rebecca Sanchez
9905,Felicia Harris
5268,Timothy Velasquez
5748,Lindsay Lynn
5849,Matthew Ellison
4709,Kristen Callahan
7619,Jill Carrillo
9647,Carmen Cooper
4072,Mark Baker
7530,Donna Jones
1504,Mark Rocha
2214,Brandon Howell
2531,Sara Steele
8576,Charlene Lee
1823,Harry Cabrera
1928,William Rubio
6029,Mr. William Harding
1133,Kendra Olson
3105,Sara Sparks
7316,Shelby Raymond
2852,Tanya Duffy
5910,Kimberly Weber
5175,Shawn Edwards
6348,Andrea Sanchez
7190,Brandon Clark
2256,Jesse Savage
4376,Zachary Myers
6645,Erika Weeks
4584,Michael Aguirre
9053,Larry Johnston
4330,Patricia Stephens
3703,Albert Martin
9662,Mary Brooks
8114,Rachel Petty
2353,Cesar Brown
6063,Jennifer Ruiz
9549,Sheena Walters
8575,Shelby Richardson
1667,Laura Goodwin
5468,Brandon Martinez
7819,Renee Stevens
4719,Christina Rosales
3745,Robin Ramirez
8483,Paula Shelton
1539,Samuel Watkins
5964,Lori Wilson
5835,Ethan Hayes
4775,Larry Dickerson
7042,John Pacheco
8102,Randy Moore
8312,Amy Miller
6320,Rebecca Allen
7132,Kathleen Morales
8891,Jacqueline Harris
3779,Austin Moore
1924,Stephanie Cherry
2581,Katherine Jones
8714,Debbie Yang
4324,Helen Cole
6713,Drew Lopez
8026,Robert Ramos
1255,Crystal Silva
5804,Kelly Adams
2838,Michael Cook
1009,Allison Bridges
3871,Samuel Benson
9989,Kyle Austin
8409,Belinda Moore
8418,Brenda Rivera
6124,Christina Griffin
2015,Maria Lee
3193,Christopher Atkinson
9415,Angela Lopez
8449,Sara Adams
5158,Kristin Crane
4925,Christopher Christian
7970,Sandra Ortega
5784,Carol Harris
2633,Kayla Haas
1384,Crystal White
1404,Dennis Wagner
9175,Amy Collins
3000,Katherine Hart
6989,Victoria Smith
2460,Sarah Smith
8190,Lisa Adams
8140,Keith Bell
5809,William Nicholson
5178,Amy Hill
8245,Susan Frederick
7600,Bryan Maxwell
6997,Michael Sutton
3048,Grace Bailey
1716,Dr. Amber Smith
8939,Cheryl Noble
6565,Deborah Mathis
5544,Sara Schultz
5976,Ian Schmidt
4419,Robert Garza
8239,Adrian Blankenship
1249,Katherine Estes
9865,Jennifer Thompson
1770,Jessica Woods
5363,Pedro Butler
2077,Joe Castillo
9427,Anthony Harris
9580,Gina Lawrence
8901,Omar Coleman
5858,Susan Hawkins
7544,Thomas Aguirre
5719,James Johnston
3814,Paul Rodriguez
4374,Kyle Phillips
2252,John Orozco
7996,Kathryn Walker
5673,Laurie Baker
5530,Patrick Goodman
7881,Nicole Cooke
7241,Annette Baker
9017,Gregory Newton
7941,Jonathan Marks
8002,Jeremy Roberts
2331,Gilbert Martin
5261,Amber Walker
8648,Margaret Gilmore
6115,Kyle Lopez
5637,Gabriel Tucker
5854,Michael Chapman
4177,Lisa Snyder
8730,Suzanne Velez
3180,Tina Calderon
5892,Christie Morales
8043,Angelica Palmer
1137,Christopher Gilbert
7327,Tony Wong
4472,Anthony Patton
6449,Jason Mcgrath
3832,Tom Mccarthy
4579,Deborah Dorsey
6971,Laura Holmes
5164,Cynthia Arnold
8941,Tonya Cruz
6569,Christine Thornton
5300,Michael Knapp
7269,Ralph Liu
4818,Dr. Jeff Wong
2906,Joseph Frazier
7254,Derrick Pope
1760,Rose Clark
8830,Christopher Harmon
8350,Kathleen Berg
7238,Bonnie Wilson
7090,Robert Odonnell
7031,Luis Jennings
8687,Phillip French
9472,Paige Hahn
2887,Victoria Ward
4266,Patricia Norris
1666,Danielle Baker
5188,Mark Mills
1671,Brett Molina
7777,Chelsea Dennis
8570,Keith Lee
8956,Robert Thornton
6585,Tiffany White
4900,Jessica Webb
7677,Sarah Mccoy
7981,Kathy Armstrong
7376,Steve Erickson
1523,Yvonne Moore
3393,Ryan Lyons
3593,Miranda Anderson
8240,Curtis Rodriguez
7937,Allison Morse
6240,Jake White
7493,Steven Jones
3878,Steven Spears
5143,Michael Vasquez
4644,Heather Herring
5432,Emma Thompson
2276,David Mcgee
6811,Chad Medina
1302,James Pierce
1638,Ashley Goodman
1055,James Richardson
9717,Stephanie Mays
9150,Lawrence Mccarthy
3125,John Scott
1364,Manuel Martinez
7809,Jamie Lucas
5621,Anne White
6126,Tammy Ford
6122,Derek Smith
2646,Denise Michael
1918,Laurie Beck
3797,Patrick Schroeder
7506,Russell Beard
6870,Lucas Fisher
9172,John Diaz
4345,Melissa Taylor
8673,Stacie Wilson
7882,Colton Davis
4086,Michael Vargas
9152,Tammy Reed
6750,Dr. Carol Morton
2976,Sheila James
2296,Bianca Garner
7229,Thomas Gomez
8641,Lori Oliver
1125,Crystal Pierce
5632,Katherine Rivers
7288,Sara Levy
4596,Charles Hayes
7168,Eric Dominguez
8561,Eileen Alexander
9258,Alexis Smith
1232,Eric Cooper
7371,James Tanner
5206,Jennifer Allen
8943,Melissa Roberts
7891,Sandra Johnson
7738,Jennifer Mcgee
3472,Bradley Sanchez
3739,Alicia Harvey
6401,Keith Rivas
2761,Richard Hoffman
4812,Mark Melendez
2733,Victoria Wong
2605,Julia Deleon
6622,Teresa Lawrence
7767,Michelle Simmons
7986,Brandon Phillips
4517,Kristy Branch
4735,Kenneth Stafford
9434,Anne Parsons
3590,Sabrina Caldwell
2063,Donald Mcdonald
5324,Ray Barnes
6342,Angela Morris
1005,Cody Haynes
8489,Mr. Derek West
9659,Amy Crawford
9195,Kelsey Gonzalez
6966,Ms. Susan Walker
9837,Mary Castillo
1117,Mary Donaldson
3551,Katherine Hurst
6560,Mark Gonzalez
5289,James Nelson
1846,Caroline Wright
7469,Tanya Cooper
9915,Linda Scott
1224,Nancy Perez
5208,Joshua Flores
7283,Candice Mann
7233,Sarah Brown
2828,Mary Scott
2917,Sean Perez
5234,Victoria Allen
7988,Joan Johnson
3026,Tamara Thomas
4744,David Ellis
1260,Lauren Miller
7038,Dr. Jay Mcgee
3219,Lisa Solis
3060,Mark Fischer
6287,Joel Parker
2619,Alexandra Mcmahon
9512,Melanie Sanchez
2342,Benjamin Hall
3824,Jared Harrison
2994,Tracy Mejia
4490,Tiffany Soto
8984,Terry Cruz
2604,Kyle Herrera
1235,Jonathan Douglas
2908,Chad Bond
9567,Wendy Ramirez
4530,Raymond Snyder
6256,Adam Jones
3635,Tammy Lopez
9162,Michael Bonilla
3560,Todd Jacobs
6415,Richard Perez
4391,Adrian Smith
6951,Brandi Suarez
6468,Tiffany Goodman
9007,Mary Woodward
7413,Kyle Marsh
5820,Brian Huynh
3898,Timothy Rocha
8546,Stanley Sullivan
1077,Catherine Chandler
8577,Julia Washington
5227,Brandi Hopkins
1600,Jackie Lee
2065,Stephen Cox
3136,Lauren Martinez
7943,Christina Brown
8804,Brianna Adams
7565,Jessica Lee
6984,Rachel Hunt
6142,Maria Andersen
5670,Tony Miller
3190,Gary Smith
3712,Timothy Bates
3192,Robert Gay
2248,Diamond Myers
5033,Heather Wallace
2997,Connie Leblanc
4687,Gabriella Jones
5018,Robin Carroll
2970,Mason Wallace
9389,Joanne Powers
6765,Olivia Singleton
2202,Nathaniel Parker
9135,Scott Martinez
6567,Jay Taylor
8667,Zachary Griffin
6742,Lynn Michael
6788,Annette Brewer
6408,Danielle Henry
9669,Alejandro Nicholson
1922,Douglas Lawson
1419,Wendy Williamson
3204,Jesse Patel
2120,Brittney Harris
1950,George Frost
3336,Shannon Wright
6373,Stephen Carrillo
3243,Danielle Summers
3645,Lauren Patrick
5612,Robin Ryan
2865,Sherri Perez
7028,Linda Trujillo
8326,David Parker
7359,George Solis
8863,William Schwartz
4228,Mr. Brian Barber
3371,Lauren Barrett
3891,Nicole Cunningham
4756,Bobby Howard
5225,Dr. Bryan Jackson
1094,Carl Wells
3674,Eric Andrews
7898,Danielle Patterson
1793,Zachary Dorsey
3116,Patrick Taylor
6779,Jason Perry
7166,Daniel Rios
1814,Whitney Bennett
1345,Carrie Flores
9554,Kathleen Lee
3443,Dakota Day
8783,Jonathan Hall
1984,Richard Mccoy
8790,Juan Serrano
1827,Samuel Mills
4531,Amanda Caldwell
8147,Kent Walter
5451,Shawn Mendez
4876,Larry Osborne
6959,Shannon Powers
1126,Kayla Gomez
9795,Dr. Kristina Richardson
7024,Mark Mason
6109,Ashley Gregory
8196,Michael Peterson
4368,Stanley Davis
4797,Derek Johnson
2792,Diana Davis
4476,Nathan Freeman
4417,David Nguyen
2645,Michael Mccann
4030,Patty Bradley
3872,Michael Phillips
2854,Kayla Martin
5021,John Williams
5662,Dawn Lane
7514,Paul Freeman
6031,Kevin White
3708,William Jackson
8112,Victor Daniel
9393,Crystal Hunt
4507,Bradley Kim
7456,Amanda Brock
5212,Mark Rosales
8970,Joel Garcia
9766,Carl Martinez
1536,Timothy Fischer
2625,Devon Mcintosh
8973,Michael Miller PhD
9577,Erin Brown
9070,Scott Bush
9609,Megan Hawkins
7490,Terri Castillo
4600,Valerie Martin
7783,Natalie Ramirez
5971,David Duarte
2205,Brittany Tanner
2990,Dalton King
6299,Andrea Green
4572,Jennifer Cobb
6975,Rachel Smith
7320,Nicholas Browning
5757,Michelle Reeves
3713,Jennifer Ortiz
1966,Jared Guerrero
5944,Jamie Davis
4432,Richard Higgins
1688,Keith Smith
5243,Tammy Kelley
4701,Dustin Knight
9533,John Bryan
6182,Dr. Pamela Jordan
7704,Faith Fernandez
5422,Connor Mullins
2759,Miss Daisy Ingram
3482,Carrie Clark
9058,Maurice Taylor
1951,Lori Morrison
9914,Brian Butler
3079,Christopher Cooper
3717,Melanie Jennings
5524,Andrea Gray
9477,Brian James
8311,Laura Gates
3065,David Roman
1768,Jeremy Snyder
6490,Robert Harris
7645,Kelli Thompson
6083,Tina Perry
6797,Evan Wilson MD
5926,Peter Krueger
7016,James Mora
4335,Richard Morrison
9038,Keith Robinson
5873,Walter Love
2481,Leah Kaufman
7305,Darius Williams
4451,Chad Collier
1054,Joseph Valdez
8643,Carrie Snyder
4462,Natalie Hodges
1832,Benjamin Steele
6954,Margaret Mayer
9519,Crystal Leblanc
8221,Maria King
4310,Eric Reilly
4300,James Jackson
7722,Clarence Marquez
8218,John Richardson
8776,Melanie Waller
4675,Bob Baker
4054,Jennifer Lucas
6207,Dr. Melissa Baxter DDS
3538,Brittany Mejia
5547,Lori Henderson
6619,Michelle Meadows
9356,Donald Williams
7612,Melissa Blake
6005,Christopher Cabrera
1822,Barry Nichols
1943,Karen Davis
7150,Isaiah Wilson
5425,James Ryan
9966,Brad Martinez
3198,Molly Brown
5242,Jennifer Castillo
4695,Justin Ward
4452,Brittney Roach
2308,Amy Vaughan
5177,James Wells
9705,John Wiggins
7852,Rachel Lee
7035,Wendy Wilson
4594,Johnny Adams
5841,Pamela Simpson
5566,Amanda Bryant
2555,Jeffrey Gallagher
1804,Veronica Hill
2279,April Mcintyre
8083,Sylvia Lopez
2387,Angela Holmes
3679,Ronald Ferguson
3106,Maureen Diaz
5223,Joe Werner Jr.
5831,Kenneth Parker
3768,Kimberly Smith MD
4186,Monica Jones
3573,Caleb Navarro
3599,David Booth
9428,Robert Nguyen
2304,Maria Scott
8368,Danielle Morris
6877,Michael Knight
2301,John Wyatt
3541,Melissa Bridges
3051,Veronica Carlson
9633,Kent Murphy
1074,Aaron Young
6475,Daniel Graves
9232,Michael Brown
8184,Erik Freeman
6796,Adam Stephens
8141,Tiffany Santana
2622,Danny Flores
9041,Adam Stanton
1341,Chelsea Sullivan
3074,John Garrett
1645,Brianna Curtis
5263,Juan Andrade
9801,Tiffany Morse
7136,Samuel Mitchell
9646,Sarah Harmon
3969,Michael Green
4028,Karen Riley
4629,Heidi Rhodes
4067,Todd Conrad
6941,Gloria Esparza
2386,Nicholas Reed
3866,Heidi Butler
5788,Mark Kennedy
5124,Holly Arnold
9340,Garrett Cruz
4850,Kathy Wright
9378,Hunter Williams
2333,Amy Brock
5150,Leslie Jackson
7766,Seth Lambert
3711,Arthur Peck
5853,Jason Hall
7212,Chad Mcdonald
8479,April Kelly
8715,Paul Joseph
9942,Sydney Hernandez
2762,Margaret King
8101,Nancy Joseph
8674,Cole Fletcher
7122,Amanda Diaz
1481,Sarah Wilson
1153,Angela Hines
8617,Jasmine Parker
2524,Valerie Wall
3120,Steven Warren
3343,Christopher Butler
6136,Calvin Mann
6760,Monica Bailey
2240,Dawn Cole
1060,Melissa Brown
2639,Karl Shields
7185,Christopher Morrow
5203,Mark Mcmahon
9363,Anna Morgan
4549,Robert Lozano
5197,Angela Harding
8009,Brian Brown
7667,James Foster
3322,Lisa Baldwin
5090,Michael Jackson
7960,Brandy Wagner
4004,Robert Austin
1329,Corey Wallace
4640,William White
8982,Seth Johnson
2341,Judy Thornton
9407,Tammy Castillo
1338,Danielle Alexander
2750,Derrick Luna
6604,Audrey Davis
3421,George Davis
8119,Vicki Todd
6319,Nicolas Gill
7609,Jessica Turner
4993,Christine Warren
9044,Kimberly Phelps
9238,Kenneth Ortiz
5806,Christian Garcia
9592,Marissa Moore
6913,Jeffrey West
8124,Lisa Peterson
1390,Jesse Ward
5430,Dustin Drake
9820,Patricia Johnson
8686,Alexandra Rowe
5232,Michelle Rice
2521,Kelly Gilbert
2500,Kimberly Munoz
7737,Timothy Kennedy
4294,Travis Lopez
6085,Linda Warren
3419,Christian Clark
4042,Ryan Hickman
5497,Judy Mueller
2466,Kaitlyn Sanders
1614,Erin Johnson
6392,Amanda Leblanc
8693,Jacqueline Smith
4223,Tasha Nelson
8138,Brandon Avila
3667,Kristin Kane
8980,Kelly Vazquez
1130,Brittany Sherman
3983,Mike Garcia
5278,Thomas Wade
8126,Bradley Black
9230,George Hoover
8694,Stephanie Scott
7640,Brian Meyer
1920,Dillon Adkins
8564,Thomas Guzman
9502,Angela Jenkins
9930,Misty Williams
4241,Matthew Smith
1545,Alyssa Bailey
5346,Courtney Scott
4810,Jennifer Murray
3032,Jeffery Green
9436,Carl Harmon
1271,Brandon Murillo
4511,Aaron Hill
2771,Brian Carney
5361,John Hill
8069,Morgan Ford
9190,Benjamin Jenkins
4430,Jeffrey Martin
5435,Shane Perez
4760,Robert Hodge
3050,Christine Watson
2165,David Holt
3033,Rebecca Miller
7467,Jordan Lopez
1145,Daniel Alexander
5388,Gary Diaz
8832,Timothy Pitts
9623,James Faulkner
9896,James Hoffman
3632,Melissa Mullen
5494,Spencer Miller
9056,Elijah Donaldson
8511,Daniel Hanson
5805,Lauren Morales
1806,Rachael Thompson
8486,Kim Jackson
9202,Gregory Carpenter
2868,Charles Collins
8878,Christine Clark
6690,Paul Baker
8827,Peter Roberts
6429,Savannah Torres
4564,Deborah Willis
2389,Taylor Martinez
8274,Anthony Robinson
1824,Joseph Melton
3265,Julie Morris
1936,Marcus Lucas
7402,Terry Sullivan
4845,David Boyd
2796,Sean Dyer
9245,Adam Brewer
8214,Julie Williams
1726,Paul Cooper
3736,Donald Zhang
2913,Kevin Mitchell
8657,Ethan Townsend
3466,Bethany Martinez
9194,Virginia Ortiz
8906,Michael Lynch
5876,Crystal Wolfe
8287,Cody Anderson Jr.
1892,Tyler Smith
5675,April Cooley
2933,Paul Graham
2380,Brian Scott
2290,Mr. Marvin Brown Jr.
2640,Colton Johnson
8490,Brian Hayes
6016,Larry Wu
1954,Lori Huang
8291,Javier Matthews
1974,Linda Williams
5133,Shawn Roberts Jr.
6370,Travis Nichols
4972,Curtis Wilson
6295,Arthur Harris
9228,Brittney Horn
4020,Katherine Miller
9987,David Mora
5036,Misty Lewis
6068,Ashley Garcia
6233,Haley Smith
1317,Sophia Adams
3396,Mary Soto
3162,Courtney Lamb
2591,Tara Huff
7183,Alicia Coleman
4930,Kevin Jefferson
2312,Christopher Glover
5311,Alyssa Adams
8314,Michelle Crane
3383,Susan Brown
4239,Donna Walters
3139,Natalie Mitchell
2704,Tanya Reid
7924,Sydney Jones
1362,Veronica Oliver
3604,Angela Parker
5286,Rhonda Cruz
4738,Jessica Mcbride
3469,Peter Morgan
5795,Anna Scott
1556,Dawn Hull
3808,Daniel House
6150,Darlene Bryant
3719,Leslie Watson
4741,Natalie Black
4998,Dustin Martinez
3403,Kim Andrews
9780,Rebecca Snyder
1294,Audrey Jimenez
6343,Samantha Gonzales
2136,Barbara Hodges
3064,Michele Rodriguez
5543,Joshua Ward
2007,Michael Martinez
6445,Emily Alvarado
6352,Donna White
2435,Desiree Michael
1571,Veronica Skinner
3382,Ann Carter
6084,Cindy Miller
1277,Nicholas Bird
8059,Jordan Campbell
2265,Jessica Wright
8491,Steven Spencer
2040,Jennifer Martinez
9073,Thomas Rivera
3752,Monique Thompson
9213,Jeremy Foster
5569,Anthony Cooper
7353,Jeffery Jackson
3353,Joseph Rivera
8437,Scott Jenkins
5799,John Tucker
1686,Joel Stewart
9476,Scott Patrick
5811,Kimberly Campos
9954,Kathryn Morris
6346,Daniel Welch
6043,Clinton Santos
3428,Angela Carter
9220,Lauren Hall
8813,Deanna Lynn
4356,Richard Garcia
9707,Tina Woods
7540,Kaitlyn Patel
1038,William Miller
4342,Erin Taylor
3844,Holly Johnson
2098,Belinda Avila
2823,Steven Jackson
4155,Justin Thomas
4093,Bradley Thomas
6658,Jacob Coleman
4778,Erica Buchanan DVM
3896,James Riley
1988,Christopher Shields
5116,Joshua Watson
7446,Marc Woodard
5179,James Park
2682,Megan Stark
6626,Sandra Blackburn
8424,Kimberly Carroll
1933,Carl Martin
4598,Angela Ramirez
2980,Michael Torres
4056,Lisa Ward
9984,Stacy Browning
1791,Jessica Martinez
7635,Edward Christian
4610,Bradley Roberts
2607,Terri Gordon
6179,Thomas Johnson
7573,Roger Mcguire
6776,Rebecca Curtis
4676,Pamela Robinson
4380,Mr. Brian Roach DDS
9711,Sarah Ortiz
9782,Yolanda Robinson
2050,Ariana Thompson
4633,David Lee
7342,Alexis Butler
1959,Ana Long
7059,George Brooks
9884,Sherry Davis
6655,Heidi Norman
5473,Rebecca Mcdowell
3946,Shannon Reese
8725,Karen Johnson
1526,Patricia Diaz
4224,Brandi Jones
2875,Kimberly Collins
2763,Shannon Johnson
9712,Brent Davis
7644,Kimberly Petty
1116,Denise Smith
1583,Connie Martinez
9586,Karen Lopez
4788,Timothy Mercer
5167,Michele Dean
9465,Morgan Watson
9357,Brian Pearson
7154,Thomas Gonzales
6420,Samantha Smith
9920,Richard Morris Jr.
3043,Leslie Snyder
4496,Steven Blanchard
1778,Gregory Taylor
1213,David Mays
4762,John Duncan
4117,Matthew Bailey
9783,Brenda Weeks
3720,Jacqueline Marquez
7047,Christopher Doyle
9032,Tiffany Mueller
1001,Lisa Benjamin DDS
7368,Brandon Mckenzie
2949,Brooke Ryan DDS
7732,Jacob Carter
8833,Jason Velasquez
1917,Amy Bennett
4174,Todd Bridges
8014,Cole James
1089,Julie White
2709,Tanya Abbott
4041,Kenneth Barnett
1105,Erik Cole
9619,Dr. Margaret Ross
9508,Benjamin Martinez
7082,David Sullivan
1634,Erica Harris
2925,Luis Hunter
3056,Terri Walter
7917,Oscar Boone
4144,Paula Lopez
1552,Rachael Robinson
9907,Crystal Gallagher
6383,Drew King
4911,Dr. Brenda Heath
4389,Danielle Horton
9442,Jeffrey Gray
3430,Erik Roberson
1458,Brian Kennedy
1207,Jeffery Williams
1899,Ashley Johnson
1021,Samuel Matthews
9601,Brian Boyer
1894,Kevin West
1514,Nancy Alvarez
8294,Phillip Jones
5904,Jesus Ruiz
8867,Dalton Conrad
5109,Phillip Edwards
8179,Juan Smith
2560,John Thomas
2266,Bradley Shaffer
4638,Janet Odonnell
9941,Amber Jackson
4427,Lisa Boyer
2927,Vicki Lynn
3356,Terrance Berry
5790,Janice Taylor
1306,Shawn Knapp
8979,Jordan Hoover
4665,Patricia Morales
8057,Jonathon Hickman
1661,Christopher Glenn
5644,Sharon White
9503,Lindsey Schaefer
3920,Mr. Mark Hamilton PhD
9946,Taylor Vega
7236,Brett Smith
7078,Dawn Lucas DDS
1352,Tanya Hicks
8005,Valerie Whitehead
1158,Meghan Goodman
3071,Frank Mcgrath
9595,Joseph Bennett
4453,Julie Adams
7675,Mr. Geoffrey Griffin
1955,Linda Brennan
2712,Paula Schultz
5703,Donald Buchanan
7563,Sheila Jones
6631,James Martinez
2394,Kayla Lyons
5732,Billy Rivera
4714,Courtney Daniel
1529,Ronald Hartman
3958,Travis Baker
8904,Kristina Munoz
4591,Colin Garcia
7895,Frances Kaufman
1525,Justin Perry
7477,Brian Valencia
1374,Charles Herrera
5648,Latoya Trevino
3365,Anthony Payne
2525,Kevin Brewer
1013,Hannah Austin
5599,Christina Warren
3278,Dale King
9321,George Diaz
4814,Jessica Gomez
4216,Donald Maddox
9219,Jimmy Martin
3113,Olivia Hughes
5356,Tyler Foley
6543,Joseph Ryan
8062,Diane Ruiz
7430,Thomas Cox
4466,Kristi Brown
4081,Heather Thompson
1629,Austin Reyes
1269,James Neal
6724,Angela Gray
6897,Calvin Miller
7276,Daniel Christensen
8115,Julie Barber
7656,Shawn Harper
1575,John Marshall
8029,Dennis Burns
7099,Joseph Velasquez
4192,Kimberly Christian
4178,Matthew Powell
7052,Angela Garcia
7116,Rachel Cochran
4568,Andrew Brown
3203,Jeffrey Chan
2390,Keith Miller
2742,Lauren Montgomery
1619,Tiffany Baker
2274,Robert Carroll
2939,Wendy Allen
4953,Scott Strong
1968,Ashley Miller
1281,Timothy Murphy
7262,Timothy Rollins
2058,Ashley Woods
5293,Bradley Mayo
6178,Carol Castro
7980,Victoria Sanchez
2229,David Hinton
5585,Mr. Ryan Atkins
9467,Claudia Bonilla
3740,Sharon Harris
3289,Michelle Navarro
2239,Jacob Murphy
8473,Robin Robinson
8351,Lindsay Little
7638,Kevin Mullen
7570,Ashley Jones
4249,Timothy Duarte
8595,Jesse Garza
7294,Sheri Wilson
7527,Kelly Mcneil
6757,Alicia Adkins
2969,Edward Serrano
1891,Danny Reese
5470,Timothy Brown
8175,Kenneth Thornton
9320,Rebecca Keith
7812,William Sparks
8519,Stephanie Alexander
2198,Kimberly Bell
6238,Jeffery Johnson
7089,Kelly Faulkner
7257,Tyler Perez
8705,Sydney Oneal
1986,Roy Brooks
5440,George Washington
5909,Brandon Hernandez
9125,Melinda Nelson MD
4291,Wesley Butler
6105,Michael Rhodes
1703,Brenda Perry
9133,Jessica Jimenez
6704,Kathy Rodriguez
8848,Martha Oliver
6208,Larry Hill
4828,Tanya Powell
4230,Deanna Summers
1488,Karen Ferguson
4173,Rachel Alvarado
2667,Joe Wilkinson
5114,Christina Bowman
4553,William Pratt
8761,Jesus Smith
2000,Nathan Hart
2388,Steven Oconnor
4712,Madeline Hernandez
2367,Brian Davidson
9189,Manuel Watson
1454,Tyler Gilbert
3772,Sean White
4726,Karen Cole
8232,Michael Singh
3875,Ana Duncan
2440,Kevin Miller
9927,Greg Ross
8010,Jennifer Pollard
8117,Sherri Hunt
3989,Thomas Garcia
7228,Jill Perkins
7471,Benjamin Chavez
3863,Robert Morgan
2177,Bradley Reynolds
5760,Daniel Stewart
1011,Erin Thomas
6252,Joseph Perez
5399,Robert Williams
9234,Catherine Chambers
9212,Denise Adkins
1406,James Welch
5431,Nancy Brown
6243,Katelyn Richard
7542,Ryan Townsend
7936,Wendy Davis DVM
9906,Kelsey Deleon
1140,Erica Rodriguez
5882,Megan Miller
7012,Juan Reynolds
1963,Christopher Miller
8151,Deborah Leach DDS
9564,Jeremy Hicks
7894,Heather Vaughn
7787,Jay Chandler DVM
3137,Ruben Johnson
5445,Bonnie Williams
2286,Courtney Garrett
8052,Brandon Romero
4654,Tracey Lester
3359,Alexis Gomez
9105,Aaron Sims
9636,Loretta Gray
7441,Joanne Jones
6047,Matthew Davis
9227,Erin Savage
6203,Patrick Rodriguez
2798,Tina Castaneda
6291,Robert Diaz
6495,Kristine Gonzales
7284,Jonathan Peterson
8285,Lisa Cole
2300,Christopher Bailey
7869,Pamela Martinez
4097,Andres Rogers
5616,Madison Robles
6752,Clayton Garcia
5815,Ryan Garcia
2072,Lisa Price
4225,Gregory Jones
2316,Amanda Rodriguez
7807,Robin Kelly
7674,Elizabeth Reynolds
4683,Heather Rodgers
8227,Gregory Wade
4273,Kristina Walker
8000,Justin Trevino
6010,Nicolas Lee
4040,Kevin Hansen
1482,Holly Martin
4179,Emily Nguyen
2249,Mrs. Kimberly Ortiz DVM
1630,Brittany Thomas
9853,Daniel Owens
3852,Carol Dean
1987,David Vargas
8622,Michael Black
8327,David Hernandez
9841,Edward Evans
2100,Ryan Nelson
7652,Steven Crane
9632,Ashley Mckee
2343,Jillian Morris
5358,Kelly Lindsey
7780,Veronica Espinoza
7602,Tammy Daniels
3349,Savannah Sanchez
2241,Andrea Robinson
2125,Johnny Lewis
7764,Matthew Cox
6101,Rachael Glenn
8843,Patrick Mendez
1072,David Tucker
6472,Kimberly Salazar
6189,Wendy Shea
1707,Nicole Perez
2804,David Gray DDS
4713,Robert Coffey
3475,Amber Jefferson
5255,Dana Smith
8397,Michael Stout
2735,Ronald Collier
8426,Katelyn Hernandez
3817,Kyle Buck
4874,Mark Green
5211,Tammy Acosta
3665,David Freeman
3493,Jonathan Hernandez
7813,Jason Haas
1632,Randall King
4083,Timothy Fields
8123,Barbara Parker
1236,Veronica Wolf
8446,Travis Hudson
5443,Marilyn Snyder
7770,Mark Price
9555,Natalie Griffith
1285,Emily Herring
1148,Tammy Jensen
5037,Christy Gonzales
7549,Peter Lam
8121,William Nelson
5895,Edward Brown
6280,Jennifer Mason
2012,James Poole
3785,Angela Shields
4725,Cody Nicholson
5576,Isaac Zimmerman
6782,Victor Green
3408,Sandra Hampton
1340,Melvin Robinson
3496,George White Jr.
6962,Tonya Holloway
2689,Christopher Hunt
5406,Daniel Cain
9453,Jack Garcia
2442,Jennifer Jordan
9597,Molly Miller
5437,Jennifer Kramer
6435,Jeffrey Rodriguez
9435,Gilbert Steele
1560,Jimmy Davis DVM
9785,Megan Collins DDS
6548,John Reyes
2826,Ryan Maxwell
9325,Jasmine Richardson
4138,Brittany Robinson
9264,Earl Andrews
8842,Randy Ford
7721,Richard Byrd
3978,Kari Spears
8373,Gabrielle Hines
6907,Nicole Kennedy
7097,Andrew Shaw
6656,Tyrone Jones
5259,Stephanie Crosby
9286,Rodney Reed
6901,Terry Parker
5917,Jim Villarreal
9429,James Baker
3530,Daniel Banks
2960,Donald Barber
8045,Jose Acosta
2048,Kevin Johnson
6772,John Griffin
3529,Desiree Barr
3964,Lori Murray
8137,Shane Freeman
8340,Roy Hopkins
8967,Sheena May
9734,Christopher Dickerson
1845,Jillian Hudson
6777,Mark Reynolds
4036,Karl Powell
6947,Jermaine Lambert
3494,Logan Diaz
2884,Sarah Douglas
5349,Maurice Garcia
7610,Christopher Rosario
8154,Michael Gomez
7488,Cynthia Orr
7525,Brandi Soto
1689,Dr. Tiffany Randolph DVM
6175,Brenda Valdez
9648,Melanie Delgado
6078,Peter Williams Jr.
6448,Craig Cook
2179,Robert Oneill
7406,Karla Scott
9591,Frank Calhoun
7907,Kelly Buckley
2638,Melissa Dean
6671,Kimberly Stark
7928,Carlos Davis
2382,William Fox
2403,Nicholas Lee
4292,Christy Martin
5517,Jill Tucker
4302,Sarah Delgado
8857,Katie Arnold
8870,Michael Lane
6693,Elizabeth Williams
1767,Sharon Pineda
3044,Marco Gonzalez
2549,Sandra Ray
7140,Kelly Romero
4716,Kathleen Davis
5481,Lauren Snow
8898,Nicole Burns
7548,Frank Adkins
3293,Andrea Garcia
5837,Taylor Smith
8758,Keith Erickson
7793,Julia Reyes MD
8638,Stephanie Hicks
8993,Donna Pearson
7007,Emily Powers
6542,Brian Diaz
7356,Bryan Perez
8380,Mia Moss
1163,Cody Murray
9656,Chase Sanchez
5592,Matthew Patel
5798,Jason Evans
7036,Johnny Rodriguez MD
3355,Anna Harris
6887,Mary Davis
8961,Jared Martin
6827,Lori Bennett
9737,Courtney Gonzalez
1593,Rodney Stone
5839,Mary Sims
8394,Christopher Hansen
4493,Courtney Williamson
7164,Christopher Torres
3672,Thomas Brown
5200,Dillon Foster
1016,Linda Hays
4191,Hannah Moore MD
1392,Andrew Lynch
9616,James Perkins
7272,Colleen Mckenzie
4631,Richard Lynn
8177,Barbara Knox
4897,Robert Hernandez
9123,Cathy Flores
3279,Diane Brown
9980,Alexandra Williams
8451,David Robertson
3247,Jane Wood
8088,Jeffrey Rivera
1078,Cathy Barber
9080,Kristen Young
4926,Jessica Graves
7230,Roy Harper
5940,Darrell Taylor
4271,Adrian Edwards
4456,Kenneth Jacobs
8788,Mr. Nicholas Davis
9599,Lonnie Miller
8650,Pamela Leblanc
2668,Cheryl Washington
1147,Tiffany Frey
1365,James Hunter
5531,Kristen Flores
6330,Steven Schaefer
6510,Michael Barry
9964,Walter Rodriguez
6439,Sandy Gonzales
7511,Bryan Davidson
8504,Heather Hunter
2246,Paul Mckinney
4839,Catherine Stephens
9551,Benjamin Jensen MD
3376,Douglas White
2827,Mr. Jimmy Nunez
7979,Brittney Ayala
9569,Julie Carlson
5285,Mr. Matthew Johnson DDS
9561,Allison Maynard
3196,Amanda Hansen
4747,Jacqueline Horne
9843,Brittany Church
6978,Jessica Bryant
6607,Laura Harris
1780,Daisy Miranda
4983,Caitlyn Mercer
9714,Jessica Wallace
1521,Janet Ortega
8569,Jake Andrews
6784,Mathew Andrews
5583,Elizabeth Payne
6946,Andrea Decker
5941,Roberto Knight
7267,Denise Gamble
8128,Billy Rios
3461,Jessica Bailey
1685,Dr. Jennifer Hall
3160,Melissa Norman
8031,Lisa Casey
6341,Andrew Wolfe
5875,Christopher Barnes
8697,Sean Kennedy
8165,Brian Curtis
8527,Deborah Smith
7381,Kristina Castillo
1646,Amy Hardin
9789,Patrick Martinez
8003,Kenneth Baker
4537,Anthony Alvarado
5558,Todd Bartlett
7579,Christopher Willis
9474,Sara Fuller
5082,Jeffrey Buchanan
5183,Terry Nixon
9652,Matthew Jacobs
4754,Corey Parks
2724,Benjamin Aguilar
2376,Kimberly Carter
9706,Brett Shaw
9894,Andrea Mckinney
2653,Jared Martinez
3066,David Moore
1022,Morgan Wilson
3460,Erica Peterson
6926,Mark Evans
7251,Christopher Jones
8295,Karen Allen
7279,Mrs. Kaylee Baker
9553,Meghan Guerra
8353,Terri Smith
4727,Kristina Mclean
6995,Debbie Walker
1448,Jonathan Clark
9033,Gary Pacheco
3520,James Wiggins
2428,Mr. James Warner
4967,Melanie Myers
7445,Hunter Lewis
3159,Sean Watson
6132,Hailey Fox
3547,Jodi Potter
3979,Karen Sanchez
3649,Marcus Keller
9505,Richard Rivera
2037,Michael Rivers
4489,Richard Gilmore
8604,Kyle Stone
8544,Haley Ortiz
3634,Veronica Gonzales
2778,Kimberly Booth
8902,Mark Brown
6110,William Price
8378,Robert Scott
2124,Tiffany Jenkins
1697,Carolyn Robertson
3179,Ashley Hoffman
6251,Thomas Bass
2929,Stephen Murphy
2013,Brenda Navarro
1226,Richard Kelly
8321,Kimberly Martin
8909,Amy Turner
3023,Karen Harvey
5966,Brian Logan
6891,Samuel Adams
2080,Latoya Young
6036,David Leonard
3563,Christopher Jefferson
4586,Ashley Monroe
7841,Donald Weaver
7643,John Howard
4959,Brittney Gibson
4390,Billy Deleon
7354,Christina Wright
1541,Mr. Kyle Perry MD
6433,Thomas Cuevas
6093,Kevin Garcia
1867,Michelle Jenkins
6469,Ryan Bender
7256,Lawrence Cruz DDS
2169,Gerald Marsh
2651,John Bean
3810,Sharon Howell
9667,Debra Lynch DVM
2019,Caleb Levy
2283,Anthony Horton
3010,Vanessa Jackson
9590,Louis Brown
3171,Carlos York
9266,Leslie Jimenez
4471,Eric Nguyen
6624,Carlos Rodriguez
9329,Michael Taylor
3097,Dwayne Simmons
7397,James Henry
3757,Diana Rivera
4920,Teresa Knight
9186,Robin Jones
2900,Jonathan Carr
3610,Gina Short
7900,Amy Valencia
2449,Sharon Ellison
9738,Misty Reyes
6017,Kristen Greene
8999,Jeffrey Beasley
3096,Nicole Woodward
9895,James Rojas
7404,Dalton Long
4331,Jeffery Taylor
8462,Gary Rodriguez
4384,Mrs. Lisa Johnston
8531,Ashley Perkins
5283,Amber Diaz
8736,Frederick Bell
8710,Hannah Chambers
7868,Angela Thomas
2431,Brandon Gonzales
5713,Melissa Shaw
5998,Javier Phillips
1162,Amanda Weaver
2974,Paul Hebert
9461,Andrew Murphy
1631,Jonathan Grimes
1905,Adam Meadows
3014,David Sherman
8896,Laura Frazier
1204,Tyler Simpson
1581,Miguel Deleon
6347,Kathryn Yang
3643,William Vargas
3297,Kevin Mcclain
1874,Anna Merritt
8927,Laura Velez
2171,Sandra Hogan
6591,Jennifer Barnett
7285,Roberto Jackson
6432,Jennifer Watkins
5260,Brent Williams
3361,Jean Johnson
4670,Jennifer Hayes
2753,Brittany Salazar
9100,Jordan Hughes
2938,Jessica Clark
9562,Karen Kennedy
6976,Dan Mcmillan
7304,Sean Dodson
8345,Olivia Herman
8875,Steven Anderson
7633,Angela Dyer
1597,James Moore
4062,Crystal Morales
1572,Casey Taylor
8521,Cassandra Carter
7171,Mark Mack
8097,Teresa Kelly
3090,Vincent Contreras
7566,Dr. William Gonzalez
5624,Natalie Townsend
2517,Julie Martin
4648,Patricia Marks
2537,Robert Burgess
4137,Nathan Keller DDS
7985,Lori Taylor
1097,Christopher Henderson
4750,Kirk Robertson PhD
9535,Kaitlyn Bell
9174,Jessica Norton
9103,Michael Hernandez
6413,Joseph Swanson
5666,Nicole Klein
1610,Jordan Skinner
2727,Peter Walker
6055,Kelly Alexander
3324,Elizabeth Conway
6774,Brenda English
7519,Alicia Price
2749,Colleen Bishop MD
1781,Randall Watts
8548,Bethany Dennis
7823,Theresa Perkins
4867,David Powell
8193,Edward Boyer
6879,Kenneth Cherry
4970,Rebecca Williams
8264,Kathleen Wilson
2577,Shelly Smith
3274,Sara Jackson
7744,Michael Lopez
3426,Phyllis Miles
6546,Brandon Henderson
7411,Mrs. Julia Brown
1007,Stephanie Martin
9087,Kellie Winters
3555,Sherry Wolfe
1475,Matthew Perkins
6416,Joy Watson
9676,Courtney Odonnell
7710,John Strong
6000,Marvin Miller
5654,Dale Myers
9078,Elizabeth Mosley
7063,Richard Gonzalez
3285,Pamela Cooper
6223,Margaret Logan
4525,Marc Cox
3822,Melissa Johnson
5943,Jodi Fox
1258,Brittany Gonzalez
1282,Megan Medina
2898,Kevin Jones
5135,Marie Mitchell
7629,Christina Duncan
4200,Tara Rogers
8167,John Turner
1612,Michael Daniels
1687,Tracy Hansen
4690,Andrea Mcdowell MD
9804,Curtis Giles
3307,Monique Kelley
8133,Samantha Snow
7509,Kyle Davis
6906,Matthew Grant
3591,Cheryl Rojas
8183,Michael Terry
6248,Jason Ward
6108,Brian Hickman
4604,Pamela Davis
1669,Stacy Alvarez
5364,Abigail Wang
8329,Charles Shepherd
1923,Tracie Bass
2529,Keith Rios
9438,William Garcia
4711,Nathaniel Curry
7274,Jennifer Brooks
4864,Travis Ewing
7788,Jeremy Wallace
1264,Peggy Thomas
3990,Shannon Bradley
1587,Wyatt Hubbard
4348,Jordan Galloway
7299,Susan Porter
4831,Melvin Harmon
9381,John Stark
2715,Desiree Rodriguez
7450,Mr. Robert Smith
8096,Jill Stevens
3326,Edward Johnson
7416,Larry Nichols
7763,Alexandra James
2674,Gwendolyn Lloyd
8950,William Jenkins
7049,Anthony Johnson
2089,James Perez
5578,Margaret Riley
1155,Todd Koch
2958,Jordan Mays
7344,Joyce Jensen
7144,Glenn Crawford
4830,Leslie Reeves
9831,David Walsh
7659,Kurt Smith
1441,Joseph West
7040,Krystal Martin
6925,Brian Stewart
8358,Amanda Brown
5628,Zachary Burns
7370,Nicole Turner
1948,Jennifer Avery
9179,Claire Sullivan
7115,Isabella Johnson
1459,Michael Bailey
8568,Alicia Braun
5646,Sandra Everett
2787,Nicole King
8374,Brian Gutierrez
2138,James Rodriguez
5741,Haley Wise
7362,Chelsea Reynolds
4674,Jacob Jarvis
2377,Shawn Wright
7701,Timothy Baker
3597,Jessica Spears
1141,Anthony Rivers
3659,Dustin Chen
5596,Kaitlin Palmer
6661,Mrs. Christina Carpenter
7142,Julian Evans
1423,Angela Clements
7999,Michael Davis
2967,Walter Garcia
5088,Andrew Garcia
8789,Jeff Flores
6394,Trevor Johnston
8880,Mrs. Deborah Green DVM
6075,Joseph Lee
8230,Roy Evans
8155,Briana Kim
3723,Elizabeth Bautista
7816,Karen Nelson
1040,Andrew Davies
9259,Brandon Lopez
6717,Jody Durham
4198,Kimberly Braun
6374,Craig Walker
3524,Dr. Edwin Davis MD
6154,Johnny Thompson
2492,Wendy Tucker
1660,Kaylee Olson
2348,Johnny Palmer
8851,Eric Thompson
8156,Richard Cook
4516,Kevin King
5577,Jesus Black
1727,Bailey Myers
8468,Cynthia West
1342,Sandra Walters
2447,Eric Casey
7581,Alexis Black
7317,Mr. Thomas Martinez
1405,Joseph Williams
8986,Sheila Singh
4740,Stephen Young
2846,Gloria Williams
2478,David Wilson
1771,Angela Wilson
6525,John Haynes
9770,Robin Farley
1193,Dennis Porter
3007,Julie Gray
2185,Regina Christensen
3394,Zachary Jenkins
5005,James Blake
8429,Julia Patel
3261,Stephanie Johnson
4736,Andrea Hernandez
7716,Joseph Patel
9921,Corey Dougherty
5378,Gregory Walker
8815,Jacob Watkins
8616,Melissa Williams
3800,Candice Pittman
9333,Dean Austin
6410,Ralph Kaiser
2455,Cory Mccoy
6808,Drew Edwards
7796,Kimberly Anthony
5796,Terry Johnson
2325,Makayla Martin
2159,Thomas Bright
5650,Natasha Escobar
5987,David Glenn
5697,Sandra Holmes
2968,Angela Hill
6482,Adam Allen
2800,Edward Mcdonald
5912,Curtis Andrade
1855,Cody Ward
1182,Sandra Robertson
4112,Austin Miller
6670,William Francis
6823,Jermaine Moreno
6002,Kelly Daniels
2356,Scott Hurley
4628,John Moses
9210,Richard Burns
4311,Craig Taylor
7048,Christina Santos
7246,Kevin Mccann
4321,Denise Gordon
5615,Katherine Stephenson
9365,Crystal Gardner
4052,Marcus Roberts
7574,Amber Wright
6806,Susan Lee
7993,Samantha Moore
6443,Gabriel Davis
1989,David Gay
9611,Nichole Fields
2774,William Weaver
1935,Joshua Hayes
4808,Leah Gates
1331,Elizabeth Shaw
8922,Jason Shaw
3702,Deborah Wells
6889,Jack Dunn
6054,Sydney Valencia
4868,Nathan Burton
1201,Anthony Copeland
3497,Cody Simpson
2842,Jonathan Rodriguez
8718,Kevin Moore
2628,Jason Taylor
1386,Ryan Stout
7401,Jeffrey Gomez
5008,Ashley Noble
3282,Robert Moore
2856,Shawn Walters
6476,Katie Adams
5669,Bradley Yang
5318,Michelle Moore
8064,Jeremy Baker
8461,Kyle Huang
2819,Carrie Orozco
2130,John Hubbard
3658,Sabrina Robinson
4500,Heather Cooper
9566,Angela Aguirre
5020,Deborah Newman
4259,John Snyder
2474,Ashley Weaver
3242,Anne Patel
4243,Angela Schneider
7990,Michelle Anderson
6160,Jill Lin
4134,David Nelson
3070,Andrea Stone
1359,Richard Scott
2141,Susan Ross
2635,Regina Curtis
4361,Kristin Harris
7583,Oscar Kim
8835,Anthony Lucas
1006,Dana Adkins
7564,David Green
5928,Matthew Sparks
3606,Mr. Ronald Bennett III
8611,Donald Fields
1913,Dr. Sarah Ellis
3011,Vanessa Marquez
2829,Hannah Martinez
9767,Danielle Duncan
7468,David Collins
1929,Charles Richardson
4699,Kyle Bates
2054,Catherine Carr
6744,Jordan Lowe
4415,Caitlyn Kirby
1442,Mary Bullock
7218,Kara Rodriguez
5652,Brian Mueller
8597,Rachel Ellis
5458,Mrs. Michelle Cook
7591,Brianna Davenport
3309,Wayne Burns
7268,David Gallagher
1910,Jennifer Hill
5340,Sean Bird
5009,Melvin Alexander
7628,Dennis Jones
3169,Stacy Peterson
3172,Timothy Martin
6668,Benjamin Lin
9315,Linda Baker
9036,Michael Preston
7789,Kimberly Garza
1785,Jason Church
7139,Heather Noble
3416,Melissa Lee
9988,Kimberly Kelly
5154,Jon Fox
2936,Edward Lynch
4807,Alexis Robertson
4236,Angel Walls
3352,Natalie Thompson
2932,Mary King
9556,Andrew Stevens
5916,George Pham
6498,Katherine Trevino
1946,Madeline Craig
2439,Mary Cunningham
5857,Chad Olson
1382,Kenneth Jackson
9491,Lindsey Clark
1138,Jasmine Parrish
1358,Todd Wong
2627,Daniel Torres
7626,David Rivera
6004,Bradley Pena
4835,Sara Pearson
3151,Patrick White PhD
3834,Linda Lewis
3567,Jane Alvarez
2307,Stephanie Thomas
9848,Elizabeth Ramsey
3660,Jordan Turner
4730,Steve Foley
7207,Jamie Goodman
4162,Tiffany Phillips
2140,James Sutton
9458,Tamara Rose
2708,Angela Brown
4630,Danny Sanford
4211,Nicole Huffman
7538,Tasha Johnson MD
8684,Elizabeth Washington
2207,Taylor Jones
1557,Lori Wright
1882,Mary Mcdonald
5761,Cassandra Delgado
6867,Francisco Brown
7963,Logan Parker
8166,Emma Guerra
8929,David Thompson
8269,Troy Wright
2946,Erika Barnes
7642,Brandon Larson
4825,Keith Russell
4536,Kristen Henderson
7068,Austin Smith
4802,Bridget Wagner
5699,Stephanie Douglas
3819,Jacob Collins
5258,Brian Browning
4119,Frank Bradford
2863,Christopher Peterson
1115,Kaitlyn James
8084,Tiffany Perez
9016,Sarah Chang
3384,Denise Haas
4935,Michael Wright
8742,Angela Young
3490,Jenna Delgado
8661,Jonathan White
9182,Amy Massey
3767,Angela Myers
2137,Kevin Rivera
5117,William Russell
6845,Noah Kent
5778,Julie Estrada
4906,John Moon
4637,Dawn Bishop
3953,Bethany Daniel
6929,Michael Pierce
1276,Sara Moreno
2999,Julie Jimenez
2227,Jeffrey Henderson
7337,Stephanie Perez
1695,Michael Lambert
5152,Brandi Adkins
8470,Michael Mclaughlin
8537,Logan Murray
3841,Martha Kerr
9733,Nicole Howard
2088,Timothy Orr
4363,Brenda Ross
1024,Ashley Yang
5236,Joe Taylor
9068,Amber Mcdonald
3235,Theodore Jones
9448,Tamara Mathews
4175,Tammy Flynn
5897,Mrs. Alexis Lopez
6037,Todd Smith
8427,Erin Lopez
9605,Lisa Griffin
2381,William Dean
4426,Crystal Hall
4655,Alan Jackson
8938,Gary Osborne
1187,Blake Vargas
6409,Melissa Walters
3092,Kathy Walker
3130,Christopher Mitchell
6242,Nathan Oconnell
6647,Gail Molina
6185,Thomas Owens
8913,Amanda Johnston
8547,Dawn Chambers
8823,Ryan Baldwin
8355,Joseph Wiley
7465,Todd Perry
2497,Lisa Anderson
3951,Ana Oliver
2238,Justin Underwood
5727,Anita Young
4965,Shaun Sullivan
6686,Susan Ford
3780,Stacey Robbins
8398,Angela Oliver
2588,Connor Crawford
6789,Caitlin Jones
1436,Jonathan Smith
3828,Antonio Mccormick
2556,Daniel Valentine
8480,David Herrera
7687,Crystal Bailey
2589,Gary Lester
9851,Laura Robinson
1159,Adrienne Perkins
7555,Dennis Davenport
9244,Amanda Watts
7846,Jacob Berry
2228,Jose Washington
8226,Penny Maxwell
6590,Julie Baker
7919,Brett Thompson
7046,Ashley Berry
5945,Vanessa Davis
8016,Cody Blair
6086,Ashley Williams
8161,Samantha Gonzalez
2809,Lisa Thompson
4167,Francis Rivas
7352,John Good
7056,Nathan Watson
3437,Brian Hill
9859,Laura Gilbert
8818,Daniel Valenzuela
5728,Erin Mills
3624,Debra Rhodes
6738,Richard Salazar
6793,Phyllis Moreno
5523,Nathaniel Franklin
6571,Frederick Clark MD
3224,Robert Henry
7091,Samuel Mcintyre
7361,Justin Jones
2948,Michael Cole
8094,Taylor Stout
7318,Blake Jones
4796,John Jones
1234,Jessica Mckinney
4607,Christopher Perry
9043,Charles Thornton
1522,Carl Meyer
6904,Travis Gregory
5888,Kevin Mayo
6832,Andrew Perkins
8122,Megan Smith
6842,Guy Foster
6621,Nicholas Taylor
3587,Jerry Robinson
6672,James Hernandez
2378,Crystal Baxter
2519,Derek Schmidt
8935,Tammy Orozco
7093,Morgan King
9418,Mrs. Nicole Rose PhD
6355,Michelle Boyd
6574,William Barton
5072,Brian Johnson
3257,Carla Juarez
9588,Julia Hall
5424,Yvonne Rasmussen
4237,Diane Carr
4893,Angela Wallace
3005,Gregory Jackson
3016,Courtney Harrison
2772,Walter Powell
9353,Jordan Smith
4976,Thomas Brown Jr.
2751,Laurie Greene
8430,Melissa Weiss
8170,Colton Underwood
4220,Jacqueline Arnold
2461,Erik Stephens
6184,Richard Johnson
9547,Joshua Small
2548,Jo Farley
5213,Joseph Johnson
2673,Grace Morgan
7708,Michael Meyer
3100,Nicole Sellers
2815,Thomas Warren
4841,Sarah Cunningham
8011,Mrs. Donna Cardenas
1674,Leslie Ellis
9088,Thomas Christensen
9578,Sarah Bernard
3158,Aaron Watson
3661,Marvin Glover
4253,Ashley Carr
5979,Tracy Frank
8703,Emily Gates
9931,Kathy Newman
2401,Megan Abbott
4923,Hannah Moses
5214,Patricia Terrell
4227,Lisa Martin
4866,Brian Dodson
6818,Casey Frost
3222,Darryl Bates
3792,Eric Robinson
5063,Christopher Leblanc
9224,David Howard
7198,Gary Knight
5025,Derrick Quinn
3566,Susan Young
3803,Teresa Jones
7155,Michael Clarke
1719,Ryan Hall
7516,Allison Moore
5579,Danielle Mack
1972,Deborah Gregory
4718,Rebecca Bailey
8395,Debbie Collins
5402,Caitlyn Navarro
5552,Janet Grimes
3207,Glen Taylor
9835,Holly Carter
9386,Joyce Odonnell
6345,Justin Rivera
4276,William Mckee
2102,Becky Hayden
9584,Tanya Robinson
7683,Cynthia Bailey
8659,Bryan Vasquez
1025,Joseph Lopez
7410,Lori Walker DDS
4764,Amanda Carrillo DVM
7599,Lindsay Cox
6102,Sean Brown
8006,Michael Park
4483,Sarah Bean
9682,Melinda Jackson
7707,Kayla Harrington
1215,Kevin Haynes
8605,Andrew Hogan
9350,Shane Gutierrez
5781,Sandra Herrera
4313,William Cox
8763,Janice Walton
6939,Megan Murphy
3295,Shannon Leonard
6685,Chad Sellers
2696,Kaitlin Ramirez
3783,Lisa Gutierrez
6241,John Bailey
8557,Brooke Evans
7589,Francisco Cline
6637,Michael Sanchez
2116,Nicole Rosario
1492,David Clayton
9811,James Marshall
8888,Nicole Gardner
7474,Stephen Flowers
5958,Jay Fleming
3743,Donald Ramirez
8866,Joshua Hamilton
8160,Christopher Tate
6451,Thomas Mason
9548,Zachary Hodges
4642,Alejandro Ochoa
3895,Sarah Clark
7593,William Young
6366,Kristina Davis
4212,Jeffrey Garcia
3409,Ryan Rodgers
9199,Kimberly Humphrey
4423,Daniel Doyle
7976,Andrew Thompson
8594,Jeremy Rivera
6158,John Yang
4667,Tyler Price
6973,Jordan Martin
9277,Jonathan Jones
3468,Linda Fitzpatrick MD
7217,Laura Washington
4619,Dr. Julie Brown
4583,Diana Cuevas
4326,Jean Spencer
9148,Gabriela Todd
3217,Kristina Lambert
5967,Alisha Avila
3369,Eddie Flores
6722,Jessica Bell
5444,Diane Bradley
8618,Jennifer Estes
4947,Marvin Parks
2676,Michael Matthews
2196,Derek Bailey
3787,Patricia Larson
8432,Susan Guerra
4318,John Church
9858,Cynthia Roman
7689,Ryan Howard
3176,Christopher Martin
4743,Veronica Bond
4824,Steven Keith
3451,Kevin Blanchard
1628,John Brown
8778,Melanie Jackson
4929,Stephanie Glover
3765,Dr. Julie Griffin
5369,Michael Foley
9307,Alex Reyes
5956,Angel Nichols
1692,Roberto Barajas
2105,Jeffrey Torres
4008,Lisa Ponce
3161,Gail Stone
9345,Monica Hernandez
4786,Anthony Lee
6520,Timothy Clark
8423,Aaron Patel
7242,Wendy Martin
2132,Jeffrey Smith
7297,Melanie Mitchell
8812,Jill Taylor
5557,Corey Stanley
9275,Samantha Moreno
2422,John Moore
4180,Nancy Peterson
5316,John Pena
7696,Jacob Sanchez
5570,Steven Christensen
1270,Micheal Mayo
4075,Jonathan Conley
1289,Meredith Mullen
4252,Larry Sanchez
8415,Johnny Bryant
7771,Steven Evans
1278,Edward Soto
5276,Curtis Gonzalez
8997,Paul King
5776,Dylan Robinson
4832,Kelly Bird
9891,Justin Lewis
7534,Robert Curtis
4156,Brian Copeland
5307,Kimberly Thomas
6634,Veronica Mcbride
9575,Rebecca Lee
6810,Allison Shannon
6934,Dana Lopez
4109,Michael Graves
4240,Anthony Hill
2849,Jamie Brown
9497,Randy Anderson Jr.
3749,Cindy Gentry
7680,Derek Garcia
1205,Amber Carter
8352,Richard Smith
5591,Lawrence Wong
4450,Deanna Castro
4811,Jeanette Brown
6141,Brittany Rivas
9501,Michael Dixon
2991,Christopher Chapman
9463,Clinton Vazquez
5538,Shawn Davis
4722,Elizabeth Daniel
4551,Marie Young
6679,Yvette Wells
1152,Kaitlyn Jimenez
6754,Anna Gray
6310,Susan Miller
2104,William Gonzales
8361,Tracy Townsend
8263,Bruce Rodriguez
2914,April Taylor
8365,Hannah Morgan
1166,Toni Wright
1508,Desiree Mercado
2661,Lisa Wright
4664,Ashley Blankenship
1680,Rachel Barr
6260,Preston Ford
5357,Michael Ball
2363,Shawn Deleon
3292,Jennifer Tran
2538,Christopher Johnson
4408,Russell Brown
9752,Michelle Hansen
2903,Sharon Molina
1174,Yvonne Roberts
3230,Alejandro Payne
5287,Amy Luna
5160,Jade Todd
8106,Juan Wolf
4171,Jon Martin
2567,Kyle Romero
2151,Tamara Ellis
8619,Tara Preston
7033,Diana Hoover
9560,Nicholas Perez
2907,Austin Reese
3535,Candice Obrien DDS
5173,Jordan Thompson
2293,Krystal Richards
5769,Frederick Smith
7871,Jerry Rodriguez
3972,Jacob Marks
4922,Michael Hall
5997,Ellen Williams
8032,Matthew Wiley
1992,Susan Hayes
9112,Marcia Gardner
3240,Anthony Gomez
2476,Darlene Leon
7426,Paul Greene
1389,Melissa Walsh
1999,Brandy Kaiser
2855,Tina Abbott
9850,Denise Nash
3763,Johnny Roberts
4663,Stephanie Sanchez
5986,Kevin Hall
8256,Larry Torres
4731,Ariel Jackson
8262,Miguel Mcdaniel
1451,Casey Velez
5408,Susan Rogers
5068,Dorothy Elliott
4277,Terry Morgan
8951,Kiara Palmer
5690,Ralph Thomas
5595,Michael Pineda
5559,David Foley
9160,Tyler James
1112,Brittany Calhoun
6131,Dustin Miller
4197,Donald Walter
1139,Kirsten Moyer
2424,Jason Reyes
3949,Bradley Cantu
4168,Jeremy Russell
9708,Gary Jenkins
7043,Karen Cordova
7989,Tina Gonzalez
8236,Scott Rodriguez
7261,Danielle Washington
1887,Lisa Drake
1049,Elizabeth Cooper
4951,Patrick Russell
4560,Janice Lee
1018,Ms. Linda Palmer DDS
5821,Victoria Porter
7340,Mr. John Mccarthy
8846,Nancy Hill
9643,Andrea Brown
7432,Erica Rojas
4765,Tiffany Hill
3438,Amy Curtis
7358,Denise Pierce
8644,Troy Chambers
5855,Chelsea Pearson
7547,Michael Farmer Jr.
6911,Dawn Davies DDS
7481,Melanie Ramirez
3761,Patricia Butler
5456,Alyssa Peterson
7160,Donna Terry
1517,Stephanie Garrett
8737,Michelle Tucker
2988,Erica Hardy
8162,Zachary Shaw
9399,Tyler Martinez
6633,Lisa Martinez
6755,Dr. James Williams MD
7309,Deborah Diaz
2518,Michael Patterson
7163,Nicole Edwards
3600,Teresa Bradley
3195,Martin Diaz
4554,Sherry Conner
4849,Joshua Whitaker
5195,Jenna Torres
3305,Michelle Sanchez
3642,Ellen Wilson
7409,Mark Skinner
3994,Evelyn Hull
9751,Jeffrey Robinson
2271,Kim Calhoun
2813,Douglas Phillips
5120,Eric Russell
7124,Gary Cruz
9475,Laura Petersen
5396,Ian Gonzalez
1816,Paul Lee
8304,Robert Evans
8331,Cameron Norton
1082,Joel Henry
2920,Thomas Hill
8817,Jessica Weaver
3093,Whitney Campbell
8071,Heather Blanchard
9367,Brian Dean
6285,Ryan Griffin
5937,Mrs. Jennifer Allen MD
1369,Wayne Bennett
2818,Vincent Frey
3101,Amber Stephenson
2779,Russell Velasquez
2364,Paula Chavez
9089,Kathryn Roberson
3962,Brianna Marshall
1859,Melissa Cooper
5138,Samuel Savage
3424,Omar Mcfarland
5017,Jerry Ford
9342,Shannon Sawyer
2134,James Liu
6166,Michael Rodriguez
6119,Mary Jimenez
6694,Michael Adkins
6485,Blake Payne
3346,Gary Webster
6039,Tamara Powers
9252,Mary Johns
6041,Patricia Barber
4901,Dylan Wright
2337,Timothy Anderson
2551,Joseph Rodriguez
2629,Kristin Johnson
2526,Jason Wilson
2361,Bonnie Alvarez
5370,Molly Ward
6283,Gerald Ware
8610,Michael Davenport
2993,Jennifer Peterson
1869,Tyler Richards
2014,Julia Burke
1602,Shane Gonzales
1690,Jacqueline Christian
9685,Katherine Bishop
1489,Shannon Mueller
7864,Abigail Potter
8786,Sandra Zamora
9024,Paul Lopez
6488,Destiny Jackson
5027,Sara Bird
3912,Tammy Carr
5744,Ms. Jennifer Wells
2873,Stacey Garner
4258,Ian Evans
4641,Christopher Higgins
6307,Laura Jacobs
9933,Mckenzie Davis
3041,Donna Campbell
1679,Sharon Edwards
1062,Lisa Avila
8829,Alicia Mann
7915,William Hines
9326,Sara Dean
5970,Emma Yang
9003,Joshua Boyd
4278,Victoria Butler
8296,Lori Hanson
4074,Amanda Charles
9312,Brittany Anthony
8552,Geoffrey Hicks
2637,Dr. Leon Thomas
6103,Alicia Nelson
1644,Cathy Rivera
3068,Kristen Bruce
1241,Tracy Norris
3668,Daniel Nelson
1802,Lisa Arnold
6059,Mr. Tyler Woods
1195,Justin Ochoa
3187,Janet Coleman
3330,Dr. Robert Mack II
4606,Justin Ferrell
9468,Marcus Rogers DVM
4927,Amy Greene
7296,Michele Wells
9758,Christian Obrien
7121,Denise Lambert
2200,Rebecca Warner
3854,Kelly Bowman
8024,Shawn Martin
7972,Brittney Brown
1136,Martin Glenn
2029,Cory Valdez
3594,Wayne Hudson
1086,Edward Krueger
7219,Mark Dominguez
9143,Michael Golden
7968,Melanie Fitzgerald
3773,Mark Ashley
2700,Becky Mendoza
3700,Danielle Abbott
7815,Catherine Johnson
2647,Brittany Hensley
6164,David Meza
1596,Mark Morrow
5545,Alexandra Joseph
5384,David Williams
9912,Angela Vargas
5733,Desiree Howard
8081,Christine Reed
9690,Gregory Swanson
8178,Dennis Nguyen
3294,Tammy Miller
1146,Crystal Vazquez
5507,David Mejia
6783,Jonathan Johnson
8751,Shannon Short
6628,Johnathan Lawson
9328,David Bowen
4360,Elizabeth Bishop
4552,Hunter Gonzalez
6097,Laura Howe
9640,Christine Conner
7901,Brian Craig DVM
1238,Paul Williams
6552,Kayla Ortega
5927,Sierra Roman
5390,Melissa Murphy
3687,Eric Hawkins
5951,Amber Martinez
6388,John Simpson
1192,Joel Anderson
2776,Wayne Cook
4645,Brandi Montgomery
7314,Zachary Weber
2788,Patty Wade DVM
4700,Jodi Sanders
7811,Barbara Acevedo
4904,Dr. Crystal Nicholson
8260,Stephanie Butler
7773,Ray Dalton
4816,Amanda Mullen
5434,Deborah Mcdowell
1658,Alexander Mcdaniel
6057,Carol Miranda
5994,William Kelley
3104,Whitney Carter
3607,Lisa Elliott
9385,Lori Carpenter
3581,Jose Saunders
3565,Justin Morgan
7328,Mark Cook
6991,Isabel Klein
4406,Christine Maldonado
9923,Kevin Quinn
7476,Kristi Dixon
9181,Laurie May
1531,Marvin Moore
7079,Elizabeth Brown
1002,Robert Gill
9397,Shannon Rodriguez
8739,Jennifer Baldwin
7003,Ryan Cardenas
3890,Cody Sanchez
7239,Samantha Cain
9026,Brad Wilson
4306,Joel Taylor
1897,Raymond Andrade
1670,Madeline Blankenship
2505,Sarah Hernandez MD
7460,Daniel Walker
6167,Timothy Jimenez
6255,Patrick Nelson
2892,Susan King
4439,Christopher Marquez
4792,Valerie King
8871,Michael Thomas MD
9235,Judith Scott
4612,Michael Sanders
3618,Mark Strickland
5678,Zachary Whitaker
4163,Patricia Sellers
3942,Kimberly Baker
9411,Joshua Vaughan
1990,Carlos Huffman
2812,Mark Lee
9995,Mark Schneider
6876,Ronnie Landry
4340,Jeremy Reynolds
1053,Dustin Lynch PhD
3575,Lauren Pierce
1615,Jacob Oconnell
6944,Harold Lara
7859,Nicholas Smith
6455,Krystal Ray MD
4801,Jennifer Odom
3561,Ronald Flores
7539,Crystal Nielsen
1370,Sonya Ramirez
1857,Jennifer Butler
5886,Kevin George
8485,Angela Wright
1383,Susan Torres
5334,Randall Adams
5290,Isabella Robinson
3725,Candice Gray
7204,Jasmine Warren
7111,Elizabeth Douglas
5251,Raymond Mccarthy
3915,Krystal Williams
8957,Christopher Douglas
4046,Sandra Collier
2230,Kevin Rogers
8647,Joseph Goodman
5933,Christopher Adams
4940,Nicholas Williams
7483,David Reynolds
1203,Kurt Gilbert
1160,Mark Peters
9960,William Nguyen
7718,Luke Vargas
2093,Antonio Wright PhD
5500,Erica Alvarado
9799,William Williams
6710,Karen Adams
2837,Dr. Jason Brown Jr.
4759,Karen Roberts
3103,Dr. Chad Escobar MD
9092,Sandra Cardenas
5172,Ashley Young
3378,Mark Hammond
5988,Jamie Flores
6669,Jesse Daniels
3735,Michael Carr
9490,Julie Nelson
7623,Matthew Barker
5460,Troy Lutz
3850,Matthew Stevenson
5594,Eugene Jones
1165,Annette Finley
1919,Joseph Anderson
9305,Isaac Peterson
4504,Molly Flowers
1991,David Clark
2258,Katrina Brown
8609,William Terrell
1067,Mary Ramsey
6660,Rachel Hanson
5478,Patrick Hansen
4521,Patricia Fowler
8082,Emily Graham
6395,Laura Clark
3258,Thomas Sanders
7039,Mr. Gregory Mathis MD
1650,Crystal Carter
6741,Jaime Farmer
7838,Amy Powell
8876,Melissa Mckay
4262,Ian Black
2338,Michael Fitzgerald
5996,Sabrina Simpson
6780,Mary Nunez
3827,Keith Thompson
4539,Scott Whitaker
8845,Thomas Cruz
5383,Jonathan Ayers
4226,Carlos Lara
7837,Lindsay Flores
4414,Ashley Sloan
2448,Jordan Mitchell
1570,Haley Kirby
3904,Michael Joseph
3505,Roger Daniels
7982,Elizabeth Callahan
7336,Keith Mccarty
8086,Michelle Blair
5749,Amy Dunlap MD
4505,Scott Avila
5529,Danielle Gonzales
2135,Nancy Williams
6162,Ashley Martin
2319,Dr. Richard Tran MD
5627,Erin Yoder
8389,Sara Hill
3690,Linda Taylor
8323,Alyssa Barker
4255,Audrey Daniel
9281,Kathleen Jackson
6213,Angela Boyd
5108,Anthony Little
2857,Douglas Trujillo
3789,Derek Roberts
4875,Jason Adams
7055,Sonya Mendoza
4882,Michael Johnson MD
8129,John Perry
6021,Jamie Watson
3387,Nancy Jones
7582,Matthew Contreras
6866,Kendra Hamilton
1975,Amy Moses
8212,Mrs. Stacie Yates
2262,Reginald Hall
8382,Joseph Thomas
7231,Luis Johnson
6630,Vernon Bennett
3259,Rachel Banks
2257,John Lara
1464,Christopher Trevino
7774,Frederick Snyder
8431,David Schwartz
4805,Rachel Casey
7419,Bryan Meyer
4856,Nathaniel Thomas
4135,Benjamin Espinoza
7953,Sharon Serrano
7034,Linda Obrien
5589,John May
2546,Cassidy Fry
7065,Joann Bray
2094,Thomas Nash
3411,Michael Perez
3617,Mark Wallace
5145,Sean Chan
3775,Dr. Heather Russo
8972,Kellie Edwards
9775,William Ross
5331,Kathryn Schmidt
2942,Matthew Chavez
7026,Amy Smith
9301,Steven Reed
1191,Mrs. Jodi Anthony MD
1861,Katherine Dominguez
7711,Tara Anderson
1649,Samantha Winters
5134,Karen Ortiz
9828,Linda Mason
2036,Rhonda Clark
5131,Summer Daniels
3148,Brenda Larson
6457,Angela Sanchez
2879,George Garrett
8542,Linda Jacobs
2289,Kimberly Moore
4199,Shannon Hamilton
8522,Danielle Booker
4183,Nathan Lane
6462,Sharon Miller
4136,William Villanueva
5920,Haley Shields
7324,Albert Cameron
9417,John Gonzalez
1776,Michael Wilson
6067,Brandy Patton
6518,Hannah Diaz
3153,Jimmy Newman
7094,Breanna Clark
7974,Terry Espinoza
5774,Brandon Sanders
8692,Steve Chandler
4103,Lisa Rodriguez
3440,Jorge Long
6201,Danielle Elliott MD
1844,Erika Baker
1446,Nathan Carson
4915,Daniel Hill
2234,Caleb Robertson
7587,Jessica Thomas
8185,Ronald Grant
6558,Jasmine Best
1186,Jeffery Weeks
6509,Keith Watson
6074,Valerie Cortez
2881,James Cuevas
2630,Anthony Horn
5405,Michelle Murphy
2574,Patricia Schwartz
2695,James Silva
2445,Makayla Salinas
7263,Amber Mercer
1052,Jesse Watson
6570,Abigail Weeks
8579,Desiree Newman
2666,Brooke Walker
7855,Paige Armstrong
9263,Shannon Byrd
5482,Alan Swanson
8243,Elizabeth Butler
6918,Jennifer Sims
1348,Daniel Hernandez
1307,Mrs. Donna Whitaker MD
4416,Kelly Blackburn
4558,Dana Reyes
7531,Morgan Little
5620,John Brooks
3985,Jennifer Parker DDS
1336,David Hawkins
4968,Elijah Silva
2996,David Zimmerman
4129,Joshua Henson
6447,Randy Hanson
7129,Timothy Cox
6850,Jeffrey Gaines
5204,Charles Skinner
1314,Carolyn Frye
9102,Ryan Nguyen
9347,Patrick Wilson
1886,Sandra Robinson DVM
1721,Maria Daniels
8678,Dr. Shane Knight
4357,Cassandra Oneal
1870,Kelly Simmons
7751,Adam Thompson
1497,Amber Richmond
2756,Joseph Marks
2117,David Mckay
7992,Todd Price
1142,Devon Lara
4435,Katie Barker
7622,Jesus Gilbert
5512,Autumn Aguirre
2848,Lance Williams
3696,Kristy Allen
2717,Martin Lambert
4791,Dr. Aaron Mcgrath
4871,Amy Frost
2806,Nicholas Bernard
2504,Mr. Ryan Grimes
4308,Andrea Paul
6048,Sue Freeman
2690,Krystal Kim MD
4303,Mr. James Jensen III
4113,Carlos Stafford
8850,Donna Joyce
4924,Philip Yang
9615,James Lyons
5485,Sylvia Armstrong
6831,Joshua Humphrey
5322,Robert Hahn
8282,Becky Ross
2874,Anna Banks
5763,Jonathan Drake
9464,Dawn Case
2051,Joseph Tucker
8538,Jason Fuller
8411,Roger Snow
4359,Joseph Livingston
4176,Cameron Martin
2251,Jacqueline Levine
7226,Vincent Hudson
6869,Carolyn Watson
9039,Debra Howard
5891,April Liu
5992,Hannah Price
2961,Brian Washington
7603,Catherine Armstrong
5567,Mike Phillips
7513,Cathy Martinez
1183,Tracey Miller
8755,Yolanda Watson
4358,Lisa Lopez
7615,Sharon Kelly
7797,Judy Ramirez
9728,Charles Lee
6698,Robert Powell
2273,Jamie Koch
7653,Rachel Richardson
2096,Christopher Matthews
5247,Kenneth Myers
6314,Lisa Kerr
2186,Kari Kim
3398,John Wagner
7995,Adam Flores
8299,Marcus Ray
5182,Haley Baker
1128,Shari Poole
5765,Ashley Hunt
8545,Kayla Thompson
1627,Tiffany Green
3341,Mathew Young
6884,Lucas Saunders
9185,Grace Brown
3925,Kim Davis
8279,Donald Wood
2987,Dominique Decker
1090,Travis Scott
9721,Jennifer Carrillo
5059,Joseph Carter
9383,Rachel Peterson
8347,Julian Wilcox
2008,Aaron Jones
4783,Jo Bates
7646,Edward Schwartz
5298,Angela Sims
5668,Taylor Wilson
3052,Lisa Ortiz
7009,Anna York MD
2716,Anthony Vargas
1310,David Alvarado
2260,Brian Wilson
4932,Michael Moore
1584,Audrey Patel
6898,Andrea Morrison
5939,Jake Hanna
5006,Brian Jones
1890,Jennifer James
8036,Natasha Jones
4961,Amanda Hart
9806,Angel Walker
4806,Scott Copeland
7100,Cynthia Ellis
2719,Michael Hughes
7686,Chase Ellis
2587,Richard Quinn
1896,Tracy Hayes
9469,Brian Gonzales
5647,Corey Rose
3432,Tara Allen
6454,Chloe Moore
9869,Phillip Martin
3028,Lisa Castillo
7845,Cameron Bell
4758,Melissa Nguyen
1589,Barbara Kirby
3821,Nichole Sanchez
1071,Ashley Martinez
4580,Jeffrey Hill
8962,Brittany Mcclure
1268,Philip Flores
3462,Dwayne Garcia
8384,Cheryl Sanchez
7169,Andrew Baxter
1985,James Payne
7289,Bailey Evans
6368,Jeffrey Oneill
8566,Brandon Joyce
8658,Roger Phillips
2003,Shannon Zamora
9095,Catherine Jimenez
7524,Brandon Henry
2073,Jeffrey Castillo
3402,Eugene Mcmahon
2956,Beverly Stone
8023,Cody Johnson
4907,John Smith
1807,Rebecca Richards
5827,Allen Rodriguez
3284,Hannah Wells
6313,James Green
1757,Ricardo Kaiser
1961,Carolyn Burns
4847,Alan Munoz
7726,Crystal Page
4575,Christopher Velasquez
3418,Shawn Garcia
5198,Gloria Collier
2001,Elizabeth Jones
6244,Terry Bradley
5066,Angela Everett
3845,Douglas Davis
9849,Todd Long
6316,George Nichols
1422,Robert Gillespie
7715,Jeffrey Thomas
5266,Andre Larsen
8549,Cheryl Hines
3710,Brittany Harris
9644,Bobby Graham
9069,Marissa Snyder
2657,Lisa Bates
4164,Andrew Freeman
3053,Mary Morales
9479,Leonard Kelly
6737,Justin Rangel
4217,Joshua Cox
1607,Bridget Gonzalez
2764,Scott Nelson
3671,Henry Fisher
4962,Jeffrey Bray
5906,Chelsea Fischer
1808,Alicia Long MD
1725,Morgan Cannon
8701,Dana Montoya
2216,Yvonne Reynolds
5051,Morgan Huff
3197,Leah Robles
9970,Jeremy Davis
3123,Christian Saunders
9790,Crystal Barnett
2814,Jennifer Brown
2106,Cynthia Bentley
1124,Dr. Allison Mcclain
4246,Kurt Brown
3971,Maria Johnson
3017,Erica Love
3415,Robert Wong
4096,John Taylor
2609,Donna Bailey
7782,Robert Green
8905,Lindsay Carr
2620,Alyssa Moran
8381,Zachary Brown
3941,Roberto Luna
6695,Philip Hebert
9975,Christopher Solis
9432,Daniel Freeman
6874,Jay Williams
2553,David Jackson
5586,Andrew Ross
9622,Melissa Cannon
9430,Frank Kelly
7447,Diana Butler
3345,Corey Williams
1075,Erin Chaney
7785,Kelly Fuller
5922,Maria Goodman
9090,Amanda Cabrera
5686,David Wall
2902,Nicole Carter
8143,Dawn Jones
3059,Thomas Erickson
2789,Connie Baxter
5471,Gregory Bird
6956,Kenneth Burton
3851,Eric Roman MD
3843,Tanya Marshall
7543,David Harrison
1969,Katrina Taylor
4195,Sean Morgan
2404,Alex Campbell
7940,Terrance Flynn
4982,William Best
6555,Nicole Jackson
8954,Matthew Stark
4092,David Blair
5159,Lauren Thompson
7308,Chelsea Allen
8478,Sarah Jones
4969,Caleb Moore
3965,Andrew Cochran
5319,Lindsey Davis
8108,George Cain
4939,Kevin Acosta
1044,Teresa Hill
2909,Robin Castaneda
7364,Samantha Castro
1691,Joshua Martinez
1931,Austin Parrish
8910,Paul Huffman
7382,Jessica Dixon
9339,Allen Nichols
2032,Edwin Scott
2311,Christian Moore
9579,Christopher Allen
4121,Amanda Hunt
7781,Jennifer Carson
2859,Beverly Sims
7792,Douglas Lee
2170,Michelle Woods
9681,Jonathan Williams
6308,Brian Woodard
1287,Amanda Vasquez
6953,Sandy Schmidt
2161,David Phillips
1129,Veronica Collins
3363,Tara Miller
9151,Brenda Wheeler
6983,Daniel Gonzalez
1143,Sarah Valencia
9207,Jacob Irwin
8469,Peggy Rodriguez
1244,Mr. Brian Lester
1926,Crystal Rodriguez
9532,Kyle Vargas
4398,Vanessa Turner
3654,Tina Merritt
2371,Lydia Mosley
8135,Sandra Harris
1320,Benjamin Jennings
6300,Jeffery Ortiz
7761,Kelly Brown
7854,Kristina Fuentes
6505,Meagan Merritt
7553,Kevin Owens
5042,Kelly Bryant
8498,Dr. Christine Smith
7636,Beth Henderson
8362,Justin Coffey
1194,William Silva
3537,Gregory Ali
3842,Stephen Norton
3229,Amanda Miles
3077,Terry Brooks
9635,William Flowers
1297,Tammy Adams
6856,Bruce Brown
2384,Luis David
9745,Amanda Petersen
3350,Tracey Henry
2269,Ashley Becker
9376,Dakota Wagner
5563,Regina Jenkins DDS
7897,Terry Nichols
6593,Caleb Norton
5683,Ryan Wright
9713,Timothy Lewis
4809,David Horn
6807,Danny King
5883,Holly Garrison
5155,Bradley Hodges
6197,Stacey Spencer
8452,Darlene Burns
9718,Anthony Blair
1279,Stephen Andrews
4977,Alyssa Davis
3669,Shawn Mueller
8825,Derek Moss
4981,Timothy Turner
6247,Dawn Anderson
5427,George Jacobs
7135,Kayla Hamilton
6573,Corey Parrish
8189,Kelly Rodgers
5535,Gloria Taylor
3776,Tara Dawson
1662,Elizabeth Knapp
9671,Mackenzie Carney
6060,Kirsten Mejia
6581,Kara Carlson
4789,Oscar White
8148,Ryan Erickson
8766,Madison Ross
3364,Tamara Giles
9872,Charles Evans
5651,Mark Miller
1609,Sara Barnett
8940,Danielle Morgan
1371,Alexandria Brown DVM
7998,Dominique Lopez
7911,Brad Cardenas
7010,Tina Wright
3253,Allison Nelson
5942,Willie Singh
1864,Mr. Robert Jackson Jr.
2268,Kathleen Small
8454,Danielle Oneal
9976,Jennifer Schroeder
5571,Christina Robinson
6229,Scott Jordan
3237,Brittany Wright
5054,Michael Gonzales
7394,John Cunningham
1325,Joseph Schneider
8774,Crystal Daniel
4861,Edwin Carr
2985,Vanessa Dean
5932,Karen Lewis
5603,Wesley Zhang
3778,Alex Roth
9832,Andrew Strickland
8754,Kristine Chen
5078,Theodore Moore
7754,Veronica Ali
4966,Robin Hicks
6968,John Burns
8493,Krystal Vazquez
5103,William Good
3076,Adam Francis
6231,Joseph Martinez
6594,Mr. William Waters
8371,Shawn Sullivan
2644,Eric Huffman
1242,Daniel Reyes
5085,Elizabeth Adams
8130,Stephen Saunders
7828,Erin Mitchell
9362,Brenda Johnson
9844,Devon Wilson
4512,Mr. Chad Watkins
2499,Brandon Mills
5039,Adam Jenkins
3035,Kenneth Cook Jr.
8977,Mark Johnson
4823,Shawn Clark
1298,Patricia Sims
8244,Michelle Johnson
5306,Monique Shaw
3799,Erik Johnson
7578,Bryan Torres
6326,Colleen Turner
3657,Brenda Robinson
4346,Jennifer Williams
1941,Becky Obrien
2243,Alex Torres
6696,Barbara Lopez
4957,Ronnie Case
2966,Eduardo Davis
1375,Dawn Montes
5362,Dr. April Davis DVM
7502,Tanner Monroe
2893,Shari Key
9106,Jamie Murphy
2652,Diana Acosta
6540,Stacey Russell
4892,Richard Hall
1599,William Curtis
2912,Olivia Davis
9572,Angela Mays
6599,Jessica Hill
7448,Kathleen Gordon
9557,Wendy Ross
9982,Keith Perry
4569,Mark Rios
8707,Julia Smith
1746,Mary Mills
9504,Karen Clark
5633,Christopher Morales
8008,Larry Kelley
3381,Dennis White
4618,Amanda French
1272,Stacey Johnson
2773,Stephen Gutierrez
1506,Cristina Moore
7719,Kevin Reed
9697,Henry Moore
7360,Marcus Yang
4590,Alex Washington
2192,Samantha Alvarez
2464,Jeremy Hernandez
6615,Eric Logan
7106,Sarah Terry
9864,Nicole Nicholson
2211,Lindsey Smith
2539,Patrick Jones
1643,Lauren Ortiz
9693,Jonathan Pham
8680,Robert Wright
5386,Darin Petty
3339,Kathleen Smith
9947,Kristine Mcdowell
6930,Brian Nelson
6402,Jennifer Curtis
6663,Henry White
6275,Dr. Shannon Pearson MD
1507,Eric Liu
2436,Brenda Mcintyre
9750,Paul Garner
8354,Rachel Brown
5516,Michael Powell
4622,Savannah Watts
9111,Kelly Wright
4715,Michael Herman
8837,Dana Peck
8370,Melissa Meyer
3155,Morgan Anderson
7365,Jesus Butler
3646,Sally Gonzalez
6209,Kathleen Weiss
7533,Gina Lee
5677,Diane Mcbride
8211,Angela Marquez
8933,Brandon Mccall
8928,Lee Davis
3080,Brian Thomas
8396,Kathleen Baker
8797,Joseph Snow
9346,Jeffrey Mcgrath
4494,Tracy Cooper
1904,Scott Duffy
9938,Jasmine Mullins
2725,Stephanie Miller
9462,Troy Garcia
6606,Margaret Guerrero
4956,John Frazier
1171,Taylor Merritt
3306,Zachary Salinas
1421,Brandi Thompson
7103,Elizabeth Allen
2473,Kenneth Jones
3181,Emily Thompson
6882,Richard Marquez
6982,Crystal Burton
6798,Victoria Harris
9456,Charles Nguyen
7559,James Sullivan
8620,Nicholas Escobar
3774,Michele Romero
6673,Amy Lester
9134,Andrew Dickerson
3170,Benjamin Harvey
6506,Charles Hernandez
3395,Charles Wolf
6515,Nicolas Mcdonald
3670,John Gomez Jr.
4365,Briana Jones
1588,Daniel Bates
7663,Spencer Harris
5086,Melissa Roman
9531,Bonnie Adams
5270,Sara Conner
9022,Maria Hunter
6452,Paul Wilson
4567,Gabriel Montoya
4899,Michael Dean
8500,Ashley Moore
7470,Rachel Farrell
5321,Donald Robles
3313,Samuel French
2231,Kenneth Patton
3999,Julia Mcdonald
5056,Erica Clarke
1305,Stacy Cook
4917,Matthew Nelson
8080,Stephanie Watson
3936,Mrs. Heidi Key
4862,Lisa Kidd
6649,Rachel Duran DDS
4261,Thomas Freeman
3226,Robin Diaz
2079,Mr. Robert Mcintosh
7280,John Roth
8235,Kristen Lee
1813,Jamie Ryan
6089,Tammy Beard
3031,Laurie Wood
9514,Mr. Brandon Smith
3653,Sydney Sanchez
9558,Brett Price
3897,Sylvia Mcbride
5041,Isabella Frye
3038,Glenn Frank
1494,Tyler Green
8116,Dr. Brittany Phillips
2784,Kristopher Davis
6266,Rachel Hill
6428,Michael Cruz
7681,Cynthia Lee
8607,James Merritt
8669,Nathan Smith
5534,Kenneth Smith
6979,Veronica Guerrero
9890,Tabitha Smith
3938,Kara York
6296,Raven Orr
8204,Nathan Howe
6730,Tracey Schneider
6602,Gabriel Mason
3639,Christopher Carr
2366,Judy Brown
7453,Cheryl Mendez
7671,Matthew Williams
5539,Joseph Pacheco
9876,Tonya Miranda
3887,Seth Chambers
5180,Adam Clark
5758,Matthew Sutton
1626,David Olson
6014,Adam Lindsey
2375,Erin Cervantes
2181,Katelyn Thompson
6708,Ashley Ellis
1490,Amy Wilson
4729,Barbara Miller
6974,William Gutierrez
4534,Allison Valencia
4296,Kevin Christensen
2940,Cory Gonzales
2882,Justin Briggs
5908,Cindy Rocha
3987,Laura Hall
4159,Cody Moreno
1681,Caitlin Long
6254,Eric Duran
8966,Joyce Holland
3580,Barbara Dougherty
8257,Brent Watson
7772,Elizabeth Sanders
9488,Lauren Davidson
3296,Logan Hernandez
1901,Curtis Lewis MD
7060,Douglas Greene
2677,Bradley Lawson
3881,Roy Clark
9052,Seth Martin
6650,Tammy Jones
7487,Sara Lester
5248,Diana Williams
3476,Diana Cox
1220,Cynthia Vaughn
5818,Edward Levine
5623,Paul Smith
8349,Elizabeth Cox
8209,Donna Russell
2871,Brandon Ho
8915,Daniel Spence
2462,Anna Thomas
6521,Dr. Lauren Sharp
9536,Darryl Baker
9236,Nathan Martin
6753,Jonathan Campos
8237,Nicole Kelly
7191,Stephen Jones
2514,Carmen Nelson
3598,Mallory White MD
2033,Kelly Colon
7899,Frank Jones
5476,Brandon Pacheco
1478,Megan Moses
1515,Nathan Gamble
9334,Stacey Wright
7008,Elizabeth Guerrero
4332,Mary Andrews
1787,Laura Peters
7222,Carl Carlson
1622,John Anderson
3572,Kenneth Sanchez
6033,Theresa Moore
6214,Jade Thomas PhD
5712,Karen Cross
1066,Joshua Sherman
8533,Bethany Soto
8465,Zachary White
4339,Joshua Nash
1548,Vincent Banks
8675,Michael Clark
1198,Kevin Taylor
1790,Patrick Richards
2174,Trevor Roberts
1178,Sherri Martinez
3244,Michael Lee
1734,John Mitchell
7232,Daisy Moore
1798,Joyce Stone
8601,Fernando Martin
9979,Diane Ellis
3795,David Davis
5588,Benjamin Bass
8297,Brent Jimenez
4084,Tyler Taylor
1731,Natalie Gonzalez
2129,Mark Hughes
3933,Kathleen Howard
9516,Lisa Willis
2490,Joseph Kennedy
1893,Randy Anderson
5239,Christopher Benitez
5479,Daniel Flores
3263,Zachary Jackson
2515,Jamie Chavez
7326,James Clark
6586,Anthony Norris
3917,Blake Patrick
6731,Samantha Williams
9302,Brian Patton
5327,Heather Wheeler
4793,Christine Bryan
3220,Jonathan Robles
2030,Matthew Burton
7691,Paul Waters
4992,Wayne Kirby
8037,Karina Davis
7221,Danielle Nunez
8090,Justin Chandler
8769,Drew Moore
5661,James Ellis
2894,Donna Montes
7322,Michael Galvan
3716,Tiffany Johnson
2335,Leslie Hall
1378,Jon Gates
4829,Jared Robertson
7380,William Ford
2754,Vanessa Randall
1463,Tonya Hardy
5267,Donna Wilson
4158,Joshua Brooks
4624,Jennifer Johnson
5938,Ashley Howard
6417,Mrs. Christine Turner
7004,Austin Hunt
9881,Holly Nichols
6603,Kyle Jones
3212,Kevin Proctor
7120,Angela Ford
3256,Shawna Smith
2412,Marco Bailey
7146,Victor Harvey
9802,Lisa Perry
2391,Lindsey Murphy
2340,Victoria Walsh
3939,Patrick Parsons
6969,Pamela Kelly
5813,Erik Chen
4150,Francisco Macdonald
7414,Kevin Robinson
5657,Chelsea Williams
7947,Christy Lewis
4662,Stephen Jacobs
5797,Nancy Henderson
6480,Stephen Glover
1983,Donald Russo
9543,Danielle Ford
5174,Jennifer Young
8265,Craig Griffin
5645,Sandra Salazar
3061,Edward Young
5487,Laura Thompson
3644,Mark Knight
7449,Leslie Armstrong
7768,Brenda Underwood
8440,Sophia Arellano
3550,Kelly Jackson
7054,Christina Golden
9042,Gina Williams
8893,Micheal Moore
8445,Nicholas Blackwell
3721,Jeffrey Edwards
8104,Cindy Perez
7240,Mark Martin
4153,Rebecca Hughes
8450,Donald Jacobs
2706,Julie Dunn
2128,Krystal Obrien
6583,Kenneth Stone
6718,Rita Medina MD
7001,Mark Flores
3741,Carla Johnson
1228,Amy Hernandez
5284,Tammy Cook
9617,Debra Johnson
1498,Andrea Oneill
3809,Becky Merritt DDS
5961,Thomas Jennings
4779,Donald Bell
3118,Matthew Zhang
7391,Joshua Escobar
8942,Monica Reese DDS
5565,Keith Snyder
6187,Joseph Skinner
7637,Karen Molina
9243,Breanna Jones
3410,Daryl Saunders
2820,Shawn Wells
3521,Gregory Kennedy
2867,Zachary Acevedo
8602,Karina Gibson
1240,Andrew Allen
5631,Stephanie Peterson
9274,Oscar Bradford
6077,Miguel Richards
4768,John Cook
8995,Emily Garcia
7429,Crystal Gibson
4605,Jason Munoz
3173,Mr. Brian Rodriguez PhD
7568,Ralph Carroll
3601,Marie Rodriguez
7080,Aaron Winters
8325,Steven Garcia
9313,Michael Bryan
5368,Austin Bishop
2317,Lisa Mejia
2133,Justin Riley
2910,Mr. Roy Jones
9107,Jon Stevenson
2916,Daniel Thomas
7464,Dr. Thomas Moore
9683,Kara Lucas
1585,Timothy Dyer
1534,Patricia Osborn
5011,Shane Murray
7957,Vanessa Ruiz
6325,Christine Lewis
9518,Margaret Anderson
3706,Vickie Evans
9316,Stephanie Rodriguez
2861,Kenneth Larson
6269,James Torres Jr.
1437,Molly Hunter
9081,Nicole Franco
6398,Nicholas Galloway
7678,Deanna Jackson
6529,Angel Johnson
7604,Jessica Strong
4918,Brandon Jacobson
2067,Chloe Martinez
1026,Caitlin Berger
8118,Anthony Nguyen
1547,Daniel Johnson
6338,Christopher Kelley
4140,Emily Hayden
2590,Sandra Cooper
9997,Amanda Mcdonald
8798,Paula James
2357,Heather Roberts
3728,Robert Fisher
8481,Miguel Johnson
4114,Kathy Bright
1616,Lisa Lee
2203,Timothy Walsh
3630,Courtney Ross
4161,Adam Neal
9861,Steve Roberson
8376,Karen Perez
5151,Dennis Walton
9911,Melvin Spencer
7175,Angelica Day
1283,Robert Yang
6840,Dustin Wilson
4565,Stephanie Nunez
5593,Audrey Davies
2465,Margaret Nelson
5734,Mrs. Ashley Adams
8366,Francisco Moore
7858,Kathryn Arnold
3121,Alicia Gonzales
3223,Mark Smith
5522,Paul Brooks
4188,Heather Hanson
5136,Angela Harvey
1343,Pamela Hicks
5704,Dr. Matthew Carter DDS
5823,Tracy Lewis
4201,James Ward
6471,Michelle Osborne
1888,Michael Molina
8127,Manuel Moreno
4720,William Mann
3883,Emily Hodge
7961,Adam Tran
4001,David Waller
2738,Samuel Khan
1151,Sophia Taylor
9777,Kelly Leblanc
1912,Tracy Wright
3321,Kimberly Hurst
1495,Walter Stout
2552,Diana Lam
4085,Deborah Houston
1156,Yvonne Flynn
9926,William Rice
8505,Alice Knox
6523,William Terry
9055,Austin Dixon DDS
7250,Gregory Robbins
8246,Misty Stewart
1996,Evan Carter
5626,Edward Rodriguez
3905,Deborah Lee
8853,Rebecca Howard
1786,Jordan Clark
5272,Mary Hall
4767,Adam Mendoza
9834,Maria Douglas
6994,Christopher Todd
8216,Taylor Miller
9857,Debra Lee
6427,Andrew Stewart
8055,Yvette Riley
2212,Jennifer Hodges
7965,Jenna Wilson
8433,Daniel Williams
8367,Kimberly Payne
5582,Kimberly Taylor
5185,Dawn Gray
8328,Bryan Rogers
1300,Diane King
1723,Christina James
4010,Anna Solis
3506,Gary Romero
1397,Madison Underwood
6680,Tara Martin
5825,Lisa Calhoun
9747,Reginald Rivera
4661,Gerald Weber
8067,Anthony Cole
6091,Jennifer Boyd
2601,Justin Soto
2480,Jose Cohen
6499,Joseph Zimmerman
7273,Destiny Mcdowell
2299,Stephanie Chan
9269,Sara Mitchell
3831,Ellen Koch
2532,Christina Zhang
6253,David Mitchell
4089,Troy Neal
5275,Theresa Graves
6365,Julie Harrell
4122,Devin Mills
9167,Gary Willis
6190,Kim Huang
5575,Michelle Porter
8727,Gary Landry
2797,Julia Jones
3131,Renee Obrien
8322,Aaron Rodriguez
7500,Julie Miller
1815,Virginia Rogers
9634,Angela Huynh
7666,Katherine Warner
2410,Lisa Cannon
4364,Ebony Stewart
7085,Justin Brown
2172,Jacqueline Guerrero
2641,Donald West
1471,Colin Chambers
3940,David Hines
5726,Joe Martinez
8670,Michael Davila
4723,Kristi Hatfield
1363,Matthew Jennings
4309,Helen Weaver
7923,Lori Brock
6204,Luke Taylor
8288,Angela Cooper
4203,Michael Howell
1641,Jeremy Jackson
6200,Laura Nelson
9521,Kim Carter
1865,Brandy Sims
1773,Frank Johnson
4518,Alan Gould
7795,Sarah Cook
7984,Andrew Gutierrez
1739,Emily Murray
2545,Heidi White
6127,David Rodriguez
7620,Mr. Bradley Nelson
9943,Sara Brown
4732,Ryan Robinson
3283,Matthew Jones
8868,Jeremy Collins
3603,Kimberly Hamilton
6961,Shelley Kelly
2680,Carol Duarte
6682,Richard Taylor
9084,Ryan Martin
6367,Jeffrey Johnson
1069,Steven Foster
7200,Ronald Anderson
9992,Gregory Baker
9119,Veronica Perez
1755,Krista Melendez
7495,Gabriel Simon
6935,Betty White
6705,Nicholas Walker
9216,Melissa Chen
1737,Eric Dawson
9371,John Miller
1231,Terry Townsend
9534,Matthew Mueller
3623,Taylor Valencia
8072,Peter Doyle
3276,Janice Goodman
8393,Tony Werner
3135,Martha Shaffer
7727,Brendan King
2565,Thomas Shepherd
1308,Dr. Russell Martin
9627,Lauren Cannon
9368,Lauren Lopez
4257,Brenda Curry
4235,Karen Buckley
1942,Craig Roy
6720,Brittany Shaw
5957,Shawn Woods
4381,Tiffany Ward
6839,Erica King
3880,Susan Peters
6533,Heather Yang
6378,Oscar Graham
3663,Sara Rogers
4659,Kristen Sanders
2131,Dennis Andrews
6092,Mary Welch
7022,Misty Lee
7159,Sandra Mitchell
8318,Joseph Baker
9520,Jesse Gutierrez
4044,Rachel Collins
6636,Caitlyn Mack
3892,Gregory Hunter
6288,Julie Torres
6812,Sheila Sharp
1654,Andrew Bennett
6481,Rebecca Elliott
1759,Robin Gibson
6159,Kristin Herring
9446,Amy Shelton
6262,Martha Gross
2876,Marcus Henderson
8787,Mrs. Kathy Lucero
4734,Andrew Pittman
6972,Christina Moore
7639,Jason Rodriguez
6356,Joanne Lee
5314,Tracy Sherman
3508,Kimberly Stout
3682,Nathan Robinson
5711,Tiffany Snyder
7479,Laurie Dorsey
7964,Chelsea Smith
9075,Crystal Munoz
9447,Denise Fowler
7496,Ronald Vincent
8688,Phillip Parker
4908,Victoria Bailey
5379,Brent Singh
9388,Jason Pollard
1877,Tracey Hernandez
9761,Matthew Moore
3637,Marcus Cook
8242,Ashlee Hogan
9613,Richard Finley
2204,Michael Mitchell
1544,Sarah Scott
2223,Rebecca Lewis
4172,Rebecca Huynh
9959,Tina Taylor
7520,Emily Rowe
7821,Elizabeth Dixon
3446,Emily Krause
9412,Karen Baker
4666,Brittany Nelson
5277,Lynn Hernandez
3569,Alyssa Jones
4985,Melanie Phillips
8448,Kevin Pena
5310,Amy Mcintyre
4019,Christina Herrera
4681,David Esparza
5196,Andrew Newman
5753,Christopher Patel
5002,Scott Walters
6629,Sandra Castro
9963,Victoria Huerta
8422,Mr. Joshua Durham
9625,Amanda Clark
4407,Lauren Rivera
8795,Janet Williams
3793,Heather Burns
8334,Tiffany Ramirez
8952,Earl Morales
1250,Jeff Ward
9098,Brian Ortiz
6289,Allison Smith
7437,Tanya Garcia
2173,Amanda Ramirez
9624,James Aguilar
1835,Linda Wood
3262,Tiffany Hoffman
4815,Angela Nelson
1246,Jonathan Rivera
3429,Timothy Dixon
5022,Travis Allison
4151,Ryan Dunn
6580,Ryan Weaver
8054,Pamela Ponce
8706,Jeremiah Wallace
5573,Harry Cooke
4491,Alexis Hernandez
1706,Luis Stewart
7997,Joseph Espinoza
9779,Christopher Schultz
2334,Brandon Lee
2847,Michael Martin
7851,Isabel Meadows
8865,Rebecca Parsons
4317,Jacob Krause
1164,Joy Simmons
8060,Joseph Spencer
4057,Mason Spencer
5428,Jeffrey Foster
1402,Cassie Brown
7349,Shannon Nolan
5157,Julie Turner
8467,Amber Harrison
7571,Andrew Christian
1579,Valerie Garcia
4039,Anthony Dixon
5137,Alan Smith
1452,Joyce Martin
7537,Cody Atkinson
2467,John Davis
8572,Bonnie Brown
7747,Ariel Silva MD
1880,Amanda Murphy
4149,Dr. Francisco Miles
9276,Jennifer Kelly
5144,Chad Cook
2168,David Bailey
3526,Matthew Johnson
4367,Eric Rocha
8338,Jessica Frazier
4555,Wayne Melton
6111,Caitlyn Gray
7752,Mr. Ronald Barber
1445,Jeffrey Wilson
4626,Kimberly Horne
5016,Deanna Greer
6497,Christina Williams DDS
1261,Cindy Herrera
9283,Blake Cruz
5222,Erica Robertson
4443,Roberta Haynes
6011,John Calderon
1693,Deborah Hernandez
2407,Jason Chambers DDS
4497,Luke Allen
5372,Emily Thomas
1551,Laura Mccann
5332,Robert Reynolds
1997,Joseph Barnes
5076,Michelle Jackson
5052,Matthew Johnston
6303,Joseph Ramos
9118,Walter Smith
6616,Stephen Ferguson
3248,Diane Mcintyre
1848,Erin Harmon
9695,Brandon Mcdaniel
4625,Ryan Reeves
9449,Charlene Bartlett
6492,Courtney Dougherty
9949,Tammy Brooks
7567,Nicole Diaz
4459,Michael Rasmussen
7117,Jennifer Gardner
2992,Regina Morgan
9498,Lisa Fletcher
2860,Erik Chandler
6176,Randy Fuller
1722,Crystal Webster
9971,Lisa Ramirez
9720,Tracy Moore
9400,Natalie Hartman
6819,Scott Byrd
1418,Christopher Simpson
2099,Sierra Guerrero
4392,David Rios
7784,Kevin Walton
2070,Tony Peters
7522,Katrina Obrien
2850,Jacob Diaz
6053,Danielle Dunlap
8194,Lindsay Odonnell
6851,Mr. Timothy Gaines
7673,Alyssa Arnold
1678,Amy Bailey
2502,Nathaniel Johnson
6281,Jesus Mckenzie
6027,Mindy Peterson
2425,Alice Reyes
7654,Kimberly Smith
7856,Gina Doyle
5689,Sarah Bartlett
3436,Krystal Lowe
6517,Robert Wilson
7310,John Richards
3241,Dylan Solis
7378,Brad Snyder
1403,Adam Kirby
4382,Debbie Salazar
5163,David Wheeler
8630,Matthew Dennis
1087,Joel Moore
6816,Christopher Berry
6470,Michael Montgomery
6739,Michelle Terrell
5273,Brianna Ramirez
7523,Sean Nelson
6003,John Stone MD
7606,Brittany Warren
7130,James Daniels
3042,Amber Elliott DDS
5598,Destiny Robinson
1118,Zachary Richmond
1709,Corey Garcia
4557,Elizabeth Thomas
4250,Mitchell Thomas
9061,Jacob Arnold
2101,Heather Williams
5421,Paul Turner
9177,Jessica Mendoza
7658,Robert Fletcher
9021,Christopher Fisher
3379,Anthony Gonzalez
9879,Shannon Nguyen
4209,Darin Martinez
7743,Mary Simpson
6648,Jessica Brown
6171,Andrew Carey
8890,Andrew Baker
1324,Sherri Garcia
4587,Jeffrey Jacobs
5354,Ashley Aguilar
4127,Sergio Carter
4395,Robert Navarro
2164,Benjamin Dennis
6360,Maria Harmon
1354,Brian Reeves
2872,David Ruiz
3024,Charles Castro
9257,Brandon Mcclure
3486,Chloe Navarro
9919,John Velazquez
8435,Christian Hunter
6065,Erica Tucker
1639,Amanda Campbell
1172,Alexander Rasmussen
6666,John Ruiz
3886,Gary Gonzalez
3164,Mr. Michael Wiggins
4945,Carol Andrade
6235,Bonnie Stokes
8746,Todd Johnson
5934,Anna Collins
4880,Candace Parker
6676,Robin Morgan
9060,Beverly Rodgers
4990,Denise Fuller
6210,Stephen Williams
5845,Michael Santiago
2189,Anna Vaughn
3689,Tiffany Murphy
5095,Michelle Hill
8768,Autumn Jones
9240,Nicholas Zuniga
8406,Cory Parker DDS
3833,Kelsey Alexander
8645,Tonya Campbell
9273,Christine Odonnell
9278,Tara Rodriguez
1821,Elaine Chan
8525,Matthew Salazar
4535,Lawrence Cobb
3707,Wendy Wilkins
8959,Kevin Callahan
4933,Kristin Williams
1564,Alejandro Blake
3500,Jacqueline Adams
7030,Noah Jones DDS
1223,Trevor Wilson
1350,Gail Greene
2928,Anthony Shannon
8743,Jenna Mueller
9540,Larry Chen
2017,Rachael Huff
6322,Jordan Oconnor
7878,Ashley Solis
5161,David Oneal
9638,Kimberly Johnson
3944,Jesse Vega
8210,Alicia Russell
8653,Mary Adams
2074,Kristin Murphy
5305,Michelle Miller
4007,Gina Vasquez
9772,Thomas Howell
1229,Jennifer Benson
4185,Tristan Smith
1501,Amanda Rios
1048,Brandon Moyer
4566,Patrick Hayes
4055,Cody Lynch
9880,Matthew Villanueva
6820,Devon Johnson
3302,Wesley Spencer
5366,Nicole Sweeney
1122,Brandy Francis
9450,Ashley Brooks
1524,Katherine Johnson
9001,Ronald Sanford
4749,Gabrielle Wright
5453,Christine Sharp
6336,Leah Romero
5551,Michael Anderson
3823,Olivia Martinez
6728,Kathleen Rivera
9677,Shannon Solomon
9391,Leslie Mercado
2982,Erik Williams
3311,Tara Walker
8225,Kristen Torres
1604,Barbara Anderson
6785,Jessica Chavez
5597,Matthew Lewis
8759,Kimberly Sloan
8532,Chad Osborne
9740,Christina Mcdaniel
1838,David Jones
1847,Sharon Nixon
5709,Steven Johnson
7575,Alan Ryan
5773,Taylor Mcconnell
6192,Yolanda Noble
4320,Kevin Erickson
5698,Sean Burton
4673,Richard Mueller
2564,Nicole Jenkins
2840,Vanessa Wilkinson
7058,Richard Glover
8131,Kathleen Paul
7697,Joseph Weeks
4885,Yvonne Shepherd
3970,Stephen Kelly
1947,Peter Bishop
3251,Leah Green
2235,Olivia Simpson
7720,Thomas Evans
7906,Clarence Hahn
5141,Jeff Stevenson
6335,Dana Murillo
6611,Tiffany Reyes
6577,Dr. Walter Lee
2559,Allen Martin MD
2507,Kathleen Vazquez
3063,Matthew Patterson
2294,Samuel Hudson
5065,Andrew Adkins
9014,Savannah Terry
2603,Derrick Gardner
2322,Isaac Thompson
3441,Hannah Zamora
4787,Scott Carroll
3208,Julie Bowers
1175,Laura Williams
8169,Megan Ward
7014,Sandra Stewart
6147,Joshua Pollard
7199,Amanda Roberts
1546,Matthew Brown
8965,Ronald Snow
3083,Michael Washington
3040,Dr. Kyle Lewis
2752,Rachel Taylor
2600,Nicolas Wilson
4799,Kristy Taylor
1618,Amber Snyder
6491,Heather Berry
6795,Jacob Mcintyre
8633,Monica Garcia
2487,Joseph Holmes
6009,Megan Boyle
2044,Shelby Henry
3431,Charles Harris
2582,Cory Mckenzie
9793,Barbara Benton
8503,David Manning
5766,Jeffrey Robinson DDS
6362,Brianna Harris
1100,Caitlin Snyder
7657,Kendra Thompson
6875,Michelle Perez
5271,Stephanie Francis
1237,Jason Phillips
6218,Melissa Gardner
7073,Matthew Conley
3542,Jeffrey Pierce
1754,Clifford Ward
6507,Donna Perez
5235,Dylan Collier
1540,William Higgins
8926,Patrick Foster
4145,Joanna Lee
5067,Jeanette Carpenter
8281,Victoria Coleman
3509,Monique Wilson
9511,Jessica Russo
3149,Trevor Lewis
7713,Linda White
5207,Jacob Hunter
4936,Joseph Brown
2075,Christina Wheeler
7379,Amber Thompson
8456,Brian Quinn
5674,Richard Tapia
7041,Melissa Ruiz
6419,Ashley Conley
3722,James Gates
1470,Susan Buchanan
2468,Renee Kline
8925,Kiara Brown
9012,Joann Watson
9249,James Arnold
4895,Wanda Knight
9874,Mary Dunn
4454,Christina Valenzuela
2790,Jason Hamilton
1885,Natalie Phillips
3073,Tiffany Carson
1312,Ann Jackson
6317,James Savage
1810,Chelsea Castillo
3705,Katherine Diaz
9788,Rachel Ford
3147,Thomas Arnold
6677,Brittany Sanchez
3013,Tracy Bryant
4697,Laura Christian
5350,Andrew Davis
3926,Melissa Hall
5376,Jason Rogers
5868,Lori Wagner
7862,Nicholas Tapia
5423,Daniel Mills
7870,Megan Gonzalez
9159,John Livingston
7170,Alisha Garcia
1701,Lauren Madden
9113,Tina Walsh
7825,Gregory Stone
5264,David White
8968,Heidi Smith
9146,Jose Aguilar
9719,Carla Hubbard
5619,Cathy Ferguson
7875,Brandon Alexander
8856,Luis Allison
4022,Marcus Horne
2770,Danielle Obrien
4215,Jacob Ryan
4737,Jerry Lee
1752,Edwin Calderon
2392,Jacob Vaughan
1677,Nicholas Paul
6544,Maria Bell
2095,Valerie Miller
2782,Patrick Williams
5541,Angelica Lowe
7213,Rhonda Jackson
2561,Jessica Parker
5550,Angel Davis
4123,Michael Fuller
2209,Derek Morton
6153,Laura Cervantes
5898,George Freeman
3178,Billy Young
3544,Joshua Lynch
6522,Tyler Walsh
3370,Linda Gregory
4281,Tracy Hunt
5710,Harry Dorsey
1328,Andrea Reyes
6579,Sharon Stevenson
5228,Adam Wilson
7794,Sandra Reyes
1120,Krystal Cabrera
7749,Ashley Walton
1964,Elizabeth Daniels
5224,Joseph King
7865,Joel Avila
6643,James Simpson
9524,Dr. Andrea Garcia
1355,Roger Bell
1028,Benjamin Farley
9961,Lisa Dillon
8399,Frank Kim
5601,Amy Wright
2416,Jessica Harris
8529,Henry Nixon
5474,Michael Barron
4071,Allison Long
1555,Kevin Weber
2563,William Mullins
3686,Sheila Fuller
3553,Brian Santiago
5326,Darius Russell
6835,Katie Rojas
4229,Michael King
2108,Miguel Russell
4677,Susan Lewis
7363,Lindsey Garcia
9222,Michelle White
8690,Joshua Daniels
2400,Darrell Shaw
5071,Samantha Mitchell
1940,Christopher Thomas
4457,Jennifer Mcbride
1453,Anne Walker
9184,Virginia Johnson
1818,Marcus Lane
1012,Theresa Hanna
7475,Derek Martinez
5792,Peter Richmond
7830,Amanda Mccullough
3434,Adam Vargas
3868,Elizabeth Tucker
2438,Sara Eaton
4543,Cheryl Schroeder
2781,Annette Wilson
7343,Stephanie Zimmerman
1211,Rebecca Hernandez
9699,Donald Miller
7860,Amy King
9169,Alexander Nelson
9742,Donna Davis
5975,Judith Martin
1648,William Salas
6095,Nancy Brewer
2009,Douglas Compton
2550,Charles Harrell
8492,Antonio Weeks
4401,Jessica Burnett
8447,Colleen Johnson
6424,Betty Forbes
5241,Sandra Stephens
2176,Carol Olson
3233,Christopher Sims
5700,Julie Wu
6559,Megan Shaw
3513,Dana Warner
2951,Sharon Bailey
8799,Michael Washington Jr.
1595,Albert Cooper
5439,Shelby Watts
1858,Kellie Joseph
6519,Adam Pineda
5317,Jacob Murray
7952,Heidi Hicks
5055,Kelly Klein
2672,Kurt Zhang
5532,Scott Warren
5924,Hannah Ferguson
5864,Mark Rodriguez
2221,Patrick Caldwell
3860,Mark Cooper
4782,Jamie Gibson
1766,Sarah Liu
8482,Michelle Stephenson
8964,Linda Thompson
4513,Timothy Bryant
6822,Derek Figueroa
3072,Troy Pham
4949,Richard Ramirez
5415,Harold Skinner
6993,Richard Harris
3907,Michelle Wu
4870,Gregory Bates
1938,Eric Reyes
3510,Nathan Morales
2649,Angela Gomez
9405,Sharon Gonzalez
1058,David Cochran
9314,David Miller
1561,Todd Thomas
2737,Levi Roberts
8095,Sharon Davis
5655,Laura Juarez DDS
2109,Evan Cooper
4771,Tasha Medina
9563,Brenda Becker
7123,Rhonda Tate
5466,Susan Hoffman
6538,Cindy Griffin
8111,Olivia Hopkins
5607,Darrell Mendez
2541,Elizabeth Rodriguez
9598,Julia Trevino
3269,Christopher Ramos
6072,April Clark
9420,Erik Rose
2313,Kelly Meyer
8847,Nicholas Martinez
4285,Julie Keller
4095,Jesse Colon
8637,Jennifer Cox
4803,Mr. David Blake
9809,Shannon Davis
3165,Curtis Parker
7452,Emily Gonzalez
9067,Brenda Villanueva
8642,Breanna Hampton
5381,Matthew Greene
5782,Justin Perez
8460,Terry Smith
4078,Robin Harris
8259,Linda Grant
3523,Keith Rojas
5581,Charles Graham
6609,Larry Castillo
3001,Javier Ramirez
7552,Ashley Armstrong
2220,Scott Moreno
9074,Mark Figueroa
1834,Lindsay Gonzalez
7598,Joshua Young
3413,Ms. Gabrielle Greene
5498,Benjamin Watts
1209,Christine Myers
1233,Whitney Casey
1792,Douglas Smith
4110,Wendy Ortiz
3166,Norma Gallegos
9526,Karen Oneal
6193,Shane Harris
5419,Kristine Thompson
1212,Kenneth Hanson
2658,Debra Kelly
6024,Stacey Oconnell
2794,Stacy Moore
9296,Brian Sexton
6551,William Davis
4293,Kathryn Wright
4329,Chad Harris
5808,Andrew Perez
8937,Bryan Matthews
1711,Jose Reed
2888,Marcus Suarez
8173,Daniel Hicks
2259,Amanda Martinez
6246,Brandon Moore
8271,Travis Spencer
1748,Mary Wilson
7400,Evan Kaiser
9701,Stephen Stevens
2777,Derek Nelson
2222,Lindsay Miller
9893,Mary White
9343,Monica Martin
9998,Richard Hood
5656,Abigail Richardson
2242,Robert Henderson
9539,Kelly Ayala
2831,Brian Walker
2569,Jesse Cook
2918,Jennifer Velazquez
4232,Eric Ortiz
2824,Cynthia Cook
5060,Ashley Bishop
6324,Joel Lowery
2721,Lauren Anderson
5210,Benjamin Johnson
1368,Kelsey Gates
9424,Anthony Martinez
2469,John Lee
5725,Lori Washington
4431,George Payne
8420,Stacie Camacho
1779,Patricia Benitez
3902,Emily Stein
6212,Victoria Herring
9587,Timothy Nguyen
8174,Sonia Chavez
6114,Jessica Nunez
5335,Nicholas Daniels
6494,Dr. Brenda Soto
9817,Aaron James
4994,Rebecca Robinson
9414,Sharon Sanford
1743,Anna Acosta
1462,Elizabeth Harris
2568,Melissa Thompson
2736,Mr. Edward Romero
8903,Karen Lee
9856,Hector Thomas
4370,Gary Mckenzie
9290,Raymond Burton
4650,Veronica Livingston
4620,Alfred Stewart
4190,Kimberly Shannon
3650,Christina Serrano
1809,Dr. Eric Vega
9047,Allison Potts
6501,Kimberly Barrett
4548,Chad Ramirez
6264,Cynthia Fernandez
3423,Brandi Graves
9071,Kara Harris
3908,Kathryn Perry
7755,Curtis Roberts
4883,Brittany Lucero
4515,Jessica Ford
4403,Kristen Cook
6008,Angela Shaffer
9593,Chris Hawkins
5613,Dennis Morales
9183,Tony Scott
9401,Emily Duncan
4928,Brittany Lamb
7558,Trevor Curtis
1393,Richard Roberts
7839,Joshua Love
1132,Carolyn Schultz
4770,Beth Stone
3268,Christopher Parsons
8213,Victor Bray
3835,Scott Edwards
2963,Ricky King
1889,Janice Jackson
4061,Mark Stanley
7461,Phillip Wright
7967,Brent Owens
9101,Jeremy Matthews
8379,Christopher Skinner
3362,Lori Mason
2726,Jason Rowe
8013,Brittany Lawrence
1837,Shannon Mitchell
5584,Philip Frazier
1356,Michelle Williams
5418,Casey Harper
5879,David Gardner II
3870,Christopher Burgess
1292,Anthony Valenzuela
3374,Donna Schmitt
3272,Jose Mullen
4400,George Walker
5542,Donna Morris
4523,Justin Huff
3488,Nathan Day
2558,John Doyle
2103,Jamie Alvarado
8520,Tiffany Skinner
3956,Emily Gonzales
7017,Kathryn Williams
9897,Jasmine Jones
8756,Brian Roberts
7948,Henry Thomas
4602,Kevin Coleman
6062,Valerie Fowler
7372,Parker Arroyo
8105,John Martin
3762,Lisa Miller
5050,Joyce Anderson
4777,Megan Green
2349,Tiffany Miller
4896,Johnathan Smith
9384,Jose Wheeler
3577,Ryan Palmer
1091,Stephanie Harper
9672,Cheryl Rice MD
7592,James Nichols
9128,Philip Greene
9168,Richard Hopkins
7861,Louis Allen
9990,Stephen Flores
8065,Robert Jimenez
7800,Christopher Owens
8320,Denise Perry
2877,Billy Russell
2699,Thomas Marks
1665,Stephanie Odonnell
7611,William Franklin
9419,Curtis Mckee
6263,Kyle Brown
5508,Thomas Mitchell
2755,Jessica Conley
1519,Lindsey Rodriguez
8233,Christopher Marks
6781,Scott Carlson
8258,Timothy Monroe
7554,Paul Manning
7605,Dakota Morgan
3986,Gina Garcia
1400,Nicholas Strickland
3855,Katherine Mccoy
4412,Margaret Graham
1056,Susan Roman
5833,Deborah Walls
7597,John Knapp
3934,Albert Wilson
9940,Joanna Schneider
5416,Cody Phillips
4671,Nichole Gibson
8292,Zachary Jones
8001,Karen Hall
3098,Mark Dennis
9444,Jonathan Gentry
6061,Sheri Barker
4264,Erika Collier
9493,Andre Franco
1550,John Rios
6411,Jackie Meza
6920,Christian Fritz
5409,Luis Mason
1712,Tonya Logan
6406,Brian Garza
8990,Mrs. Pamela Bryan
7843,Debbie Miller
4301,Selena Le
6257,Tony Mitchell
7214,James Garcia
6006,Victoria Kline
9791,Anne Fernandez
7227,Sarah Garner
3514,Anita Stanley
4284,Lisa Flores
8740,Isabella Perez
1789,Stephanie Lawson
4475,Jose Martin
2309,Kenneth Berry
6389,Nicholas Turner
9215,Jennifer Powell
4003,Maria Schmidt
2834,Kimberly Hawkins
8332,Desiree Walter
7131,Charles Novak
5480,Robert Clark
9934,Mark Mckenzie
3138,Sharon Evans
1109,Tony Floyd
4632,Sara Carpenter
7728,Robert Conner
6684,Linda Davidson
7499,Logan Turner
2915,Sarah Diaz
1104,Nicole Scott
1873,Roberto Weaver
4238,Daniel Bryant
7596,Robert Anderson
1783,Jessica Horton
1486,John Liu
4196,John Allen
3691,Timothy Lee
9023,Emily Arnold
7849,Steven Nielsen
4247,Mrs. Debra Joyce
3592,Kevin Goodwin
2224,Nathan Fox
4064,Heather Johnson
1440,Robert Castro
3367,Michael Miller
5663,Jennifer Roberts
4034,Derek Thornton
3107,Robert Murphy
5320,Paul Alexander
6938,Fernando Pacheco
4133,Anthony Jackson
3211,Andrew Nicholson
8764,Rachel Moore
4541,Nicolas Brown
5521,Brandi Scott
6641,Linda Cole
2702,Taylor Berg
7912,Tim Daniels
4878,Brianna Miller
9736,Amy Montgomery
3401,Christopher Dean
9974,Micheal Dunn
9077,Amy Carroll
6087,Anthony Mccullough
7942,Sarah Lopez
2616,Jeffery Wolfe
7458,Kathleen Anderson
3756,Eric Diaz
7853,Tiffany Barrera
8709,Jasmine Werner
4091,Manuel Foster
6173,Jasmine Sullivan
1801,Carol Wilson
4349,Benjamin White
9005,Ricky Williams
1349,Jamie Black Jr.
4377,Alyssa Watkins
7196,Mike Brock
4347,Andrea Klein
1788,Stephen Perez
3889,Angela Nicholson
6273,Haley Preston
4272,Jennifer Jones
6234,Heather Craig
7902,Sarah Poole
8612,Suzanne Dennis
3492,John Moran
7745,Jennifer Miller
5240,Mr. Andrew Barber
6298,Tiffany Powers
5047,Jackie Powell
8581,Joseph Hill
6909,Justin Wallace MD
7302,Sarah Roy
8593,Mrs. Amy Smith
9163,Mrs. Mary Stephens
3191,Cynthia Johnson
8586,Claire Berg
3846,Heather Pierce
3463,Erica Olson
5392,Joseph Strickland
3997,Nathan Cox
7521,Charles Moran
2155,Tracie Benjamin
5477,Ruben Meyers
3185,Scott Chambers
3317,Jason Scott
4621,Abigail Rogers
9641,James Blankenship
6404,Michael Chase
3465,Mary Patterson
3759,April Ray
5323,Charlotte Holland
6773,Valerie Gordon
2885,Sandra Mendez
8844,Timothy Bond
3338,Karen Mcfarland
5810,Robert Jones
7791,Shannon Kaiser
8171,Michael Rollins
1093,Matthew Bennett
5947,Corey Gibson
7651,Kristen Myers
1076,Ryan Mckenzie
9297,Scott Travis
3873,Cesar Lester
4148,Nicholas White
3625,Krista Roth
6487,Scott Kim
8251,Trevor Cruz
8310,Catherine Frank
3399,Taylor Ford
5640,Wendy Stevenson
3960,Terry Cantrell
9847,Kimberly Garcia
8923,Donald Schmitt
8631,Mrs. Kaitlyn Duncan
3110,Brandy West
1957,Annette Cooper
8146,Jennifer Bray DDS
8413,Gregory Perry
2821,Anna Hall
6646,Sarah Hill
3651,Charles Miller
5701,Stephen Villarreal
3877,Tracy Harding
6582,James Rice
5083,Elizabeth Cortez
1745,Renee Wade
9749,Michelle Ochoa
5023,Tina Chavez
1939,Joanna Sherman
2610,Nicholas Hodges
7300,Brenda Sherman
8187,Jeremy Ortiz
1032,Martin Archer
6985,Richard Casey
2156,Linda Rose
4126,Jennifer White
2543,Antonio Tucker
6902,Kevin Stephenson
3709,Mr. Christian Sanchez
6221,Edward Joseph
9201,Christopher Sullivan
1730,Madeline Rhodes
5890,Holly Deleon
2506,Rachel Martin
3916,Ms. Alexandra Stafford
7152,Kim Phillips
8219,Andrea Thomas
6328,Sheila Hansen
8872,Sharon Patton
1652,Russell Hubbard
6799,Christopher Mann
9812,Bethany Anderson
4790,Lauren Rush
5759,Holly Wright
4688,Kristen Smith
8689,Stephanie Giles DDS
2379,Sean Mccoy
7507,Phillip Austin
8819,Lori Arnold
7127,Kevin Mcgee
9459,Allison Garcia
6912,Jacob Perez
6130,William Marquez
2232,Pamela Wright
9480,Christine Cook
9205,Mr. Kevin Lester
1256,Mr. Patrick Gordon DDS
2423,Melinda Adams
5953,Timothy Ward
2195,Julie Villa
5365,David Murray
2244,Susan Mann
6302,Andrea King
1496,Kevin Bates
4399,Jessica King
1909,Stephen Mcdonald
1372,Adam Ford
2344,Luis Collins
9515,George Torres
3784,Cody Adams
5814,Andrew Sanchez
2426,Sara Reed
9855,Rebecca Bennett
6868,Justin Baker
1010,Michael Fischer
7330,Meghan Carson
3825,Shawn Bates
8464,Rachel Roberts
8195,Manuel Bowers
4088,Michael Villa
8377,Jackie Parker
8598,Sean Griffin
5838,Daniel Martinez
6872,Christopher Tucker
4653,Robert Rose
5299,Nicole Estrada
1973,Brian Crawford
5348,Victoria Davis
6873,Sydney Brown
5394,Christina Adams
6844,Russell Mendoza
1108,Kelsey Barnes
6931,Allison Weaver
5053,Jeremy Erickson
5537,Heather Perry DVM
2245,Evan Benjamin
8741,Kimberly Macdonald
3922,Randall Hendrix
3801,Garrett Coleman
9221,Justin Herrera
6958,Christine Walsh
8436,Jonathan Garcia
5793,Terry Harrison
1179,Maria Garrison
4873,Raymond Oconnor
4960,Nathan Chapman
6202,Brandon Greene MD
6344,Megan Shah
5830,Miss Lisa Terrell
7802,Lauren Perez
9298,Ashley Flores
1243,Whitney Torres
8012,Alan Webb
6329,Douglas Wise
1603,Scott Middleton
6756,Janet Boyd
3015,Gregory Beck
6829,Ashley Glenn
2613,Mary Garcia
6372,Rebecca Riley MD
9978,Vicki Hendrix
6692,Elizabeth Roberts
5803,April Spears
3377,Scott Mcintosh
4182,Lori Roberts
4160,Matthew Clarke
7576,Tiffany Lee
9903,Christy Martin MD
3586,Rebekah Williams
3648,Jodi Bryant
8313,Sandra Vazquez
8407,Jennifer Stephenson
4574,Tammy Chen
9741,Roy Thomas
6769,Vincent Cantrell
6733,Joseph Padilla
6318,Cynthia Barajas
5382,Eric Castillo
2785,Jessica Moody
1295,Richard Nguyen
4118,Antonio Erickson
1906,Darryl Miller
4413,Devin Gonzalez
9027,Dawn Whitaker
3829,Steven Silva
2741,Michael Tran
6830,Julie Gordon
8523,Steven Peters
1625,Ashley Barnes
9282,Amanda Hicks
4006,Stephanie Gonzales
5302,Erik Park
5490,Bradley Cisneros
2597,Diana Cole
9431,Lori Bridges
9330,John Francis
9759,Ashley Murphy
3335,Dominic Downs
1713,Diane Mcneil
4988,Melissa Baker
7203,Angelica Elliott
9768,Sara Diaz
1037,Daniel Maldonado
2832,Mrs. Erin Nelson
8600,Madison Zimmerman
1432,Jeanne Shepard
7889,Patricia Hawkins
6121,Robert Whitaker
2975,Roberta Gay
5515,Sergio Knight
6563,John Montgomery
3963,Anthony Garcia
7786,Tara Cruz
1976,Craig Sims
1045,Nina Reid
2193,Jessica Montgomery
7282,Walter Matthews
4219,Ebony Blackburn
9983,Kristen Ramirez
1636,William Johnson
6323,Kimberly Stevens
7032,John Watson
8773,Rebecca Patterson
3108,Jaime Brooks
4614,Ronald Underwood
6279,Arthur Jones
5568,Lindsay Howell
8838,Samuel Lang
2845,Patricia Jones
5112,Wesley Boyd
2509,Robert Crosby
8573,Allison English
2578,Jennifer Smith
1879,Steven Wright MD
2359,Kelly Good
5217,Amy Maddox
1080,John Haas
3732,Philip Carrillo
3422,Barbara Gonzalez
4499,Lindsay Goodman
9650,Mario Snyder
2025,Robert Davis
8785,Olivia Blackwell
3685,Rebecca Schmidt
8372,Lindsey Thompson
3022,Timothy Perkins
7338,Mark Boyer
2298,Amanda Williams
5102,Amy Nguyen DDS
4026,Jenna Robinson
3620,Tonya Ramos
5865,John White
4872,Cynthia Pacheco
1765,Calvin Olson
5092,Thomas Gregory MD
3666,Jonathan Brown
9655,Tamara Bowman
4888,Samuel Joseph
1840,Alice Calderon
6899,Brandon Vazquez
5118,Fernando Huff
1565,Patrick Perkins
7005,Stephanie Mccarthy
6890,Martin Mcneil
3982,Timothy Hart
7083,Mrs. Anna Moore
5019,Sophia Cooper
1777,Elizabeth Rose
4139,Joanna Keith
2046,Greg Williams
1500,Carrie Austin
5608,Rebecca Scott
8234,Raymond Deleon
5483,Ronald Dudley
3464,Gina Perkins
5695,Travis Alexander
3588,Kenneth Winters
7594,Jeffery Rodriguez DVM
4520,Anita Choi
4218,Adam Tate
4757,Richard Gregory
3837,Carrie Smith
7000,Michael Allen
8034,Justin Hall
8309,Anne Holland
2446,David Lopez
6790,Nicholas Harrison
6080,Kara Petersen
9663,Adam Sparks
5684,Hunter Jones
5659,Sara Meyer
5001,Kimberly Mcmillan
5562,Melissa Burnett
1598,Ryan Cruz
3750,Emma Hutchinson
9661,Samantha Meadows
2631,Michael Robinson
1774,James Morrow
7107,John Ellis
4012,Brenda Jacobs
7264,Sabrina Day
1527,Gary Lucas
1916,Brian Parks MD
4319,Rachael Blake
2406,Jason Barnes
6206,Carlos Coffey
8249,Denise Flynn
2523,Jaclyn Evans
3888,Nancy Smith
5091,Rachael Harrington
7249,Jennifer Rice
5503,Mr. Anthony Clements
1710,Robert Taylor
8188,Pamela Austin
6778,Lisa Brown
6013,Vincent Johnson
1415,Shawn Bryant
5262,Philip Cooper
3515,Christina Jones
6640,Steven Hines
3373,Amanda Shepard
3576,Amanda Blake
5184,Tyler Heath
9899,Mrs. Cheryl Trevino
3397,James Patel
7883,Michelle Kaiser
9127,David Smith
5099,John Robbins
3901,Jonathan Robinson
4082,Jonathon Jordan
3389,Lisa Pennington
6138,Justin Smith
3239,Belinda Strong
4773,Frank Mckinney
3627,Megan Patrick
7618,Michael Whitney
9015,Roy Wilson
4130,Luke Davis
1096,Gary Riley
4858,Patricia Martin
6397,Allison Guerra
1456,Jason Elliott
6914,Rachel Jackson
2937,Elizabeth Jones MD
2146,Pamela Brown
6152,Kevin Perkins
8953,Kyle Lee
5775,Brooke Riddle
4409,Anthony West
8028,Mary Hartman
6664,Lisa Reyes
1952,Kimberly Barnes
6967,James Mendez
8205,Scott Cantu
3484,Mary Johnson
4231,Erica Guerra
7684,Thomas Stewart
1656,Joshua Lewis
7312,Marissa Simpson
7176,Carla Hernandez
4563,Keith Lyons
5817,Dr. Lisa Martinez MD
7182,Jamie Morales
4244,Tara Casey
3273,Charles Macdonald
3114,Jade Baker
8364,Dr. Emily Stein
4094,Sherry White
6729,Timothy Smith
1694,Morgan Camacho
8807,Veronica Wong
2971,Edwin Johnson
2671,Michelle Pratt
2728,Adam Hunt
8632,Whitney Murray
7403,Spencer Wolf II
7092,Dustin Garcia
3142,Brooke Shepherd
1253,Briana Carr
4542,Jeremiah Robinson
9457,Nicole Lyons
2004,Tracy Hall
5717,Kayla Elliott
4593,Omar Richards
9606,Andrew Frank
2284,Chris Rodriguez
4202,Joshua Nguyen PhD
3210,Peggy Bryant
1849,Jill Rios
2472,Penny Chung
7435,Christine Garcia
8978,Kelly Patel
5238,Matthew Charles
7112,Hannah Moore
5722,Steven Cole
3532,Linda Maynard
8770,Allison Carpenter
5995,Richard Guzman
2501,Kenneth Montoya
4080,Joshua Thomas
9009,Kyle Erickson
1623,James Hunt
7081,Jeffrey Osborn
6484,Austin Allen
4772,Nichole Young
4916,Kevin Sullivan
2329,Robin Chavez
2573,Kenneth Lloyd
6955,Brian Campbell
2160,David Tanner
4540,Stephanie Munoz
5635,Mary Hernandez
9370,Louis Johnson
3847,Jared Burns
6697,Daniel Warren
6137,Tracy Owens
1591,Sara Banks
8855,Jodi Miller
2292,Samuel Black
2654,David Berry
3758,Selena Dunn
7431,Melissa Rogers
7037,Justin Henderson
9494,Megan Petty
7973,Alexis Gutierrez
9953,Julia Holden
6794,Kristopher Petersen
4785,Briana Christensen
6220,Jonathan Graham
8750,Jessica Deleon
7818,Dawn Ramirez
1684,Christy Cannon
5233,Joseph Malone
1577,Alexandra Anderson
1227,Christopher Bishop
3328,Candace Campos
1430,Kristen Davidson
6205,Glenn Mckee
2420,Jessica Odom
5355,Matthew Rogers
4305,Lisa Allen
7939,Mr. Cory Wong MD
9261,Sonya Baker
1480,Matthew Foster
5094,Richard Dorsey
7167,Julie Welch
9011,Stephanie Doyle
3372,David Ponce
2883,James Higgins
6467,Johnny Riggs
1797,Emma Gomez
9209,Matthew Salinas
5962,Patty Murray
5080,Richard Stone
4424,Jonathan Morales
8412,Sharon Rodriguez
3018,Michelle Rodriguez
3314,Anita Graham
5412,Tina Mason
7739,Gary Banks
8342,Adam Miller
7884,Douglas Oneal
6369,Daniel Bradley
4037,Gregory Berg
4131,David Butler
8634,Miss Valerie Knapp
1427,Matthew Lopez
1799,Kathryn Wallace
8025,Mr. Garrett Smith
8624,Alyssa Richards
8388,Anne Murphy
6145,Jessica Robles
2115,Terry Rogers
4573,Kathleen Howell
5925,Martha Townsend
9051,Ian Wilkinson
6292,Courtney Keller
6403,Joseph Hopkins
2995,Mark Gonzales
4891,Briana Morales MD
8145,Cheyenne Martin
3102,Jose Berry
3186,William Church
9904,Eric Contreras
7572,James Caldwell
2374,Cindy Conley
1756,Michelle Gonzalez
4751,Jose Mathis
6261,Kurt Taylor
2494,Jason Mendoza
6740,Eric Perez
1672,Charles Frazier
9630,Mark Garner
1444,Daniel Meza
3287,Adriana Lopez
2463,Kim York
5253,Louis Davis
1493,Devin Graham
6430,Xavier Williams
2793,Luis Castro
5190,Katie Stout
1477,Amber Dean
2145,Katherine Dennis
2864,Rebecca Flowers
1296,Joshua Mullen
5292,John Gaines
1994,Michael Hartman
2417,Jasmine Adams
3316,Tracey Diaz
2287,Martha Austin
2118,Vincent Stevens
9744,Daniel Howard
7922,Sara Cox
9104,Donna Orr
8416,Alice Singh
2897,Kristen Green
5087,Elizabeth Walton
5374,David Torres
8255,Thomas Pena
5867,Eric Delgado
2264,Allen Harris
4724,Brandi Tran
5587,Jeffrey Franklin
6353,Virginia Yu
7857,Monica Davis
5511,Bobby Melton
5403,Jeffery Smith
4954,Clarence Stephens
8238,Jillian Hunt
9664,Philip West
1958,Mark Boyd
9724,Dennis Cole
8042,Andrew Cook
1081,Leslie Mills
8824,Nichole Smith
1761,Christopher Clayton
6824,Dr. Peter Martinez MD
1594,Emily Smith
2055,Steven Bell
6957,Erin Conley
5181,Angela Strickland
2830,Mary Dillon
7071,Kimberly Casey
8272,Cheryl Dominguez
4514,Scott Burgess
7192,Kelsey Donovan
1144,Mrs. Ariel Stone MD
8507,Elizabeth Cantu
4146,Jenna Hebert
5414,Samantha Doyle
2110,Samuel Summers
4937,Christopher Holland
4963,Mary Williams
6064,Brent Rowe
4397,Lindsey Hester
9265,Michael Wood
2941,Gregory Brady
2285,Beth Williams
1073,Christopher Brown
2660,Judy Williamson
9000,Kevin Mcmahon
2421,Sandra Ferrell
8512,Patrick Alvarez
7890,Laura Smith
7025,Zachary Best
6113,Tracey Mcdowell
3865,Ms. Veronica Mitchell DVM
1065,Kyle Farrell
9594,Vernon Freeman
7255,Christopher Barrett
8441,Thomas Williams
5692,Christopher Beasley
8960,Christopher Larson
2437,Dr. Jeffrey Harris
9620,Mrs. Kimberly Sanchez MD
4378,Sarah Pearson
7347,Jeff Patterson
9324,Joseph Rodgers
2434,Sara Walter
6327,Kayla Shepherd
3354,James Mendoza
8044,Jennifer Hughes
5549,Alexander Bailey
7334,Jason Bird
3218,Robert Weber
8640,Melanie Ford
6712,Christopher Williams
5377,Lisa Lambert
8058,Kenneth Watson
2031,Benjamin Roberts
1562,Samantha Fitzpatrick
8862,Kirsten Patel
2233,Kathryn Mckenzie
7044,James Watson
4487,Dwayne Ramos
8383,Mr. James Mcconnell
2188,Betty Terrell
1740,Adam Williams
2369,Karen Kirk
2471,Jamie Holland
2536,Joseph Cohen
1318,Brianna Molina
8991,Mary Curry
3329,Michelle Campos
3770,Alex Long
1267,Amanda Casey
2973,Bryan Kelly
9250,Chad Kelly
9581,Thomas Bush
9910,Meghan Moss
7908,Sharon Johnson
3303,Brad Torres
5861,Brittney Larson
9991,Jill Kelly
7929,Mrs. Maria Townsend
2250,Deborah Rivera
6828,Tammy Brown
7436,Leonard Garza
8614,Destiny Nielsen
9994,Kenneth Cruz
5747,William Jones
9402,Lindsey Winters
5681,Luis Juarez
3507,Kristi Hicks
4428,Carrie Zavala
4955,Daniel Gibson
4705,Anthony Combs
5038,Amy Rodriguez
2746,Madeline Baker
8073,Debra Allen
6775,Mrs. Amanda Rodriguez
4708,Theodore Hahn
7398,Jasmine Pierce
8252,Jamie Schmidt MD
5187,Gary Davis
8767,Dr. Andrew Delgado
1036,Tyler Hill
9065,Tyler Jones
6932,James Hall
7333,William Stanley
7485,Joshua Mahoney
7386,David Mayer
8887,Laura Ellis
1414,Deborah Nelson
7850,Jose Figueroa
3729,Lori Walsh
2878,Andrea Hill
7454,Mindy Rodriguez
3867,Margaret Hooper
4544,Matthew Campbell
3980,Anthony Ward
1039,John Jackson
8565,Lindsey Martin
5606,Cynthia Marsh
1416,Justin Duke
7702,Martin Jackson
4717,Kathryn Lopez
1107,Matthew Ryan
5513,Anthony Farrell
8283,Cynthia Stokes
8248,David James
9372,Zachary Moore
2477,Elizabeth Stokes
9762,Patrick Franklin
5952,Kayla Collins
6880,Bailey Mclean
8091,Steve Reynolds
7277,Crystal Garcia
3260,Richard Cervantes
1347,Monique Barrett
6032,Kathleen Pearson
9774,Christina Benitez
4038,Stacy Davis
8864,Veronica Martin
3470,Kimberly Hines
4660,Darrell Reed
2068,Mary Bolton
5829,Amber Mitchell
2950,Leah Flores
5274,Tamara Leonard
4206,Brittany Dougherty
3924,Mindy Simmons
9471,Ian Norris
2618,David Fuller
6896,Jeffrey Walker
8063,Sherry Mccoy
9495,Julie Hughes
6556,Calvin Bowers
4033,Craig Richardson
7157,Melanie Ryan
9860,Kelly Neal
2414,Allison Harris
3347,Richard Compton
5923,Donald Salazar
3815,Dana Estrada
4279,George Mcconnell
3984,Karen Wood
7351,Christopher Mora
4838,Kimberly Wells
6044,Patricia Cooke
6837,Juan Wolfe
4822,Brooke Phillips
2780,Megan Collins
7319,Frances Sanchez
8410,William Keller
4680,Tyler Scott
2758,Tammy Hobbs
6813,John Mcclure
4853,Peter Herrera
9422,Anthony Smith MD
8550,Juan Juarez
5250,Mary James
7991,Alexander Molina
1114,Larry Davidson PhD
2041,Elizabeth Bullock
7927,Thomas Hernandez
7375,Maurice Perry
7109,Frank Bishop
4065,Marissa Eaton
3036,Tara Guzman
1023,Charles Dodson
1675,Jessica Taylor
8652,Brian Mcfarland
2485,Pamela David
4495,William Campbell
5075,Alicia Morris
4017,Jennifer Vasquez
5341,Mike Smith
5746,David Hunter
1068,Randy Powell
6396,Karen Burgess
1573,Lynn Johnson
8636,Brian Castro
7676,Jennifer Klein
9166,Cody Thomas
9846,Robin Lee
7050,Michelle Garcia
9484,Jennifer Ferguson
5526,James Gaines
4869,Lucas Watson
8971,John Wu
8822,David Li
6340,Micheal Houston
8444,Larry Smith
5329,Corey Ross
9218,Kevin Koch
1092,Aaron Durham
9500,Walter King
1051,Adam Bradley
6688,Mrs. Kelly Townsend MD
8018,Christopher Cain
7057,Zachary Williams
2278,Rebecca Hodges
7125,Joshua Moreno MD
8874,Amber Rivera
4464,Jackie Reyes
8496,Sierra Robinson
7158,Christopher Castillo
1613,Gregory Velasquez
4116,Cole Reynolds
1330,Samantha Carroll
6493,Christopher Santiago
6614,Michael Boyle
1319,Hannah Berger
9085,Rachel Howell
5791,Benjamin Thompson
7742,Dustin Abbott
6703,Karen Sharp
3611,Kelsey Hernandez
1095,Allen Gross
9437,Cassie Warner
7560,Brian Eaton
5077,Jill Lee
1110,Kelsey Marshall
8391,Katherine Herrera
9289,Robert Mercer
6239,Miss Tonya Peterson
6120,David Bray
7393,Aaron Henderson
6228,Justin Miller
5359,Anthony Smith
8254,Heather Smith
9217,Francisco Ferrell
1321,Devin Dawson
6674,Darryl Foley
1949,John Avila
6425,Jason Cook
7945,Ms. Deborah Goodman
3400,Dean James
3955,Anna Rivers
2018,William Ramirez
4819,Kristin King
1979,Robin Reese
3280,Judith Robinson DVM
2626,Ryan Lee
7877,David Parks
5969,Michael Fuentes
1043,Timothy Palmer
2760,Erika Higgins
4275,Belinda Mcdonald
6040,Laura Reed
5295,Joshua Burgess
4527,Nicole Hall
2811,Jennifer Cortez
8963,Priscilla Ramos
9916,Jason Green
3582,Paul Scott
4837,Sylvia Harrington
2665,Heather Villegas
9651,Mr. Brian Brooks
7975,William Osborn
3552,Joann Price
8475,Tony Torres
7096,Danielle Gonzalez
9823,Anthony Jennings
3456,Erica Bell
7805,Brittany Dickerson
3952,Trevor Hamilton
7630,Kristine Garcia
9776,Levi Armstrong
2415,Nancy Beck
5062,Eric Harris
1185,Jonathan Carpenter
8635,Renee Bell
7201,Nathan Petersen
8623,Dr. David Green
4879,Amber Sweeney
4270,Nancy Solis
5687,Michael Crawford
1582,Mr. Chad Ruiz
1288,Gloria Gutierrez
4859,Dr. James Brown
4060,Kelly Phelps
2183,Claudia Wilson
7679,Mr. Michael Hays
8894,Justin Garcia
7341,Ashley Mills
2919,Leon Joseph
1530,Julie Thomas
5756,Eric Foster
2801,Chad Martin
6156,Donna Meyer
6461,Amanda Kelly
7189,Gregory Aguirre
2142,Donna Walker
8076,Patrick Stone
5840,Rodney Walker
1762,Kimberly Perez
5889,Paul Campbell
1839,Christine Conway
9348,Krista Perez
1510,Andrew White
6434,Kelly Baker
8820,Larry Frost
5457,Heather Martin
2977,Vanessa Guerra
5919,James Jacobs
9798,William Kelly
1543,Kelly Jones
1883,Megan Hunter
9040,David Cobb
2786,Brittany Hammond
6715,Elizabeth Anderson
9839,Christy Thomas
9473,James Cain
2596,Marvin Jones
1479,Angela Zuniga
4312,Mr. Zachary Peck
7156,Donald Padilla
8919,Meghan Hines
4898,David Woods
9176,Robert Fuentes
2669,James Rogers DVM
7634,Gwendolyn Beck
8308,Alexandra Morris
2126,Julie Bennett
7021,Robin Arias
8039,Tiffany Brown
9674,Anthony Adams
3477,Ryan Gill
8207,Brandy Adams
3913,Christopher Rivera
3340,Michael Reese
9836,Thomas Berg
9955,Olivia Cooke
8663,Tammy Goodman
7486,Glenn Taylor
9771,Crystal Patterson
4804,Holly Thompson
5878,Curtis Foster Jr.
9093,Robert Smith
6608,Monica Smith
7395,Laurie Murray
7101,Jerry Henderson
6531,Gabriela Pierce
9408,Drew Gomez
4679,Steven Caldwell
8540,Brian Miller
8074,Philip Gardner
4996,Michelle Rollins
5786,Joseph Gross
3366,John Hayes
2614,Samuel Randall
8699,Nancy Mitchell
5960,Jose Diaz
7194,Theresa Small
1978,Emma Johnson
2701,William Wilson
8229,David Allen
9303,Ashley Valenzuela
5121,Kerry Sims
6651,Anthony Tucker
8273,Robert Mckenzie
1908,Jennifer Wagner
5617,Kathleen Brennan
2049,Raymond Ortiz
5129,Eugene Yu
9653,James Mcclain
9272,Dr. James Malone
3804,Carrie James
9031,Paul Taylor
6526,Julie Johnson
5694,Scott Coleman
2934,Curtis Chandler
4909,Cindy James
4066,Anna Ferguson
5872,Alexander Padilla
3337,Christina Ortiz
7820,Regina Owens
4442,Beverly Fisher
3655,Alan Anderson
1704,Vickie Bates
1376,Christopher Massey
1443,Joe Miller
4465,Ellen Robinson
3407,Paula Wolfe
9814,Allen Garcia
7104,Carl Trevino
6747,Yvonne Jones
2723,Douglas Meyers
8224,Mr. David Roman
5215,David Noble
4881,Lisa Murphy
3628,Thomas Smith
2656,Jordan Salas
1620,Mary Watts
7758,Laura Nunez
2839,Tonya Thornton
3903,Troy Jackson
7205,Amanda Wolfe
5395,Nicholas Brown
6767,Brittany Whitney
4691,Ashley Sharp
7621,Dr. Laura Rocha MD
4338,Carla Dean
9621,Tracy Sanchez
3459,Sandra Rodriguez
2718,Angela Solis
6479,Mariah Carroll
3249,Brenda Campbell
3921,Christy Klein
5676,Christine Porter
3417,Nathan Young
1532,Diamond Weber
8142,Christopher Daniel
5649,Amy Diaz
7931,Antonio Buck
2091,Stephanie Stewart
6936,Brandon Graham
5301,Renee Garrett
7208,Johnathan Schultz
2924,Larry Whitney
6181,Alexis West
5231,Justin Rodriguez II
1872,Mark Norman
5030,Jacob Newman
8859,Sarah Chambers
4355,Dawn Pearson
2858,Peggy Powell
5064,Danny Camacho
4469,Robert Campos
1642,Brenda Davidson
3548,David Garcia
6444,Tracey Turner
7632,Amy Douglas
2482,Jennifer Aguirre
7994,Amy English
3215,Susan Murphy
5716,Samuel Ortega
6821,Pamela Johnson
7339,Elizabeth Crosby
8075,Lisa Glover
3058,Regina Hill
8749,Michele Garcia
9600,Amanda Miller
7505,Thomas Davis
5802,William Taylor
7762,Kaitlin Fisher
8050,Sonya Robinson
5959,Elizabeth Franklin
1881,Lisa Jones
8514,Ronald Ellis
8803,Albert Stevens
4283,James Barnes
8762,Vicki Blackburn
3570,Kayla Rivera
8487,Pamela Reyes
2945,Melissa Ellis
5486,Christopher Wagner
1567,Jasmine Pope
3019,John Savage
3320,Samantha Diaz
6123,James Hicks
5209,Larry Dean
1465,Dave Cook
5536,Yolanda Cox
5162,William Russo
1303,Maria Brown
3631,Kristina Cobb
9287,Tracey Moran
1528,Toni Thomas
5905,Matthew Cooper
6950,Jerry Kennedy
2360,Jennifer Alvarado
6562,Amanda Hanson
9730,Sherry Hernandez
7018,Stephanie Harmon
9784,Charles Diaz
1184,Teresa Chen
3945,Timothy Stephens
7765,Jane Hughes
3474,John Herrera
5313,Mr. Joshua Moore
2152,Laurie Rodriguez
9559,Jason Holmes
9062,Suzanne Marshall
1944,Dennis Robles
8078,Meagan Davis
3957,Mr. Stanley Martin
2178,Thomas James
6768,Natalie Stanley
1070,Joshua Brown
8879,Sergio Harris
6612,Patrick Ball
3228,Tara Jensen
9888,Brian Hutchinson
7746,Angela Rodriguez
3406,Jonathan Castro
9440,Veronica Mcintosh
1637,Benjamin Mercado
2111,Henry Hardy
4842,Christine Alexander
5866,Jonathan Wood
1702,Cody Taylor
3128,Megan James
3517,Robert Tanner
2149,Matthew Coleman
1309,Valerie Perkins
4952,Jeanette Mosley
8728,Allison Johnson
4049,Amy Adams
6766,Mr. Joshua Williams Jr.
7412,Mitchell Jones
1015,Melanie James
1605,Christina Roberts
9507,Tonya Johnson
2953,Victor Young
3769,Dawn James
7840,Jessica Adams
6066,Jessica Hall
6924,Dominic Tapia
1763,Charlene Pierce
8541,Melissa Rodriguez
7174,Deborah Allen
5826,Dustin Anderson
5643,Marc Bryant MD
1131,George Maxwell
7147,Ashley Hanna
5604,Veronica Martinez
6294,Joseph Cook
8319,Manuel Alvarado
6079,Allison Cook
7724,Joel Blevins
4524,Richard Bush
9596,Heather Mercado
4280,Rebecca Johnson
1868,Kathy Williams
1811,John Adams
5862,Patricia Cruz
2744,Katie Torres
7608,Brenda Jordan
3675,Melissa Huff
2513,Gregory Thompson
2451,Courtney Bird
2612,Stephen Ward
5764,Devon Morris
8202,Jamie Weaver
5682,Cynthia Williams
9968,Tyler Matthews
6803,Jeanette Stanley
4325,Matthew Hudson
9379,Diana Ramirez
8556,Jamie Johnson
9722,Julie Fischer
6265,Richard Mcintosh
8089,Scott Willis
7569,Taylor Mccormick
2491,Sydney Pennington
8508,Michael Silva
1590,William Cruz
3206,Rodney Pacheco
6981,Herbert Swanson
1747,Jared Grant
9871,Jill Clarke
8360,Katrina Hall
9875,Amy Vaughn MD
2295,Ashlee Carr
2385,Raymond Miller
4205,Jose Bolton
3882,Mario Davis
1170,Rachael Rush
9140,Dr. Jessica Young DDS
5122,Judith Gross
5169,Maria Morgan
7804,Heather Perez
4132,Meagan Collins
1633,Rhonda Davis
7822,Ronnie Reid
4098,Mrs. Courtney Doyle PhD
9097,Justin Lee
9253,Lauren Moore
2817,David Brown
9824,Shane Dean
2454,Joshua Wallace
4029,Michael Castillo
1063,Lauren Haas
2345,Monica Murray
9649,Amy Russell
2740,Jordan Baldwin
7321,Nathan Wright
2954,Alyssa Henry MD
3391,Michelle Smith
7827,William Green
2217,Chad Bender
5130,Mark Mcdaniel
9142,Travis Miller
7260,Amy Mccullough
8897,Zachary Greene
2922,Cameron Rollins
3473,Ashley Rubio
9108,Tracy Peters
2399,Emily Olson
8854,Sharon Frost
6681,Thomas Charles
4678,Matthew Allen
9204,Ricky Watson
9153,Carrie Patterson
2408,Autumn Macdonald
3288,Dr. Steven Woods MD
8501,Victoria Mitchell
5098,Michele Baxter
3816,Arthur Johnson
8562,Scott James
3057,Chad Pearson
3029,Heather Rivers
6125,Karl King
5948,Herbert Ward
1394,Terry Freeman
4597,James Andrews
1772,Justin Keller
2803,Anthony Erickson
6860,Amanda Martin
4973,Ashley Lopez
2615,Natalie Bruce
5221,James Hays
1216,Ronnie Clark
4774,Rebecca Crawford
5429,Melanie Adams
2896,Micheal Garner
6361,Valerie Roman
9387,Brian Vasquez
5553,Donna Rojas
3304,Larry Harrell
8092,Erica Smith
8720,Samuel Blair
4905,Christina Garcia
6030,Stephen Townsend
8463,Eddie Hansen
8276,Dennis Glass
8711,Elaine Moore
7459,Catherine Gross
5096,Kimberly Wallace
9254,Micheal Jones
6965,Jennifer Reeves
5721,Patricia Brown
8401,Mallory Stephens
3755,Wanda Barnes
6623,Connie Diaz
2562,Jaime Ellis
3030,Eric James
8836,Bethany Rodriguez
1611,Elizabeth Bean
1749,Vincent Salinas
1173,Jamie Rivera
4646,Stephanie David
8053,James Singleton
1455,Danielle Thompson
1965,Brenda Russell
7387,Heather Thomas
8716,Austin Green
4404,Kathryn Harper
1106,Catherine Duarte
4154,Michael Whitaker
5801,Darin Boyer
1214,Marc Reese
6400,Patrick Lewis
7247,Renee Lopez
7177,Anna Turner
7834,Kelly Dorsey
1333,Stephanie Flores
5506,Julie Hernandez
3331,Mathew Vega
5561,Daniel Ross
1079,Shelby Byrd
6196,Adam Noble
1732,Lisa Hansen
6659,Ryan Miller
3124,Olivia Duncan
8176,Felicia Ruiz
6707,Terry Jacobson
5664,Amber Anderson
3357,Stephanie Robinson
8471,Jessica Lam
5718,Candace Rhodes
2024,Ronnie Fritz
2745,Michael Diaz
6270,Hannah Horton
6886,Timothy Hernandez
9271,Renee English
6399,Patricia Miller
2076,Phyllis Jones
1033,Angela Burnett
8261,Danielle Reese
8017,Adam Odom
8771,Rachel Barrett
5004,Krista Casey
1337,Amy Harper
8066,Sonya Mills
4611,Anthony Scott
7118,Jessica Gardner
3673,Eric Navarro
3122,Sarah Sellers
2254,Jeffery Cardenas
5257,John Jordan
5035,Natalie Thomas
3899,Joel Bowers
5789,Joseph Wilkins
2711,Jason Garcia
9866,Norma Booker
6613,Austin Hernandez
6375,Brianna Hernandez
8103,Shannon Carrillo
9877,Jillian Harrison
5216,Heather Reeves
2508,Whitney Cordova
1871,Theresa Hurst
6133,Valerie Black
6278,Tiffany Howard
6386,Matthew Boyer
1020,William Dawson
9585,Sheila Cooper
9481,Gregory Rice
9552,Richard Ellison
9076,Greg Thomas
3453,Dawn Wheeler
8453,Thomas Park
3853,Karen Anderson
3236,Deborah Wiggins
5176,Stephanie Reilly
7829,Emily Davis
9537,Ronald Clark
2886,Ryan Gonzalez
9746,Sean Russell
8899,Caleb Hardy
3692,Stacey Liu
1275,Stephen Rodriguez
6271,James Lewis
6025,Hannah Hoffman
4460,Angela Strong
2844,Kristen Johnson
8386,Rodney Walters
2043,James Jones
7661,Craig Phillips
7886,Patricia Pollard
1794,Mrs. Linda Jackson
5237,Lauren Johnson
9115,Kyle Cortez
7627,Christopher Jones DVM
3163,Dale Burton
4980,Shannon Kline
5502,Elizabeth Robinson
9885,Victoria Preston
8182,Jessica Washington
6441,Aaron Hancock
9645,Monique Johnston
6595,Catherine Farrell
3798,Michael Huber
6349,Toni Gregory
9035,Robert Stokes
1925,Logan Daugherty
1805,Leonard Harrison
5147,Joseph Snyder
1027,Amanda Smith
9660,Amy Anderson
7690,Alexis Wilson
8344,Ashley Clark
5929,Christina Nelson
4647,Robert Hensley
7088,Mario Gray
6838,Terri Evans
7601,David Fisher
5459,Ashley Nguyen
3094,Jay Hansen
4032,Ruth Lopez
4299,Joshua Chavez
6639,Kimberly Owen
6620,Bradley Perez
4889,Anthony Oconnor
2395,Joseph Nguyen
8336,Adrienne Rose
6358,Jessica Wong
2459,Jose Hatfield
6422,Matthew House
1061,Chris Garcia
2180,Amanda Moore
3788,Sara Carroll
8702,Michael Blake
7266,Billy Moore
5860,Alexander Mcdonald
7110,Alan Moore
7955,Brad Cooley
5754,Dr. Mark Russell
7408,Brian Greene
2225,Zachary Turner
1895,Brittany Palmer
9950,Cheryl Roy
6440,Anthony Davis
7291,Stacey Howell
4307,Steven Mann
5708,James Davis
4833,Darren Lopez
5762,Shelby Davis
5723,James Hanson
8472,Nicholas Mendez
6524,Marcus Price
2263,Lisa Jacobson
5665,Traci Monroe
2351,Danielle Allen
4827,Sheila Leonard
1266,John Blackburn
8434,Lindsay Sweeney
2022,Jonathan Anderson
8947,Jonathan Ashley
3037,Jonathan King
9756,Ashley Burke
5123,Kristin Moore
1219,Holly Collins
3318,Sean Ward
6058,Dr. Elizabeth White
8621,Andrew Ponce
2617,Peter Lamb
2520,Michelle Mcgee
2583,Amanda Armstrong
8988,Tara Matthews
2575,Heather King
7935,Becky Wilson
3613,William Hardin
7733,Noah Hudson
5454,Bruce Kennedy
7489,Yvette Ross
3525,Scott Hall
3333,Scott Hatfield
9046,Jeffrey Williams
8181,Kristy Coleman
1568,Valerie Anderson
8664,Tammie Terry
6465,Dean Davis
8222,John Walters
6069,Johnny Lawson
8704,Terrence Cook
8975,Alejandra Cox
5870,Dawn Wright
1461,Margaret Ruiz
9803,Steven Ayers
6012,Nicholas Clark
8038,Kathleen Garrison
6922,Dana Spence
1014,Robert Gonzales
5100,Dawn Cox
4297,Karen Nichols
3633,Alyssa Barnes
4063,Jason Davis
7367,Matthew Green
3091,Earl Jones
3977,Steven Trujillo
1842,Miguel Allen
2659,Brian Rose
4603,Zachary Lee
3291,Joseph Mays
5993,Christian Andrews
7211,Brenda Walker
4021,Chase Hansen
4447,Andrew Simmons
4991,Mary Munoz
5899,Nicole Spears
2935,David Perez
9825,Christopher Harrison
9545,Mrs. Jennifer Swanson
2547,Michelle Green
8590,Rodney Weaver
2368,Karina Lowe
4484,Michael Hutchinson
9382,David Lang
1932,Joanne Ramos
9753,Katherine Lowery
5280,Daniel Dixon
8506,Deanna Stevenson
7962,Ashley Barrett
4445,Brandon Jenkins
9986,Sharon Mcclain
5856,Adriana Ramsey
1434,Morgan Ayala
9260,Mrs. Tracy Clark
6725,Jason Nicholson
2904,George Reyes
7512,Matthew Benson
7867,Maria Arnold
4546,Taylor Humphrey
8852,Travis English
4221,Tricia Watts
2082,Susan Smith
9637,Matthew Bridges
2592,Anthony Leach
7472,Jerry Wright
3231,Alexandra Robinson
6118,Tony Roth
8596,Ashley Baker
6700,Joyce Aguilar
7693,Joseph Miranda
4101,Raymond Mendoza
6309,Jeffrey Wood
1796,Tammie King
8666,Benjamin Davis
7584,Theresa Johnson
9530,Mrs. Hayley Thomas
2516,Donna Cooper
4290,Nicholas Thompson
1800,Loretta Patterson
6267,Tina Weber
1981,Samuel Scott
3088,Nicholas Carlson
3126,Kelly Walls
5812,Adam Guzman
9063,Kathleen Ellis
6903,Carrie Allen
4322,James Pruitt
3861,Andrew Hicks
2655,Brandon Ferguson
9237,Alicia Morgan
5638,Matthew Blevins
5907,Daniel Mitchell
8150,Stephen Davis
2766,Robert Peterson
8180,Christopher Cook
9917,Johnathan White
6987,Tamara Cruz
8425,Kevin Banks
9689,Micheal Scott
4090,Mrs. Courtney Fry
2370,Luke Lopez
7180,Erik Decker
1831,William Tate
9455,Pam Miller
6431,Rachel Griffin
3478,David Wright
4087,Alexis Ware
6786,Kenneth Hall
6632,Carol Scott
9981,Terri Hamilton
4657,Ashley Myers
8791,Michael Ellis
5040,Lisa Dennis
1008,Kenneth Kline
7086,David Avila
7383,Lori Rodriguez
3246,Amanda Cooper
1850,Jocelyn Freeman
2107,Katrina Olson DVM
1299,Nicholas Edwards
2452,Christopher Robinson
2681,Christopher George
8157,Laura Bolton
2851,Samuel Smith
6825,William Grimes
9948,Becky Strong
8021,Kristen Rice
1473,Kyle Turner
6858,Janice Gonzalez
2511,Zachary Long
5081,Daniel Harmon
9421,Katie Patterson
9369,Alyssa Stanley
3615,Yolanda Hammond
3840,Christian Peterson
4260,Danielle White
8802,Jessica Mccoy
7695,Mario Brooks
5288,Angela Benjamin
6758,Heidi Peters
9131,Michaela Johnson
8816,Jaime Mcguire
7066,Amy Thompson
2799,Mr. Joshua Singh
5407,Rhonda Hill
2127,Nicholas Moore
8535,Jordan Daniels
5308,Christian Jenkins
4944,Ashley Wood
6761,Johnathan Carter
8517,Jessica Hernandez
7831,Kimberly Park
5367,Barbara Phelps
4371,David Carlson
7556,John Vaughn
8810,Kyle Gallegos
5554,Tanner Moore
6805,James Hawkins
8061,Nicholas Jones
4902,Dean Butler
2352,Mariah Lee
9509,Rodney Roth
8981,Jeremy Fisher
3996,Linda Thomas
6028,Kimberly Burke
7113,James Smith
9723,Michelle Trujillo
3562,Dawn Diaz
7641,Mrs. Katie Duarte
1435,Kenneth White
2650,Mark Ramos
6894,Rebecca Mcdonald
2326,Carla Pennington
1388,Amber Taylor
3791,Steve Wise
6834,Raymond Lee
3820,Roberto Harris
8696,Tiffany Stephens
8881,Jonathan Lyons
4013,Shannon Kim
7114,Kenneth Ramirez PhD
7209,Andrew Cohen
4577,Jason Dillon
9380,Theresa Hobbs
1157,Paul Stevens
8200,Miss Kelly Wheeler
8528,Suzanne Roach
8895,Thomas Wallace
7323,Zachary Foster
6605,Julia Hoffman
4076,Tim Valdez
3344,John Tran
4914,Lydia Miller
5294,Lisa Robinson
4599,Thomas Yang
7373,Mr. Andre Ford
6587,Christopher Taylor
3471,Tina Norris
9284,Elizabeth Freeman
2281,Melissa Burgess MD
6667,Gary Howard
2544,Melanie Norris
5514,Chad Craig
2566,Kelsey Griffin
9522,Emily Perkins
9045,Susan Fields
8443,Andrea Grant
4761,Crystal Thompson
7141,Taylor Lopez
3742,Kelly Smith
1533,William Sherman
8120,Samuel Malone
8289,Alexis Ball
2955,Patrick Anderson
3836,Fernando Cervantes
4166,Alexis Boyer
1782,Dean Bradley
1676,Daniel White
8250,Sean Parker
6723,Brandon Hull
1578,Lauren French
2683,Stephanie Taylor
9678,Charles Anderson
8414,Brandon Andrews
9732,Brandy Torres
8945,Joyce Pacheco
8726,Thomas Russo
6169,Leah Maddox
5467,Luke Hanson
7734,Katie Barnes
8814,Andrew Clark
7866,Tracy Gonzales
4692,Darryl Ford
4989,Sheri Miller
1332,Jessica Aguilar
8333,Randall Rivera
2064,Joyce Mullen
5089,Laura Gillespie
6861,Joel Hurley
3574,Carmen Mcmillan
6272,James Wright
9694,Norman Mendez
7670,Charles Cobb
5385,Stephen Hart
6964,Alexander Chang
9171,Christy Richardson
3006,Jonathan Morgan
4107,Robin Lowe
8883,Gene Moore
5750,Barbara Allen
6007,Melinda Curry
9709,Terri Steele
9138,Mr. Daniel Greene MD
6489,Jordan Werner
7443,Christine Miller
2083,Kelli Beck
9626,Crystal Becker
8744,Devin Meyer
8457,Kurt Figueroa
2354,Richard Gordon
5353,Dawn Smith
4550,Jennifer Wolfe
5105,Stephanie Torres
9816,Jeffrey Wong
3175,Daniel Kaufman
6224,Hector Hall
3069,Sean Terry
5244,Perry Morales
8983,Mark Walker
1753,Leslie Gutierrez
7926,Amber Green
9359,Robert George
4685,Dr. Larry Fitzgerald
9191,Danielle Flores
4016,Courtney Paul
7389,Angela Mason
4079,Terri Johnson
3991,Heather Hernandez
1085,Lawrence Allen
9323,Ashley Cruz
8588,Megan Garcia
1903,Hunter Brennan
2226,Robert Clayton
6143,Laurie Wright
5881,Pamela Powell
1429,Christian Mcdonald MD
4781,Christopher Ellis
9794,Nancy Adams
9631,Emily Torres
4467,Linda Hall
7817,Joshua Andersen
6297,Nathan Hall
9573,Christopher Harris
3390,Stanley Grant
7074,Jean Woodward
3348,Tyler Mendez
1750,Christina Aguilar
4333,Tammy Forbes
1511,Vanessa Griffin
6082,Christopher Arias
1252,Zachary Jordan
9496,Briana Mckay
3807,Amber Guerrero
7301,Steven Potter
9698,Austin Warren
6046,Trevor Rice
3894,Kevin Larsen
8203,Aimee Rice
6274,Steven Montgomery
4613,James Brown
1758,Adam Mckinney
5342,Daniel Taylor
1764,Jessica Freeman
5029,Brandon Perez
1700,Michele Saunders
2593,Lori Cohen
7954,Donald Brooks
3928,Thomas Turner
8681,Blake Nolan
5127,Andrew Jackson
5963,Sean Mercer
3025,Jennifer Nelson
2965,Aaron Riley
8316,Sierra Cordova
7451,Diane Leonard
7385,Carlos Mendez
3818,Diana Jones
8580,Zachary Lambert
8518,Alyssa Watson
9122,John Kennedy
4855,David Erickson
9523,Sarah Munoz
2714,Denise Gray
3688,Alex Johnson
6149,Lisa Deleon
2332,John Mack
8402,Bobby Clements
2634,Michele Kelly
6568,Steven Nelson
8284,Katherine Moore
5901,Shawn Cherry
8873,Kathleen Pugh
5885,Deborah Scott
2496,Cody Martin
1914,Tiffany James
8625,Charles Fernandez
4069,Miss Megan Castillo
1149,Maria Deleon
9486,Amanda Jones
2143,Sheri Gould
9360,Jonathan Perkins
6817,Michelle Walker
6380,Matthew Rodriguez
2320,Cory Scott
7153,Patrick Sexton
4851,Patrick Smith
1084,Gilbert Green
9499,Christian Allison
9822,Jonathan Ray
8068,Nicole Williams
2602,Amanda Johnson
7903,Robert Mendoza
3481,Carlos Frank
4684,Steven Logan
4651,Brittany Patterson
7220,Joshua Jarvis
6942,Darryl Chan
8599,Cindy Scott
7259,Matthew Gonzales
8020,Ryan Lowe
6702,David Hall
5315,Michelle Hogan
4411,Miss Diane Day
8324,Tiffany Smith
1111,Dr. Nicholas Carr
1682,Joshua Hill
6426,Jonathan Baldwin
8040,Alejandro Nguyen
8530,Stacey Beck
5533,Matthew Cook
8199,Alex Richardson
5281,Paula Cook
5768,Christopher Wright
6020,Kimberly Oliver
1998,Loretta Rodriguez
1284,Tiffany Stewart
9612,David Johns
3543,Kenneth Lynch
5800,Mr. Donald Lee
9913,Douglas Bowman
5816,Beth Quinn
3629,Pamela Lewis
2057,Katie Long
2795,Kimberly Lindsey
6458,Melissa Benitez
6381,Gabriela Burke
9973,Martin Kelly
1566,Rebecca Smith
5622,Kelsey Drake
5132,Sherry Collins
9830,Richard Mason
3132,Annette Burgess
5304,Brittany Hernandez
2275,Dwayne Fernandez
3099,Vanessa Carter
9565,Russell Barrett
4234,Kathleen Spencer
8662,Tina Sullivan
1653,Mandy Rivera
9700,Sarah Villegas
5111,Alec Williams
8015,Brandon Erickson
3531,Sonya Wilson
7810,Jill Hicks
5693,Christopher Jenkins
6268,Amy Jones
1425,Michelle Morris
4997,David Foster
3584,Kelly Sanchez
1135,Deanna Watkins
6049,Andrew Fuller
1472,Christian Burton
1113,Kelly Reilly
7473,Scott Johnson
3652,Carolyn Martinez
6385,Erika Fuller
9805,Lori Dixon
7064,Michael Nguyen
8144,Kyle Garrett
5352,Pamela Reeves
6809,Carlos Carlson
3087,Penny Dougherty
6537,Nathan Evans
1357,Jacqueline Bailey
1377,Brian Woods
3596,Sydney Hall
8831,Dean Evans
4526,Chad Davies
4478,Gary Frazier
3656,Stephen George
4251,William Hammond
6905,William Mitchell
2310,Chad Gray
1617,Karen Thompson
1468,Mary Ramirez
2139,Dominique Glenn
7075,Joel Gutierrez
6952,Jessica Santiago
8077,Jamie Kelly
8765,Brian Moore
7193,Lindsey Green
1304,Ryan Glass
7848,Douglas Petty
9366,Ashley Montgomery
8920,Jay Moses
6996,Rachel Zimmerman
5848,Kathleen Nelson
9262,David Mayo
6642,Mrs. Denise Young MD
1254,Jessica Wood
8087,Jason Romero
5787,Jessica Davis
4742,Jonathan Martinez
9291,Melissa Banks
7740,Alyssa Mcdonald DVM
7958,Amy Weaver
5822,Peter Reyes
8149,David Bowman
5614,Paul Jordan
2688,Andrea Anderson
8583,Jason Erickson
2890,Brian Carter
8559,James Thompson
1366,David Greer
9727,Alexander Clark
1449,Scott Baker
6943,Danny Adams
1398,Tracie Richardson
3995,Erin Stanley
7329,Kevin Shepard
3216,Julie Mccormick
2825,Austin Buchanan
5918,Amanda Herman
5880,Shelby Donaldson
4562,Brett Rasmussen
8626,Patrick Bradley
2769,Angela Green
9852,Dana White
2085,Lisa Horton
2210,Cody Rose
5965,Philip Crosby
1937,Daniel Gomez
7023,Scott Reed
3358,Richard Ellis
8159,Brenda Jones
1518,Shari Lewis
4865,Diana Hutchinson
9083,Holly Huynh
9294,Andrea Campbell
3746,Robert Ryan
6735,Cassandra Hobbs
8796,Todd Reynolds
7613,Lauren Schneider
2327,Joshua Lane
8772,Jay Page
4746,Miss Tracie Novak
3234,Christina Stewart
7335,Donald Gonzalez
2236,Joseph Herrera
2623,Robert White
8275,Paul Hayden
1176,Margaret Jarvis
7006,Susan Diaz
3954,Jordan Moore
8197,Mallory Bruce
1934,George Duffy
7311,Elizabeth Hood MD
9568,Adam Ruiz
6363,Michael David
2010,Sheila Harris
4477,Raymond Mcclain
4857,Dawn Perkins
6566,Mitchell Byrd
7298,Donald Allen
6146,Jason Brady
3589,Maureen Ray
4999,Veronica Graham
9962,James Barton
1248,Sean Romero
5930,Barbara Holden
9985,Michael Johnson
4656,Taylor Keith
5983,Sylvia Wright
9818,Tina Green
1181,Trevor Rojas
4344,Angela Meadows
3556,David Johnson
7098,Christopher Thompson
3021,Patricia Roberson
4545,Helen Jefferson
5625,Jennifer Villanueva
9129,Joshua Arellano
8459,John Ballard
6106,Martin Solomon
5436,Shari Francis
3857,Raymond Banks
3737,Heather Cox
7956,Theresa Davenport
6933,Laura King
7723,Tyler Choi
2002,Nancy Fry
7444,Amanda Flores
6250,Jamie Lee
6960,Jermaine Mccarthy
9773,Timothy Williams
2767,Justin Burgess
5896,Michele Chambers
6990,Mary Floyd
6438,Scott Gallegos
8677,Jaime Cain
3636,Carol Mitchell
3614,Lauren Yu
5999,Kimberly Hernandez
4120,George Delgado
7832,Jeffrey Collins
9748,Kelly Perez
8914,Christian Cruz
5852,Jackie Wang
2270,Derrick Peterson
3054,Phillip Wilson
3802,Zoe Robinson
8735,Penny Ferrell
7105,James Yu
7243,Jamie Murillo
7076,David Campbell
2315,Wendy Schneider
9675,Roberto Nelson
9614,Faith Martinez
2486,Paige Clark
2621,Kristi Garcia
6849,Debra Brooks
6321,Brandon Fowler
1413,Samuel Callahan
4449,Alisha Robinson
9327,Ronald Bradshaw
8524,Cole Perez
3271,Christopher Howard DDS
6852,Brian Douglas
3144,Calvin Stevens
1000,Mary Neal
2783,Rhonda Gill
2042,Laura Griffith
2984,Carrie Reese
2594,Fred West
2952,Thomas Lowery
9883,Taylor Lucas
6736,Katherine Smith
8931,Marco Gutierrez
2038,Leslie Fowler
7369,Ashley Green
3499,Neil Brown
2213,Carrie Page
5755,Andrew Gonzales
4289,Eric Kirk
1047,Miguel Klein
3086,Barbara Smith
1751,Cameron Caldwell
2983,Kaitlin Mccoy
9506,Glen Torres
8700,Heather Small
4800,Steven Novak
8387,Crystal Harmon
3487,Lydia Collins
2643,Michael Dickerson
1019,Jason Martinez
1608,Ashley Graham
7286,Shelley Perry
6022,Adam Lozano
4269,Lindsay Carter
4194,Daniel Blanchard
6350,Shane Pineda
3959,Cindy Daniels
4649,Jose Davis
9833,Heather Henry
4480,Kelly Thompson
1339,Mike Mata
1426,Richard Jones
9126,Ronald Arroyo
8695,Mr. David Jensen
2373,Julian Jensen
6230,Carolyn Olson
6970,Diana Martinez
8300,Russell Riggs
4755,Shannon Adams
9541,Gerald Bonilla
9878,Theresa Collins
3919,Richard Calderon
5691,Patricia Barnett
6893,Brenda Miller
3067,Dennis Ross
2979,Tammy Howard
5046,Christopher Edwards
4048,Jeffrey Harris
9116,Joe Petty
5464,Michael Hill
2119,Michael Morrow
4975,Mrs. Jacqueline Black DDS
7590,Melissa Garcia
9239,Christina Lawson
7647,Melissa Carroll
3089,Laura Grant
3046,Hannah Lee
8775,Paige Hughes
3452,Ricky Adams
7669,Jonathan Cole
6015,Sean Ruiz
9657,Anthony Young
2964,Pamela Hamilton
3360,Susan Becker
3039,Kristi Levine
4934,Jason Bates
4379,Brandon Simmons
3439,Dr. Brenda Kelly
2989,Daniel Cox
6751,Keith Bush
2697,Travis Bryant
6885,Jillian Khan
9951,Richard Mccormick
6948,Andrew Rodriguez
8660,Joshua Jones
5671,David Santiago
9395,Melissa Riddle
9898,Dakota Smith
9546,Cynthia Smith
6023,Madison West
1982,Mathew King
1930,Anthony Fields
8110,Tanya Williams
9583,Zachary Harris
5828,John Stewart
9715,Anthony Edwards
5398,Karen Tapia
1050,Shirley Hendrix
5731,Curtis Mejia
6748,Gina Miller
9066,Brittney Miller
5045,Alexandra Collins
9117,Lauren Vaughn
9109,Phillip Hurley
3771,Andrew Arnold
2005,Jacob Randall
6701,Ashley Scott
4538,Shannon Roth
9977,Lori Garcia
3298,Ricky Hodges
3154,Sheri Jones MD
8476,Linda Duncan
3522,Charles Martin
3183,Robert Cross
3078,Ryan Delgado
9654,Jonathan Moore
7969,Cassandra Baker
9603,Christopher Cowan
7345,Daniel Henderson
3167,Patricia Clark
7532,Peter Diaz
8134,Sarah Brewer
1549,Antonio Melendez
5012,Terry Pacheco
2691,John Hickman
6547,Mark Murray
1967,David Maynard
3968,James Stevens
2579,Sandy Jones
6992,Mark Hardin
8019,Joshua Ware
5230,Andrew Morrison
6412,Maria Sosa
8654,Matthew Sanders
6376,Ryan Bailey
7053,Jean Rodriguez
5770,Matthew Lloyd
6833,Manuel Murillo
3045,Donna Thompson
7162,Jacob Hart
5073,Kimberly Hill
6945,Lori Schultz
3184,Margaret Parker
9550,Michelle Brooks
4187,John Tapia
6151,Ashley Schwartz
3134,Nancy Norris
4903,Brandy Armstrong
4245,Kayla Leonard
9679,Benjamin Murphy
3626,Darren Pennington
7932,Roberto Huffman
7959,Daniel Mckinney
1460,Kristen Cox
4024,Roger Torres PhD
7577,Kenneth Daniels
1361,Kayla Barnett
2670,Wendy Young
2277,Joseph Atkins
7348,Kendra George
1535,Gina Lane
2836,William Yoder
9268,Darrell Garrison
5333,Sarah Robinson
9086,Earl Wagner
4682,Robert Perez
1558,Rachel Villanueva
9854,Nicole Davis
4143,Jamie Morton
8551,Connor Carpenter
5935,Christopher Hernandez
2157,Heather Mcclure
8649,Ryan Jones
9441,Daniel Harrell
7315,Christopher Morgan
9198,Shirley Barajas
2586,Rhonda Becker MD
8615,Joseph Gilbert
1381,Judy Rose
9909,Veronica Parker
8717,Bailey Jensen
5629,Christopher Davis
4669,Jorge Johnson
7181,Jacob Carlson
4852,Monica Pittman
6459,Tony Richards
8048,Linda Mullen
6129,Thomas Grimes
3455,Brandy Garza
1169,Ian Avila
7844,Gloria Joyce
1592,Danielle English
3794,Rebecca Foster
7407,Charles Rich
4011,Kenneth Dunlap MD
5126,Daniel Randall
6916,Carla Black
4337,Elizabeth Phillips
3699,Connie Mckay
4025,Christina Glass MD
4528,Mitchell Wolfe
4886,Lauren Wade
7729,Cindy Gibson
7013,Shelby Macdonald
2957,Kenneth Kelly
3680,Mark Gross
5441,Joseph Newman
3948,Samantha Palmer
6170,Mr. Christopher Webster DDS
9935,Jeffrey Nash
7775,Tyler Murphy
6112,Amy Norman
1553,Jason Rosales
2112,Heather Olsen
3777,Shelley West
2314,Jeffery Davis
9668,Carrie Yoder
2705,Ashley Taylor
5325,Scott Dickson
7497,Mark Howard
6168,Alicia Martin
6277,Rachel Gray
3906,Mary Farmer
8985,Marc Wu
5609,Karen Williams
3753,Sharon Carey
2372,Jennifer Richmond
6364,Frank Johnson Jr.
5446,Rodney Snyder
8307,John Kelly
3448,Daniel Jackson
8592,Stephanie Cooper MD
2358,Laurie Schmidt
1387,Aaron Stewart
5193,Kevin Payne
2305,Jimmy Dixon
5192,Joshua Williams
9114,Melanie Crosby
8608,Robert Roach
4721,Marie Parrish
8911,James Simmons
5007,Benjamin Scott
2905,James Young
4485,David Galvan
2321,Jose Williams
5743,Gavin Salas
4481,Jessica Gillespie
8163,Mark Reilly Jr.
5113,Cesar Snow
2570,Gina Matthews
4405,Tiffany Aguilar
6527,Bryce Ramirez
6848,Michael Bates
7143,Andrea Petersen
9396,Angela Murphy
8153,Lori Price
5166,Thomas Edwards
3993,Jennifer Robinson
4372,Jennifer Greer
2479,Kayla Page
5518,Jesse Williams
2123,James Cunningham Jr.
3578,Robert Owens
9233,Kathleen Walton
2237,Veronica Howard
2720,Cory Woods
2071,Rebecca Phillips
9642,Alice Santana
9928,Angela Howard
3935,Dr. James Thompson MD
9826,Brandon Johns
7987,Matthew Kidd
9813,Jennifer Bryant
6800,John Tanner
1915,Chad Ramsey
1293,April Pena
8584,Charles Murray
1286,Jonathan Myers
7586,Janet Smith
5411,Ashley Cabrera
6557,Cody Morrison MD
1862,Sharon Tran
5527,Rebecca Perry
2219,Alice Ramirez
4795,Taylor Clark
8369,Randall Gordon
2162,Christopher Ramirez
4323,Thomas Reyes
4948,Charles Hartman
5921,Jason Lewis
8646,Elizabeth Gomez
2430,Michelle Webb
4912,Ryan Fields
9582,Andrew Roberts
6617,David Murray V
6921,Tracy Smith
6743,Tonya Smith
5074,Catherine Pratt
9349,Sheila Sullivan
7415,Jeffrey Brown
3483,April Watson
9764,Brandon Ross
3640,Victoria Garcia
8958,Adam Mcdonald
1420,Yvonne Contreras
5049,Jessica Wilkins
4570,Mary Pope
1042,Kathleen Johnson
9576,Monica Nguyen
1177,Marcia Williams
9937,Casey Douglas
9425,Robert Harvey
1407,Taylor Randolph
8782,Briana Peterson
1467,Sarah Snyder
6371,Brett Robles
9059,John Carter
3503,Tara Sloan
1399,David Lynch
5509,Mark Patterson
7051,Megan Williams
4950,David Sharp
1379,Brittany Martin
3301,Corey Sharp
6792,Steven Marshall
9918,Calvin Walker
6999,John Bonilla
9607,Drew Thompson
8921,Nancy Wood
2458,Jimmy King
9404,Aaron Chen
4894,William Luna
8139,Larry Francis
7930,Amy Price
2732,Kevin Powell
5842,Robin Figueroa
3312,Jean Bentley
9608,Katherine Hawkins
9406,John Trevino
6721,Shelly Hernandez
9423,Jessica Beard
9829,Brittany Rice
2694,Elizabeth Villanueva
4887,Kelly Hawkins
6846,Joseph Lowe
6900,Jose Lewis
7515,Wendy Oliver
5328,Hannah Smith
1921,Mark Sullivan
5462,Andrew Williams
4434,Jason Smith
1724,Nicholas Anderson
3609,Brenda Ramsey
9956,Matthew Wright
9361,Robert Hill
3796,Theresa Espinoza
4576,Heather Neal
5373,Samantha Myers
3392,Douglas Jones
7705,Jesse Castaneda
7790,Amy Shah
3677,Edwin Ramirez
1817,Preston Dalton
8861,John Conner
2835,Lacey Wyatt
3177,Mark Fisher
1576,Dennis Anderson
5779,Brianna Atkins
9187,Gregory Howard
2488,Christine Hudson
4458,Eugene Simmons
7423,Jerome Johnson
1841,Eric Wells
9280,Tracy Fox
9149,Anthony Parker
7735,Wendy Johnson
1977,Patrick Blackburn
7798,Chad Nichols
5279,Samuel Dillon
1673,John Nunez
1439,Stephanie Parks
2208,Anthony Clark
8466,Patty Walker
2253,Roger Williams
6862,Stephen Coleman
2194,Dale Bond
9882,Regina Riggs
4468,Jessica Harrison
9703,Sally Fisher
6446,Brandon Cochran
5572,Cheyenne Thomas
7510,Ana Watts
2432,Danny Neal DDS
8655,James Craig
7874,Walter Reed Jr.
3480,Eric Morales
5590,Richard Stafford
3988,Michelle Barnes
4015,Elizabeth Oconnell
2608,Timothy Stanley
2692,Ray Trujillo
2199,Lori Davidson
6502,Larry Mitchell
3498,David Chavez
6709,Patricia Allison
4388,Marisa Gonzalez
7161,Kimberly White
8290,Mark Stokes
9018,Madison Sheppard
4817,Willie Tran
5600,Jennifer Mack
5767,Mike Jackson
7045,David Melendez
1031,Sherry Mckenzie
5874,Kimberly Herrera
3003,Gabrielle Johnson
4615,Gilbert Blanchard
8458,Amy Castillo
4479,Dakota Blake
8356,Alan Lambert
3112,Robert Jackson
2576,Alexander Cook
2624,Vicki Kennedy
5269,Kenneth Ware
5914,Jason Hawkins
5337,Lisa Bentley
1483,Andrew Roman
2533,Tara Lawrence
2020,Samuel Gilbert
8093,Heather Vega
7466,Troy Richmond
9887,Alex Ford
5013,Thomas Graham
8877,Stephanie Bates
3315,Stephanie Perkins
7225,Raven Shaffer
7685,Laurie Valentine
2748,Eddie Garza
5024,Patrick Montgomery
6689,Glen Combs
6716,Christine Hays
6473,Katherine Williams
5505,Angela Castro
5863,Carmen Rose
9064,Zachary Randolph
9842,Brooke Cummings
4375,Monica Gonzalez
3182,Miss Sheri Kelley
2522,Sandra Bautista DVM
7756,Jessica Rodgers
8944,William Gonzalez
5139,Bruce Bond
7405,Caroline Owens
3199,Laura Martin
3910,Jon Carpenter
1360,Eric Grant
7270,Joanna Bauer
7545,Veronica Aguilar DVM
6333,Luke Espinoza
6351,Janice Soto
7518,Perry Mann
8946,Traci Cummings
3146,Steven Wilson
5680,Peter Mcfarland
6217,Daniel Watkins
3458,Matthew George
7306,Glenn Bush
9251,Sherry Bowman
5714,Colin Hall
7491,Destiny Bennett
7357,Courtney Marquez
9965,Ashley Phillips
5417,Kaylee Rojas
3189,Kristopher Fisher
1410,Michael Keller
3109,Brandy Smith
5401,Tammy Simpson
4295,John Nguyen
4582,Claire Hernandez
3621,Michael Hopkins
9810,Robert Martin
7808,Julia Gutierrez
1962,Michelle Ramos
4941,Mark Anderson
3966,Melissa Wilson
4728,Robert Garner
9410,James Morgan
5205,Steven Romero
8603,Keith Woods
5807,Bailey Smith
8738,James Long
2158,Hannah Rodriguez
5630,Veronica Watkins
2144,Jody Randall
2187,Brandon Obrien
4043,Steven Carter
1586,Alicia Fox
9542,Sharon Fleming
3927,Gregory Washington
7195,Julie Jones
7660,Kristi Clark
7421,Matthew Ortiz
9939,Austin Clay
2419,Judy Gray
7536,Christopher Estrada
2166,Matthew Cordova
2870,Tanya Greene
2362,Sean Bell
1059,Adam Spears
8201,Sarah Thompson
9165,Mary Brown
6483,Kristen Taylor
1245,Jason Tucker
9797,Ashley Edwards
6714,Oscar Cox
4652,Christopher Richmond
7307,Mary Moore
6140,Aaron Hudson
2535,Erica Simon
8591,Lisa Oconnor
4018,William Atkins
4846,Luis Lin
5309,Elizabeth Smith
4821,Danny Floyd
8719,Stephanie Moses DDS
2097,Jennifer Finley
6888,Randall Harris
9443,Rodney Keith
6652,Stanley Melton
4501,Joshua Kelley
8359,Christina Patel
1513,Stephen Phillips
9192,Gregory Lopez
7501,Nathan Marshall
1902,Joe Leach
6719,Derek Rodriguez
8712,Stephen Hopkins
7624,Eric Brown
3697,Sarah Montoya
8639,Marcus Webster
1509,Samantha Dominguez
5442,Tony Jordan
4204,Cameron Green
8834,Ryan Mcdonald
8589,Steven Becker
7978,Maria Gonzalez
9796,Megan Warren
3380,Monique Leon
3150,Adam Kirk
7061,Matthew Michael
6857,Brad Gutierrez
7649,Sara Brooks
7062,Anthony Waller
7077,Brandon Garner
7700,Randall Contreras
4314,Kelly Barnett
2768,Alisha Johnson
2405,Nina Reed
1123,Karen Meza
5031,Nicolas Sanders
6923,John Woods
7664,Isaac Baldwin
9781,Nicole Fisher
9482,Sean Rivera
4958,Joshua Robinson
6331,Blake Pugh
2039,James Rivera
9452,Tiffany Walker MD
4571,Candice Richardson
1353,Joseph Archer
1433,Veronica Wallace
6764,Mr. Alexander Williams
5574,Ashley Simpson
7292,Perry Stewart
5653,Mary Callahan
8808,Dustin Fitzgerald
1829,Brenda Bush
4519,Lori Lozano
9008,Todd Colon
5420,Kenneth Gonzales
3447,Stanley Alvarez
7084,Barry Ray
2943,Christopher Meyer
7384,David Burns
1101,Michael Wagner
3545,John Chang
5936,Larry Harris
9229,Matthew Browning
7595,Dustin Day
4213,Jordan Alexander
1041,Austin David
2061,Jessica Walker
4689,Shannon Crane
1803,Jason Robles
5834,Nancy Peters
3450,Russell Smith
4733,Lindsey Washington
1484,Arthur George DDS
5660,Kevin Martin
3202,Lorraine Carr
4165,Mark Stevens
7027,Fernando Sandoval MD
7210,Andrew Higgins
8247,Tara Williams
4437,Charlotte Roberts
9019,Lorraine Larson
3238,Devon Daniels
8298,Dennis Martinez
8051,Deborah Ferguson
2584,Amy Richardson
4288,Mary Vazquez
9936,Robyn Alvarado
6090,Nicholas Roberts
1411,Mr. Andrew Macdonald DVM
2206,Crystal Sullivan
9863,Eric Rivera
4559,Ryan Taylor
7692,Kevin Schwartz
4233,Chase Cunningham
2833,Sara Gross
6928,Jim Floyd
3781,Regina White MD
3188,Lawrence Lowe
3608,Damon Patrick
8948,Ryan Watkins
1714,Dana Vincent
4341,Kaitlyn Estes
1424,Jesus Mills
9034,Shane Crawford
6357,Kelly Tran
3127,Andrew Huff
9200,Stacy Knox
7950,Joshua Matthews IV
6071,Melissa Barnett
7648,Adam Chavez
3519,Jose Mccormick
7417,Stephen Baker
1744,Richard Bradley
3930,Danielle Evans
6802,Philip Nunez
6847,Steven Perry
5504,Mark Hays
4522,Melinda Dorsey
4984,Paul Hill
8691,Julia York
8315,Christina Anderson
8733,Stephanie Bush
5245,Ruth Burgess
7607,Anne Williams
1335,Donald Knight
1257,Raymond Jackson
3002,Michael Jenkins
1239,Taylor Dominguez
2944,Debra Castillo
7561,Kyle Lewis
8930,Theresa Martin
4369,Clifford Meyer
6635,Franklin Rubio
5069,Gregory Watson
8656,Chad Duncan
1812,Dustin Smith
8900,Cassandra Golden
1668,Ebony Peters
9460,Sharon Martinez
9673,Justin Phillips
6549,Tammy Austin
7750,Christine Stephens
8752,Casey Lewis
6019,Brittany Huber
9726,Thomas Sandoval
8046,Lawrence Barnett
6180,Scott Suarez
1218,Joseph Simmons
4433,Sharon Rivera
3704,Marcus Thomas
3115,Cody Stewart
3267,Mr. Ethan Smith MD
1735,Gregory Adams
2272,Tina Sosa
5836,Tim Campbell
2862,Raymond Leonard
5226,David Weaver
1542,Rebecca Burch
8268,Megan Neal
1884,Kerri Wilson
1057,Sean Barrett
4877,Dana Porter
6508,Kyle Smith
2775,Trevor Mcdowell
3998,John Weber
2880,Stephanie Hall
5489,Allen Miller
2084,Stacy Sheppard
2153,Peter Hill
3245,Allison Morales
9091,Joseph Chavez
2443,Samantha Barnes
8732,Alexander Eaton
2722,Rebecca Simpson
1898,Hannah Contreras
1102,Edward Taylor
2534,Beth Powell
7706,Christian Johnson
9246,Laura White
3512,Terry Strickland
6528,Marie Knight
6418,John Garcia
6826,Ariel Mendez
7920,Tara Taylor
8784,Michele Olson
5044,Christine Morgan
4059,Nicole Morales
8007,Paul Powell
3826,Kimberly Howard
1313,Wanda Sherman
4429,Samantha Colon
9203,Maria Taylor
2739,Joan Love
5724,Richard Cohen
5954,Amber Miller
7275,Mr. Kyle Ford
6076,James Shah
6050,Sarah Hubbard
9819,Morgan Reese
8811,Morgan Jones
6597,Michelle Wilson
3264,Allison Taylor
8884,Angela Howell
3812,Jim Smith
2926,Mark Allen
1856,Christopher Wade
9743,Jacob Jackson
9807,James Dunn
3412,Jennifer Lyons
5564,Renee White
7913,Brian Harris
3727,Ronald Barnes
9778,Kristopher Scott
1554,Grant Ramirez
4336,Carlos Hernandez
3534,Pamela Morrison
7178,Kimberly Robinson
9760,April Murphy
4739,Michael Gutierrez
9020,Gerald Patel
9299,Felicia Anderson
2527,Lori Clay
4529,Patricia King
2355,Robert Thomas
6290,Kimberly Lee
8613,Mark Hodges
7714,Nicholas Sanchez
2498,Tristan Turner
3698,Michael Nelson
2557,Timothy Miller
4352,Denise Harmon
9972,Jennifer Martin
1945,Katherine Gutierrez
8168,Michael Brooks
9739,Christopher Vance
5397,Stacey Sexton
8172,Jennifer Flynn
4070,Anthony Turner
9870,Kerry Davis
1088,Theresa Hartman
2554,Amanda Gilbert
4533,Amanda Manning
6963,Kathleen Harris
3075,Lauren Washington
1373,Brett Schroeder
1322,James Gardner
9309,Tony Jennings
7698,Thomas Patterson
2350,Kimberly Martinez DDS
8428,Evelyn Baker
3909,Joel Cline
9922,Daniel Campbell
3766,James Thornton
4784,Lawrence Mercado
5610,Albert Silva
8821,Janice Gomez
7880,Bobby Mueller
8337,Melanie Wilkerson
4693,Tyler Moore
8198,Jacob Ross
5338,Brian Rubio
4393,Cassandra Tucker
2632,Samuel Craig
1003,Julie Nguyen
8477,Mark Ortiz
6998,Brandon Kirk
9692,Dawn Nelson
9144,Barbara Best
1826,Tammy Wallace
2606,Cody Olson
3751,Trevor Potter
2383,Nicole Williamson
6099,Anne James
4617,Angela Coleman
9099,Shirley Matthews
7557,Susan Thompson
6474,Mikayla Fox
8698,Arthur Cook
8363,Miranda Johnson
1683,Shannon Wilson DDS
4836,Lauren Lynch
1708,Jennifer Rodriguez
2713,Rebecca White
8936,Amy Henderson
2891,Daniel Grimes
3351,Christine Daniels
3605,Chelsea Crosby
5153,Benjamin Pope
8809,Jessica Doyle
5510,Dr. Judith Munoz
4686,Betty Castillo
3254,Carlos Hunt
9331,Larry Long
2611,Erika Simmons
2429,Peter Henderson
5191,Olivia Jones
5057,Jessica Wolfe
6194,Elizabeth Carson
8882,Kevin Curtis
3981,Javier Koch
9158,April Green
8585,Kelsey Tate
1960,Bradley Haynes
2869,John Johnson
5345,Rodney Willis
1029,Zachary Gonzalez
9827,Sarah Gonzalez
8713,Rita Miles
2297,Alexis Curry
4860,Catherine Mullen
5447,Brandon Brooks
8502,Carolyn Rogers
2027,Kenneth Marshall
1469,Kimberly Jones
1180,Heather Mcdonald
4623,Patrick Gomez
6259,Joshua Gonzalez
9029,Travis Nguyen
2413,Ethan Morris
7504,Megan Tran
7842,Sarah Weeks
7173,John Rivera
6421,Danny Davis
6516,Christopher White
7703,Anthony Anderson
1696,Michelle Williams MD
3270,Michelle Sheppard
7717,Bonnie Ramos
2572,Kathleen Allison
4111,Paul Barton
9763,Pamela Moran
6359,Angela Mitchell
1316,Andrew Hernandez
4422,Kimberly Camacho
4351,Amy Torres
1134,Kristina Waters
5618,Tina Jackson
2006,Jennifer Gibson
8908,Julie Porter
3748,Steve Bradford
7165,Mary Perez
5745,Monique Brooks
7244,Scott Evans
1326,Steven Barker
5015,Amanda Liu
9242,Amber Thomas
8826,Heather Valdez
1970,Jerry Cox
4461,Patricia Giles
5043,Melissa Huber
4328,Michael Thompson
3225,Christopher Mercado
6437,Eric Garcia
8760,William Patel
4366,Christopher Mccoy
7137,Joshua Cervantes
1828,Jordan Mills
9295,Ryan Wolf
7918,James Sparks
9489,Andrew Jarvis
9454,Todd Barker
9862,Brian Benson
9710,Dawn Schroeder
5715,Fernando Hill
9247,Jennifer Ray
1836,Joshua Bell
6312,Nicole Melton
3420,Tracy Howard
3528,James Khan
2978,Renee Benjamin
3662,Eric Bishop
7433,Richard Lee
2201,Margaret Singh
5371,Justin Estes
7682,Matthew Harris
9873,Laura May
5696,Jeremy Barton
1168,Kyle Bryant
4142,Kendra Cantu
6245,Kelly Robinson MD
5950,Shari Reilly
2743,Molly Sanchez
4616,Kimberly Henderson
4181,Ann Carr
4214,Crystal Webb
6564,April Pierce
8731,Benjamin Williams
3319,Jodi Thomas
4207,David Hoover
3232,Christine Johnson
8841,David Wagner
6391,Caroline Turner
2595,Robert Miller
1208,Melissa Gonzales
3546,Michael Decker
9145,Dr. Kathryn Simon
2493,Timothy Wright MD
6163,Robert Parker
7688,Carla Sheppard
3020,Bernard Ramirez
7029,Karen Simpson
1265,Tammy White
7503,Michelle Munoz
4274,Elizabeth Williamson
6339,Teresa Lewis
2747,Pamela Chavez
3516,Joseph Watkins
7069,Jennifer Walker
5291,John Gilbert
8676,Theodore Edwards
2580,John Morris
7550,Nicholas Guzman
5785,Richard Baker
5843,Ann Daniels
7625,Tammy Leonard
5003,Zachary Oliver
6512,Mr. Jeffrey Sanders
3864,Emily Leon
9373,Steven Horn
7759,Anthony Kaiser
5685,Susan Willis
3701,Ernest Campbell
7428,Morgan Cabrera
1385,Ian Ferguson
1259,Colleen Dudley
8536,Steven Martinez
5048,Mallory Nunez
1476,Nicole Flynn PhD
8405,Andrew Gonzalez
2261,Michelle Ponce
6937,Erin Ward
3209,Felicia Ferrell
8228,Christina Bright
9196,Tamara Lewis
9267,Lauren Walker
1327,Stephanie Leblanc
9048,Linda Simmons
3862,Veronica Schmidt
4421,Shannon Welch
7741,Xavier King
3152,Danny Campbell
2822,Johnny Phillips
1221,Crystal Michael
8152,Cathy Pearson
7508,Richard Clark
9136,Lindsey Frank
4350,James Bauer
1409,Clifford Brown
3859,Morgan Pittman
9214,Donald Parsons
1601,Trevor Jones
8934,Heather Miranda
4608,Robin Davis
3145,Lisa Ruiz
3332,David Holmes
7779,Matthew Adams II
2086,Christopher Franco
1720,Mario Ferguson
7325,Sandra Ryan
5026,Gary Mullins
7909,Megan Ferrell
5720,Tyler Dyer
1450,Kenneth Wells
9544,Carrie Walters
1247,Austin Wilkinson
4503,Alexis Thompson
3760,Garrett Burgess
6940,Michael Branch
1167,Alison Johnson
8442,Brianna Williamson
9629,Matthew Pruitt
7440,Deborah Griffith
9079,Nicole Day
8582,Kenneth Andrews
1875,Alexandra Allen
9900,Craig Mcgrath
3813,Maria Garza
1315,Gregory Wilson MD
8217,Katrina Williams
5336,Anthony Wilson
8132,Stephanie Tanner
7145,Alexander Hoover
9337,Michael Cain
1907,Kristen Simmons
9025,Charles Robertson
9390,Kristine Jones
9769,Willie Massey
4844,Phillip Miller
9300,Stephanie Bullock
1503,Michael Wheeler
6098,Daniel Combs
5501,Jimmy Nash
9364,Stephanie Calhoun
6804,Charles Roth DDS
9952,Sonia Hess
6284,Katrina Small
3694,Tom Goodman
4595,Adam Wallace
6042,Nicholas Torres
5194,Robert Johns
6727,Denise Lawson
6405,Robert Johnson
9351,Charles Brown
2175,Melissa Payne
7290,Richard Walker
9157,Jennifer Bond
4794,Arthur Murray
2675,Steven Simmons
9137,Candice Rose DDS
9030,Kathleen Castillo DDS
4702,Stephen Owens
8907,Samantha Delacruz
3250,Mr. Benjamin Sanchez
8918,Linda Hughes
3595,Michele Norris
7699,Haley Golden MD
8627,Ann Patton
9892,James Anthony
8748,Mitchell Burch
4169,Noah Barron
2730,Samantha Harrison
1035,Brianna Ray
2026,Stephanie Lee
2947,Anthony Phillips
6407,Jennifer Torres
4658,Kimberly Kane
4884,Sydney Anderson
4995,Keith Coleman
8286,Anna Valdez
9696,Jonathan Lee
4482,Sara Hanna
7517,Tammy Landry
4668,Kathleen Landry
7462,John Harris
3485,Matthew Richardson
9398,Sarah Martin
9485,Rodney Cole
2642,Adrian Joseph
2470,Erica Davis
6678,William Dunn
9139,Garrett Nichols
8747,Alyssa Curtis
6589,Holly Peterson
9704,Kristie Hood
3221,Lori Becker
4978,Kimberly Dean
1188,Teresa Cohen DDS
6927,Vanessa Meza
6453,Sarah Fitzgerald
5702,Kevin Hudson
5438,Heather Maxwell
5739,Christopher Murillo
3549,Stephen Arnold
5104,Yvette Rodgers
8976,Shane Stevenson
9868,Dr. Erica Harris
5303,Karl Edwards
2765,Gina Kelley
3085,Laura Ritter
1291,Brandon Glenn
3579,Johnny Mendez
8558,Paul Barnes
1103,Frank Collins
1741,Dana Hunter DDS
8278,Shelby Lewis
4334,Anthony Richmond
3684,Crystal Dixon
3559,Janet Johnson
4971,Jill Meza
7916,Tyler Schmidt
2729,Dana Hudson
3583,Jeffrey Anderson
6545,Ryan Mills
5125,Jamie Duffy
8488,Valerie Bennett
9670,Elizabeth Garcia
4919,Brenda Smith
7202,Megan Edwards
8839,Andrea Coleman
3386,Lisa Hill
1030,Julie Robertson
2805,Mary Snyder
1367,Bradley Hart
5256,Stacy Lewis
9628,Erica Friedman
8417,Shawn Ray
9688,Matthew Kaufman
2489,Shannon Doyle
3334,John Ayala
1230,Michael Grant
8047,Jordan Forbes
4532,Cassie Hall
6456,Sharon Chapman
8085,Louis Griffin
7498,John Martinez
1820,Bianca Bryant
5115,Joseph Mills
9336,Gregory Lynn
9538,Michael Gonzalez
5560,Brooke Jimenez
1199,Paula Jackson
7020,Evan Wilkinson
3495,Linda Morgan
6554,Elizabeth Hernandez
8671,Mathew Holmes
9255,Elizabeth Hall
1715,Chris Pittman
1651,Alyssa Collier
5742,Nancy Barron
2035,David Anderson
5149,Ryan Mitchell
5484,Matthew Santiago
9665,David Lewis
6500,Christopher Chambers
5010,Jennifer Avila
4848,Nicholas Schroeder
4492,Henry Franklin
6496,Lisa Smith
9072,Bradley Cruz
6107,Samantha Galvan
5706,Krystal Flores
6771,Cynthia Taylor
2121,Daniel Trujillo
9451,Stephen Finley
5894,Darryl Carter
5902,Elizabeth Moss
6236,Sherri Wells
3227,Andrew Reeves
2393,Teresa Gonzales
8885,Samuel Olson
3641,Katie Kim
1280,Brenda Snow
4254,Francisco Walsh
7151,Kelly Walker
5978,Sandra Thomas
7836,Lisa Hicks
4222,Leah Williams
5991,Angela Riley
3214,Linda Harris
3724,Toni Espinoza
9121,Lynn King
4463,Ian Martinez
8606,James Richard
3714,Tony Thomas
8484,David Mendoza
9197,Russell Potts
7672,Debbie Snyder
4410,Tammie Powell
6096,Daniel Hood
4509,Christopher Maxwell
7438,Zachary Scott
6863,Luke Wallace
7138,Jordan Brown
2011,Kimberly Johns
1431,Monique Gill
4256,Carolyn Galvan
3252,Edward Erickson
6094,Caleb Green
4023,Stephanie Kaiser
4045,Kim Turner
9513,Adam Mills
4473,Elizabeth Romero
6871,Jasmine Olsen
2302,Michelle George
4027,Tracy Carroll
4609,Rebecca Floyd
2047,Stephanie Collins
5871,Willie Kemp
9886,Heather Martinez
8113,Emily Crawford
7377,Cameron Fisher
6601,David Cook Jr.
1852,Rhonda Jones
2056,Lauren Mejia
4498,Kaitlin Ibarra
8682,Rebecca Ramos
3718,Eric Roy
9902,Clifford Ramirez
3194,Nichole Bruce
9731,Paul Townsend
3084,Maria Jordan
8553,Jaime Patton
4710,Mr. Reginald Weber MD
4752,Christina Kerr
4050,Gina Schroeder
8912,Ruben Day
6332,William Brown
7087,Dominique Harrell DDS
3281,Alisha Shea
1351,Mr. Phillip Thomas
1563,Travis Barnes
2190,Diane Watkins
4210,Zachary Mendoza
1487,Thomas Ellison
5472,Karen Kaufman
9589,Thomas Morrow
7332,Bryan Johnson
5344,Megan White
8439,Jim Ortiz
5296,Elizabeth Macias
1485,Douglas Allen
6117,Christopher Lee
6379,Joe Ramsey
1150,Kyle Adkins
3619,Tammy Chan
7223,Tamara Williams
9757,David Meyer
4387,Cindy Jones
4745,Willie Stuart
1290,Melanie Hernandez
1474,Kelly Cox
5110,Kelly Horton
6584,Richard Mitchell
6081,Amber Jones
1833,Kenneth Munoz
9377,Timothy Webb
2444,Christopher Fuller
4402,Lindsay White
3947,David Gomez
3405,Brittany Perry
4813,Nathan White
9604,Joseph Sanchez DVM
2475,Kathleen Villarreal
3805,Jennifer Sanders
8757,Ronald Orr
2972,Yesenia Russell
1705,Benjamin Burgess
5794,Yvonne Wilkins
3444,Karen Chapman
9332,John Mosley
9483,Shannon Austin
8220,Allen Nolan
2598,Gary King
7712,Jessica Martin
1718,Eric Smith
3435,Melanie Gonzalez
4383,Kristina Mcdaniel
8534,Gregory Armstrong
7234,Janet Stewart
7070,Michael Hines
5101,Andrew Hill
8267,Cody White
7977,Allison Cain
4125,Nicole Moore
7011,Marissa Howard
1971,Gerald Decker
3157,Thomas Allen
1795,Jonathan Atkinson
8107,Kendra Marsh
7463,Joanna Johnson
5391,Terry Davis
4268,William Ponce
3467,Mercedes Bernard
2921,Angel Contreras
4014,Stephen Salas
7983,Mark Wright
8828,Eric Lewis
5546,Isaiah Mercado
1401,Abigail Tran
6665,Christina Ballard
9574,Ryan Vaughan
5343,Dwayne Martin
2450,Carol Cohen
4634,Vicki Quinn
4706,Keith Petersen
5847,Frederick Holt
1520,Andrea Perez
7258,Joshua Bennett
8793,Lauren Levine
8708,Steven Hunt Jr.
5097,Tammy Reyes
3937,Joel Salazar
4547,Logan Anderson
1121,Ralph Banks
1900,Mr. Isaiah Kelley
9487,Melissa Perez
1017,Brandon James
3533,Michael Johns
3918,Jeffrey Davenport
5832,Sara Summers
7422,Cody Harris
3715,Danny Brock
3425,Jorge Green
5525,Carrie Lopez
3616,Gilbert Mcintosh
6414,Mason Cowan
5254,Linda Compton
8348,Miss Heather Wright
5119,Shawn Franco
6706,Holly Smith
7951,Audrey Ewing
2328,Sean Pena
9525,Jennifer Hutchinson
3884,Crystal King
9180,Jason Bailey
3404,Cassandra Jackson
8801,Evan Walker
9094,Alexis Kirk
7067,Bryan Murphy
3388,Linda Quinn
7896,Derrick Jordan
7876,Carlos Mills
6135,Jasmine Green
5982,Cynthia Davenport
3201,Shelby Weber
2336,Margaret Moreno
3375,Eric Burns
7248,Joe Henderson
8136,Heather Armstrong
9344,Diana Thornton
5375,Anthony Mullen
9292,Kelsey Velez
7355,Erin King
9478,Ryan Holden
2923,David Cameron
7455,Ryan Cross
8917,Alexander Kane
7872,Brenda Simon
3536,Joanna Davis
6514,Russell Watkins
3449,Gregory Sanders
8495,Ethan Diaz
7148,Rebecca Levine
8924,Dr. Randall Steele
6139,Nicholas Price
6477,Daniel Mayo
6155,Michael Frost
5688,Alexandria Valentine
1099,Emily Parker
5475,Ariel Scott
5189,Derek Trujillo
4639,Cynthia Vargas
7126,Timothy West
7128,Kenneth Werner
5252,Kenneth Davis
6337,Jonathan Watson
7934,Gregory Garrison
8889,Brittany Robles
7494,Gabrielle Davis
9470,Anthony Chambers
3973,Henry Rivera
2280,Richard White
8510,Patrick Olson
5540,Leah Hernandez
5220,Kayla Ho
1736,Jessica Kelly
6711,Robert Lloyd
3764,Rachel Alexander
4964,Daniel Curry
6464,Frank Ballard
6550,Matthew Gibson
5084,Jamie Oneill
8628,Matthew Clark
7562,Nicole Murphy
3129,Stephanie Weber
5989,Brandy Robinson
1222,Corey Carlson
3664,Jean Knight
1046,Jennifer Kerr
1819,Carolyn Hall
8293,Daniel Villanueva
5450,Jeffrey Sanchez
6460,Michael Morris
3501,Kelly Warner
4588,Jamie Perez
3540,Shannon Johnston
9686,Linda Wilcox
3414,Kayla Benjamin
9211,Phillip Brooks
8341,Justin Johnson
4910,Allison Chen
6282,Angela Miller
9466,John Higgins
5106,Lisa Schultz
1346,Gabrielle Perez
2215,Christopher Burns
2087,Derek Nguyen
9310,James Dean
4694,Martha Miller MD
4448,Christy Patton MD
8955,Ethan Allen
1408,Stephanie Paul
8346,Kimberly Mcgee
6436,Olivia Nelson
5461,Jessica Chen
6038,Crystal Hahn
5977,Julie Robinson
3678,Troy Hughes
1127,Claudia Downs
7392,Jonathon Gross
4047,Melissa Perry
2330,Patricia Mccoy
9318,Julie Perkins
2255,Chad Black
3932,Angela Joseph
2163,Shannon Bowman
6763,Brittany Moreno
4362,Troy Holmes
3012,Jordan Rowland
5984,Andre Hines
5972,John Cervantes
4921,Andrew Wilson
7425,Robin Burns
6070,Felicia Wong
9929,Karen Martin
4353,Tony Nguyen
4508,Deanna Torres
6814,Miguel Butler
8792,Paul Warren
5705,Jacqueline Barnett
9355,Roberto Cox
4316,Charles Boyd
7095,Michael Stevenson
1380,Julie Rodriguez
8317,Amy Martinez
7281,Andrew Copeland
6627,Lori Shannon
8305,Rebecca Harper
3929,Sean Beasley
2530,Christian Morgan
8223,Joseph Meyer
3140,Amy Moore
9610,Craig Ward
8539,Jacob Jones
9840,Kelsey Pittman
2698,Brittney Chaney
7826,John Ray
3876,Jo Hodges
6980,Michelle Delgado
9141,Nathan Alexander
4282,Melissa Love
9416,Arthur Wagner
4058,Juan Wade
7760,Allen Cruz
7187,Joseph Hunter
8840,Carolyn Ward
8100,Jennifer Mills
1664,Cole Yates
1866,Crystal Davidson
6513,Gordon Robinson
6859,Steven Ferguson
5877,John Flores
6561,Betty Johnson DDS
8794,Ashley Wilson
1334,Cory Lin
9944,Morgan Salazar
1742,Andrea Wilson
9285,Bryan Taylor
5140,Carolyn Johnson
2247,Emily Sellers
6910,Kayla Parker
9028,Steven Dillon
7535,Tracy Lynch
7179,Megan Fuentes
6157,Thomas Hahn
8302,Philip Padilla
4386,Katie Austin
8403,Leslie Brown
5605,Corey Wilson
6532,April Hamilton
3119,Richard Stokes
8277,Darin Wise
5915,Matthew Mckenzie
3168,Samantha Johnson DDS
3008,Calvin Sutton
5463,Vicki Bell
5751,Christina Murphy
2981,Tammy Baxter
4470,Andrea Myers
7252,Christy Mccall
4315,Sheri Moreno
9270,Kaylee Hall
2662,Jamie Madden
9821,Tracy Jackson
4208,Dorothy Stephenson
3638,Daniel Little
5170,Amy Brown
3009,Stephanie Henderson
5985,Joseph Moore
5783,Derek Novak
1119,Jillian Hamilton
7580,Leslie Carey
7778,Pamela Wyatt
3900,Michael Contreras
5981,Michael Guzman
8753,Brian Singleton
9969,Paula Moore
5667,Terry Price
3310,Steven Kelley
5469,Oscar Carpenter
9845,Justin Herman
2318,Jill Mcclain
9132,Angela Payne
7725,Sean Price
7814,Cindy Lewis
7149,Sandra Wallace
7879,Larry Gonzalez
8438,Dawn Trujillo
5634,James Haas
7216,Amber Ross
5641,Meghan Gonzalez
9725,Brian Barnett
3034,Tammy Guzman
4592,Jose Jones
9729,Misty Coleman
2147,Jessica Collins
2182,Laura Pierce
2197,Corey Arnold
3879,Angela Roberts
2433,Robert Park
4585,Matthew Ochoa
4703,Savannah French
9439,Adrian Villanueva
7388,Richard Williams
9049,Bryan Carter
6026,Jo Watkins
9687,Melissa Gordon
9170,Karen Daniels
4820,Kristin Tucker
7492,Danielle Frederick
4128,Daniel Brock
2288,Kristi Hamilton
6384,Joshua Petersen
8571,Robert Pena
8109,Cassandra Gonzalez
1034,William Rios
4100,Thomas Simpson
9618,Devon Miller
3518,Marissa Smith
3564,Melanie Todd
5602,Hector Smith
3602,Emma Murray
8301,Michael Fox
9403,Robin Schneider
2347,Nicole Sutton
9925,Patrick Sweeney
4474,Samuel Saunders
3266,Erika Bishop
8998,Bryan Martinez
4286,Natalie Garcia
3275,John Cruz
6511,William Conway
7662,Teresa Vasquez
3683,Alyssa Fitzgerald
4589,Jennifer Maddox
9602,Regina Lin
5058,Keith Nunez
4826,Andrew Choi
5339,Justin Zavala
7933,Erin Reynolds
8335,Sandra Peterson
8729,Chelsea Lester
2510,Benjamin Wilson
4938,Jennifer Morris
7480,Nicholas Kirk
1993,Sharon Rivas
5404,Christy Holmes
9889,Melissa Carter
2092,Jonathan Edwards
3647,Donald Oliver
1344,Morgan Anthony
6638,Joseph Patrick
5410,Sean Payne
5528,Sarah Montgomery
4834,Lori Cook
1927,Dr. Antonio Rogers
8578,Debra Shelton
1538,Jennifer Garcia
5955,Susan Daugherty
3974,Thomas Henry
9013,Amy Ayala
6018,Manuel Martin
2889,Jason Alvarez
9735,Daniel Mendoza
7399,Derek Marquez
5771,Duane Jenkins
1196,Justin Walters
6226,Jennifer Townsend
6219,Barbara Wilson
2456,Claire Barrett
3117,Mark Clark
7271,Jonathan Miller
6174,Robert Riddle
7824,Natalie Douglas
1738,Alvin Wu
5974,Amanda Robinson
1083,Catherine Greene
9223,Sabrina Burnett
6654,Daniel Le
9354,Maria Clark
6198,Sarah Gomez
5819,Jack Griffin
1251,Tammy Ramsey
6306,Timothy Kelly
8722,James Mcdonald
7914,Andrea Rivera
4635,Geoffrey Russell
9231,Jennifer Mcmillan
7186,Donald Mclean
5202,Karen Livingston
5639,Jamie Hester
2411,Brandon Bird
8724,Jonathan Arnold
3676,Isabel Reyes
4106,Alejandra Smith
8665,Donna Ross
8685,James Cardenas
9426,Wyatt Lloyd
5824,Francisco Gordon
2113,Ian King
5387,Samuel Lewis
2512,Michael Edwards
5738,Angelica Davis
7442,Crystal Hull
7134,Thomas Mathis
1274,Christopher Griffin
1733,Cynthia Martinez
2441,Tanner Graham
6883,Elizabeth Lester
9054,Elizabeth Donovan
8231,Darrell Huerta
8303,Stephanie Castro
4438,Evan Hughes
8030,Adrian James
4193,Kimberly Green
2090,Derek Jackson
3856,Heidi Jackson
5032,Brenda Hensley
6148,Seth Evans
3622,Matthew Zamora
8375,Michael Jones
6815,Samantha Knapp
9993,Edward Smith
6183,Vincent Jordan
8567,Rebecca Bridges
5148,Tyler Vincent
1396,Robin Baker
5900,Matthew Dunn
2427,Daniel Smith
4102,Veronica Kim
2346,Dr. Melissa Torres
3858,Anthony Freeman
9341,Rachael Jackson
9124,Mr. Daniel Perez
7482,Kathryn Reed
3308,Michael Caldwell
1263,Catherine Liu
5990,Whitney Phillips
3133,Anthony Abbott
4441,Brenda Allen
7346,Eduardo Terrell
2303,Andrew Long
9765,Diana Kelly
8049,Mary Harris
1447,Jessica Edwards
5913,Monique Salazar
2339,Brett Garza
9957,Michaela Davis
5219,Sean Thompson
5679,Todd Roman
3277,Daniel Wilson
3754,Ryan Noble
1438,Christopher West
9304,Dana Ward
1311,Margaret Ross
7551,Heather Duncan
6128,Sergio Garza
4287,Elizabeth Oneill
7237,Tina Ballard
5949,Erica Williams
2023,Beverly Fletcher
5400,Mark Ward
4704,Jennifer Harrison
9147,Kim Pennington
4248,Christopher Turner
4643,Justin James
8969,Jasmine Conner
2398,Kendra Tanner
4601,Dr. Sarah Bailey
2323,Samantha Salas
7753,Dr. John Williams
3323,Tammy Horton
9288,Wesley Hurst
2396,Jessica Rivera
9156,Julie King
6001,Emily Ward
4578,John Farmer
2457,Douglas Moore
8191,Megan Hall
4979,Elizabeth Johnson
6749,Marvin Gillespie
5393,Angela Forbes
2791,Stephanie Lucero
8516,Kevin Baker
2078,Sandra Carter
6144,Lance Jackson
6853,Michelle Wheeler
9374,Jeffrey Snyder
1457,Dawn Gonzalez
9413,Dr. Sarah Mckee
5520,Stephen Armstrong
2807,William Hawkins
3442,Cynthia Perez
4942,Mary Peters
1911,Travis Mullins
7253,Darren Welch
3299,Jill Riley
6286,Roberto Chambers
7245,Jacob Mercado
5093,Kristy Pineda
5851,Melanie Welch
7803,John Chapman
5156,Heather Adkins
8886,Jeffery Marquez
7885,Kevin Martinez
1491,Antonio Schroeder
5201,Ronald Stevens
7133,Douglas Stevens
9256,Katherine Davis
2418,Robert Lopez
6787,Brian Allen
7730,Rhonda Marshall
2453,Kathleen Hebert
7119,April Foster
3290,Brittney Kelley
7757,Amber Baldwin
7350,Julie Jackson
4753,Mr. Brad Daugherty
1516,Paula Fisher
8745,Rita Miller
2052,Daniel Burke
3848,Angela Cobb
7206,Elizabeth Mathis
3300,Joanna Potter
6225,Shannon Wiley
9206,Heather White
8974,Erika Wilson
5903,Alex Bridges
5556,Whitney Boyd
1200,Brandon Morales
8563,Kathleen Hobbs
9358,Michelle Moore DDS
1323,Elizabeth Edwards
3342,Amanda May
1843,Patrick Figueroa
4488,Christopher Carlson
2962,Michele Weber
3571,Brittany Howard
3457,Caitlin Mcclure
8033,Denise Mckay
6478,Amanda Adkins
6199,Gerald Bell
5730,Jonathan Conner
4946,Samuel Lyons
9317,Samantha Cochran
9248,Joy Rivers
1647,Christopher James
4115,Angela Johnson
4105,Sarah Duarte
3730,Dr. Carly Miles
1217,Miguel Sanchez
1621,Craig Vang
1499,Shawn Obrien
1624,Wyatt Moran
9293,Sherry Fry
6100,Stacey Lewis
4455,Christopher Valdez
2684,Tammy Boyd
3111,Marc Gonzales
9658,Allison Perez
9037,Casey Vasquez
8800,Gregory Galloway
2808,Mario Brown
6662,Glenn Newman
6504,Amanda Peterson
7847,Jeffrey Sanders
4031,Richard Krause
6382,Timothy Jackson
2034,Deborah Martin
7835,Ms. Lisa Pena
3585,Christopher Scott
5707,Cheryl Nash
6165,Daniel Moore
7224,Dustin Mccoy
1657,Robert Rogers
9225,Stephen Reid
3943,Sarah Henry
7529,Samuel Hall
6304,Gerald Clark
6746,Samuel Warner
6186,Robert Miller MD
7215,Michelle Mueller
6553,Terry Ramsey
6354,Laura Jackson
6503,Yvonne Adams
1640,Daniel Cobb
9057,Nathaniel Jackson
8779,Gregory Snyder
4068,Duane Skinner
9409,Kenneth Hill
3081,Adam Sanford
5034,Cody Coleman
6908,Tracy Garcia
7427,Dr. Michelle Robinson
4000,Larry Friedman
9570,Roberto Cardenas
7946,Kevin Griffin
5844,Maria Hogan
2503,Michael Garcia
3554,Jose Brown
5351,Jonathan Carson
5455,Heather Griffin
9639,Maria Boyd
3325,Tyler Kelley
6762,Jerry Campbell Jr.
6215,Amy Stone
7925,Troy Miller
8672,Theresa Williams
7424,Lisa Grimes
7888,Gregory Houston
2911,Connie Miller
3174,David Turner
5246,Christopher Nelson MD
6377,Michelle Ward
1655,Shannon Smith
4986,Lisa Stephens
9178,Sierra Moore
4396,Colleen Glenn
6216,Kari Church
2282,Matthew Simmons
5449,Amy Bishop
3213,William Cohen
2703,Brenda Floyd
6035,Daniel Garcia
2114,Melvin Aguirre
8474,Sierra Burch
6653,Richard Lewis
6865,Margaret Austin DDS
5740,Rachel Nguyen
6576,Scott Bailey
7887,Joseph Stokes
9510,Michael Williams
6195,Jessica Bond
3830,Steven Bailey
9908,John Fox
5165,Natalie Bonilla
3004,Mark Orr
3445,Amy White
4931,Ryan Mendoza
3286,Cindy Franco
9528,Ms. Shannon Chandler MD
4298,Nancy Carroll
2599,Stephanie Allen
8949,Patricia Lopez
7478,Kyle Ramirez
3874,Walter Walker
8070,Sabrina Acosta
6836,Dean Bishop
7631,Matthew Sharp
6045,Kara Ayala
4002,Samantha Duncan
8932,Paul Cantrell
5850,Deanna Howell
9394,Taylor Rocha
6687,Natalie Bond
7188,Melinda Gallegos
7921,Miranda Macias
3055,David Terrell
2483,Sophia Allen
2731,Stephanie Craig
4035,Anna Griffin
6211,Barry Sutton
7072,Shawn Dixon
7434,Maria Henry
7418,Rodney Salazar
9375,Jeffrey Evans
4780,Zachary King
5265,Samantha Clark
5347,Leslie Gross
2402,Paula Carter
6683,Joshua Howard
7769,Sarah Nelson
8306,Victoria Christian
6034,Mario Day
4189,Alexander Clayton
2397,Jennifer Morales
4698,Leonard Martinez
1505,James Grant
9279,Shelby Brady
9517,Gilbert Cardenas
4077,Ashley Cox
4798,Maria Santos
4263,Cheryl Glass MD
3726,Wesley Mercado
1210,Lindsay Johnson
6770,Gregory Conway
6572,Robert Richards
4776,Susan Moore
4184,William Ramos
4265,Kathy Bernard
8497,Michele Edwards
2053,Annette Hammond
5448,Kathleen Kim
5519,Jeanette Newton
5580,Steven Sanchez
5168,Michelle Hooper
7390,Jon Patrick
1428,Juan Erickson DVM
2866,Jeffery Hunt
3095,Toni Hall
1729,Alexandra Frank
4418,Alexander Morgan
9786,Crystal Coleman
5672,Valerie Wilson
6227,Melissa Gonzalez
